season,date,home_team,away_team,home_score,away_score,is_neutral,is_conference,home_abbr,away_abbr
2020,2019-11-05T23:30Z,Miami Hurricanes,Louisville Cardinals,74,87,False,True,MIA,LOU
2020,2019-11-06T00:00Z,Florida Gators,North Florida Ospreys,74,59,False,True,FLA,UNF
2020,2019-11-06T00:30Z,Maryland Terrapins,Holy Cross Crusaders,95,71,False,True,MD,HC
2020,2019-11-06T01:00Z,Gonzaga Bulldogs,Alabama State Hornets,95,64,False,True,GONZ,ALST
2020,2019-11-06T01:30Z,Villanova Wildcats,Army Black Knights,97,54,False,True,VILL,ARMY
2020,2019-11-05T23:30Z,Seton Hall Pirates,Wagner Seahawks,105,71,False,True,HALL,WAG
2020,2019-11-06T01:00Z,Texas Tech Red Raiders,Eastern Illinois Panthers,85,60,False,True,TTU,EIU
2020,2019-11-06T01:00Z,Memphis Tigers,South Carolina State Bulldogs,97,64,False,True,MEM,SCST
2020,2019-11-06T02:00Z,Oregon Ducks,Fresno State Bulldogs,71,57,False,True,ORE,FRES
2020,2019-11-05T17:00Z,Baylor Bears,Central Arkansas Bears,105,61,False,True,BAY,CARK
2020,2019-11-06T03:00Z,Utah State Aggies,Montana State Bobcats,81,73,False,True,USU,MTST
2020,2019-11-06T00:00Z,Xavier Musketeers,Jacksonville Dolphins,76,57,False,True,XAV,JAX
2020,2019-11-06T02:00Z,Wisconsin Badgers,Saint Mary's Gaels,63,65,True,True,WIS,SMC
2020,2019-11-06T02:00Z,Auburn Tigers,Georgia Southern Eagles,83,74,False,True,AUB,GASO
2020,2019-11-06T00:00Z,VCU Rams,Saint Francis Red Flash,72,58,False,True,VCU,SFPA
2020,2019-11-07T00:00Z,North Carolina Tar Heels,Notre Dame Fighting Irish,76,65,False,True,UNC,ND
2020,2019-11-07T02:00Z,Syracuse Orange,Virginia Cavaliers,34,48,False,True,SYR,UVA
2020,2019-11-07T01:30Z,Ohio State Buckeyes,Cincinnati Bearcats,64,56,False,True,OSU,CIN
2020,2019-11-07T02:00Z,Arizona Wildcats,Northern Arizona Lumberjacks,91,52,False,True,ARIZ,NAU
2020,2019-11-07T00:00Z,Purdue Boilermakers,Green Bay Phoenix,79,57,False,True,PUR,GB
2020,2019-11-07T18:00Z,Omaha Mavericks,Midland University Midland,72,53,False,True,OMA,MIDLAND
2020,2019-11-07T23:00Z,Morehead State Eagles,Spalding Pelicans,92,44,False,True,MORE,SPLD
2020,2019-11-08T00:00Z,Purdue Fort Wayne Mastodons,Manchester Spartans,91,80,False,True,PFW,MNCHSTR
2020,2019-11-08T00:00Z,Marshall Thundering Herd,Robert Morris Colonials,67,60,False,True,MRSH,RMU
2020,2019-11-08T00:00Z,App State Mountaineers,Ferrum Panthers,83,56,False,True,APP,FC
2020,2019-11-08T00:00Z,Hartford Hawks,Winthrop Eagles,57,67,False,True,HART,WIN
2020,2019-11-08T00:00Z,Clemson Tigers,Presbyterian Blue Hose,79,45,False,True,CLEM,PRES
2020,2019-11-08T00:00Z,North Florida Ospreys,Florida National Conquistadors,89,81,False,True,UNF,FNU
2020,2019-11-08T00:00Z,Rutgers Scarlet Knights,Bryant Bulldogs,73,71,False,True,RUTG,BRY
2020,2019-11-08T00:30Z,Samford Bulldogs,Kentucky Wesleyan Panthers,68,42,False,True,SAM,KYWESL
2020,2019-11-08T01:00Z,South Dakota State Jackrabbits,Peru State Bobcats,86,58,False,True,SDST,PSC
2020,2019-11-08T01:00Z,North Dakota State Bison,Mayville St Comets,93,53,False,True,NDSU,MYSU
2020,2019-11-08T01:00Z,North Dakota Fighting Hawks,Crown College Polars,86,61,False,True,UND,CRWN
2020,2019-11-08T01:00Z,Central Arkansas Bears,Hendrix College Warriors,71,51,False,True,CARK,HDX
2020,2019-11-08T01:00Z,Troy Trojans,UAB Blazers,75,76,False,True,TROY,UAB
2020,2019-11-08T01:00Z,Drake Bulldogs,Kennesaw State Owls,86,55,False,True,DRKE,KENN
2020,2019-11-08T01:00Z,TCU Horned Frogs,Southwestern (TX) Pirates,83,62,False,True,TCU,SW
2020,2019-11-08T02:00Z,Washington State Cougars,Seattle U Redhawks,85,54,False,True,WSU,SEA
2020,2019-11-08T02:00Z,Air Force Falcons,Idaho State Bengals,79,89,False,True,AF,IDST
2020,2019-11-08T03:00Z,UC Davis Aggies,Jessup University Warriors,109,63,False,True,UCD,JSP
2020,2019-11-09T00:00Z,Kentucky Wildcats,Eastern Kentucky Colonels,91,49,False,True,UK,EKU
2020,2019-11-09T02:00Z,Kansas Jayhawks,UNC Greensboro Spartans,74,62,False,True,KU,UNCG
2020,2019-11-09T00:00Z,Duke Blue Devils,Colorado State Rams,89,55,False,True,DUKE,CSU
2020,2019-11-09T00:00Z,UNC Wilmington Seahawks,North Carolina Tar Heels,62,78,False,True,UNCW,UNC
2020,2019-11-09T02:00Z,Utah State Aggies,Weber State Wildcats,89,34,False,True,USU,WEB
2020,2019-11-09T00:00Z,Xavier Musketeers,Siena Saints,81,63,False,True,XAV,SIE
2020,2019-11-09T01:00Z,LSU Tigers,Bowling Green Falcons,88,79,False,True,LSU,BGSU
2020,2019-11-09T00:00Z,VCU Rams,North Texas Mean Green,59,56,False,True,VCU,UNT
2020,2019-11-10T02:00Z,Maryland Terrapins,Rhode Island Rams,73,55,False,True,MD,URI
2020,2019-11-10T01:00Z,Gonzaga Bulldogs,Arkansas-Pine Bluff Golden Lions,110,60,False,True,GONZ,UAPB
2020,2019-11-09T19:30Z,Seton Hall Pirates,Stony Brook Seawolves,74,57,False,True,HALL,STBK
2020,2019-11-10T01:00Z,Texas Tech Red Raiders,Bethune-Cookman Wildcats,79,44,False,True,TTU,BCU
2020,2019-11-10T04:00Z,Oregon Ducks,Boise State Broncos,106,75,False,True,ORE,BOIS
2020,2019-11-10T00:00Z,Purdue Boilermakers,Texas Longhorns,66,70,False,True,PUR,TEX
2020,2019-11-11T00:00Z,Michigan State Spartans,Binghamton Bearcats,100,47,False,True,MSU,BING
2020,2019-11-10T18:00Z,Florida Gators,Florida State Seminoles,51,63,False,True,FLA,FSU
2020,2019-11-10T23:00Z,Virginia Cavaliers,James Madison Dukes,65,34,False,True,UVA,JMU
2020,2019-11-10T21:00Z,Ohio State Buckeyes,UMass Lowell River Hawks,76,56,False,True,OSU,UML
2020,2019-11-11T02:00Z,Arizona Wildcats,Illinois Fighting Illini,90,69,False,True,ARIZ,ILL
2020,2019-11-12T02:00Z,Saint Mary's Gaels,Winthrop Eagles,59,61,False,True,SMC,WIN
2020,2019-11-13T00:00Z,Kentucky Wildcats,Evansville Purple Aces,64,67,False,True,UK,EVAN
2020,2019-11-13T02:00Z,Gonzaga Bulldogs,North Dakota Fighting Hawks,97,66,False,True,GONZ,UND
2020,2019-11-13T02:00Z,Utah State Aggies,Denver Pioneers,97,56,False,True,USU,DEN
2020,2019-11-13T02:00Z,Washington Huskies,Mount St. Mary's Mountaineers,56,46,False,True,WASH,MSM
2020,2019-11-13T00:00Z,Xavier Musketeers,Missouri Tigers,63,58,False,True,XAV,MIZ
2020,2019-11-13T01:00Z,South Alabama Jaguars,Auburn Tigers,69,70,False,True,USA,AUB
2020,2019-11-14T01:00Z,Louisville Cardinals,Indiana State Sycamores,91,62,False,True,LOU,INST
2020,2019-11-14T01:00Z,Texas Tech Red Raiders,Houston Christian Huskies,103,74,True,True,TTU,HCU
2020,2019-11-13T23:00Z,VCU Rams,LSU Tigers,84,82,False,True,VCU,LSU
2020,2019-11-15T00:00Z,Florida Gators,Towson Tigers,66,60,False,True,FLA,TOW
2020,2019-11-15T03:00Z,Saint Mary's Gaels,Long Beach State Beach,81,63,False,True,SMC,LBSU
2020,2019-11-15T01:00Z,Arizona Wildcats,San José State Spartans,87,39,False,True,ARIZ,SJSU
2020,2019-11-16T01:00Z,Kansas Jayhawks,Monmouth Hawks,112,57,False,True,KU,MONM
2020,2019-11-16T02:00Z,North Carolina Tar Heels,Gardner-Webb Runnin' Bulldogs,77,61,False,True,UNC,GWEB
2020,2019-11-16T02:00Z,Texas A&M Aggies,Gonzaga Bulldogs,49,79,False,True,TA&M,GONZ
2020,2019-11-16T02:00Z,Utah State Aggies,North Carolina A&T Aggies,81,54,False,True,USU,NCAT
2020,2019-11-16T00:00Z,Xavier Musketeers,Missouri State Bears,59,56,False,True,XAV,MOST
2020,2019-11-16T02:00Z,Baylor Bears,Texas State Bobcats,72,63,False,True,BAY,TXST
2020,2019-11-16T17:00Z,Maryland Terrapins,Oakland Golden Grizzlies,80,50,False,True,MD,OAK
2020,2019-11-16T21:00Z,LSU Tigers,Nicholls Colonels,75,65,False,True,LSU,NICH
2020,2019-11-17T03:00Z,Colorado Buffaloes,San Diego Toreros,71,53,False,True,COLO,USD
2020,2019-11-17T21:00Z,Saint Louis Billikens,Seton Hall Pirates,66,83,False,True,SLU,HALL
2020,2019-11-18T01:00Z,Oregon Ducks,UT Arlington Mavericks,67,47,False,True,ORE,UTA
2020,2019-11-17T20:00Z,UConn Huskies,Florida Gators,62,59,False,True,CONN,FLA
2020,2019-11-18T01:00Z,Saint Mary's Gaels,Cal Poly Mustangs,79,48,False,True,SMC,CP
2020,2019-11-17T19:00Z,Arizona Wildcats,New Mexico State Aggies,83,53,False,True,ARIZ,NMSU
2020,2019-11-19T02:00Z,Utah State Aggies,UTSA Roadrunners,82,50,False,True,USU,UTSA
2020,2019-11-19T02:00Z,Colorado Buffaloes,UC Irvine Anteaters,69,53,False,True,COLO,UCI
2020,2019-11-20T01:30Z,Maryland Terrapins,Fairfield Stags,74,55,False,True,MD,FAIR
2020,2019-11-20T04:00Z,Washington Huskies,Maine Black Bears,72,53,False,True,WASH,ME
2020,2019-11-20T17:00Z,Miami (OH) RedHawks,Central State (OH) Marauders,80,45,False,True,M-OH,CSO
2020,2019-11-20T23:30Z,Florida State Seminoles,Chattanooga Mocs,89,53,False,True,FSU,UTC
2020,2019-11-21T00:00Z,VMI Keydets,Christendom Crusaders,96,20,False,True,VMI,CTDM
2020,2019-11-21T00:00Z,Wright State Raiders,Urbana Blue Knights,88,51,False,True,WRST,URB
2020,2019-11-21T00:00Z,Ball State Cardinals,Northern Kentucky Norse,57,59,False,True,BALL,NKU
2020,2019-11-21T00:00Z,Old Dominion Monarchs,James Madison Dukes,78,80,False,True,ODU,JMU
2020,2019-11-21T00:00Z,Saint Peter's Peacocks,Wagner Seahawks,77,81,False,True,SPU,WAG
2020,2019-11-21T00:00Z,Yale Bulldogs,Siena Saints,100,89,False,True,YALE,SIE
2020,2019-11-21T00:00Z,Drexel Dragons,Bryant Bulldogs,86,74,False,True,DREX,BRY
2020,2019-11-21T00:00Z,NJIT Highlanders,Binghamton Bearcats,75,77,False,True,NJIT,BING
2020,2019-11-21T00:00Z,Massachusetts Minutemen,Rider Broncs,82,72,False,True,MASS,RID
2020,2019-11-21T00:00Z,Tennessee Volunteers,Alabama State Hornets,76,41,False,True,TENN,ALST
2020,2019-11-21T00:00Z,St. John's Red Storm,Columbia Lions,82,63,False,True,SJU,COLU
2020,2019-11-21T00:00Z,Virginia Tech Hokies,Delaware State Hornets,100,64,False,True,VT,DSU
2020,2019-11-21T00:00Z,Louisville Cardinals,South Carolina Upstate Spartans,76,50,False,True,LOU,UPST
2020,2019-11-21T00:00Z,Georgia Bulldogs,Georgia Tech Yellow Jackets,82,78,False,True,UGA,GT
2020,2019-11-21T00:00Z,Boston College Eagles,Eastern Washington Eagles,72,68,False,True,BC,EWU
2020,2019-11-21T00:00Z,Indiana Hoosiers,Princeton Tigers,79,54,False,True,IU,PRIN
2020,2019-11-21T00:00Z,Rutgers Scarlet Knights,Stephen F. Austin Lumberjacks,69,57,False,True,RUTG,SFA
2020,2019-11-21T00:30Z,Sam Houston Bearkats,LeTourneau Yellow Jackets,88,58,False,True,SHSU,LETU
2020,2019-11-21T00:30Z,Lipscomb Bisons,Belmont Bruins,67,73,False,True,LIP,BEL
2020,2019-11-21T00:30Z,Florida Gulf Coast Eagles,Florida Atlantic Owls,72,70,False,True,FGCU,FAU
2020,2019-11-21T00:30Z,Syracuse Orange,Cornell Big Red,72,53,False,True,SYR,COR
2020,2019-11-21T01:00Z,UAB Blazers,Mount St. Mary's Mountaineers,58,51,False,True,UAB,MSM
2020,2019-11-21T01:00Z,Northern Iowa Panthers,Cornell College (IA) Rams,88,66,False,True,UNI,CORNELLIA
2020,2019-11-21T01:00Z,Loyola Chicago Ramblers,IU Indianapolis Jaguars,85,62,False,True,LUC,IUIN
2020,2019-11-21T01:00Z,Saint Louis Billikens,High Point Panthers,67,55,False,True,SLU,HPU
2020,2019-11-21T01:00Z,Tulsa Golden Hurricane,SE Louisiana Lions,73,66,False,True,TLSA,SELA
2020,2019-11-21T01:00Z,Memphis Tigers,Little Rock Trojans,68,58,False,True,MEM,LR
2020,2019-11-21T01:00Z,Vanderbilt Commodores,Austin Peay Governors,90,72,False,True,VAN,APSU
2020,2019-11-21T01:00Z,Texas A&M Aggies,Troy Trojans,56,52,False,True,TA&M,TROY
2020,2019-11-21T01:00Z,Missouri Tigers,Morehead State Eagles,70,52,False,True,MIZ,MORE
2020,2019-11-21T01:00Z,Northern Arizona Lumberjacks,Benedictine (AZ) Redhawks,93,56,False,True,NAU,BENU
2020,2019-11-21T01:05Z,Chicago State Cougars,North Park Vikings,79,66,False,True,CHST,NOR
2020,2019-11-21T01:30Z,Western Illinois Leathernecks,Northern Illinois Huskies,81,86,False,True,WIU,NIU
2020,2019-11-21T01:30Z,North Carolina Tar Heels,Elon Phoenix,75,61,False,True,UNC,ELON
2020,2019-11-21T01:35Z,UC Davis Aggies,Sacramento State Hornets,51,61,True,True,UCD,SAC
2020,2019-11-21T02:00Z,Colorado State Rams,Arkansas State Red Wolves,78,80,False,True,CSU,ARST
2020,2019-11-21T02:00Z,Illinois Fighting Illini,The Citadel Bulldogs,85,57,False,True,ILL,CIT
2020,2019-11-21T03:00Z,Boise State Broncos,BYU Cougars,72,68,False,True,BOIS,BYU
2020,2019-11-21T03:00Z,San José State Spartans,Grambling Tigers,83,76,False,True,SJSU,GRAM
2020,2019-11-21T03:00Z,UNLV Rebels,Texas State Bobcats,57,64,False,True,UNLV,TXST
2020,2019-11-21T03:00Z,Oregon State Beavers,UC Santa Barbara Gauchos,78,67,False,True,ORST,UCSB
2020,2019-11-21T03:05Z,Portland State Vikings,Portland Pilots,75,82,False,True,PRST,PORT
2020,2019-11-21T04:00Z,Fresno State Bulldogs,Saint Mary's Gaels,58,68,True,True,FRES,SMC
2020,2019-11-21T04:00Z,San Diego Toreros,San Diego State Aztecs,49,66,False,True,USD,SDSU
2020,2019-11-22T02:00Z,Arizona Wildcats,South Dakota State Jackrabbits,71,64,False,True,ARIZ,SDST
2020,2019-11-23T00:00Z,Maryland Terrapins,George Mason Patriots,86,63,False,True,MD,GMU
2020,2019-11-23T00:00Z,Ohio State Buckeyes,Purdue Fort Wayne Mastodons,85,46,False,True,OSU,PFW
2020,2019-11-23T02:00Z,Oregon Ducks,Houston Cougars,78,66,False,True,ORE,HOU
2020,2019-11-23T04:00Z,Washington Huskies,Montana Grizzlies,73,56,False,True,WASH,MONT
2020,2019-11-24T01:00Z,Gonzaga Bulldogs,Cal State Bakersfield Roadrunners,77,49,False,True,GONZ,CSUB
2020,2019-11-23T17:00Z,Seton Hall Pirates,Florida A&M Rattlers,87,51,False,True,HALL,FAMU
2020,2019-11-23T18:00Z,Memphis Tigers,Ole Miss Rebels,87,86,False,True,MEM,MISS
2020,2019-11-24T00:00Z,VCU Rams,Florida Gulf Coast Eagles,78,48,False,True,VCU,FGCU
2020,2019-11-25T03:30Z,Washington Huskies,San Diego Toreros,88,69,False,True,WASH,USD
2020,2019-11-26T00:00Z,VCU Rams,Alabama State Hornets,78,62,False,True,VCU,ALST
2020,2019-11-27T02:00Z,Duke Blue Devils,Stephen F. Austin Lumberjacks,83,85,False,True,DUKE,SFA
2020,2019-11-27T21:00Z,Virginia Cavaliers,Maine Black Bears,46,26,False,True,UVA,ME
2020,2019-11-28T16:00Z,Temple Owls,Maryland Terrapins,69,76,True,True,TEM,MD
2020,2019-11-28T17:00Z,Elon Phoenix,UT Arlington Mavericks,67,77,False,True,ELON,UTA
2020,2019-11-28T18:30Z,Michigan Wolverines,North Carolina Tar Heels,73,64,True,True,MICH,UNC
2020,2019-11-28T18:32Z,Harvard Crimson,Texas A&M Aggies,62,51,True,True,HARV,TA&M
2020,2019-11-28T19:00Z,Cal Poly Mustangs,Tennessee State Tigers,72,82,True,True,CP,TNST
2020,2019-11-28T19:00Z,Long Beach State Beach,Providence Friars,66,65,True,True,LBSU,PROV
2020,2019-11-28T21:00Z,Gonzaga Bulldogs,Oregon Ducks,73,72,True,True,GONZ,ORE
2020,2019-11-28T21:00Z,Fairfield Stags,USC Trojans,47,54,True,True,FAIR,USC
2020,2019-11-28T21:00Z,Memphis Tigers,NC State Wolfpack,83,78,True,True,MEM,NCSU
2020,2019-11-28T21:30Z,North Florida Ospreys,Long Island University Sharks,95,92,True,True,UNF,LIU
2020,2019-11-28T21:30Z,Charleston Cougars,Wake Forest Demon Deacons,56,65,True,True,COFC,WAKE
2020,2019-11-28T23:00Z,Marquette Golden Eagles,Davidson Wildcats,73,63,True,True,MARQ,DAV
2020,2019-11-28T23:30Z,Iowa State Cyclones,Alabama Crimson Tide,104,89,True,True,ISU,ALA
2020,2019-11-29T01:00Z,Texas Tech Red Raiders,Iowa Hawkeyes,61,72,True,True,TTU,IOWA
2020,2019-11-29T01:30Z,Pennsylvania Quakers,UCF Knights,68,67,True,True,PENN,UCF
2020,2019-11-29T02:00Z,Southern Miss Golden Eagles,Seton Hall Pirates,56,81,True,True,USM,HALL
2020,2019-11-29T03:30Z,Creighton Bluejays,San Diego State Aztecs,52,83,True,True,CREI,SDSU
2020,2019-11-29T04:00Z,Arizona Wildcats,Pepperdine Waves,93,91,True,True,ARIZ,PEPP
2020,2019-11-30T00:00Z,Duke Blue Devils,Winthrop Eagles,83,70,False,True,DUKE,WIN
2020,2019-11-29T22:00Z,Western Kentucky Hilltoppers,Louisville Cardinals,54,71,True,True,WKU,LOU
2020,2019-11-30T02:00Z,Ohio State Buckeyes,Morgan State Bears,90,57,False,True,OSU,MORG
2020,2019-11-30T04:30Z,Saint Mary's Gaels,Utah State Aggies,81,73,False,True,SMC,USU
2020,2019-11-30T02:00Z,Florida Gators,Marshall Thundering Herd,73,67,False,True,FLA,MRSH
2020,2019-12-01T02:00Z,Colorado Buffaloes,Sacramento State Hornets,59,45,False,True,COLO,SAC
2020,2019-11-30T17:00Z,Xavier Musketeers,Lipscomb Bisons,87,62,False,True,XAV,LIP
2020,2019-12-01T23:30Z,Villanova Wildcats,La Salle Explorers,83,72,False,True,VILL,LAS
2020,2019-12-03T03:30Z,Washington Huskies,South Dakota Coyotes,75,55,False,True,WASH,SDAK
2020,2019-12-04T02:00Z,Memphis Tigers,Bradley Braves,71,56,False,True,MEM,BRAD
2020,2019-12-04T00:30Z,Baylor Bears,Maryland Eastern Shore Hawks,78,46,False,True,BAY,UMES
2020,2019-12-04T00:00Z,Dayton Flyers,Houston Christian Huskies,99,68,False,True,DAY,HCU
2020,2019-12-04T00:00Z,Ole Miss Rebels,Butler Bulldogs,58,67,False,True,MISS,BUT
2020,2019-12-05T02:00Z,Gonzaga Bulldogs,Texas Southern Tigers,101,62,False,True,GONZ,TXSO
2020,2019-12-05T03:00Z,Colorado Buffaloes,Loyola Marymount Lions,76,64,False,True,COLO,LMU
2020,2019-12-05T00:00Z,Tennessee Volunteers,Florida A&M Rattlers,72,43,False,True,TENN,FAMU
2020,2019-12-05T03:00Z,Washington Huskies,Eastern Washington Eagles,90,80,False,True,WASH,EWU
2020,2019-12-04T23:30Z,Villanova Wildcats,Pennsylvania Quakers,80,69,False,True,VILL,PENN
2020,2019-12-05T04:15Z,San José State Spartans,Utah State Aggies,59,71,False,True,SJSU,USU
2020,2019-12-06T02:00Z,Auburn Tigers,Furman Paladins,81,78,False,True,AUB,FUR
2020,2019-12-07T02:00Z,Louisville Cardinals,Pittsburgh Panthers,64,46,False,True,LOU,PITT
2020,2019-12-06T23:30Z,Michigan Wolverines,Iowa Hawkeyes,103,91,False,True,MICH,IOWA
2020,2019-12-07T00:00Z,Virginia Tech Hokies,Duke Blue Devils,63,77,False,True,VT,DUKE
2020,2019-12-08T00:00Z,Kansas Jayhawks,Colorado Buffaloes,72,58,False,True,KU,COLO
2020,2019-12-07T22:00Z,Maryland Terrapins,Illinois Fighting Illini,59,58,False,True,MD,ILL
2020,2019-12-07T17:00Z,Ohio State Buckeyes,Penn State Nittany Lions,106,74,False,True,OSU,PSU
2020,2019-12-07T21:00Z,Kentucky Wildcats,Fairleigh Dickinson Knights,83,52,False,True,UK,FDU
2020,2019-12-07T17:00Z,Baylor Bears,Arizona Wildcats,63,58,False,True,BAY,ARIZ
2020,2019-12-08T00:00Z,Oregon Ducks,Hawai'i Rainbow Warriors,89,64,False,True,ORE,HAW
2020,2019-12-07T22:30Z,UAB Blazers,Memphis Tigers,57,65,False,True,UAB,MEM
2020,2019-12-07T20:00Z,Saint Joseph's Hawks,Villanova Wildcats,66,78,False,True,JOES,VILL
2020,2019-12-07T17:00Z,Butler Bulldogs,Florida Gators,76,62,False,True,BUT,FLA
2020,2019-12-07T23:00Z,Utah State Aggies,Fresno State Bulldogs,77,70,False,True,USU,FRES
2020,2019-12-08T21:00Z,Virginia Cavaliers,North Carolina Tar Heels,56,47,False,True,UVA,UNC
2020,2019-12-09T00:00Z,Washington Huskies,Gonzaga Bulldogs,76,83,False,True,WASH,GONZ
2020,2019-12-09T00:00Z,Michigan State Spartans,Rutgers Scarlet Knights,77,65,False,True,MSU,RUTG
2020,2019-12-09T02:00Z,Iowa State Cyclones,Seton Hall Pirates,76,66,False,True,ISU,HALL
2020,2019-12-08T19:00Z,Florida State Seminoles,Clemson Tigers,72,53,False,True,FSU,CLEM
2020,2019-12-10T00:00Z,Alcorn State Braves,Rust Bearcats,108,62,False,True,ALCN,RUST 
2020,2019-12-10T00:00Z,Duquesne Dukes,Columbia Lions,90,54,False,True,DUQ,COLU
2020,2019-12-10T01:00Z,South Dakota Coyotes,Alabama State Hornets,73,59,False,True,SDAK,ALST
2020,2019-12-10T01:00Z,Iowa Hawkeyes,Minnesota Golden Gophers,72,52,False,True,IOWA,MINN
2020,2019-12-11T01:00Z,Kansas Jayhawks,Milwaukee Panthers,95,68,False,True,KU,MILW
2020,2019-12-11T00:00Z,Penn State Nittany Lions,Maryland Terrapins,76,69,False,True,PSU,MD
2020,2019-12-11T02:00Z,Baylor Bears,Butler Bulldogs,53,52,False,True,BAY,BUT
2020,2019-12-11T02:00Z,Colorado Buffaloes,Northern Iowa Panthers,76,79,False,True,COLO,UNI
2020,2019-12-12T02:00Z,Illinois Fighting Illini,Michigan Wolverines,71,62,False,True,ILL,MICH
2020,2019-12-12T01:00Z,Arizona Wildcats,Omaha Mavericks,99,49,False,True,ARIZ,OMA
2020,2019-12-13T00:00Z,Wright State Raiders,Southern Jaguars,85,62,False,True,WRST,SOU
2020,2019-12-13T00:00Z,Abilene Christian Wildcats,Howard Payne Yellow Jackets,105,36,False,True,ACU,HWPU
2020,2019-12-13T00:00Z,West Virginia Mountaineers,Austin Peay Governors,84,53,False,True,WVU,APSU
2020,2019-12-13T01:00Z,Iowa State Cyclones,Iowa Hawkeyes,68,84,False,True,ISU,IOWA
2020,2019-12-13T02:00Z,Grand Canyon Lopes,Northern Iowa Panthers,58,82,False,True,GCU,UNI
2020,2019-12-13T03:05Z,Portland State Vikings,Portland Bible Arrows,101,48,False,True,PRST,PORTL
2020,2019-12-14T01:00Z,Colorado State Rams,Colorado Buffaloes,48,56,False,True,CSU,COLO
2020,2019-12-14T17:00Z,Louisville Cardinals,Eastern Kentucky Colonels,99,67,False,True,LOU,EKU
2020,2019-12-14T22:00Z,Kansas Jayhawks,Kansas City Roos,98,57,False,True,KU,KC
2020,2019-12-14T17:00Z,Michigan Wolverines,Oregon Ducks,70,71,False,True,MICH,ORE
2020,2019-12-15T03:00Z,Arizona Wildcats,Gonzaga Bulldogs,80,84,False,True,ARIZ,GONZ
2020,2019-12-14T22:00Z,Kentucky Wildcats,Georgia Tech Yellow Jackets,67,53,False,True,UK,GT
2020,2019-12-14T20:00Z,Tennessee Volunteers,Memphis Tigers,47,51,False,True,TENN,MEM
2020,2019-12-15T00:00Z,Dayton Flyers,Drake Bulldogs,78,47,False,True,DAY,DRKE
2020,2019-12-14T17:00Z,Oakland Golden Grizzlies,Michigan State Spartans,49,72,True,True,OAK,MSU
2020,2019-12-14T17:00Z,Butler Bulldogs,Southern Jaguars,66,41,False,True,BUT,SOU
2020,2019-12-15T23:30Z,Minnesota Golden Gophers,Ohio State Buckeyes,84,71,False,True,MINN,OSU
2020,2019-12-15T21:00Z,North Carolina Tar Heels,Wofford Terriers,64,68,False,True,UNC,WOF
2020,2019-12-17T00:00Z,Texas Tech Red Raiders,Southern Miss Golden Eagles,71,65,False,True,TTU,USM
2020,2019-12-18T00:00Z,Ohio State Buckeyes,Southeast Missouri State Redhawks,80,48,False,True,OSU,SEMO
2020,2019-12-18T00:00Z,Dayton Flyers,North Texas Mean Green,71,58,False,True,DAY,UNT
2020,2019-12-18T01:30Z,Florida State Seminoles,North Florida Ospreys,98,81,False,True,FSU,UNF
2020,2019-12-18T04:00Z,Washington Huskies,Seattle U Redhawks,81,59,False,True,WASH,SEA
2020,2019-12-19T02:00Z,Gonzaga Bulldogs,North Carolina Tar Heels,94,81,False,True,GONZ,UNC
2020,2019-12-19T01:30Z,Louisville Cardinals,Miami (OH) RedHawks,70,46,False,True,LOU,M-OH
2020,2019-12-19T04:00Z,Kentucky Wildcats,Utah Utes,66,69,True,True,UK,UTAH
2020,2019-12-19T04:00Z,Oregon Ducks,Montana Grizzlies,81,48,False,True,ORE,MONT
2020,2019-12-18T23:30Z,Virginia Cavaliers,Stony Brook Seawolves,56,44,False,True,UVA,STBK
2020,2019-12-19T01:00Z,Northwestern Wildcats,Michigan State Spartans,72,77,False,True,NU,MSU
2020,2019-12-19T03:00Z,San Diego State Aztecs,San Diego Christian Hawks,92,48,False,True,SDSU,SDCHR
2020,2019-12-19T00:00Z,Cincinnati Bearcats,Tennessee Volunteers,78,66,False,True,CIN,TENN
2020,2019-12-20T00:00Z,Seton Hall Pirates,Maryland Terrapins,52,48,False,True,HALL,MD
2020,2019-12-20T02:00Z,Auburn Tigers,NC State Wolfpack,79,73,False,True,AUB,NCSU
2020,2019-12-20T23:00Z,Penn State Nittany Lions,Central Connecticut Blue Devils,87,58,False,True,PSU,CCSU
2020,2019-12-21T17:00Z,Villanova Wildcats,Kansas Jayhawks,56,55,False,True,VILL,KU
2020,2019-12-21T22:00Z,Gonzaga Bulldogs,Eastern Washington Eagles,112,77,False,True,GONZ,EWU
2020,2019-12-22T03:30Z,Oregon Ducks,Texas Southern Tigers,84,78,False,True,ORE,TXSO
2020,2019-12-21T18:00Z,Memphis Tigers,Jackson State Tigers,77,49,False,True,MEM,JKST
2020,2019-12-21T23:00Z,Auburn Tigers,Lehigh Mountain Hawks,74,51,False,True,AUB,LEH
2020,2019-12-21T17:00Z,Michigan Wolverines,Presbyterian Blue Hose,86,44,False,True,MICH,PRES
2020,2019-12-22T00:00Z,Michigan State Spartans,Eastern Michigan Eagles,101,48,False,True,MSU,EMU
2020,2019-12-21T18:00Z,Tennessee Volunteers,Jacksonville State Gamecocks,75,53,False,True,TENN,JXST
2020,2019-12-21T19:00Z,Texas Tech Red Raiders,UT Rio Grande Valley Vaqueros,68,58,False,True,TTU,RGV
2020,2019-12-21T18:00Z,Youngstown State Penguins,West Virginia Mountaineers,64,75,False,True,YSU,WVU
2020,2019-12-22T20:00Z,Virginia Cavaliers,South Carolina Gamecocks,59,70,False,True,UVA,SC
2020,2019-12-24T00:00Z,Dayton Flyers,Grambling Tigers,81,53,False,True,DAY,GRAM
2020,2019-12-25T18:30Z,Ball State Cardinals,Portland Pilots,61,46,True,True,BALL,PORT
2020,2019-12-25T20:30Z,UTEP Miners,Boise State Broncos,67,72,True,True,UTEP,BOIS
2020,2019-12-25T23:30Z,Hawai'i Rainbow Warriors,Georgia Tech Yellow Jackets,53,70,False,True,HAW,GT
2020,2019-12-26T01:57Z,Washington Huskies,Houston Cougars,71,75,True,True,WASH,HOU
2020,2019-12-28T00:00Z,Mount St. Mary's Mountaineers,Coppin State Eagles,79,55,False,True,MSM,COPP
2020,2019-12-28T00:00Z,Loyola Maryland Greyhounds,UMass Lowell River Hawks,93,81,False,True,L-MD,UML
2020,2019-12-28T20:45Z,Kentucky Wildcats,Louisville Cardinals,78,70,False,True,UK,LOU
2020,2019-12-28T16:30Z,Duke Blue Devils,Brown Bears,75,50,False,True,DUKE,BRWN
2020,2019-12-28T18:30Z,Memphis Tigers,New Orleans Privateers,97,55,False,True,MEM,UNO
2020,2019-12-28T21:00Z,Butler Bulldogs,UL Monroe Warhawks,67,36,False,True,BUT,ULM
2020,2019-12-29T00:00Z,San Diego State Aztecs,Cal Poly Mustangs,73,57,False,True,SDSU,CP
2020,2019-12-28T19:00Z,Florida State Seminoles,North Alabama Lions,88,71,False,True,FSU,UNA
2020,2019-12-29T17:00Z,Ohio State Buckeyes,West Virginia Mountaineers,59,67,True,True,OSU,WVU
2020,2019-12-29T20:00Z,Stanford Cardinal,Kansas Jayhawks,56,72,False,True,STAN,KU
2020,2019-12-29T21:00Z,Oregon Ducks,Alabama State Hornets,98,59,False,True,ORE,ALST
2020,2019-12-29T21:00Z,Auburn Tigers,Lipscomb Bisons,86,59,False,True,AUB,LIP
2020,2019-12-29T19:00Z,Michigan Wolverines,UMass Lowell River Hawks,86,60,False,True,MICH,UML
2020,2019-12-29T17:00Z,Maryland Terrapins,Bryant Bulldogs,84,70,False,True,MD,BRY
2020,2019-12-30T01:00Z,Michigan State Spartans,Western Michigan Broncos,95,62,False,True,MSU,WMU
2020,2019-12-29T21:00Z,Virginia Cavaliers,Navy Midshipmen,65,56,False,True,UVA,NAVY
2020,2019-12-29T17:00Z,Penn State Nittany Lions,Cornell Big Red,90,59,False,True,PSU,COR
2020,2019-12-29T21:00Z,Texas Tech Red Raiders,Cal State Bakersfield Roadrunners,73,58,False,True,TTU,CSUB
2020,2019-12-29T21:00Z,Iowa Hawkeyes,Kennesaw State Owls,93,51,False,True,IOWA,KENN
2020,2019-12-31T02:00Z,Gonzaga Bulldogs,Detroit Mercy Titans,93,72,False,True,GONZ,DETM
2020,2019-12-30T20:00Z,Baylor Bears,Jackson State Tigers,83,57,False,True,BAY,JKST
2020,2019-12-31T02:00Z,Memphis Tigers,Tulane Green Wave,84,73,False,True,MEM,TULN
2020,2019-12-30T23:30Z,Villanova Wildcats,Xavier Musketeers,68,62,False,True,VILL,XAV
2020,2019-12-31T00:00Z,Dayton Flyers,North Florida Ospreys,77,59,False,True,DAY,UNF
2020,2019-12-31T23:00Z,Duke Blue Devils,Boston College Eagles,88,49,False,True,DUKE,BC
2020,2020-01-01T00:30Z,St. John's Red Storm,Butler Bulldogs,58,60,False,True,SJU,BUT
2020,2019-12-31T17:00Z,Florida State Seminoles,Georgia Tech Yellow Jackets,70,58,False,True,FSU,GT
2020,2020-01-01T20:00Z,San Diego State Aztecs,Fresno State Bulldogs,61,52,False,True,SDSU,FRES
2020,2020-01-01T20:00Z,Wichita State Shockers,East Carolina Pirates,75,69,False,True,WICH,ECU
2020,2020-01-03T03:00Z,Portland Pilots,Gonzaga Bulldogs,72,85,False,True,PORT,GONZ
2020,2020-01-03T02:00Z,Colorado Buffaloes,Oregon Ducks,74,65,False,True,COLO,ORE
2020,2020-01-03T01:00Z,Michigan State Spartans,Illinois Fighting Illini,76,56,False,True,MSU,ILL
2020,2020-01-03T01:30Z,La Salle Explorers,Dayton Flyers,58,84,False,True,LAS,DAY
2020,2020-01-04T00:00Z,Ohio State Buckeyes,Wisconsin Badgers,57,61,False,True,OSU,WIS
2020,2020-01-05T03:00Z,Gonzaga Bulldogs,Pepperdine Waves,75,70,False,True,GONZ,PEPP
2020,2020-01-05T01:00Z,Miami Hurricanes,Duke Blue Devils,62,95,False,True,MIA,DUKE
2020,2020-01-04T21:00Z,Kansas Jayhawks,West Virginia Mountaineers,60,53,False,True,KU,WVU
2020,2020-01-04T22:00Z,Utah Utes,Oregon Ducks,64,69,False,True,UTAH,ORE
2020,2020-01-05T01:00Z,Baylor Bears,Texas Longhorns,59,44,False,True,BAY,TEX
2020,2020-01-04T19:00Z,Louisville Cardinals,Florida State Seminoles,65,78,False,True,LOU,FSU
2020,2020-01-04T21:30Z,Mississippi State Bulldogs,Auburn Tigers,68,80,False,True,MSST,AUB
2020,2020-01-04T18:00Z,Memphis Tigers,Georgia Bulldogs,62,65,False,True,MEM,UGA
2020,2020-01-04T19:00Z,Marquette Golden Eagles,Villanova Wildcats,71,60,False,True,MARQ,VILL
2020,2020-01-04T17:00Z,Butler Bulldogs,Creighton Bluejays,71,57,False,True,BUT,CREI
2020,2020-01-05T03:00Z,Utah State Aggies,San Diego State Aztecs,68,77,False,True,USU,SDSU
2020,2020-01-04T17:00Z,Maryland Terrapins,Indiana Hoosiers,75,59,False,True,MD,IU
2020,2020-01-04T19:00Z,Kentucky Wildcats,Missouri Tigers,71,59,False,True,UK,MIZ
2020,2020-01-04T19:00Z,Virginia Cavaliers,Virginia Tech Hokies,65,39,False,True,UVA,VT
2020,2020-01-04T19:00Z,Penn State Nittany Lions,Iowa Hawkeyes,89,86,True,True,PSU,IOWA
2020,2020-01-04T17:00Z,Texas Tech Red Raiders,Oklahoma State Cowboys,85,50,False,True,TTU,OKST
2020,2020-01-04T21:00Z,Wichita State Shockers,Ole Miss Rebels,74,54,False,True,WICH,MISS
2020,2020-01-05T02:30Z,Arizona Wildcats,Arizona State Sun Devils,75,47,False,True,ARIZ,ASU
2020,2020-01-05T18:30Z,Michigan State Spartans,Michigan Wolverines,87,69,False,True,MSU,MICH
2020,2020-01-05T18:00Z,Saint Joseph's Hawks,Dayton Flyers,67,80,False,True,JOES,DAY
2020,2020-01-07T02:00Z,Oklahoma State Cowboys,West Virginia Mountaineers,41,55,False,True,OKST,WVU
2020,2020-01-08T02:00Z,Texas Tech Red Raiders,Baylor Bears,52,57,False,True,TTU,BAY
2020,2020-01-08T00:00Z,Maryland Terrapins,Ohio State Buckeyes,67,55,False,True,MD,OSU
2020,2020-01-08T00:00Z,Louisville Cardinals,Miami Hurricanes,74,58,False,True,LOU,MIA
2020,2020-01-08T02:00Z,Georgia Bulldogs,Kentucky Wildcats,69,78,False,True,UGA,UK
2020,2020-01-08T02:00Z,Creighton Bluejays,Villanova Wildcats,59,64,False,True,CREI,VILL
2020,2020-01-08T00:00Z,Boston College Eagles,Virginia Cavaliers,60,53,False,True,BC,UVA
2020,2020-01-08T00:00Z,Rutgers Scarlet Knights,Penn State Nittany Lions,72,61,False,True,RUTG,PSU
2020,2020-01-09T02:00Z,Georgia Tech Yellow Jackets,Duke Blue Devils,64,73,False,True,GT,DUKE
2020,2020-01-09T01:00Z,Iowa State Cyclones,Kansas Jayhawks,53,79,False,True,ISU,KU
2020,2020-01-09T02:00Z,Auburn Tigers,Vanderbilt Commodores,83,79,False,True,AUB,VAN
2020,2020-01-09T02:00Z,Wyoming Cowboys,San Diego State Aztecs,52,72,False,True,WYO,SDSU
2020,2020-01-09T00:30Z,Wake Forest Demon Deacons,Florida State Seminoles,68,78,False,True,WAKE,FSU
2020,2020-01-10T03:00Z,San Diego Toreros,Gonzaga Bulldogs,50,94,False,True,USD,GONZ
2020,2020-01-10T02:00Z,Michigan State Spartans,Minnesota Golden Gophers,74,58,False,True,MSU,MINN
2020,2020-01-10T02:00Z,Oregon Ducks,Arizona Wildcats,74,73,False,True,ORE,ARIZ
2020,2020-01-10T00:00Z,Michigan Wolverines,Purdue Boilermakers,84,78,False,True,MICH,PUR
2020,2020-01-10T00:00Z,Wichita State Shockers,Memphis Tigers,76,67,False,True,WICH,MEM
2020,2020-01-11T02:00Z,Providence Friars,Butler Bulldogs,58,70,False,True,PROV,BUT
2020,2020-01-11T00:00Z,Iowa Hawkeyes,Maryland Terrapins,67,49,False,True,IOWA,MD
2020,2020-01-11T21:00Z,Loyola Marymount Lions,Gonzaga Bulldogs,62,87,False,True,LMU,GONZ
2020,2020-01-12T01:00Z,Duke Blue Devils,Wake Forest Demon Deacons,90,59,False,True,DUKE,WAKE
2020,2020-01-11T18:00Z,Kansas Jayhawks,Baylor Bears,55,67,False,True,KU,BAY
2020,2020-01-11T17:00Z,Auburn Tigers,Georgia Bulldogs,82,60,False,True,AUB,UGA
2020,2020-01-12T03:00Z,San Diego State Aztecs,Boise State Broncos,83,65,False,True,SDSU,BOIS
2020,2020-01-12T03:30Z,Oregon Ducks,Arizona State Sun Devils,78,69,False,True,ORE,ASU
2020,2020-01-11T17:00Z,Indiana Hoosiers,Ohio State Buckeyes,66,54,False,True,IU,OSU
2020,2020-01-11T19:00Z,Notre Dame Fighting Irish,Louisville Cardinals,64,67,False,True,ND,LOU
2020,2020-01-11T17:00Z,Kentucky Wildcats,Alabama Crimson Tide,76,67,False,True,UK,ALA
2020,2020-01-11T17:30Z,Dayton Flyers,Massachusetts Minutemen,88,60,False,True,DAY,MASS
2020,2020-01-11T17:00Z,Villanova Wildcats,Georgetown Hoyas,80,66,False,True,VILL,GTWN
2020,2020-01-11T23:00Z,West Virginia Mountaineers,Texas Tech Red Raiders,66,54,False,True,WVU,TTU
2020,2020-01-11T21:00Z,Virginia Cavaliers,Syracuse Orange,55,63,False,True,UVA,SYR
2020,2020-01-11T19:15Z,Penn State Nittany Lions,Wisconsin Badgers,49,58,False,True,PSU,WIS
2020,2020-01-12T17:00Z,Purdue Boilermakers,Michigan State Spartans,71,42,False,True,PUR,MSU
2020,2020-01-12T18:00Z,Minnesota Golden Gophers,Michigan Wolverines,75,67,False,True,MINN,MICH
2020,2020-01-12T21:00Z,South Florida Bulls,Memphis Tigers,64,68,False,True,USF,MEM
2020,2020-01-12T17:00Z,UConn Huskies,Wichita State Shockers,86,89,False,True,CONN,WICH
2020,2020-01-13T03:00Z,Oregon State Beavers,Arizona Wildcats,82,65,False,True,ORST,ARIZ
2020,2020-01-12T23:00Z,Colorado Buffaloes,Utah Utes,91,52,False,True,COLO,UTAH
2020,2020-01-13T21:40Z,Southern Jaguars,Jackson State Tigers,56,50,False,True,SOU,JKST
2020,2020-01-13T23:00Z,Cornell Big Red,Elmira Soaring Eagles,70,33,False,True,COR,ELMR
2020,2020-01-14T00:00Z,Loyola Maryland Greyhounds,Boston University Terriers,53,85,False,True,L-MD,BU
2020,2020-01-14T00:30Z,Maryland Eastern Shore Hawks,North Carolina Central Eagles,64,69,False,True,UMES,NCCU
2020,2020-01-14T00:30Z,Howard Bison,South Carolina State Bulldogs,95,101,False,True,HOW,SCST
2020,2020-01-14T00:30Z,Delaware State Hornets,North Carolina A&T Aggies,77,98,False,True,DSU,NCAT
2020,2020-01-14T00:30Z,Bethune-Cookman Wildcats,Morgan State Bears,85,78,False,True,BCU,MORG
2020,2020-01-14T01:00Z,Florida A&M Rattlers,Coppin State Eagles,65,54,False,True,FAMU,COPP
2020,2020-01-14T01:30Z,Alabama State Hornets,Arkansas-Pine Bluff Golden Lions,56,61,False,True,ALST,UAPB
2020,2020-01-14T01:30Z,Alcorn State Braves,Grambling Tigers,87,69,False,True,ALCN,GRAM
2020,2020-01-14T01:30Z,Alabama A&M Bulldogs,Mississippi Valley State Delta Devils,66,72,False,True,AAMU,MVSU
2020,2020-01-14T02:00Z,Montana Grizzlies,Portland State Vikings,85,70,False,True,MONT,PRST
2020,2020-01-15T00:00Z,Clemson Tigers,Duke Blue Devils,79,72,False,True,CLEM,DUKE
2020,2020-01-15T02:00Z,Oklahoma Sooners,Kansas Jayhawks,52,66,False,True,OU,KU
2020,2020-01-15T04:00Z,Fresno State Bulldogs,San Diego State Aztecs,55,64,False,True,FRES,SDSU
2020,2020-01-15T00:00Z,Pittsburgh Panthers,Louisville Cardinals,68,73,False,True,PITT,LOU
2020,2020-01-15T02:00Z,West Virginia Mountaineers,TCU Horned Frogs,81,49,False,True,WVU,TCU
2020,2020-01-15T01:00Z,Dayton Flyers,VCU Rams,79,65,False,True,DAY,VCU
2020,2020-01-15T01:30Z,Villanova Wildcats,DePaul Blue Demons,79,75,False,True,VILL,DEP
2020,2020-01-15T02:00Z,Wisconsin Badgers,Maryland Terrapins,56,54,False,True,WIS,MD
2020,2020-01-14T23:30Z,Ohio State Buckeyes,Nebraska Cornhuskers,80,68,False,True,OSU,NEB
2020,2020-01-15T01:00Z,Kansas State Wildcats,Texas Tech Red Raiders,63,77,False,True,KSU,TTU
2020,2020-01-16T01:00Z,Baylor Bears,Iowa State Cyclones,68,55,False,True,BAY,ISU
2020,2020-01-16T02:00Z,Alabama Crimson Tide,Auburn Tigers,83,64,False,True,ALA,AUB
2020,2020-01-15T23:30Z,Butler Bulldogs,Seton Hall Pirates,70,78,False,True,BUT,HALL
2020,2020-01-16T00:00Z,Florida State Seminoles,Virginia Cavaliers,54,50,False,True,FSU,UVA
2020,2020-01-15T23:30Z,South Carolina Gamecocks,Kentucky Wildcats,81,78,False,True,SC,UK
2020,2020-01-16T02:00Z,Temple Owls,Wichita State Shockers,65,53,False,True,TEM,WICH
2020,2020-01-16T00:00Z,Georgetown Hoyas,Creighton Bluejays,83,80,False,True,GTWN,CREI
2020,2020-01-17T04:00Z,Gonzaga Bulldogs,Santa Clara Broncos,104,54,False,True,GONZ,SCU
2020,2020-01-17T02:00Z,Washington State Cougars,Oregon Ducks,72,61,False,True,WSU,ORE
2020,2020-01-17T02:00Z,Arizona State Sun Devils,Colorado Buffaloes,61,68,False,True,ASU,COLO
2020,2020-01-17T00:00Z,Memphis Tigers,Cincinnati Bearcats,60,49,False,True,MEM,CIN
2020,2020-01-18T00:00Z,Saint Louis Billikens,Dayton Flyers,76,78,False,True,SLU,DAY
2020,2020-01-18T00:00Z,Michigan State Spartans,Wisconsin Badgers,67,55,False,True,MSU,WIS
2020,2020-01-18T02:00Z,Iowa Hawkeyes,Michigan Wolverines,90,83,False,True,IOWA,MICH
2020,2020-01-19T03:00Z,Gonzaga Bulldogs,BYU Cougars,92,69,False,True,GONZ,BYU
2020,2020-01-18T17:00Z,Oklahoma State Cowboys,Baylor Bears,68,75,False,True,OKST,BAY
2020,2020-01-18T23:00Z,Duke Blue Devils,Louisville Cardinals,73,79,False,True,DUKE,LOU
2020,2020-01-18T18:30Z,Florida Gators,Auburn Tigers,69,47,False,True,FLA,AUB
2020,2020-01-18T18:00Z,DePaul Blue Demons,Butler Bulldogs,79,66,False,True,DEP,BUT
2020,2020-01-18T19:00Z,Texas Longhorns,Kansas Jayhawks,57,66,False,True,TEX,KU
2020,2020-01-19T01:00Z,San Diego State Aztecs,Nevada Wolf Pack,68,55,False,True,SDSU,NEV
2020,2020-01-18T20:45Z,Washington Huskies,Oregon Ducks,61,64,False,True,WASH,ORE
2020,2020-01-18T18:00Z,Miami Hurricanes,Florida State Seminoles,79,83,False,True,MIA,FSU
2020,2020-01-18T21:00Z,Arkansas Razorbacks,Kentucky Wildcats,66,73,False,True,ARK,UK
2020,2020-01-18T19:00Z,Kansas State Wildcats,West Virginia Mountaineers,84,68,False,True,KSU,WVU
2020,2020-01-18T17:00Z,Villanova Wildcats,UConn Huskies,61,55,False,True,VILL,CONN
2020,2020-01-18T21:00Z,Wichita State Shockers,Houston Cougars,54,65,False,True,WICH,HOU
2020,2020-01-18T19:00Z,Maryland Terrapins,Purdue Boilermakers,57,50,False,True,MD,PUR
2020,2020-01-18T17:00Z,St. John's Red Storm,Seton Hall Pirates,79,82,False,True,SJU,HALL
2020,2020-01-18T19:30Z,Arizona Wildcats,Colorado Buffaloes,75,54,False,True,ARIZ,COLO
2020,2020-01-18T17:00Z,Penn State Nittany Lions,Ohio State Buckeyes,90,76,False,True,PSU,OSU
2020,2020-01-18T21:00Z,Texas Tech Red Raiders,Iowa State Cyclones,72,52,False,True,TTU,ISU
2020,2020-01-18T22:00Z,Illinois Fighting Illini,Northwestern Wildcats,75,71,False,True,ILL,NU
2020,2020-01-18T21:30Z,Creighton Bluejays,Providence Friars,78,74,False,True,CREI,PROV
2020,2020-01-19T17:00Z,Fordham Rams,Davidson Wildcats,62,74,False,True,FOR,DAV
2020,2020-01-19T18:00Z,Niagara Purple Eagles,Siena Saints,72,71,False,True,NIA,SIE
2020,2020-01-19T18:00Z,Rutgers Scarlet Knights,Minnesota Golden Gophers,64,56,False,True,RUTG,MINN
2020,2020-01-19T18:05Z,Chicago State Cougars,Cal State Bakersfield Roadrunners,54,72,False,True,CHST,CSUB
2020,2020-01-19T19:00Z,North Dakota State Bison,North Dakota Fighting Hawks,83,74,False,True,NDSU,UND
2020,2020-01-19T19:00Z,Marist Red Foxes,Iona Gaels,83,73,False,True,MRST,IONA
2020,2020-01-19T19:00Z,Canisius Golden Griffins,Rider Broncs,95,86,False,True,CAN,RID
2020,2020-01-19T19:00Z,Maine Black Bears,Binghamton Bearcats,86,63,False,True,ME,BING
2020,2020-01-19T21:00Z,Illinois State Redbirds,Loyola Chicago Ramblers,50,62,False,True,ILST,LUC
2020,2020-01-19T21:00Z,Southern Illinois Salukis,Drake Bulldogs,66,49,False,True,SIU,DRKE
2020,2020-01-19T21:30Z,South Dakota Coyotes,South Dakota State Jackrabbits,99,84,False,True,SDAK,SDST
2020,2020-01-19T22:00Z,Kansas City Roos,Grand Canyon Lopes,66,69,False,True,KC,GCU
2020,2020-01-19T23:00Z,Cincinnati Bearcats,East Carolina Pirates,82,57,False,True,CIN,ECU
2020,2020-01-19T23:00Z,Wake Forest Demon Deacons,Boston College Eagles,80,62,False,True,WAKE,BC
2020,2020-01-20T01:00Z,UCLA Bruins,California Golden Bears,50,40,False,True,UCLA,CAL
2020,2020-01-21T02:00Z,Baylor Bears,Oklahoma Sooners,61,57,False,True,BAY,OU
2020,2020-01-21T00:00Z,West Virginia Mountaineers,Texas Longhorns,97,59,False,True,WVU,TEX
2020,2020-01-22T00:00Z,Kansas Jayhawks,Kansas State Wildcats,81,60,False,True,KU,KSU
2020,2020-01-22T04:00Z,San Diego State Aztecs,Wyoming Cowboys,72,55,False,True,SDSU,WYO
2020,2020-01-22T02:00Z,Duke Blue Devils,Miami Hurricanes,89,59,False,True,DUKE,MIA
2020,2020-01-22T00:00Z,Villanova Wildcats,Butler Bulldogs,76,61,False,True,VILL,BUT
2020,2020-01-22T00:00Z,Kentucky Wildcats,Georgia Bulldogs,89,79,False,True,UK,UGA
2020,2020-01-22T00:00Z,Northwestern Wildcats,Maryland Terrapins,66,77,False,True,NU,MD
2020,2020-01-22T01:00Z,TCU Horned Frogs,Texas Tech Red Raiders,65,54,False,True,TCU,TTU
2020,2020-01-22T00:00Z,Purdue Boilermakers,Illinois Fighting Illini,62,79,False,True,PUR,ILL
2020,2020-01-23T00:00Z,Louisville Cardinals,Georgia Tech Yellow Jackets,68,64,False,True,LOU,GT
2020,2020-01-23T00:00Z,Dayton Flyers,St. Bonaventure Bonnies,86,60,False,True,DAY,SBU
2020,2020-01-23T01:30Z,Seton Hall Pirates,Providence Friars,73,64,False,True,HALL,PROV
2020,2020-01-23T00:00Z,Auburn Tigers,South Carolina Gamecocks,80,67,False,True,AUB,SC
2020,2020-01-23T02:00Z,Iowa Hawkeyes,Rutgers Scarlet Knights,85,80,False,True,IOWA,RUTG
2020,2020-01-23T02:00Z,Tulsa Golden Hurricane,Memphis Tigers,80,40,False,True,TLSA,MEM
2020,2020-01-24T01:30Z,Indiana Hoosiers,Michigan State Spartans,67,63,False,True,IU,MSU
2020,2020-01-24T04:00Z,Oregon Ducks,USC Trojans,79,70,False,True,ORE,USC
2020,2020-01-24T03:00Z,Colorado Buffaloes,Washington State Cougars,78,56,False,True,COLO,WSU
2020,2020-01-24T02:00Z,Houston Cougars,UConn Huskies,63,59,False,True,HOU,CONN
2020,2020-01-25T02:00Z,Butler Bulldogs,Marquette Golden Eagles,89,85,False,True,BUT,MARQ
2020,2020-01-26T03:00Z,Gonzaga Bulldogs,Pacific Tigers,92,59,False,True,GONZ,PAC
2020,2020-01-26T01:00Z,Florida State Seminoles,Notre Dame Fighting Irish,85,84,False,True,FSU,ND
2020,2020-01-25T19:00Z,Louisville Cardinals,Clemson Tigers,80,62,False,True,LOU,CLEM
2020,2020-01-25T23:00Z,Richmond Spiders,Dayton Flyers,79,87,False,True,RICH,DAY
2020,2020-01-25T18:00Z,Providence Friars,Villanova Wildcats,60,64,False,True,PROV,VILL
2020,2020-01-25T21:00Z,Memphis Tigers,SMU Mustangs,70,74,False,True,MEM,SMU
2020,2020-01-25T17:00Z,Michigan Wolverines,Illinois Fighting Illini,62,64,False,True,MICH,ILL
2020,2020-01-26T02:30Z,Arizona State Sun Devils,Arizona Wildcats,66,65,False,True,ASU,ARIZ
2020,2020-01-26T02:00Z,Colorado Buffaloes,Washington Huskies,76,62,False,True,COLO,WASH
2020,2020-01-25T19:00Z,Rutgers Scarlet Knights,Nebraska Cornhuskers,75,72,False,True,RUTG,NEB
2020,2020-01-26T21:00Z,UNLV Rebels,San Diego State Aztecs,67,71,False,True,UNLV,SDSU
2020,2020-01-26T20:00Z,Minnesota Golden Gophers,Michigan State Spartans,52,70,False,True,MINN,MSU
2020,2020-01-26T22:00Z,Oregon Ducks,UCLA Bruins,96,75,False,True,ORE,UCLA
2020,2020-01-26T18:00Z,Indiana Hoosiers,Maryland Terrapins,76,77,False,True,IU,MD
2020,2020-01-26T19:00Z,Houston Cougars,South Florida Bulls,68,49,False,True,HOU,USF
2020,2020-01-28T02:00Z,Oklahoma State Cowboys,Kansas Jayhawks,50,65,False,True,OKST,KU
2020,2020-01-28T01:30Z,Iowa Hawkeyes,Wisconsin Badgers,68,62,False,True,IOWA,WIS
2020,2020-01-29T00:00Z,Virginia Cavaliers,Florida State Seminoles,61,56,False,True,UVA,FSU
2020,2020-01-28T23:30Z,St. John's Red Storm,Villanova Wildcats,59,79,False,True,SJU,VILL
2020,2020-01-29T02:00Z,Duke Blue Devils,Pittsburgh Panthers,79,67,False,True,DUKE,PITT
2020,2020-01-29T02:00Z,Georgetown Hoyas,Butler Bulldogs,64,69,False,True,GTWN,BUT
2020,2020-01-29T02:00Z,Ole Miss Rebels,Auburn Tigers,82,83,False,True,MISS,AUB
2020,2020-01-29T01:00Z,Rutgers Scarlet Knights,Purdue Boilermakers,70,63,False,True,RUTG,PUR
2020,2020-01-30T02:00Z,Iowa State Cyclones,Baylor Bears,53,67,False,True,ISU,BAY
2020,2020-01-30T02:00Z,New Mexico Lobos,San Diego State Aztecs,57,85,False,True,UNM,SDSU
2020,2020-01-30T02:00Z,Boston College Eagles,Louisville Cardinals,69,86,False,True,BC,LOU
2020,2020-01-30T00:00Z,Duquesne Dukes,Dayton Flyers,69,73,False,True,DUQ,DAY
2020,2020-01-29T23:30Z,Seton Hall Pirates,DePaul Blue Demons,64,57,False,True,HALL,DEP
2020,2020-01-30T01:00Z,Texas Tech Red Raiders,West Virginia Mountaineers,89,81,False,True,TTU,WVU
2020,2020-01-29T23:30Z,Kentucky Wildcats,Vanderbilt Commodores,71,62,False,True,UK,VAN
2020,2020-01-29T23:30Z,Michigan State Spartans,Northwestern Wildcats,79,50,False,True,MSU,NU
2020,2020-01-30T00:00Z,East Carolina Pirates,Houston Cougars,59,69,False,True,ECU,HOU
2020,2020-01-30T00:00Z,LSU Tigers,Alabama Crimson Tide,90,76,False,True,LSU,ALA
2020,2020-01-30T01:30Z,Penn State Nittany Lions,Indiana Hoosiers,64,49,False,True,PSU,IU
2020,2020-01-31T03:30Z,Santa Clara Broncos,Gonzaga Bulldogs,72,87,False,True,SCU,GONZ
2020,2020-01-31T02:00Z,California Golden Bears,Oregon Ducks,72,77,False,True,CAL,ORE
2020,2020-01-31T01:30Z,Maryland Terrapins,Iowa Hawkeyes,82,72,False,True,MD,IOWA
2020,2020-01-31T00:30Z,Illinois Fighting Illini,Minnesota Golden Gophers,59,51,False,True,ILL,MINN
2020,2020-01-31T04:00Z,UCLA Bruins,Colorado Buffaloes,72,68,False,True,UCLA,COLO
2020,2020-01-31T22:00Z,Pennsylvania Quakers,Harvard Crimson,75,72,False,True,PENN,HARV
2020,2020-01-31T23:30Z,Kent State Golden Flashes,Akron Zips,68,67,False,True,KENT,AKR
2020,2020-02-01T00:00Z,Buffalo Bulls,Bowling Green Falcons,77,78,False,True,BUF,BGSU
2020,2020-02-01T00:00Z,Detroit Mercy Titans,Oakland Golden Grizzlies,64,77,False,True,DETM,OAK
2020,2020-02-01T00:00Z,Princeton Tigers,Dartmouth Big Green,66,44,False,True,PRIN,DART
2020,2020-02-01T00:00Z,Yale Bulldogs,Columbia Lions,93,62,False,True,YALE,COLU
2020,2020-02-01T00:00Z,Brown Bears,Cornell Big Red,74,63,False,True,BRWN,COR
2020,2020-02-01T00:00Z,Niagara Purple Eagles,Marist Red Foxes,48,67,False,True,NIA,MRST
2020,2020-02-01T00:00Z,Saint Peter's Peacocks,Manhattan Jaspers,70,53,False,True,SPU,MAN
2020,2020-02-01T00:00Z,Iona Gaels,Siena Saints,64,87,False,True,IONA,SIE
2020,2020-02-01T00:00Z,Rider Broncs,Fairfield Stags,68,52,False,True,RID,FAIR
2020,2020-02-01T00:00Z,Canisius Golden Griffins,Quinnipiac Bobcats,73,90,False,True,CAN,QUIN
2020,2020-02-01T00:00Z,Rhode Island Rams,VCU Rams,87,75,False,True,URI,VCU
2020,2020-02-01T01:00Z,Milwaukee Panthers,Wright State Raiders,61,65,False,True,MILW,WRST
2020,2020-02-01T02:00Z,Green Bay Phoenix,Northern Kentucky Norse,62,71,False,True,GB,NKU
2020,2020-02-01T21:00Z,Baylor Bears,TCU Horned Frogs,68,52,False,True,BAY,TCU
2020,2020-02-01T21:00Z,San Francisco Dons,Gonzaga Bulldogs,79,83,False,True,SF,GONZ
2020,2020-02-01T21:00Z,Kansas Jayhawks,Texas Tech Red Raiders,78,75,False,True,KU,TTU
2020,2020-02-02T03:00Z,San Diego State Aztecs,Utah State Aggies,80,68,False,True,SDSU,USU
2020,2020-02-01T21:00Z,Virginia Tech Hokies,Florida State Seminoles,63,74,False,True,VT,FSU
2020,2020-02-01T19:00Z,NC State Wolfpack,Louisville Cardinals,57,77,False,True,NCSU,LOU
2020,2020-02-01T21:30Z,Dayton Flyers,Fordham Rams,70,56,False,True,DAY,FOR
2020,2020-02-01T17:00Z,Villanova Wildcats,Creighton Bluejays,61,76,False,True,VILL,CREI
2020,2020-02-02T01:00Z,Syracuse Orange,Duke Blue Devils,88,97,False,True,SYR,DUKE
2020,2020-02-01T16:00Z,Seton Hall Pirates,Xavier Musketeers,62,74,False,True,HALL,XAV
2020,2020-02-01T23:00Z,Stanford Cardinal,Oregon Ducks,70,60,False,True,STAN,ORE
2020,2020-02-01T19:00Z,West Virginia Mountaineers,Kansas State Wildcats,66,57,False,True,WVU,KSU
2020,2020-02-01T23:00Z,Auburn Tigers,Kentucky Wildcats,75,66,False,True,AUB,UK
2020,2020-02-01T18:00Z,Wisconsin Badgers,Michigan State Spartans,64,63,False,True,WIS,MSU
2020,2020-02-01T19:00Z,Butler Bulldogs,Providence Friars,61,65,False,True,BUT,PROV
2020,2020-02-02T03:30Z,USC Trojans,Colorado Buffaloes,57,78,False,True,USC,COLO
2020,2020-02-01T23:00Z,Cincinnati Bearcats,Houston Cougars,64,62,False,True,CIN,HOU
2020,2020-02-01T17:00Z,LSU Tigers,Ole Miss Rebels,73,63,False,True,LSU,MISS
2020,2020-02-01T23:00Z,Tulsa Golden Hurricane,Wichita State Shockers,54,51,False,True,TLSA,WICH
2020,2020-02-02T00:00Z,Nebraska Cornhuskers,Penn State Nittany Lions,64,76,False,True,NEB,PSU
2020,2020-02-01T21:30Z,Michigan Wolverines,Rutgers Scarlet Knights,69,63,True,True,MICH,RUTG
2020,2020-02-02T18:00Z,Iowa Hawkeyes,Illinois Fighting Illini,72,65,False,True,IOWA,ILL
2020,2020-02-04T02:00Z,Kansas State Wildcats,Baylor Bears,67,73,False,True,KSU,BAY
2020,2020-02-04T02:00Z,Kansas Jayhawks,Texas Longhorns,69,58,False,True,KU,TEX
2020,2020-02-04T00:00Z,Florida State Seminoles,North Carolina Tar Heels,65,59,False,True,FSU,UNC
2020,2020-02-05T00:00Z,Boston College Eagles,Duke Blue Devils,55,63,False,True,BC,DUKE
2020,2020-02-05T00:00Z,Maryland Terrapins,Rutgers Scarlet Knights,56,51,False,True,MD,RUTG
2020,2020-02-05T00:00Z,Arkansas Razorbacks,Auburn Tigers,76,79,False,True,ARK,AUB
2020,2020-02-05T02:00Z,Kentucky Wildcats,Mississippi State Bulldogs,80,72,False,True,UK,MSST
2020,2020-02-05T01:00Z,Michigan State Spartans,Penn State Nittany Lions,70,75,False,True,MSU,PSU
2020,2020-02-06T02:00Z,Louisville Cardinals,Wake Forest Demon Deacons,86,76,False,True,LOU,WAKE
2020,2020-02-05T23:30Z,Butler Bulldogs,Villanova Wildcats,79,76,False,True,BUT,VILL
2020,2020-02-06T01:30Z,Georgetown Hoyas,Seton Hall Pirates,71,78,False,True,GTWN,HALL
2020,2020-02-06T00:00Z,West Virginia Mountaineers,Iowa State Cyclones,76,61,False,True,WVU,ISU
2020,2020-02-06T00:00Z,Purdue Boilermakers,Iowa Hawkeyes,104,68,False,True,PUR,IOWA
2020,2020-02-06T02:00Z,Vanderbilt Commodores,LSU Tigers,99,90,False,True,VAN,LSU
2020,2020-02-06T00:00Z,Providence Friars,Creighton Bluejays,73,56,False,True,PROV,CREI
2020,2020-02-07T04:00Z,Gonzaga Bulldogs,Loyola Marymount Lions,85,67,False,True,GONZ,LMU
2020,2020-02-07T02:00Z,Arizona Wildcats,USC Trojans,85,80,False,True,ARIZ,USC
2020,2020-02-07T01:00Z,Colorado Buffaloes,California Golden Bears,71,65,False,True,COLO,CAL
2020,2020-02-07T02:00Z,Houston Cougars,Tulane Green Wave,75,62,False,True,HOU,TULN
2020,2020-02-08T01:00Z,Illinois Fighting Illini,Maryland Terrapins,66,75,False,True,ILL,MD
2020,2020-02-08T23:00Z,Baylor Bears,Oklahoma State Cowboys,78,70,False,True,BAY,OKST
2020,2020-02-09T03:00Z,Saint Mary's Gaels,Gonzaga Bulldogs,60,90,False,True,SMC,GONZ
2020,2020-02-08T17:00Z,TCU Horned Frogs,Kansas Jayhawks,46,60,False,True,TCU,KU
2020,2020-02-09T01:00Z,Air Force Falcons,San Diego State Aztecs,74,89,False,True,AF,SDSU
2020,2020-02-08T21:00Z,Louisville Cardinals,Virginia Cavaliers,80,73,False,True,LOU,UVA
2020,2020-02-08T19:00Z,Dayton Flyers,Saint Louis Billikens,71,65,False,True,DAY,SLU
2020,2020-02-08T23:00Z,North Carolina Tar Heels,Duke Blue Devils,96,98,False,True,UNC,DUKE
2020,2020-02-08T17:00Z,Florida State Seminoles,Miami Hurricanes,99,81,False,True,FSU,MIA
2020,2020-02-08T19:30Z,Villanova Wildcats,Seton Hall Pirates,64,70,False,True,VILL,HALL
2020,2020-02-08T17:00Z,Auburn Tigers,LSU Tigers,91,90,False,True,AUB,LSU
2020,2020-02-08T19:00Z,Oklahoma Sooners,West Virginia Mountaineers,69,59,False,True,OU,WVU
2020,2020-02-09T03:30Z,Oregon State Beavers,Oregon Ducks,63,53,False,True,ORST,ORE
2020,2020-02-08T18:00Z,Tennessee Volunteers,Kentucky Wildcats,64,77,False,True,TENN,UK
2020,2020-02-08T17:00Z,Michigan Wolverines,Michigan State Spartans,77,68,False,True,MICH,MSU
2020,2020-02-08T23:00Z,Iowa Hawkeyes,Nebraska Cornhuskers,96,72,False,True,IOWA,NEB
2020,2020-02-08T23:00Z,Creighton Bluejays,St. John's Red Storm,94,82,False,True,CREI,SJU
2020,2020-02-08T21:00Z,Penn State Nittany Lions,Minnesota Golden Gophers,83,77,False,True,PSU,MINN
2020,2020-02-09T03:00Z,Arizona Wildcats,UCLA Bruins,52,65,False,True,ARIZ,UCLA
2020,2020-02-08T23:00Z,Colorado Buffaloes,Stanford Cardinal,81,74,False,True,COLO,STAN
2020,2020-02-09T17:00Z,Marquette Golden Eagles,Butler Bulldogs,76,57,False,True,MARQ,BUT
2020,2020-02-09T20:00Z,Houston Cougars,Wichita State Shockers,76,43,False,True,HOU,WICH
2020,2020-02-11T02:00Z,Texas Longhorns,Baylor Bears,45,52,False,True,TEX,BAY
2020,2020-02-11T00:00Z,Duke Blue Devils,Florida State Seminoles,70,65,False,True,DUKE,FSU
2020,2020-02-11T02:00Z,Texas Tech Red Raiders,TCU Horned Frogs,88,42,False,True,TTU,TCU
2020,2020-02-12T04:00Z,San Diego State Aztecs,New Mexico Lobos,82,59,False,True,SDSU,UNM
2020,2020-02-12T00:30Z,Dayton Flyers,Rhode Island Rams,81,67,False,True,DAY,URI
2020,2020-02-12T01:30Z,Maryland Terrapins,Nebraska Cornhuskers,72,70,False,True,MD,NEB
2020,2020-02-12T00:00Z,Vanderbilt Commodores,Kentucky Wildcats,64,78,False,True,VAN,UK
2020,2020-02-11T23:30Z,Purdue Boilermakers,Penn State Nittany Lions,76,88,False,True,PUR,PSU
2020,2020-02-12T02:00Z,Illinois Fighting Illini,Michigan State Spartans,69,70,False,True,ILL,MSU
2020,2020-02-12T02:00Z,LSU Tigers,Missouri Tigers,82,78,False,True,LSU,MIZ
2020,2020-02-13T00:00Z,West Virginia Mountaineers,Kansas Jayhawks,49,58,False,True,WVU,KU
2020,2020-02-13T01:00Z,Georgia Tech Yellow Jackets,Louisville Cardinals,64,58,False,True,GT,LOU
2020,2020-02-12T23:30Z,Seton Hall Pirates,Creighton Bluejays,82,87,False,True,HALL,CREI
2020,2020-02-13T00:00Z,Auburn Tigers,Alabama Crimson Tide,95,91,False,True,AUB,ALA
2020,2020-02-13T01:30Z,Villanova Wildcats,Marquette Golden Eagles,72,71,False,True,VILL,MARQ
2020,2020-02-12T23:30Z,Butler Bulldogs,Xavier Musketeers,66,61,False,True,BUT,XAV
2020,2020-02-13T02:00Z,South Florida Bulls,Houston Cougars,58,62,False,True,USF,HOU
2020,2020-02-14T02:00Z,Oregon Ducks,Colorado Buffaloes,68,60,False,True,ORE,COLO
2020,2020-02-14T01:00Z,Indiana Hoosiers,Iowa Hawkeyes,89,77,False,True,IU,IOWA
2020,2020-02-14T23:30Z,Toledo Rockets,Buffalo Bulls,67,83,False,True,TOL,BUF
2020,2020-02-15T00:00Z,Northern Kentucky Norse,IU Indianapolis Jaguars,84,70,False,True,NKU,IUIN
2020,2020-02-15T00:00Z,Central Michigan Chippewas,Akron Zips,67,80,False,True,CMU,AKR
2020,2020-02-15T00:00Z,Princeton Tigers,Yale Bulldogs,64,88,False,True,PRIN,YALE
2020,2020-02-15T00:00Z,Harvard Crimson,Cornell Big Red,85,63,False,True,HARV,COR
2020,2020-02-15T00:00Z,Dartmouth Big Green,Columbia Lions,65,63,False,True,DART,COLU
2020,2020-02-15T00:00Z,Pennsylvania Quakers,Brown Bears,63,75,False,True,PENN,BRWN
2020,2020-02-15T00:00Z,Saint Peter's Peacocks,Quinnipiac Bobcats,84,72,False,True,SPU,QUIN
2020,2020-02-15T00:00Z,Iona Gaels,Manhattan Jaspers,80,57,False,True,IONA,MAN
2020,2020-02-15T00:00Z,Marist Red Foxes,Fairfield Stags,53,57,False,True,MRST,FAIR
2020,2020-02-15T00:00Z,Canisius Golden Griffins,Monmouth Hawks,71,85,False,True,CAN,MONM
2020,2020-02-15T00:00Z,St. Bonaventure Bonnies,Davidson Wildcats,64,93,False,True,SBU,DAV
2020,2020-02-15T01:00Z,North Dakota State Bison,Purdue Fort Wayne Mastodons,80,70,False,True,NDSU,PFW
2020,2020-02-15T01:00Z,South Dakota State Jackrabbits,Denver Pioneers,90,78,False,True,SDST,DEN
2020,2020-02-15T02:00Z,Wright State Raiders,UIC Flames,75,58,False,True,WRST,UIC
2020,2020-02-15T02:00Z,Siena Saints,Rider Broncs,73,64,False,True,SIE,RID
2020,2020-02-15T21:00Z,Baylor Bears,West Virginia Mountaineers,70,59,False,True,BAY,WVU
2020,2020-02-16T03:00Z,Pepperdine Waves,Gonzaga Bulldogs,77,89,False,True,PEPP,GONZ
2020,2020-02-15T17:00Z,Kansas Jayhawks,Oklahoma Sooners,87,70,False,True,KU,OU
2020,2020-02-15T21:00Z,Clemson Tigers,Louisville Cardinals,77,62,False,True,CLEM,LOU
2020,2020-02-15T17:30Z,Massachusetts Minutemen,Dayton Flyers,63,71,False,True,MASS,DAY
2020,2020-02-15T21:00Z,Duke Blue Devils,Notre Dame Fighting Irish,94,60,False,True,DUKE,ND
2020,2020-02-15T17:00Z,Florida State Seminoles,Syracuse Orange,80,77,False,True,FSU,SYR
2020,2020-02-15T23:00Z,Michigan State Spartans,Maryland Terrapins,60,67,False,True,MSU,MD
2020,2020-02-16T01:00Z,Providence Friars,Seton Hall Pirates,74,71,False,True,PROV,HALL
2020,2020-02-15T23:00Z,Missouri Tigers,Auburn Tigers,85,73,False,True,MIZ,AUB
2020,2020-02-15T19:00Z,Kentucky Wildcats,Ole Miss Rebels,67,62,False,True,UK,MISS
2020,2020-02-15T17:00Z,Penn State Nittany Lions,Northwestern Wildcats,77,61,False,True,PSU,NU
2020,2020-02-16T03:00Z,Oregon State Beavers,Colorado Buffaloes,47,69,False,True,ORST,COLO
2020,2020-02-15T19:30Z,Butler Bulldogs,Georgetown Hoyas,66,73,False,True,BUT,GTWN
2020,2020-02-15T23:00Z,SMU Mustangs,Houston Cougars,73,72,False,True,SMU,HOU
2020,2020-02-15T21:30Z,Rutgers Scarlet Knights,Illinois Fighting Illini,72,57,False,True,RUTG,ILL
2020,2020-02-16T00:30Z,Creighton Bluejays,DePaul Blue Demons,93,64,False,True,CREI,DEP
2020,2020-02-15T18:00Z,Oklahoma State Cowboys,Texas Tech Red Raiders,73,70,False,True,OKST,TTU
2020,2020-02-15T21:00Z,Alabama Crimson Tide,LSU Tigers,88,82,False,True,ALA,LSU
2020,2020-02-16T21:00Z,Boise State Broncos,San Diego State Aztecs,55,72,False,True,BOIS,SDSU
2020,2020-02-16T18:00Z,Temple Owls,Villanova Wildcats,56,76,False,True,TEM,VILL
2020,2020-02-17T02:00Z,Oregon Ducks,Utah Utes,80,62,False,True,ORE,UTAH
2020,2020-02-16T18:00Z,Minnesota Golden Gophers,Iowa Hawkeyes,55,58,False,True,MINN,IOWA
2020,2020-02-18T02:00Z,Kansas Jayhawks,Iowa State Cyclones,91,71,False,True,KU,ISU
2020,2020-02-19T02:00Z,Oklahoma Sooners,Baylor Bears,54,65,False,True,OU,BAY
2020,2020-02-19T01:30Z,VCU Rams,Dayton Flyers,61,66,False,True,VCU,DAY
2020,2020-02-19T01:00Z,Florida State Seminoles,Pittsburgh Panthers,82,67,False,True,FSU,PITT
2020,2020-02-18T23:30Z,Penn State Nittany Lions,Illinois Fighting Illini,56,62,False,True,PSU,ILL
2020,2020-02-19T02:00Z,LSU Tigers,Kentucky Wildcats,76,79,False,True,LSU,UK
2020,2020-02-19T01:30Z,Marquette Golden Eagles,Creighton Bluejays,65,73,False,True,MARQ,CREI
2020,2020-02-19T00:00Z,West Virginia Mountaineers,Oklahoma State Cowboys,65,47,False,True,WVU,OKST
2020,2020-02-20T02:00Z,NC State Wolfpack,Duke Blue Devils,88,66,False,True,NCSU,DUKE
2020,2020-02-20T00:00Z,Louisville Cardinals,Syracuse Orange,90,66,False,True,LOU,SYR
2020,2020-02-20T02:00Z,DePaul Blue Demons,Villanova Wildcats,71,91,False,True,DEP,VILL
2020,2020-02-20T00:00Z,Georgia Bulldogs,Auburn Tigers,65,55,False,True,UGA,AUB
2020,2020-02-19T23:30Z,Seton Hall Pirates,Butler Bulldogs,74,72,False,True,HALL,BUT
2020,2020-02-20T02:00Z,Houston Cougars,Tulsa Golden Hurricane,76,43,False,True,HOU,TLSA
2020,2020-02-21T04:00Z,Gonzaga Bulldogs,San Francisco Dons,71,54,False,True,GONZ,SF
2020,2020-02-21T02:00Z,Arizona State Sun Devils,Oregon Ducks,77,72,False,True,ASU,ORE
2020,2020-02-21T02:00Z,Colorado Buffaloes,USC Trojans,70,66,False,True,COLO,USC
2020,2020-02-21T00:00Z,Iowa Hawkeyes,Ohio State Buckeyes,85,76,False,True,IOWA,OSU
2020,2020-02-21T02:00Z,BYU Cougars,Santa Clara Broncos,85,75,False,True,BYU,SCU
2020,2020-02-21T01:00Z,Arizona Wildcats,Oregon State Beavers,89,63,False,True,ARIZ,ORST
2020,2020-02-21T22:00Z,Merrimack Warriors,Sacred Heart Pioneers,64,57,False,True,MRMK,SHU
2020,2020-02-22T00:00Z,Kent State Golden Flashes,Buffalo Bulls,98,104,False,True,KENT,BUF
2020,2020-02-22T00:00Z,Detroit Mercy Titans,Green Bay Phoenix,67,84,False,True,DETM,GB
2020,2020-02-22T00:00Z,Harvard Crimson,Princeton Tigers,61,60,False,True,HARV,PRIN
2020,2020-02-22T00:00Z,Dartmouth Big Green,Pennsylvania Quakers,66,59,False,True,DART,PENN
2020,2020-02-22T00:00Z,Cornell Big Red,Yale Bulldogs,80,81,False,True,COR,YALE
2020,2020-02-22T00:00Z,Columbia Lions,Brown Bears,66,72,False,True,COLU,BRWN
2020,2020-02-22T00:00Z,Marist Red Foxes,Monmouth Hawks,61,65,False,True,MRST,MONM
2020,2020-02-22T00:00Z,Manhattan Jaspers,Saint Peter's Peacocks,64,67,False,True,MAN,SPU
2020,2020-02-22T00:00Z,Iona Gaels,Rider Broncs,70,69,False,True,IONA,RID
2020,2020-02-22T00:00Z,Fairfield Stags,Niagara Purple Eagles,61,60,False,True,FAIR,NIA
2020,2020-02-22T00:00Z,Quinnipiac Bobcats,Canisius Golden Griffins,66,64,False,True,QUIN,CAN
2020,2020-02-22T00:30Z,Robert Morris Colonials,Mount St. Mary's Mountaineers,68,60,False,True,RMU,MSM
2020,2020-02-22T00:30Z,Wagner Seahawks,Central Connecticut Blue Devils,68,56,False,True,WAG,CCSU
2020,2020-02-22T00:30Z,St. Francis Brooklyn Terriers,Bryant Bulldogs,74,82,False,True,SFBK,BRY
2020,2020-02-22T01:00Z,Fairleigh Dickinson Knights,Long Island University Sharks,81,86,False,True,FDU,LIU
2020,2020-02-22T01:00Z,Oakland Golden Grizzlies,Milwaukee Panthers,75,68,False,True,OAK,MILW
2020,2020-02-22T02:00Z,Saint Louis Billikens,VCU Rams,80,62,False,True,SLU,VCU
2020,2020-02-22T17:00Z,Baylor Bears,Kansas Jayhawks,61,64,False,True,BAY,KU
2020,2020-02-23T03:00Z,BYU Cougars,Gonzaga Bulldogs,91,78,False,True,BYU,GONZ
2020,2020-02-23T00:30Z,San Diego State Aztecs,UNLV Rebels,63,66,False,True,SDSU,UNLV
2020,2020-02-22T19:00Z,Dayton Flyers,Duquesne Dukes,80,70,False,True,DAY,DUQ
2020,2020-02-23T01:00Z,Duke Blue Devils,Virginia Tech Hokies,88,64,False,True,DUKE,VT
2020,2020-02-22T21:00Z,NC State Wolfpack,Florida State Seminoles,61,67,False,True,NCSU,FSU
2020,2020-02-22T23:00Z,Kentucky Wildcats,Florida Gators,65,59,False,True,UK,FLA
2020,2020-02-22T21:00Z,Louisville Cardinals,North Carolina Tar Heels,72,55,False,True,LOU,UNC
2020,2020-02-22T19:30Z,Xavier Musketeers,Villanova Wildcats,55,64,False,True,XAV,VILL
2020,2020-02-22T17:00Z,Auburn Tigers,Tennessee Volunteers,73,66,False,True,AUB,TENN
2020,2020-02-23T02:00Z,Arizona Wildcats,Oregon Ducks,72,73,False,True,ARIZ,ORE
2020,2020-02-22T19:00Z,TCU Horned Frogs,West Virginia Mountaineers,67,60,False,True,TCU,WVU
2020,2020-02-22T21:00Z,Colorado Buffaloes,UCLA Bruins,63,70,False,True,COLO,UCLA
2020,2020-02-22T17:00Z,Providence Friars,Marquette Golden Eagles,84,72,False,True,PROV,MARQ
2020,2020-02-22T19:00Z,Memphis Tigers,Houston Cougars,60,59,False,True,MEM,HOU
2020,2020-02-23T21:00Z,Ohio State Buckeyes,Maryland Terrapins,79,72,False,True,OSU,MD
2020,2020-02-23T17:00Z,Indiana Hoosiers,Penn State Nittany Lions,68,60,False,True,IU,PSU
2020,2020-02-23T21:00Z,Creighton Bluejays,Butler Bulldogs,81,59,False,True,CREI,BUT
2020,2020-02-23T19:00Z,Seton Hall Pirates,St. John's Red Storm,81,65,False,True,HALL,SJU
2020,2020-02-25T02:00Z,Kansas Jayhawks,Oklahoma State Cowboys,83,58,False,True,KU,OKST
2020,2020-02-25T00:00Z,Florida State Seminoles,Louisville Cardinals,82,67,False,True,FSU,LOU
2020,2020-02-25T00:00Z,Texas Longhorns,West Virginia Mountaineers,67,57,False,True,TEX,WVU
2020,2020-02-26T01:00Z,Baylor Bears,Kansas State Wildcats,85,66,False,True,BAY,KSU
2020,2020-02-26T00:00Z,George Mason Patriots,Dayton Flyers,55,62,False,True,GMU,DAY
2020,2020-02-26T04:10Z,San Diego State Aztecs,Colorado State Rams,66,60,False,True,SDSU,CSU
2020,2020-02-26T00:00Z,Wake Forest Demon Deacons,Duke Blue Devils,113,101,False,True,WAKE,DUKE
2020,2020-02-26T00:00Z,Texas A&M Aggies,Kentucky Wildcats,60,69,False,True,TA&M,UK
2020,2020-02-26T00:00Z,Auburn Tigers,Ole Miss Rebels,67,58,False,True,AUB,MISS
2020,2020-02-26T00:00Z,Michigan State Spartans,Iowa Hawkeyes,78,70,False,True,MSU,IOWA
2020,2020-02-26T02:00Z,Oklahoma Sooners,Texas Tech Red Raiders,65,51,False,True,OU,TTU
2020,2020-02-27T02:00Z,Minnesota Golden Gophers,Maryland Terrapins,73,74,False,True,MINN,MD
2020,2020-02-26T23:30Z,Villanova Wildcats,St. John's Red Storm,71,60,False,True,VILL,SJU
2020,2020-02-27T00:00Z,Penn State Nittany Lions,Rutgers Scarlet Knights,65,64,False,True,PSU,RUTG
2020,2020-02-28T02:00Z,Gonzaga Bulldogs,San Diego Toreros,94,59,False,True,GONZ,USD
2020,2020-02-28T04:00Z,Oregon Ducks,Oregon State Beavers,69,54,False,True,ORE,ORST
2020,2020-02-28T00:00Z,Michigan Wolverines,Wisconsin Badgers,74,81,False,True,MICH,WIS
2020,2020-02-28T02:00Z,California Golden Bears,Colorado Buffaloes,76,62,False,True,CAL,COLO
2020,2020-02-28T02:00Z,Nebraska Cornhuskers,Ohio State Buckeyes,54,75,False,True,NEB,OSU
2020,2020-02-29T00:00Z,Dayton Flyers,Davidson Wildcats,82,67,False,True,DAY,DAV
2020,2020-02-29T18:30Z,Kansas State Wildcats,Kansas Jayhawks,58,62,False,True,KSU,KU
2020,2020-02-29T19:00Z,TCU Horned Frogs,Baylor Bears,75,72,False,True,TCU,BAY
2020,2020-03-01T03:00Z,Gonzaga Bulldogs,Saint Mary's Gaels,86,76,False,True,GONZ,SMC
2020,2020-03-01T01:00Z,Nevada Wolf Pack,San Diego State Aztecs,76,83,False,True,NEV,SDSU
2020,2020-02-29T19:00Z,Clemson Tigers,Florida State Seminoles,70,69,False,True,CLEM,FSU
2020,2020-02-29T23:00Z,Virginia Cavaliers,Duke Blue Devils,52,50,False,True,UVA,DUKE
2020,2020-02-29T20:45Z,Kentucky Wildcats,Auburn Tigers,73,66,False,True,UK,AUB
2020,2020-03-01T01:00Z,Maryland Terrapins,Michigan State Spartans,66,78,False,True,MD,MSU
2020,2020-02-29T17:00Z,Villanova Wildcats,Providence Friars,54,58,False,True,VILL,PROV
2020,2020-02-29T19:30Z,Marquette Golden Eagles,Seton Hall Pirates,79,88,False,True,MARQ,HALL
2020,2020-02-29T17:00Z,Iowa Hawkeyes,Penn State Nittany Lions,77,68,False,True,IOWA,PSU
2020,2020-02-29T23:00Z,Pepperdine Waves,BYU Cougars,64,81,False,True,PEPP,BYU
2020,2020-02-29T21:00Z,West Virginia Mountaineers,Oklahoma Sooners,62,73,False,True,WVU,OU
2020,2020-02-29T17:00Z,Texas Tech Red Raiders,Texas Longhorns,58,68,False,True,TTU,TEX
2020,2020-03-01T17:00Z,St. John's Red Storm,Creighton Bluejays,91,71,False,True,SJU,CREI
2020,2020-03-01T23:00Z,Louisville Cardinals,Virginia Tech Hokies,68,52,False,True,LOU,VT
2020,2020-03-01T21:00Z,Ohio State Buckeyes,Michigan Wolverines,77,63,False,True,OSU,MICH
2020,2020-03-01T23:00Z,Stanford Cardinal,Colorado Buffaloes,72,64,False,True,STAN,COLO
2020,2020-03-01T18:00Z,Houston Cougars,Cincinnati Bearcats,68,55,False,True,HOU,CIN
2020,2020-03-03T02:00Z,Baylor Bears,Texas Tech Red Raiders,71,68,False,True,BAY,TTU
2020,2020-03-03T00:00Z,Duke Blue Devils,NC State Wolfpack,88,69,False,True,DUKE,NCSU
2020,2020-03-04T02:00Z,Kentucky Wildcats,Tennessee Volunteers,73,81,False,True,UK,TENN
2020,2020-03-04T00:00Z,Rutgers Scarlet Knights,Maryland Terrapins,78,67,False,True,RUTG,MD
2020,2020-03-04T00:00Z,Penn State Nittany Lions,Michigan State Spartans,71,79,False,True,PSU,MSU
2020,2020-03-04T02:00Z,Iowa Hawkeyes,Purdue Boilermakers,68,77,False,True,IOWA,PUR
2020,2020-03-05T01:00Z,Kansas Jayhawks,TCU Horned Frogs,75,66,False,True,KU,TCU
2020,2020-03-05T02:00Z,Rhode Island Rams,Dayton Flyers,57,84,False,True,URI,DAY
2020,2020-03-05T02:00Z,Notre Dame Fighting Irish,Florida State Seminoles,71,73,False,True,ND,FSU
2020,2020-03-05T01:30Z,Seton Hall Pirates,Villanova Wildcats,77,79,False,True,HALL,VILL
2020,2020-03-05T01:00Z,Creighton Bluejays,Georgetown Hoyas,91,76,False,True,CREI,GTWN
2020,2020-03-05T00:00Z,Auburn Tigers,Texas A&M Aggies,75,78,False,True,AUB,TA&M
2020,2020-03-05T02:00Z,Miami Hurricanes,Virginia Cavaliers,44,46,False,True,MIA,UVA
2020,2020-03-05T02:00Z,Wisconsin Badgers,Northwestern Wildcats,63,48,False,True,WIS,NU
2020,2020-03-06T04:00Z,Oregon Ducks,California Golden Bears,90,56,False,True,ORE,CAL
2020,2020-03-06T00:00Z,Ohio State Buckeyes,Illinois Fighting Illini,71,63,False,True,OSU,ILL
2020,2020-03-06T00:00Z,UConn Huskies,Houston Cougars,77,71,False,True,CONN,HOU
2020,2020-03-05T23:30Z,Michigan Wolverines,Nebraska Cornhuskers,82,58,False,True,MICH,NEB
2020,2020-03-06T18:00Z,Northern Iowa Panthers,Drake Bulldogs,56,77,True,True,UNI,DRKE
2020,2020-03-06T20:30Z,Bradley Braves,Southern Illinois Salukis,64,59,True,True,BRAD,SIU
2020,2020-03-06T22:00Z,Samford Bulldogs,VMI Keydets,78,96,True,True,SAM,VMI
2020,2020-03-06T23:00Z,Winthrop Eagles,Gardner-Webb Runnin' Bulldogs,78,66,True,True,WIN,GWEB
2020,2020-03-06T23:00Z,Bowling Green Falcons,Buffalo Bulls,84,88,False,True,BGSU,BUF
2020,2020-03-06T23:30Z,Akron Zips,Kent State Golden Flashes,79,76,False,True,AKR,KENT
2020,2020-03-07T00:00Z,Loyola Chicago Ramblers,Valparaiso Beacons,73,74,True,True,LUC,VAL
2020,2020-03-07T00:00Z,Miami (OH) RedHawks,Ohio Bobcats,65,67,False,True,M-OH,OHIO
2020,2020-03-07T00:00Z,Central Michigan Chippewas,Western Michigan Broncos,85,68,False,True,CMU,WMU
2020,2020-03-07T00:00Z,Toledo Rockets,Eastern Michigan Eagles,79,57,False,True,TOL,EMU
2020,2020-03-07T00:00Z,Dartmouth Big Green,Yale Bulldogs,61,72,False,True,DART,YALE
2020,2020-03-07T00:00Z,Pennsylvania Quakers,Cornell Big Red,78,64,False,True,PENN,COR
2020,2020-03-07T00:00Z,Princeton Tigers,Columbia Lions,81,58,False,True,PRIN,COLU
2020,2020-03-07T00:00Z,Harvard Crimson,Brown Bears,55,64,False,True,HARV,BRWN
2020,2020-03-07T00:00Z,Monmouth Hawks,Siena Saints,72,86,False,True,MONM,SIE
2020,2020-03-07T00:00Z,Saint Peter's Peacocks,Iona Gaels,68,65,False,True,SPU,IONA
2020,2020-03-07T00:00Z,Manhattan Jaspers,Fairfield Stags,50,66,False,True,MAN,FAIR
2020,2020-03-07T00:00Z,Canisius Golden Griffins,Niagara Purple Eagles,67,63,False,True,CAN,NIA
2020,2020-03-07T00:00Z,Duquesne Dukes,Richmond Spiders,62,73,False,True,DUQ,RICH
2020,2020-03-07T00:00Z,NC State Wolfpack,Wake Forest Demon Deacons,84,64,False,True,NCSU,WAKE
2020,2020-03-07T00:00Z,Clemson Tigers,Georgia Tech Yellow Jackets,62,65,False,True,CLEM,GT
2020,2020-03-07T00:30Z,Wofford Terriers,The Citadel Bulldogs,93,76,True,True,WOF,CIT
2020,2020-03-07T01:00Z,Belmont Bruins,Eastern Kentucky Colonels,60,50,True,True,BEL,EKU
2020,2020-03-07T01:00Z,Radford Highlanders,Hampton Pirates,78,86,False,True,RAD,HAMP
2020,2020-03-07T01:00Z,Northern Illinois Huskies,Ball State Cardinals,54,75,False,True,NIU,BALL
2020,2020-03-07T02:00Z,San Francisco Dons,Loyola Marymount Lions,82,53,True,True,SF,LMU
2020,2020-03-07T02:00Z,San Diego State Aztecs,Boise State Broncos,81,68,True,True,SDSU,BOIS
2020,2020-03-07T02:00Z,Davidson Wildcats,VCU Rams,75,65,False,True,DAV,VCU
2020,2020-03-07T02:30Z,Indiana State Sycamores,Missouri State Bears,51,78,True,True,INST,MOST
2020,2020-03-07T03:00Z,Murray State Racers,Austin Peay Governors,73,61,True,True,MUR,APSU
2020,2020-03-07T04:00Z,Pepperdine Waves,Santa Clara Broncos,84,73,True,True,PEPP,SCU
2020,2020-03-07T04:30Z,Utah State Aggies,Wyoming Cowboys,89,82,True,True,USU,WYO
2020,2020-03-07T19:00Z,Texas Tech Red Raiders,Kansas Jayhawks,62,66,False,True,TTU,KU
2020,2020-03-08T00:00Z,Dayton Flyers,George Washington Revolutionaries,76,51,False,True,DAY,GW
2020,2020-03-07T18:00Z,West Virginia Mountaineers,Baylor Bears,76,64,False,True,WVU,BAY
2020,2020-03-07T18:00Z,Florida Gators,Kentucky Wildcats,70,71,False,True,FLA,UK
2020,2020-03-07T21:30Z,Florida State Seminoles,Boston College Eagles,80,62,False,True,FSU,BC
2020,2020-03-07T19:30Z,Creighton Bluejays,Seton Hall Pirates,77,60,False,True,CREI,HALL
2020,2020-03-07T21:00Z,Virginia Cavaliers,Louisville Cardinals,57,54,False,True,UVA,LOU
2020,2020-03-07T23:00Z,Duke Blue Devils,North Carolina Tar Heels,89,76,False,True,DUKE,UNC
2020,2020-03-08T04:00Z,Oregon Ducks,Stanford Cardinal,80,67,False,True,ORE,STAN
2020,2020-03-07T17:00Z,Georgetown Hoyas,Villanova Wildcats,69,70,False,True,GTWN,VILL
2020,2020-03-07T17:00Z,Tennessee Volunteers,Auburn Tigers,63,85,False,True,TENN,AUB
2020,2020-03-07T21:00Z,Northwestern Wildcats,Penn State Nittany Lions,80,69,False,True,NU,PSU
2020,2020-03-07T17:00Z,Indiana Hoosiers,Wisconsin Badgers,56,60,False,True,IU,WIS
2020,2020-03-08T16:00Z,Maryland Terrapins,Michigan Wolverines,83,70,False,True,MD,MICH
2020,2020-03-08T20:30Z,Michigan State Spartans,Ohio State Buckeyes,80,69,False,True,MSU,OSU
2020,2020-03-08T23:00Z,Illinois Fighting Illini,Iowa Hawkeyes,78,76,False,True,ILL,IOWA
2020,2020-03-08T16:00Z,Houston Cougars,Memphis Tigers,64,57,False,True,HOU,MEM
2020,2020-03-09T22:00Z,Hofstra Pride,Delaware Blue Hens,75,61,True,True,HOF,DEL
2020,2020-03-09T23:00Z,Ohio Bobcats,Central Michigan Chippewas,85,65,False,True,OHIO,CMU
2020,2020-03-09T23:00Z,Toledo Rockets,Western Michigan Broncos,76,73,False,True,TOL,WMU
2020,2020-03-09T23:00Z,Kent State Golden Flashes,Eastern Michigan Eagles,86,76,False,True,KENT,EMU
2020,2020-03-09T23:00Z,Wright State Raiders,UIC Flames,56,73,True,True,WRST,UIC
2020,2020-03-09T23:00Z,Georgia Southern Eagles,Louisiana Ragin' Cajuns,82,81,False,True,GASO,UL
2020,2020-03-09T23:00Z,App State Mountaineers,Coastal Carolina Chanticleers,70,65,False,True,APP,CCU
2020,2020-03-09T23:00Z,North Dakota State Bison,Oral Roberts Golden Eagles,75,69,True,True,NDSU,ORU
2020,2020-03-09T23:00Z,East Tennessee State Buccaneers,Wofford Terriers,72,58,True,True,ETSU,WOF
2020,2020-03-09T23:30Z,Buffalo Bulls,Miami (OH) RedHawks,79,85,False,True,BUF,M-OH
2020,2020-03-10T00:30Z,Northeastern Huskies,Elon Phoenix,68,60,True,True,NE,ELON
2020,2020-03-10T01:00Z,Gonzaga Bulldogs,San Francisco Dons,81,77,True,True,GONZ,SF
2020,2020-03-10T01:30Z,Northern Kentucky Norse,Green Bay Phoenix,80,69,True,True,NKU,GB
2020,2020-03-10T01:30Z,North Dakota Fighting Hawks,Purdue Fort Wayne Mastodons,73,56,True,True,UND,PFW
2020,2020-03-10T03:30Z,BYU Cougars,Saint Mary's Gaels,50,51,True,True,BYU,SMC
2020,2020-03-10T20:30Z,Wake Forest Demon Deacons,Pittsburgh Panthers,72,81,True,True,WAKE,PITT
2020,2020-03-10T21:00Z,Fairfield Stags,Manhattan Jaspers,43,61,True,True,FAIR,MAN
2020,2020-03-10T22:00Z,Delaware State Hornets,Maryland Eastern Shore Hawks,68,64,True,True,DSU,UMES
2020,2020-03-10T22:30Z,Prairie View A&M Panthers,Alabama A&M Bulldogs,82,60,False,True,PV,AAMU
2020,2020-03-10T23:00Z,Northern Kentucky Norse,UIC Flames,71,62,True,True,NKU,UIC
2020,2020-03-10T23:00Z,Virginia Tech Hokies,North Carolina Tar Heels,56,78,True,True,VT,UNC
2020,2020-03-10T23:00Z,Vermont Catamounts,UMBC Retrievers,81,74,False,True,UVM,UMBC
2020,2020-03-10T23:00Z,Stony Brook Seawolves,Hartford Hawks,58,64,False,True,STBK,HART
2020,2020-03-10T23:00Z,Hofstra Pride,Northeastern Huskies,70,61,True,True,HOF,NE
2020,2020-03-10T23:00Z,Robert Morris Colonials,Saint Francis Red Flash,77,67,False,True,RMU,SFPA
2020,2020-03-10T23:30Z,Iona Gaels,Canisius Golden Griffins,70,60,True,True,IONA,CAN
2020,2020-03-11T00:30Z,South Carolina State Bulldogs,Howard Bison,63,70,True,True,SCST,HOW
2020,2020-03-11T00:45Z,Texas Southern Tigers,Grambling Tigers,75,62,False,True,TXSO,GRAM
2020,2020-03-11T01:00Z,Gonzaga Bulldogs,Saint Mary's Gaels,84,66,True,True,GONZ,SMC
2020,2020-03-11T01:00Z,Jackson State Tigers,Alcorn State Braves,69,52,False,True,JKST,ALCN
2020,2020-03-11T01:00Z,Southern Jaguars,Alabama State Hornets,67,53,False,True,SOU,ALST
2020,2020-03-11T01:00Z,North Dakota State Bison,North Dakota Fighting Hawks,89,53,True,True,NDSU,UND
2020,2020-03-11T02:15Z,Niagara Purple Eagles,Marist Red Foxes,56,54,True,True,NIA,MRST
2020,2020-03-11T15:30Z,Weber State Wildcats,Sacramento State Hornets,54,62,True,True,WEB,SAC
2020,2020-03-11T16:00Z,Clemson Tigers,Miami Hurricanes,69,64,True,True,CLEM,MIA
2020,2020-03-11T17:00Z,George Mason Patriots,Saint Joseph's Hawks,77,70,True,True,GMU,JOES
2020,2020-03-11T18:00Z,Southern Utah Thunderbirds,Idaho Vandals,75,69,True,True,SUU,IDHO
2020,2020-03-11T18:26Z,NC State Wolfpack,Pittsburgh Panthers,73,58,True,True,NCSU,PITT
2020,2020-03-11T19:00Z,Oregon State Beavers,Utah Utes,71,69,True,True,ORST,UTAH
2020,2020-03-11T19:30Z,George Washington Revolutionaries,Fordham Rams,52,72,True,True,GW,FOR
2020,2020-03-11T20:30Z,Northern Arizona Lumberjacks,Idaho State Bengals,62,64,True,True,NAU,IDST
2020,2020-03-11T21:30Z,Arizona Wildcats,Washington Huskies,77,70,True,True,ARIZ,WASH
2020,2020-03-11T22:00Z,Northwestern State Demons,Texas A&M-Corpus Christi Islanders,79,62,True,True,NWST,AMCC
2020,2020-03-11T22:00Z,North Carolina Central Eagles,Delaware State Hornets,92,75,True,True,NCCU,DSU
2020,2020-03-11T22:00Z,Minnesota Golden Gophers,Northwestern Wildcats,74,57,True,True,MINN,NU
2020,2020-03-11T23:00Z,Notre Dame Fighting Irish,Boston College Eagles,80,58,True,True,ND,BC
2020,2020-03-11T23:00Z,Georgia State Panthers,Georgia Southern Eagles,62,81,False,True,GAST,GASO
2020,2020-03-11T23:00Z,Oklahoma State Cowboys,Iowa State Cyclones,72,71,True,True,OKST,ISU
2020,2020-03-11T23:00Z,Ole Miss Rebels,Georgia Bulldogs,63,81,True,True,MISS,UGA
2020,2020-03-11T23:00Z,Siena Saints,Manhattan Jaspers,63,49,True,True,SIE,MAN
2020,2020-03-11T23:00Z,Old Dominion Monarchs,Florida Atlantic Owls,56,66,True,True,ODU,FAU
2020,2020-03-11T23:00Z,Georgetown Hoyas,St. John's Red Storm,62,75,True,True,GTWN,SJU
2020,2020-03-11T23:30Z,Colgate Raiders,Boston University Terriers,61,64,False,True,COLG,BU
2020,2020-03-11T23:30Z,Florida International Panthers,Rice Owls,85,76,True,True,FIU,RICE
2020,2020-03-12T00:00Z,Texas State Bobcats,App State Mountaineers,85,68,False,True,TXST,APP
2020,2020-03-12T00:30Z,Lamar Cardinals,McNeese Cowboys,80,59,True,True,LAM,MCN
2020,2020-03-12T00:30Z,North Carolina A&T Aggies,Howard Bison,86,77,True,True,NCAT,HOW
2020,2020-03-12T00:30Z,Indiana Hoosiers,Nebraska Cornhuskers,89,64,True,True,IU,NEB
2020,2020-03-12T01:00Z,Stanford Cardinal,California Golden Bears,51,63,True,True,STAN,CAL
2020,2020-03-12T01:00Z,Syracuse Orange,North Carolina Tar Heels,81,53,True,True,SYR,UNC
2020,2020-03-12T01:00Z,Arkansas Razorbacks,Vanderbilt Commodores,86,73,True,True,ARK,VAN
2020,2020-03-12T01:30Z,Saint Peter's Peacocks,Iona Gaels,56,54,True,True,SPU,IONA
2020,2020-03-12T01:30Z,UAB Blazers,UTSA Roadrunners,74,69,True,True,UAB,UTSA
2020,2020-03-12T01:30Z,Xavier Musketeers,DePaul Blue Demons,67,71,True,True,XAV,DEP
2020,2020-03-12T01:45Z,TCU Horned Frogs,Kansas State Wildcats,49,53,True,True,TCU,KSU
2020,2020-03-12T02:00Z,Marshall Thundering Herd,UTEP Miners,86,78,True,True,MRSH,UTEP
2020,2020-03-12T03:30Z,Colorado Buffaloes,Washington State Cougars,68,82,True,True,COLO,WSU
2021,2020-11-26T03:00Z,Wisconsin Badgers,Eastern Illinois Panthers,77,67,False,True,WIS,EIU
2021,2020-11-25T19:00Z,Illinois Fighting Illini,North Carolina A&T Aggies,122,60,False,True,ILL,NCAT
2021,2020-11-25T23:00Z,Michigan State Spartans,Eastern Michigan Eagles,83,67,False,True,MSU,EMU
2021,2020-11-26T00:00Z,Texas Tech Red Raiders,Northwestern State Demons,101,58,False,True,TTU,NWST
2021,2020-11-25T23:00Z,North Carolina Tar Heels,Charleston Cougars,79,60,False,True,UNC,COFC
2021,2020-11-25T20:00Z,Houston Cougars,Lamar Cardinals,89,45,False,True,HOU,LAM
2021,2020-11-26T01:00Z,Texas Longhorns,UT Rio Grande Valley Vaqueros,91,55,False,True,TEX,RGV
2021,2020-11-26T03:30Z,San Diego State Aztecs,UCLA Bruins,73,58,False,True,SDSU,UCLA
2021,2020-11-25T19:00Z,Ohio State Buckeyes,Illinois State Redbirds,94,67,False,True,OSU,ILST
2021,2020-11-26T00:00Z,Rutgers Scarlet Knights,Sacred Heart Pioneers,86,63,False,True,RUTG,SHU
2021,2020-11-25T21:00Z,Michigan Wolverines,Bowling Green Falcons,96,82,False,True,MICH,BGSU
2021,2020-11-26T17:00Z,Illinois Fighting Illini,Chicago State Cougars,97,38,False,True,ILL,CHST
2021,2020-11-27T22:00Z,Iowa Hawkeyes,Southern Jaguars,103,76,False,True,IOWA,SOU
2021,2020-11-28T02:00Z,Wisconsin Badgers,Arkansas-Pine Bluff Golden Lions,92,58,False,True,WIS,UAPB
2021,2020-11-27T18:00Z,Illinois Fighting Illini,Ohio Bobcats,77,75,False,True,ILL,OHIO
2021,2020-11-27T19:00Z,Texas Tech Red Raiders,Sam Houston Bearkats,84,52,False,True,TTU,SHSU
2021,2020-11-27T20:00Z,UCLA Bruins,Pepperdine Waves,107,98,True,True,UCLA,PEPP
2021,2020-11-28T00:00Z,Rutgers Scarlet Knights,Fairleigh Dickinson Knights,96,75,False,True,RUTG,FDU
2021,2020-11-28T19:00Z,Duke Blue Devils,Coppin State Eagles,81,71,False,True,DUKE,COPP
2021,2020-11-29T01:00Z,Michigan State Spartans,Notre Dame Fighting Irish,80,70,False,True,MSU,ND
2021,2020-11-29T23:00Z,Baylor Bears,Washington Huskies,86,52,True,True,BAY,WASH
2021,2020-11-29T21:00Z,Arizona State Sun Devils,Houston Christian Huskies,100,77,False,True,ASU,HCU
2021,2020-11-29T21:00Z,Rutgers Scarlet Knights,Hofstra Pride,70,56,False,True,RUTG,HOF
2021,2020-11-29T23:00Z,Michigan Wolverines,Oakland Golden Grizzlies,81,71,False,True,MICH,OAK
2021,2020-11-29T17:00Z,Ohio State Buckeyes,UMass Lowell River Hawks,74,64,False,True,OSU,UML
2021,2020-11-30T16:00Z,Western Carolina Catamounts,Piedmont Lions,96,58,False,True,WCU,PIEDM
2021,2020-11-30T17:00Z,Davidson Wildcats,Texas Longhorns,76,78,True,True,DAV,TEX
2021,2020-11-30T19:30Z,Providence Friars,Indiana Hoosiers,58,79,True,True,PROV,IU
2021,2020-11-30T20:00Z,Jacksonville State Gamecocks,Mobile Rams,85,66,True,True,JXST,MOBIL
2021,2020-11-30T21:00Z,Duquesne Dukes,Little Rock Trojans,66,76,True,True,DUQ,LR
2021,2020-11-30T22:00Z,Campbell Fighting Camels,St. Andrews Knights,85,51,False,True,CAM,ST. A
2021,2020-11-30T22:00Z,Seattle U Redhawks,Cal State Northridge Matadors,65,76,True,True,SEA,CSUN
2021,2020-11-30T23:00Z,App State Mountaineers,Bowling Green Falcons,76,78,False,True,APP,BGSU
2021,2020-11-30T23:00Z,Boston College Eagles,St. John's Red Storm,93,97,True,True,BC,SJU
2021,2020-12-01T00:00Z,Hofstra Pride,Fairleigh Dickinson Knights,73,58,False,True,HOF,FDU
2021,2020-12-01T00:00Z,Stetson Hatters,Emmanuel (MA) Lions,61,64,False,True,STET,ECMA
2021,2020-12-01T00:00Z,UCF Knights,Auburn Tigers,63,55,False,True,UCF,AUB
2021,2020-12-01T00:00Z,Mercer Bears,Georgia State Panthers,86,69,False,True,MER,GAST
2021,2020-12-01T00:00Z,Xavier Musketeers,Eastern Kentucky Colonels,99,96,False,True,XAV,EKU
2021,2020-12-01T00:00Z,UNLV Rebels,North Carolina Tar Heels,51,78,True,True,UNLV,UNC
2021,2020-12-01T00:00Z,Tennessee Tech Golden Eagles,Chattanooga Mocs,54,62,False,True,TNTC,UTC
2021,2020-12-01T00:30Z,California Golden Bears,Nicholls Colonels,60,49,False,True,CAL,NICH
2021,2020-12-01T01:00Z,Minnesota Golden Gophers,Loyola Marymount Lions,67,64,False,True,MINN,LMU
2021,2020-12-01T01:00Z,LSU Tigers,SE Louisiana Lions,96,43,False,True,LSU,SELA
2021,2020-12-01T01:00Z,SMU Mustangs,Texas A&M-Corpus Christi Islanders,91,54,False,True,SMU,AMCC
2021,2020-12-01T01:00Z,Mississippi State Bulldogs,Texas State Bobcats,68,51,False,True,MSST,TXST
2021,2020-12-01T01:00Z,Kansas State Wildcats,Kansas City Roos,62,58,False,True,KSU,KC
2021,2020-12-01T02:00Z,Seton Hall Pirates,Iona Gaels,86,64,False,True,HALL,IONA
2021,2020-12-01T02:00Z,Wyoming Cowboys,Texas Southern Tigers,74,76,False,True,WYO,TXSO
2021,2020-12-01T02:30Z,Nevada Wolf Pack,Pacific Tigers,70,58,False,True,NEV,PAC
2021,2020-12-01T02:30Z,Alabama Crimson Tide,Stanford Cardinal,64,82,True,True,ALA,STAN
2021,2020-12-01T22:00Z,Wisconsin Badgers,Green Bay Phoenix,82,42,False,True,WIS,GB
2021,2020-12-01T22:00Z,Creighton Bluejays,Omaha Mavericks,94,67,False,True,CREI,OMA
2021,2020-12-01T21:00Z,Virginia Cavaliers,Saint Francis Red Flash,76,51,False,True,UVA,SFPA
2021,2020-12-03T02:00Z,Oregon Ducks,Missouri Tigers,75,83,True,True,ORE,MIZ
2021,2020-12-03T01:00Z,Florida State Seminoles,North Florida Ospreys,86,58,False,True,FSU,UNF
2021,2020-12-02T22:00Z,Ohio State Buckeyes,Morehead State Eagles,77,44,False,True,OSU,MORE
2021,2020-12-04T01:00Z,Iowa Hawkeyes,Western Illinois Leathernecks,99,58,False,True,IOWA,WIU
2021,2020-12-04T01:00Z,Kansas Jayhawks,Washburn Ichabods,89,54,False,True,KU,WAS
2021,2020-12-04T01:00Z,Virginia Tech Hokies,VMI Keydets,64,57,False,True,VT,VMI
2021,2020-12-04T03:00Z,California Golden Bears,Arizona State Sun Devils,62,70,False,True,CAL,ASU
2021,2020-12-05T00:00Z,Marquette Golden Eagles,Wisconsin Badgers,67,65,False,True,MARQ,WIS
2021,2020-12-04T22:00Z,Michigan State Spartans,Detroit Mercy Titans,83,76,False,True,MSU,DETM
2021,2020-12-04T22:00Z,Creighton Bluejays,Kennesaw State Owls,93,58,False,True,CREI,KENN
2021,2020-12-04T23:00Z,Virginia Cavaliers,Kent State Golden Flashes,71,64,False,True,UVA,KENT
2021,2020-12-05T02:00Z,Texas Tech Red Raiders,Troy Trojans,80,46,False,True,TTU,TROY
2021,2020-12-05T02:00Z,Oregon Ducks,Seton Hall Pirates,83,70,True,True,ORE,HALL
2021,2020-12-05T21:00Z,Kansas Jayhawks,North Dakota State Bison,65,61,False,True,KU,NDSU
2021,2020-12-05T23:00Z,Houston Cougars,South Carolina Gamecocks,77,67,False,True,HOU,SC
2021,2020-12-06T23:00Z,Michigan State Spartans,Western Michigan Broncos,79,61,False,True,MSU,WMU
2021,2020-12-06T19:00Z,Texas Tech Red Raiders,Grambling Tigers,81,40,False,True,TTU,GRAM
2021,2020-12-07T19:00Z,Richmond Spiders,Wofford Terriers,77,72,False,True,RICH,WOF
2021,2020-12-08T23:00Z,Tennessee Volunteers,Colorado Buffaloes,56,47,False,True,TENN,COLO
2021,2020-12-09T21:30Z,Wisconsin Badgers,Rhode Island Rams,73,62,False,True,WIS,URI
2021,2020-12-10T01:00Z,Texas Longhorns,Texas State Bobcats,74,53,False,True,TEX,TXST
2021,2020-12-10T00:00Z,Texas Tech Red Raiders,Abilene Christian Wildcats,51,44,False,True,TTU,ACU
2021,2020-12-09T23:00Z,Richmond Spiders,Northern Iowa Panthers,78,68,False,True,RICH,UNI
2021,2020-12-11T03:00Z,Arizona State Sun Devils,San Diego State Aztecs,68,80,False,True,ASU,SDSU
2021,2020-12-12T02:00Z,Iowa Hawkeyes,Iowa State Cyclones,105,77,False,True,IOWA,ISU
2021,2020-12-12T00:00Z,Kansas Jayhawks,Omaha Mavericks,95,50,False,True,KU,OMA
2021,2020-12-12T00:00Z,Creighton Bluejays,Nebraska Cornhuskers,98,74,False,True,CREI,NEB
2021,2020-12-12T00:00Z,Georgetown Hoyas,Villanova Wildcats,63,76,False,True,GTWN,VILL
2021,2020-12-11T20:00Z,West Virginia Mountaineers,North Texas Mean Green,62,50,False,True,WVU,UNT
2021,2020-12-13T01:00Z,Missouri Tigers,Illinois Fighting Illini,81,78,False,True,MIZ,ILL
2021,2020-12-12T17:30Z,Tennessee Volunteers,Cincinnati Bearcats,65,56,False,True,TENN,CIN
2021,2020-12-12T19:00Z,North Carolina Tar Heels,North Carolina Central Eagles,73,67,False,True,UNC,NCCU
2021,2020-12-12T19:00Z,Texas Tech Red Raiders,Texas A&M-Corpus Christi Islanders,77,57,True,True,TTU,AMCC
2021,2020-12-12T16:00Z,Florida State Seminoles,Florida Gators,83,71,False,True,FSU,FLA
2021,2020-12-13T19:00Z,Iowa Hawkeyes,Northern Illinois Huskies,106,53,False,True,IOWA,NIU
2021,2020-12-13T17:00Z,Michigan State Spartans,Oakland Golden Grizzlies,109,91,False,True,MSU,OAK
2021,2020-12-13T18:00Z,West Virginia Mountaineers,Richmond Spiders,87,71,False,True,WVU,RICH
2021,2020-12-13T21:00Z,Ohio State Buckeyes,Cleveland State Vikings,67,61,False,True,OSU,CLE
2021,2020-12-13T21:00Z,Grand Canyon Lopes,Arizona State Sun Devils,70,71,False,True,GCU,ASU
2021,2020-12-15T02:00Z,Creighton Bluejays,Marquette Golden Eagles,84,89,False,True,CREI,MARQ
2021,2020-12-14T23:00Z,Maryland Terrapins,Rutgers Scarlet Knights,60,74,False,True,MD,RUTG
2021,2020-12-16T00:00Z,Tennessee Volunteers,App State Mountaineers,79,38,False,True,TENN,APP
2021,2020-12-16T01:00Z,Wisconsin Badgers,Loyola Chicago Ramblers,77,63,False,True,WIS,LUC
2021,2020-12-16T00:00Z,Illinois Fighting Illini,Minnesota Golden Gophers,92,65,False,True,ILL,MINN
2021,2020-12-16T01:30Z,Florida State Seminoles,Georgia Tech Yellow Jackets,74,61,False,True,FSU,GT
2021,2020-12-17T00:00Z,Villanova Wildcats,Butler Bulldogs,85,66,False,True,VILL,BUT
2021,2020-12-17T01:00Z,Texas Longhorns,Sam Houston Bearkats,79,63,False,True,TEX,SHSU
2021,2020-12-17T00:00Z,Purdue Boilermakers,Ohio State Buckeyes,67,60,False,True,PUR,OSU
2021,2020-12-18T00:00Z,Texas Tech Red Raiders,Kansas Jayhawks,57,58,False,True,TTU,KU
2021,2020-12-18T00:00Z,St. John's Red Storm,Creighton Bluejays,76,94,False,True,SJU,CREI
2021,2020-12-19T02:00Z,West Virginia Mountaineers,Iowa State Cyclones,70,65,False,True,WVU,ISU
2021,2020-12-19T00:00Z,Tennessee Volunteers,Tennessee Tech Golden Eagles,103,49,False,True,TENN,TNTC
2021,2020-12-18T22:00Z,San Diego State Aztecs,BYU Cougars,62,72,False,True,SDSU,BYU
2021,2020-12-19T17:00Z,Gonzaga Bulldogs,Iowa Hawkeyes,99,88,True,True,GONZ,IOWA
2021,2020-12-19T21:00Z,Kansas State Wildcats,Baylor Bears,69,100,False,True,KSU,BAY
2021,2020-12-20T02:00Z,Villanova Wildcats,Saint Joseph's Hawks,88,68,False,True,VILL,JOES
2021,2020-12-20T02:00Z,Florida State Seminoles,UCF Knights,74,86,False,True,FSU,UCF
2021,2020-12-21T00:00Z,Northwestern Wildcats,Michigan State Spartans,79,65,False,True,NU,MSU
2021,2020-12-20T21:00Z,Houston Cougars,Alcorn State Braves,88,55,False,True,HOU,ALCN
2021,2020-12-20T17:00Z,UConn Huskies,Creighton Bluejays,74,76,False,True,CONN,CREI
2021,2020-12-20T19:00Z,Texas Longhorns,Oklahoma State Cowboys,77,74,False,True,TEX,OKST
2021,2020-12-20T18:00Z,Rutgers Scarlet Knights,Illinois Fighting Illini,91,88,False,True,RUTG,ILL
2021,2020-12-22T02:00Z,Gonzaga Bulldogs,Northwestern State Demons,95,57,False,True,GONZ,NWST
2021,2020-12-22T01:00Z,Baylor Bears,Arkansas-Pine Bluff Golden Lions,99,42,False,True,BAY,UAPB
2021,2020-12-21T23:00Z,Tennessee Volunteers,Saint Joseph's Hawks,102,66,False,True,TENN,JOES
2021,2020-12-22T00:00Z,Florida State Seminoles,Gardner-Webb Runnin' Bulldogs,72,59,False,True,FSU,GWEB
2021,2020-12-22T01:00Z,Virginia Tech Hokies,Longwood Lancers,84,58,False,True,VT,LONG
2021,2020-12-23T02:00Z,Gonzaga Bulldogs,Northwestern State Demons,95,78,False,True,GONZ,NWST
2021,2020-12-23T02:00Z,Kansas Jayhawks,West Virginia Mountaineers,79,65,False,True,KU,WVU
2021,2020-12-23T02:00Z,Iowa Hawkeyes,Purdue Boilermakers,70,55,False,True,IOWA,PUR
2021,2020-12-23T01:00Z,Houston Cougars,Temple Owls,76,50,False,True,HOU,TEM
2021,2020-12-23T00:00Z,Wisconsin Badgers,Nebraska Cornhuskers,67,53,False,True,WIS,NEB
2021,2020-12-23T00:00Z,Missouri Tigers,Bradley Braves,54,53,False,True,MIZ,BRAD
2021,2020-12-23T00:00Z,Oklahoma Sooners,Texas Tech Red Raiders,67,69,False,True,OU,TTU
2021,2020-12-22T19:00Z,Virginia Cavaliers,William & Mary Tribe,76,40,False,True,UVA,W&M
2021,2020-12-23T00:00Z,NC State Wolfpack,North Carolina Tar Heels,79,76,False,True,NCSU,UNC
2021,2020-12-24T00:00Z,Marquette Golden Eagles,Villanova Wildcats,68,85,False,True,MARQ,VILL
2021,2020-12-23T21:30Z,Ohio State Buckeyes,Rutgers Scarlet Knights,80,68,False,True,OSU,RUTG
2021,2020-12-23T20:00Z,Creighton Bluejays,Xavier Musketeers,66,61,False,True,CREI,XAV
2021,2020-12-23T23:30Z,Penn State Nittany Lions,Illinois Fighting Illini,81,98,False,True,PSU,ILL
2021,2020-12-26T01:00Z,Minnesota Golden Gophers,Iowa Hawkeyes,102,95,False,True,MINN,IOWA
2021,2020-12-25T17:30Z,Michigan State Spartans,Wisconsin Badgers,76,85,False,True,MSU,WIS
2021,2020-12-25T23:00Z,Nebraska Cornhuskers,Michigan Wolverines,69,80,False,True,NEB,MICH
2021,2020-12-26T21:00Z,Gonzaga Bulldogs,Virginia Cavaliers,98,75,True,True,GONZ,UVA
2021,2020-12-26T18:00Z,UCF Knights,Houston Cougars,54,63,False,True,UCF,HOU
2021,2020-12-26T21:00Z,Illinois Fighting Illini,Indiana Hoosiers,69,60,False,True,ILL,IU
2021,2020-12-26T19:00Z,Northwestern Wildcats,Ohio State Buckeyes,71,70,False,True,NU,OSU
2021,2020-12-27T18:00Z,Indiana State Sycamores,Drake Bulldogs,63,81,False,True,INST,DRKE
2021,2020-12-27T18:00Z,Cleveland State Vikings,Youngstown State Penguins,81,74,False,True,CLE,YSU
2021,2020-12-27T18:00Z,New Hampshire Wildcats,Hartford Hawks,77,69,False,True,UNH,HART
2021,2020-12-27T18:00Z,UMBC Retrievers,Binghamton Bearcats,74,67,False,True,UMBC,BING
2021,2020-12-27T19:00Z,Monmouth Hawks,Canisius Golden Griffins,84,66,False,True,MONM,CAN
2021,2020-12-27T19:00Z,Eastern Michigan Eagles,Olivet Comets,94,65,False,True,EMU,OLI
2021,2020-12-27T19:00Z,Wright State Raiders,Green Bay Phoenix,90,77,False,True,WRST,GB
2021,2020-12-27T19:00Z,Stony Brook Seawolves,UMass Lowell River Hawks,73,58,False,True,STBK,UML
2021,2020-12-27T20:00Z,Jacksonville State Gamecocks,Carver College Cougars,104,45,False,True,JXST,CARV
2021,2020-12-27T20:00Z,Vermont Catamounts,NJIT Highlanders,92,78,False,True,UVM,NJIT
2021,2020-12-27T21:00Z,Detroit Mercy Titans,Oakland Golden Grizzlies,80,83,False,True,DETM,OAK
2021,2020-12-27T21:00Z,Vanderbilt Commodores,Alcorn State Braves,87,59,False,True,VAN,ALCN
2021,2020-12-27T21:00Z,Southern Illinois Salukis,Evansville Purple Aces,63,57,False,True,SIU,EVAN
2021,2020-12-27T21:00Z,Loyola Chicago Ramblers,Illinois State Redbirds,90,60,False,True,LUC,ILST
2021,2020-12-27T21:00Z,Northern Iowa Panthers,Missouri State Bears,59,79,False,True,UNI,MOST
2021,2020-12-27T21:30Z,Providence Friars,DePaul Blue Demons,95,90,False,True,PROV,DEP
2021,2020-12-27T22:00Z,Purdue Fort Wayne Mastodons,Robert Morris Colonials,87,82,False,True,PFW,RMU
2021,2020-12-28T00:00Z,UC Irvine Anteaters,UC Santa Barbara Gauchos,75,56,False,True,UCI,UCSB
2021,2020-12-29T02:00Z,Gonzaga Bulldogs,Northern Arizona Lumberjacks,88,58,False,True,GONZ,NAU
2021,2020-12-29T00:00Z,Wisconsin Badgers,Maryland Terrapins,64,70,False,True,WIS,MD
2021,2020-12-29T01:00Z,Minnesota Golden Gophers,Michigan State Spartans,81,56,False,True,MINN,MSU
2021,2020-12-30T02:00Z,Gonzaga Bulldogs,Utah Tech Trailblazers,112,67,False,True,GONZ,UTU
2021,2020-12-29T21:00Z,Baylor Bears,Central Arkansas Bears,93,56,False,True,BAY,CARK
2021,2020-12-29T19:00Z,West Virginia Mountaineers,Northeastern Huskies,73,51,False,True,WVU,NE
2021,2020-12-30T02:00Z,Iowa Hawkeyes,Northwestern Wildcats,87,72,False,True,IOWA,NU
2021,2020-12-30T00:00Z,Texas Tech Red Raiders,Incarnate Word Cardinals,79,51,False,True,TTU,UIW
2021,2020-12-30T00:00Z,Rutgers Scarlet Knights,Purdue Boilermakers,81,76,False,True,RUTG,PUR
2021,2020-12-30T00:00Z,Clemson Tigers,Florida State Seminoles,77,67,False,True,CLEM,FSU
2021,2020-12-29T23:00Z,Virginia Tech Hokies,Miami Hurricanes,80,78,False,True,VT,MIA
2021,2020-12-30T20:00Z,Baylor Bears,Alcorn State Braves,105,76,False,True,BAY,ALCN
2021,2020-12-31T02:00Z,Missouri Tigers,Tennessee Volunteers,53,73,False,True,MIZ,TENN
2021,2020-12-30T23:00Z,Notre Dame Fighting Irish,Virginia Cavaliers,57,66,False,True,ND,UVA
2021,2020-12-30T23:30Z,Ohio State Buckeyes,Nebraska Cornhuskers,90,54,False,True,OSU,NEB
2021,2020-12-31T21:30Z,Wisconsin Badgers,Minnesota Golden Gophers,71,59,False,True,WIS,MINN
2021,2021-01-01T01:00Z,Maryland Terrapins,Michigan Wolverines,73,84,False,True,MD,MICH
2021,2021-01-01T03:00Z,Oregon Ducks,California Golden Bears,82,69,False,True,ORE,CAL
2021,2021-01-01T18:00Z,Canisius Golden Griffins,Saint Peter's Peacocks,70,58,False,True,CAN,SPU
2021,2021-01-01T19:00Z,Marist Red Foxes,Niagara Purple Eagles,63,61,False,True,MRST,NIA
2021,2021-01-01T19:00Z,Incarnate Word Cardinals,McMurry War Hawks,81,54,False,True,UIW,MCM
2021,2021-01-01T20:00Z,Lipscomb Bisons,Liberty Flames,77,70,False,True,LIP,LIB
2021,2021-01-01T20:00Z,Rice Owls,UTSA Roadrunners,95,86,False,True,RICE,UTSA
2021,2021-01-01T21:00Z,Montana State Bobcats,Montana-Western Bulldogs,96,67,False,True,MTST,MTW
2021,2021-01-01T21:00Z,Youngstown State Penguins,Green Bay Phoenix,84,77,False,True,YSU,GB
2021,2021-01-01T22:00Z,Fairfield Stags,Rider Broncs,62,70,False,True,FAIR,RID
2021,2021-01-01T22:00Z,Little Rock Trojans,UT Arlington Mavericks,102,93,False,True,LR,UTA
2021,2021-01-01T23:00Z,Robert Morris Colonials,Milwaukee Panthers,67,64,False,True,RMU,MILW
2021,2021-01-01T23:00Z,Northern Kentucky Norse,Purdue Fort Wayne Mastodons,75,68,False,True,NKU,PFW
2021,2021-01-01T23:00Z,Kennesaw State Owls,Jacksonville Dolphins,57,62,False,True,KENN,JAX
2021,2021-01-01T23:00Z,Coastal Carolina Chanticleers,Georgia State Panthers,81,69,False,True,CCU,GAST
2021,2021-01-01T23:00Z,Georgia Southern Eagles,South Alabama Jaguars,59,88,False,True,GASO,USA
2021,2021-01-01T23:00Z,App State Mountaineers,Troy Trojans,56,69,False,True,APP,TROY
2021,2021-01-02T00:00Z,Akron Zips,Kent State Golden Flashes,66,62,False,True,AKR,KENT
2021,2021-01-02T00:00Z,Bellarmine Knights,Transylvania Pioneers,90,40,False,True,BELL,TRNS
2021,2021-01-02T00:00Z,Oakland Golden Grizzlies,Wright State Raiders,51,90,False,True,OAK,WRST
2021,2021-01-02T00:00Z,IU Indianapolis Jaguars,Cleveland State Vikings,62,65,False,True,IUIN,CLE
2021,2021-01-02T00:00Z,Louisiana Ragin' Cajuns,Texas State Bobcats,83,77,False,True,UL,TXST
2021,2021-01-02T00:00Z,UL Monroe Warhawks,Arkansas State Red Wolves,84,72,False,True,ULM,ARST
2021,2021-01-02T00:00Z,Florida International Panthers,Old Dominion Monarchs,82,67,False,True,FIU,ODU
2021,2021-01-02T00:00Z,Long Beach State Beach,Cal State Bakersfield Roadrunners,90,89,False,True,LBSU,CSUB
2021,2021-01-02T00:30Z,Louisiana Tech Bulldogs,Marshall Thundering Herd,75,68,False,True,LT,MRSH
2021,2021-01-02T01:00Z,Southern Miss Golden Eagles,UTEP Miners,74,66,False,True,USM,UTEP
2021,2021-01-02T01:00Z,UC Santa Barbara Gauchos,Cal State Fullerton Titans,81,63,False,True,UCSB,CSUF
2021,2021-01-01T21:00Z,Charlotte 49ers,Western Kentucky Hilltoppers,63,67,False,True,CLT,WKU
2021,2021-01-03T01:00Z,Gonzaga Bulldogs,San Francisco Dons,85,62,False,True,GONZ,SF
2021,2021-01-02T18:00Z,Iowa State Cyclones,Baylor Bears,65,76,False,True,ISU,BAY
2021,2021-01-02T17:00Z,Kansas Jayhawks,Texas Longhorns,59,84,False,True,KU,TEX
2021,2021-01-02T23:00Z,Tennessee Volunteers,Alabama Crimson Tide,63,71,False,True,TENN,ALA
2021,2021-01-02T21:00Z,Oklahoma Sooners,West Virginia Mountaineers,75,71,False,True,OU,WVU
2021,2021-01-02T19:00Z,Rutgers Scarlet Knights,Iowa Hawkeyes,75,77,False,True,RUTG,IOWA
2021,2021-01-02T17:00Z,Providence Friars,Creighton Bluejays,65,67,False,True,PROV,CREI
2021,2021-01-02T17:00Z,Arkansas Razorbacks,Missouri Tigers,68,81,False,True,ARK,MIZ
2021,2021-01-02T21:00Z,Texas Tech Red Raiders,Oklahoma State Cowboys,77,82,False,True,TTU,OKST
2021,2021-01-02T23:00Z,Illinois Fighting Illini,Purdue Boilermakers,66,58,False,True,ILL,PUR
2021,2021-01-03T01:00Z,Nebraska Cornhuskers,Michigan State Spartans,77,84,False,True,NEB,MSU
2021,2021-01-03T03:00Z,Oregon Ducks,Stanford Cardinal,73,56,False,True,ORE,STAN
2021,2021-01-04T00:00Z,SMU Mustangs,Houston Cougars,60,74,False,True,SMU,HOU
2021,2021-01-04T00:30Z,Michigan Wolverines,Northwestern Wildcats,85,66,False,True,MICH,NU
2021,2021-01-03T22:30Z,Minnesota Golden Gophers,Ohio State Buckeyes,77,60,False,True,MINN,OSU
2021,2021-01-05T02:00Z,Oklahoma State Cowboys,West Virginia Mountaineers,84,87,False,True,OKST,WVU
2021,2021-01-06T01:00Z,Texas Longhorns,Iowa State Cyclones,78,72,False,True,TEX,ISU
2021,2021-01-06T03:00Z,TCU Horned Frogs,Kansas Jayhawks,64,93,False,True,TCU,KU
2021,2021-01-06T02:00Z,Mississippi State Bulldogs,Missouri Tigers,78,63,False,True,MSST,MIZ
2021,2021-01-06T02:00Z,Michigan State Spartans,Rutgers Scarlet Knights,68,45,False,True,MSU,RUTG
2021,2021-01-06T00:00Z,Texas Tech Red Raiders,Kansas State Wildcats,82,71,False,True,TTU,KSU
2021,2021-01-06T00:00Z,Clemson Tigers,NC State Wolfpack,74,70,False,True,CLEM,NCSU
2021,2021-01-07T02:00Z,Baylor Bears,Oklahoma Sooners,76,61,False,True,BAY,OU
2021,2021-01-07T02:00Z,Creighton Bluejays,Seton Hall Pirates,89,53,False,True,CREI,HALL
2021,2021-01-07T00:00Z,Tennessee Volunteers,Arkansas Razorbacks,79,74,False,True,TENN,ARK
2021,2021-01-07T01:30Z,Michigan Wolverines,Minnesota Golden Gophers,82,57,False,True,MICH,MINN
2021,2021-01-07T01:00Z,Houston Cougars,Wichita State Shockers,70,63,False,True,HOU,WICH
2021,2021-01-06T23:30Z,Louisville Cardinals,Virginia Tech Hokies,73,71,False,True,LOU,VT
2021,2021-01-07T02:00Z,Virginia Cavaliers,Wake Forest Demon Deacons,70,61,False,True,UVA,WAKE
2021,2021-01-08T00:00Z,Maryland Terrapins,Iowa Hawkeyes,67,89,False,True,MD,IOWA
2021,2021-01-08T00:00Z,Wisconsin Badgers,Indiana Hoosiers,80,73,False,True,WIS,IU
2021,2021-01-08T02:00Z,Northwestern Wildcats,Illinois Fighting Illini,56,81,False,True,NU,ILL
2021,2021-01-07T22:00Z,Colorado Buffaloes,Oregon Ducks,79,72,False,True,COLO,ORE
2021,2021-01-08T01:30Z,Gonzaga Bulldogs,BYU Cougars,86,69,False,True,GONZ,BYU
2021,2021-01-09T00:00Z,Michigan State Spartans,Purdue Boilermakers,54,55,False,True,MSU,PUR
2021,2021-01-10T01:00Z,Portland Pilots,Gonzaga Bulldogs,88,116,False,True,PORT,GONZ
2021,2021-01-09T20:00Z,TCU Horned Frogs,Baylor Bears,49,67,False,True,TCU,BAY
2021,2021-01-09T18:00Z,West Virginia Mountaineers,Texas Longhorns,70,72,False,True,WVU,TEX
2021,2021-01-09T21:30Z,Kansas Jayhawks,Oklahoma Sooners,63,59,False,True,KU,OU
2021,2021-01-09T17:00Z,Creighton Bluejays,St. John's Red Storm,97,79,False,True,CREI,SJU
2021,2021-01-09T19:00Z,Texas A&M Aggies,Tennessee Volunteers,54,68,False,True,TA&M,TENN
2021,2021-01-09T21:00Z,Houston Cougars,Tulane Green Wave,71,50,False,True,HOU,TULN
2021,2021-01-09T17:00Z,Rutgers Scarlet Knights,Ohio State Buckeyes,68,79,False,True,RUTG,OSU
2021,2021-01-10T02:30Z,Utah Utes,Oregon Ducks,73,79,False,True,UTAH,ORE
2021,2021-01-09T21:00Z,Iowa State Cyclones,Texas Tech Red Raiders,64,91,False,True,ISU,TTU
2021,2021-01-09T17:00Z,Duke Blue Devils,Wake Forest Demon Deacons,79,68,False,True,DUKE,WAKE
2021,2021-01-09T19:00Z,Boston College Eagles,Virginia Cavaliers,49,61,False,True,BC,UVA
2021,2021-01-10T19:30Z,Iowa Hawkeyes,Minnesota Golden Gophers,86,71,False,True,IOWA,MINN
2021,2021-01-11T01:00Z,Illinois Fighting Illini,Maryland Terrapins,63,66,False,True,ILL,MD
2021,2021-01-10T23:00Z,Virginia Tech Hokies,Notre Dame Fighting Irish,77,63,False,True,VT,ND
2021,2021-01-11T23:00Z,DePaul Blue Demons,UConn Huskies,53,60,False,True,DEP,CONN
2021,2021-01-13T01:00Z,Oklahoma State Cowboys,Kansas Jayhawks,75,70,False,True,OKST,KU
2021,2021-01-13T00:00Z,Michigan Wolverines,Wisconsin Badgers,77,54,False,True,MICH,WIS
2021,2021-01-13T00:00Z,Virginia Tech Hokies,Duke Blue Devils,74,67,False,True,VT,DUKE
2021,2021-01-14T02:00Z,Texas Longhorns,Texas Tech Red Raiders,77,79,False,True,TEX,TTU
2021,2021-01-14T01:30Z,Wake Forest Demon Deacons,Louisville Cardinals,65,77,False,True,WAKE,LOU
2021,2021-01-13T21:30Z,Virginia Cavaliers,Notre Dame Fighting Irish,80,68,False,True,UVA,ND
2021,2021-01-14T00:00Z,Ohio State Buckeyes,Northwestern Wildcats,81,71,False,True,OSU,NU
2021,2021-01-15T02:00Z,Gonzaga Bulldogs,Pepperdine Waves,95,70,False,True,GONZ,PEPP
2021,2021-01-16T02:00Z,Rutgers Scarlet Knights,Wisconsin Badgers,54,60,False,True,RUTG,WIS
2021,2021-01-17T03:00Z,Saint Mary's Gaels,Gonzaga Bulldogs,59,73,False,True,SMC,GONZ
2021,2021-01-16T21:00Z,Texas Tech Red Raiders,Baylor Bears,60,68,False,True,TTU,BAY
2021,2021-01-17T01:00Z,Texas Longhorns,Kansas State Wildcats,82,67,False,True,TEX,KSU
2021,2021-01-16T19:00Z,Minnesota Golden Gophers,Michigan Wolverines,75,57,False,True,MINN,MICH
2021,2021-01-16T19:00Z,Butler Bulldogs,Creighton Bluejays,70,66,False,True,BUT,CREI
2021,2021-01-16T23:00Z,Tennessee Volunteers,Vanderbilt Commodores,81,61,False,True,TENN,VAN
2021,2021-01-16T23:00Z,Clemson Tigers,Virginia Cavaliers,50,85,False,True,CLEM,UVA
2021,2021-01-16T17:00Z,Illinois Fighting Illini,Ohio State Buckeyes,81,87,False,True,ILL,OSU
2021,2021-01-17T01:00Z,Miami Hurricanes,Louisville Cardinals,78,72,False,True,MIA,LOU
2021,2021-01-16T18:00Z,Texas A&M Aggies,Missouri Tigers,52,68,False,True,TA&M,MIZ
2021,2021-01-17T19:00Z,Houston Cougars,UCF Knights,75,58,False,True,HOU,UCF
2021,2021-01-17T23:00Z,Wake Forest Demon Deacons,Virginia Tech Hokies,60,64,False,True,WAKE,VT
2021,2021-01-17T17:00Z,Northwestern Wildcats,Iowa Hawkeyes,73,96,False,True,NU,IOWA
2021,2021-01-19T02:00Z,Baylor Bears,Kansas Jayhawks,77,69,False,True,BAY,KU
2021,2021-01-18T19:30Z,UConn Huskies,St. John's Red Storm,70,74,False,True,CONN,SJU
2021,2021-01-20T02:00Z,Villanova Wildcats,Seton Hall Pirates,76,74,False,True,VILL,HALL
2021,2021-01-20T00:00Z,Florida Gators,Tennessee Volunteers,75,49,False,True,FLA,TENN
2021,2021-01-20T00:00Z,Michigan Wolverines,Maryland Terrapins,87,63,False,True,MICH,MD
2021,2021-01-19T23:30Z,Ohio State Buckeyes,Purdue Boilermakers,65,67,False,True,OSU,PUR
2021,2021-01-20T02:00Z,LSU Tigers,Alabama Crimson Tide,75,105,False,True,LSU,ALA
2021,2021-01-20T00:00Z,Missouri Tigers,South Carolina Gamecocks,81,70,False,True,MIZ,SC
2021,2021-01-20T01:30Z,Illinois Fighting Illini,Penn State Nittany Lions,79,65,False,True,ILL,PSU
2021,2021-01-21T01:00Z,Houston Cougars,Tulsa Golden Hurricane,86,59,False,True,HOU,TLSA
2021,2021-01-21T01:00Z,Wisconsin Badgers,Northwestern Wildcats,68,52,False,True,WIS,NU
2021,2021-01-21T00:00Z,Creighton Bluejays,Providence Friars,70,74,False,True,CREI,PROV
2021,2021-01-21T00:00Z,Georgia Tech Yellow Jackets,Clemson Tigers,83,65,False,True,GT,CLEM
2021,2021-01-22T02:00Z,Iowa Hawkeyes,Indiana Hoosiers,69,81,False,True,IOWA,IU
2021,2021-01-22T02:00Z,California Golden Bears,UCLA Bruins,57,61,False,True,CAL,UCLA
2021,2021-01-23T00:00Z,Purdue Boilermakers,Michigan Wolverines,53,70,False,True,PUR,MICH
2021,2021-01-24T03:00Z,Gonzaga Bulldogs,Pacific Tigers,95,49,False,True,GONZ,PAC
2021,2021-01-23T19:00Z,Oklahoma State Cowboys,Baylor Bears,66,81,False,True,OKST,BAY
2021,2021-01-23T19:30Z,Villanova Wildcats,Providence Friars,71,56,False,True,VILL,PROV
2021,2021-01-24T01:30Z,Tennessee Volunteers,Missouri Tigers,64,73,False,True,TENN,MIZ
2021,2021-01-23T17:00Z,Temple Owls,Houston Cougars,51,68,False,True,TEM,HOU
2021,2021-01-23T17:00Z,Oklahoma Sooners,Kansas Jayhawks,75,68,False,True,OU,KU
2021,2021-01-23T21:00Z,Wisconsin Badgers,Ohio State Buckeyes,62,74,False,True,WIS,OSU
2021,2021-01-23T17:00Z,Creighton Bluejays,UConn Huskies,74,66,False,True,CREI,CONN
2021,2021-01-24T01:00Z,Virginia Cavaliers,Georgia Tech Yellow Jackets,64,62,False,True,UVA,GT
2021,2021-01-23T21:00Z,Kansas State Wildcats,West Virginia Mountaineers,47,69,False,True,KSU,WVU
2021,2021-01-23T17:00Z,Syracuse Orange,Virginia Tech Hokies,78,60,False,True,SYR,VT
2021,2021-01-23T19:00Z,Minnesota Golden Gophers,Maryland Terrapins,49,63,False,True,MINN,MD
2021,2021-01-23T23:00Z,Alabama Crimson Tide,Mississippi State Bulldogs,81,73,False,True,ALA,MSST
2021,2021-01-23T20:00Z,Florida State Seminoles,Clemson Tigers,80,61,False,True,FSU,CLEM
2021,2021-01-24T03:30Z,Oregon Ducks,Oregon State Beavers,64,75,False,True,ORE,ORST
2021,2021-01-23T22:00Z,Stanford Cardinal,UCLA Bruins,73,72,False,True,STAN,UCLA
2021,2021-01-26T00:00Z,Virginia Cavaliers,Syracuse Orange,81,58,False,True,UVA,SYR
2021,2021-01-26T02:00Z,West Virginia Mountaineers,Texas Tech Red Raiders,88,87,False,True,WVU,TTU
2021,2021-01-27T00:00Z,Texas Longhorns,Oklahoma Sooners,79,80,False,True,TEX,OU
2021,2021-01-27T00:00Z,Alabama Crimson Tide,Kentucky Wildcats,70,59,False,True,ALA,UK
2021,2021-01-27T02:00Z,Auburn Tigers,Missouri Tigers,88,82,False,True,AUB,MIZ
2021,2021-01-27T00:00Z,Tennessee Volunteers,Mississippi State Bulldogs,56,53,False,True,TENN,MSST
2021,2021-01-27T01:30Z,Saint Louis Billikens,Dayton Flyers,71,76,False,True,SLU,DAY
2021,2021-01-28T02:00Z,Baylor Bears,Kansas State Wildcats,107,59,False,True,BAY,KSU
2021,2021-01-28T00:00Z,Ohio State Buckeyes,Penn State Nittany Lions,83,79,False,True,OSU,PSU
2021,2021-01-28T02:00Z,Maryland Terrapins,Wisconsin Badgers,55,61,False,True,MD,WIS
2021,2021-01-27T23:00Z,Florida State Seminoles,Miami Hurricanes,81,59,False,True,FSU,MIA
2021,2021-01-28T00:00Z,Seton Hall Pirates,Creighton Bluejays,81,85,False,True,HALL,CREI
2021,2021-01-28T00:00Z,Notre Dame Fighting Irish,Virginia Tech Hokies,51,62,False,True,ND,VT
2021,2021-01-28T02:00Z,Clemson Tigers,Louisville Cardinals,54,50,False,True,CLEM,LOU
2021,2021-01-29T02:00Z,San Diego Toreros,Gonzaga Bulldogs,62,90,False,True,USD,GONZ
2021,2021-01-29T02:00Z,Tulane Green Wave,Houston Cougars,60,83,False,True,TULN,HOU
2021,2021-01-29T01:00Z,Kansas Jayhawks,TCU Horned Frogs,59,51,False,True,KU,TCU
2021,2021-01-30T02:00Z,Illinois Fighting Illini,Iowa Hawkeyes,80,75,False,True,ILL,IOWA
2021,2021-01-31T01:00Z,Pepperdine Waves,Gonzaga Bulldogs,75,97,False,True,PEPP,GONZ
2021,2021-01-30T20:30Z,Seton Hall Pirates,Villanova Wildcats,72,80,False,True,HALL,VILL
2021,2021-01-30T23:00Z,Virginia Tech Hokies,Virginia Cavaliers,65,51,False,True,VT,UVA
2021,2021-01-30T20:00Z,Penn State Nittany Lions,Wisconsin Badgers,81,71,False,True,PSU,WIS
2021,2021-01-30T21:00Z,Georgia Tech Yellow Jackets,Florida State Seminoles,76,65,False,True,GT,FSU
2021,2021-01-31T01:00Z,DePaul Blue Demons,Creighton Bluejays,62,69,False,True,DEP,CREI
2021,2021-01-31T00:30Z,Purdue Boilermakers,Minnesota Golden Gophers,81,62,False,True,PUR,MINN
2021,2021-01-31T00:00Z,UCLA Bruins,Oregon State Beavers,57,52,False,True,UCLA,ORST
2021,2021-01-31T18:00Z,Houston Cougars,SMU Mustangs,70,48,False,True,HOU,SMU
2021,2021-01-31T18:00Z,Ohio State Buckeyes,Michigan State Spartans,79,62,False,True,OSU,MSU
2021,2021-02-02T02:00Z,Texas Tech Red Raiders,Oklahoma Sooners,57,52,False,True,TTU,OU
2021,2021-02-02T00:00Z,Drake Bulldogs,Illinois State Redbirds,95,60,False,True,DRKE,ILST
2021,2021-02-03T00:00Z,Texas Longhorns,Baylor Bears,69,83,False,True,TEX,BAY
2021,2021-02-03T00:00Z,Iowa Hawkeyes,Michigan State Spartans,84,78,False,True,IOWA,MSU
2021,2021-02-03T00:00Z,Ole Miss Rebels,Tennessee Volunteers,52,50,False,True,MISS,TENN
2021,2021-02-03T02:00Z,Indiana Hoosiers,Illinois Fighting Illini,71,75,False,True,IU,ILL
2021,2021-02-03T00:00Z,Iowa State Cyclones,West Virginia Mountaineers,72,76,False,True,ISU,WVU
2021,2021-02-03T01:30Z,Wisconsin Badgers,Penn State Nittany Lions,72,56,False,True,WIS,PSU
2021,2021-02-02T23:30Z,Maryland Terrapins,Purdue Boilermakers,61,60,False,True,MD,PUR
2021,2021-02-04T02:00Z,St. John's Red Storm,Villanova Wildcats,70,59,False,True,SJU,VILL
2021,2021-02-03T23:00Z,East Carolina Pirates,Houston Cougars,82,73,False,True,ECU,HOU
2021,2021-02-04T00:00Z,Alabama Crimson Tide,LSU Tigers,78,60,False,True,ALA,LSU
2021,2021-02-04T02:00Z,NC State Wolfpack,Virginia Cavaliers,57,64,False,True,NCSU,UVA
2021,2021-02-04T02:00Z,Creighton Bluejays,Georgetown Hoyas,79,86,False,True,CREI,GTWN
2021,2021-02-04T00:00Z,Pittsburgh Panthers,Virginia Tech Hokies,83,72,False,True,PITT,VT
2021,2021-02-04T00:00Z,Missouri Tigers,Kentucky Wildcats,75,70,False,True,MIZ,UK
2021,2021-02-03T23:30Z,Florida Gators,South Carolina Gamecocks,66,72,False,True,FLA,SC
2021,2021-02-05T02:00Z,Pacific Tigers,Gonzaga Bulldogs,58,76,False,True,PAC,GONZ
2021,2021-02-05T00:00Z,Iowa Hawkeyes,Ohio State Buckeyes,85,89,False,True,IOWA,OSU
2021,2021-02-05T19:00Z,Denver Pioneers,North Dakota Fighting Hawks,82,85,False,True,DEN,UND
2021,2021-02-05T20:00Z,New Hampshire Wildcats,UMass Lowell River Hawks,69,74,False,True,UNH,UML
2021,2021-02-05T20:00Z,Rice Owls,Southern Miss Golden Eagles,88,62,False,True,RICE,USM
2021,2021-02-05T21:00Z,Merrimack Warriors,Saint Francis Red Flash,59,54,False,True,MRMK,SFPA
2021,2021-02-05T21:00Z,St. Francis Brooklyn Terriers,Wagner Seahawks,81,84,False,True,SFBK,WAG
2021,2021-02-05T22:00Z,Long Island University Sharks,Fairleigh Dickinson Knights,62,77,False,True,LIU,FDU
2021,2021-02-05T22:00Z,Green Bay Phoenix,IU Indianapolis Jaguars,71,80,False,True,GB,IUIN
2021,2021-02-05T22:00Z,Texas State Bobcats,Little Rock Trojans,57,47,False,True,TXST,LR
2021,2021-02-05T23:00Z,Liberty Flames,Lancasater Bible College Chargers,90,49,False,True,LIB,LBC
2021,2021-02-05T23:00Z,Radford Highlanders,South Carolina Upstate Spartans,102,66,False,True,RAD,UPST
2021,2021-02-05T23:00Z,Milwaukee Panthers,Northern Kentucky Norse,73,87,False,True,MILW,NKU
2021,2021-02-05T23:00Z,Detroit Mercy Titans,Purdue Fort Wayne Mastodons,82,72,False,True,DETM,PFW
2021,2021-02-06T00:00Z,Gardner-Webb Runnin' Bulldogs,Presbyterian Blue Hose,91,64,False,True,GWEB,PRES
2021,2021-02-06T00:00Z,Florida Gulf Coast Eagles,North Alabama Lions,86,60,False,True,FGCU,UNA
2021,2021-02-06T00:00Z,Kent State Golden Flashes,Akron Zips,61,72,False,True,KENT,AKR
2021,2021-02-06T00:00Z,Penn State Nittany Lions,Maryland Terrapins,55,50,False,True,PSU,MD
2021,2021-02-06T00:00Z,Dayton Flyers,George Mason Patriots,74,65,False,True,DAY,GMU
2021,2021-02-06T00:00Z,Robert Morris Colonials,Youngstown State Penguins,78,84,False,True,RMU,YSU
2021,2021-02-06T00:00Z,Oakland Golden Grizzlies,Cleveland State Vikings,72,80,False,True,OAK,CLE
2021,2021-02-06T00:00Z,Bellarmine Knights,Jacksonville Dolphins,71,56,False,True,BELL,JAX
2021,2021-02-06T00:00Z,UT Arlington Mavericks,UL Monroe Warhawks,63,56,False,True,UTA,ULM
2021,2021-02-06T00:00Z,Troy Trojans,Georgia Southern Eagles,68,56,False,True,TROY,GASO
2021,2021-02-06T00:00Z,Arkansas State Red Wolves,Louisiana Ragin' Cajuns,95,87,False,True,ARST,UL
2021,2021-02-06T00:00Z,South Alabama Jaguars,Coastal Carolina Chanticleers,71,65,False,True,USA,CCU
2021,2021-02-06T00:00Z,Middle Tennessee Blue Raiders,Charlotte 49ers,66,65,False,True,MTSU,CLT
2021,2021-02-06T00:00Z,Old Dominion Monarchs,Marshall Thundering Herd,82,81,False,True,ODU,MRSH
2021,2021-02-06T00:00Z,Florida International Panthers,UTSA Roadrunners,80,87,False,True,FIU,UTSA
2021,2021-02-06T00:00Z,Cal State Northridge Matadors,UC Davis Aggies,80,77,False,True,CSUN,UCD
2021,2021-02-06T00:00Z,UC Irvine Anteaters,Cal State Bakersfield Roadrunners,70,53,False,True,UCI,CSUB
2021,2021-02-06T00:30Z,UAB Blazers,UTEP Miners,63,51,False,True,UAB,UTEP
2021,2021-02-06T01:00Z,Stetson Hatters,Lipscomb Bisons,73,68,False,True,STET,LIP
2021,2021-02-06T01:00Z,Omaha Mavericks,Western Illinois Leathernecks,77,85,False,True,OMA,WIU
2021,2021-02-06T01:00Z,UIC Flames,Wright State Raiders,47,72,False,True,UIC,WRST
2021,2021-02-06T01:00Z,North Texas Mean Green,Louisiana Tech Bulldogs,63,68,False,True,UNT,LT
2021,2021-02-06T01:30Z,South Dakota State Jackrabbits,South Dakota Coyotes,56,64,False,True,SDST,SDAK
2021,2021-02-06T01:30Z,North Dakota State Bison,Oral Roberts Golden Eagles,61,54,False,True,NDSU,ORU
2021,2021-02-06T02:00Z,Manhattan Jaspers,Monmouth Hawks,65,70,False,True,MAN,MONM
2021,2021-02-06T02:00Z,Nevada Wolf Pack,Boise State Broncos,74,72,False,True,NEV,BOIS
2021,2021-02-06T02:00Z,New Mexico State Aggies,California Baptist Lancers,75,85,False,True,NMSU,CBU
2021,2021-02-06T02:00Z,Utah Tech Trailblazers,Seattle U Redhawks,77,76,False,True,UTU,SEA
2021,2021-02-06T04:59Z,Hawai'i Rainbow Warriors,Cal Poly Mustangs,84,68,False,True,HAW,CP
2021,2021-02-06T20:00Z,Houston Cougars,Our Lady Of The Lake Saints,112,46,False,True,HOU,OLLU
2021,2021-02-06T20:00Z,Oklahoma State Cowboys,Texas Longhorns,75,67,False,True,OKST,TEX
2021,2021-02-06T17:00Z,Oklahoma Sooners,Iowa State Cyclones,79,72,False,True,OU,ISU
2021,2021-02-06T17:00Z,Missouri Tigers,Alabama Crimson Tide,68,65,False,True,MIZ,ALA
2021,2021-02-07T01:00Z,Kentucky Wildcats,Tennessee Volunteers,71,82,False,True,UK,TENN
2021,2021-02-06T19:30Z,Illinois Fighting Illini,Wisconsin Badgers,75,60,False,True,ILL,WIS
2021,2021-02-06T21:00Z,Kansas State Wildcats,Texas Tech Red Raiders,62,73,False,True,KSU,TTU
2021,2021-02-06T21:00Z,Virginia Cavaliers,Pittsburgh Panthers,73,66,False,True,UVA,PITT
2021,2021-02-06T22:00Z,Marquette Golden Eagles,Creighton Bluejays,68,71,False,True,MARQ,CREI
2021,2021-02-06T17:00Z,Miami Hurricanes,Virginia Tech Hokies,76,80,False,True,MIA,VT
2021,2021-02-06T21:30Z,Purdue Boilermakers,Northwestern Wildcats,75,70,False,True,PUR,NU
2021,2021-02-06T19:00Z,Valparaiso Beacons,Drake Bulldogs,77,80,False,True,VAL,DRKE
2021,2021-02-07T19:30Z,Villanova Wildcats,Georgetown Hoyas,84,74,False,True,VILL,GTWN
2021,2021-02-07T17:00Z,Indiana Hoosiers,Iowa Hawkeyes,67,65,False,True,IU,IOWA
2021,2021-02-07T19:00Z,Valparaiso Beacons,Drake Bulldogs,74,57,False,True,VAL,DRKE
2021,2021-02-09T04:00Z,BYU Cougars,Gonzaga Bulldogs,71,82,False,True,BYU,GONZ
2021,2021-02-09T02:00Z,Maryland Terrapins,Ohio State Buckeyes,65,73,False,True,MD,OSU
2021,2021-02-09T02:00Z,Kansas Jayhawks,Oklahoma State Cowboys,78,66,False,True,KU,OKST
2021,2021-02-10T02:00Z,Texas Tech Red Raiders,West Virginia Mountaineers,71,82,False,True,TTU,WVU
2021,2021-02-09T23:30Z,South Carolina Gamecocks,Alabama Crimson Tide,78,81,False,True,SC,ALA
2021,2021-02-10T01:00Z,Kansas State Wildcats,Texas Longhorns,77,80,False,True,KSU,TEX
2021,2021-02-10T02:00Z,Georgetown Hoyas,Creighton Bluejays,48,63,False,True,GTWN,CREI
2021,2021-02-11T02:00Z,Villanova Wildcats,Marquette Golden Eagles,96,64,False,True,VILL,MARQ
2021,2021-02-11T00:00Z,South Florida Bulls,Houston Cougars,65,82,False,True,USF,HOU
2021,2021-02-11T00:00Z,Georgia Tech Yellow Jackets,Virginia Cavaliers,49,57,False,True,GT,UVA
2021,2021-02-11T02:00Z,Ole Miss Rebels,Missouri Tigers,80,59,False,True,MISS,MIZ
2021,2021-02-11T00:30Z,Iowa Hawkeyes,Rutgers Scarlet Knights,79,66,False,True,IOWA,RUTG
2021,2021-02-11T01:00Z,Tennessee Volunteers,Georgia Bulldogs,89,81,False,True,TENN,UGA
2021,2021-02-11T02:30Z,Nebraska Cornhuskers,Wisconsin Badgers,48,61,False,True,NEB,WIS
2021,2021-02-12T03:00Z,Washington Huskies,USC Trojans,54,69,False,True,WASH,USC
2021,2021-02-11T22:00Z,Minnesota Golden Gophers,Purdue Boilermakers,71,68,False,True,MINN,PUR
2021,2021-02-13T02:00Z,Nebraska Cornhuskers,Illinois Fighting Illini,72,77,False,True,NEB,ILL
2021,2021-02-13T23:00Z,San Francisco Dons,Gonzaga Bulldogs,61,100,False,True,SF,GONZ
2021,2021-02-13T17:00Z,Ohio State Buckeyes,Indiana Hoosiers,78,59,False,True,OSU,IU
2021,2021-02-13T22:00Z,Creighton Bluejays,Villanova Wildcats,86,70,False,True,CREI,VILL
2021,2021-02-13T23:00Z,Virginia Cavaliers,North Carolina Tar Heels,60,48,False,True,UVA,UNC
2021,2021-02-13T20:30Z,Alabama Crimson Tide,Georgia Bulldogs,115,82,False,True,ALA,UGA
2021,2021-02-13T18:00Z,West Virginia Mountaineers,Oklahoma Sooners,90,91,False,True,WVU,OU
2021,2021-02-13T19:00Z,Texas Longhorns,TCU Horned Frogs,70,55,False,True,TEX,TCU
2021,2021-02-13T19:30Z,Michigan State Spartans,Iowa Hawkeyes,58,88,False,True,MSU,IOWA
2021,2021-02-13T19:00Z,LSU Tigers,Tennessee Volunteers,78,65,False,True,LSU,TENN
2021,2021-02-13T17:00Z,Florida State Seminoles,Wake Forest Demon Deacons,92,85,False,True,FSU,WAKE
2021,2021-02-14T01:00Z,Washington State Cougars,USC Trojans,65,76,False,True,WSU,USC
2021,2021-02-13T17:00Z,Drake Bulldogs,Loyola Chicago Ramblers,54,81,False,True,DRKE,LUC
2021,2021-02-13T17:00Z,Oklahoma State Cowboys,Kansas State Wildcats,67,60,False,True,OKST,KSU
2021,2021-02-13T22:00Z,Rutgers Scarlet Knights,Northwestern Wildcats,64,50,False,True,RUTG,NU
2021,2021-02-14T18:00Z,Wisconsin Badgers,Michigan Wolverines,59,67,False,True,WIS,MICH
2021,2021-02-14T20:00Z,Drake Bulldogs,Loyola Chicago Ramblers,51,50,False,True,DRKE,LUC
2021,2021-02-16T00:00Z,Florida State Seminoles,Virginia Cavaliers,81,60,False,True,FSU,UVA
2021,2021-02-17T02:00Z,Illinois Fighting Illini,Northwestern Wildcats,73,66,False,True,ILL,NU
2021,2021-02-17T00:00Z,Georgia Bulldogs,Missouri Tigers,80,70,False,True,UGA,MIZ
2021,2021-02-17T00:00Z,Arkansas Razorbacks,Florida Gators,75,64,False,True,ARK,FLA
2021,2021-02-18T01:00Z,USC Trojans,Arizona State Sun Devils,89,71,False,True,USC,ASU
2021,2021-02-18T02:00Z,Tennessee Volunteers,South Carolina Gamecocks,93,73,False,True,TENN,SC
2021,2021-02-18T01:00Z,Loyola Chicago Ramblers,Valparaiso Beacons,54,52,False,True,LUC,VAL
2021,2021-02-19T02:00Z,Gonzaga Bulldogs,Saint Mary's Gaels,87,65,False,True,GONZ,SMC
2021,2021-02-19T02:00Z,Michigan Wolverines,Rutgers Scarlet Knights,71,64,False,True,MICH,RUTG
2021,2021-02-19T01:00Z,Penn State Nittany Lions,Ohio State Buckeyes,82,92,False,True,PSU,OSU
2021,2021-02-19T00:00Z,Wichita State Shockers,Houston Cougars,68,63,False,True,WICH,HOU
2021,2021-02-19T00:00Z,Wisconsin Badgers,Iowa Hawkeyes,62,77,False,True,WIS,IOWA
2021,2021-02-19T03:00Z,Fresno State Bulldogs,San Diego State Aztecs,53,67,False,True,FRES,SDSU
2021,2021-02-19T20:00Z,Davidson Wildcats,Southern Virginia Knights,101,51,False,True,DAV,SVA
2021,2021-02-19T22:00Z,UMBC Retrievers,Vermont Catamounts,66,55,False,True,UMBC,UVM
2021,2021-02-19T22:00Z,Fairfield Stags,Canisius Golden Griffins,69,80,False,True,FAIR,CAN
2021,2021-02-19T22:00Z,Youngstown State Penguins,IU Indianapolis Jaguars,70,72,False,True,YSU,IUIN
2021,2021-02-19T23:00Z,Charleston Southern Buccaneers,Longwood Lancers,58,64,False,True,CHSO,LONG
2021,2021-02-19T23:00Z,Hampton Pirates,Campbell Fighting Camels,68,73,False,True,HAMP,CAM
2021,2021-02-19T23:00Z,Northern Kentucky Norse,Wright State Raiders,81,75,False,True,NKU,WRST
2021,2021-02-19T23:00Z,Milwaukee Panthers,Oakland Golden Grizzlies,81,85,False,True,MILW,OAK
2021,2021-02-19T23:00Z,Detroit Mercy Titans,Robert Morris Colonials,85,74,False,True,DETM,RMU
2021,2021-02-19T23:00Z,App State Mountaineers,South Alabama Jaguars,63,65,False,True,APP,USA
2021,2021-02-19T23:00Z,Georgia State Panthers,Troy Trojans,80,66,False,True,GAST,TROY
2021,2021-02-20T00:00Z,Stetson Hatters,Jacksonville Dolphins,91,75,False,True,STET,JAX
2021,2021-02-20T00:00Z,Iona Gaels,Monmouth Hawks,91,86,False,True,IONA,MONM
2021,2021-02-20T00:00Z,Dayton Flyers,Saint Louis Billikens,76,53,False,True,DAY,SLU
2021,2021-02-20T00:00Z,Purdue Fort Wayne Mastodons,Cleveland State Vikings,75,68,False,True,PFW,CLE
2021,2021-02-20T00:00Z,High Point Panthers,Winthrop Eagles,63,71,False,True,HPU,WIN
2021,2021-02-20T00:00Z,Florida International Panthers,Southern Miss Golden Eagles,72,85,False,True,FIU,USM
2021,2021-02-20T00:00Z,Ball State Cardinals,Akron Zips,79,88,False,True,BALL,AKR
2021,2021-02-20T00:00Z,Cal State Northridge Matadors,Hawai'i Rainbow Warriors,74,75,False,True,CSUN,HAW
2021,2021-02-20T00:00Z,Long Beach State Beach,Cal Poly Mustangs,64,60,False,True,LBSU,CP
2021,2021-02-20T00:30Z,UAB Blazers,Old Dominion Monarchs,76,69,False,True,UAB,ODU
2021,2021-02-20T01:00Z,Lipscomb Bisons,Kennesaw State Owls,76,62,False,True,LIP,KENN
2021,2021-02-20T01:00Z,Saint Peter's Peacocks,Marist Red Foxes,59,54,False,True,SPU,MRST
2021,2021-02-20T01:00Z,Kansas City Roos,Denver Pioneers,68,57,False,True,KC,DEN
2021,2021-02-20T01:00Z,Omaha Mavericks,North Dakota Fighting Hawks,72,62,False,True,OMA,UND
2021,2021-02-20T01:00Z,UIC Flames,Green Bay Phoenix,61,58,False,True,UIC,GB
2021,2021-02-20T01:00Z,UC San Diego Tritons,UC Riverside Highlanders,75,81,False,True,UCSD,UCR
2021,2021-02-20T01:30Z,North Dakota State Bison,South Dakota State Jackrabbits,67,68,False,True,NDSU,SDST
2021,2021-02-20T02:00Z,New Mexico Lobos,Wyoming Cowboys,67,79,True,True,UNM,WYO
2021,2021-02-20T02:00Z,New Mexico State Aggies,Utah Valley Wolverines,66,69,False,True,NMSU,UVU
2021,2021-02-20T02:00Z,Grand Canyon Lopes,California Baptist Lancers,71,61,False,True,GCU,CBU
2021,2021-02-20T02:00Z,Utah Tech Trailblazers,Tarleton State Texans,59,77,False,True,UTU,TAR
2021,2021-02-20T02:00Z,Buffalo Bulls,Toledo Rockets,70,80,False,True,BUF,TOL
2021,2021-02-20T02:00Z,Cal State Fullerton Titans,UC Irvine Anteaters,78,89,False,True,CSUF,UCI
2021,2021-02-20T02:30Z,San José State Spartans,UNLV Rebels,60,76,False,True,SJSU,UNLV
2021,2021-02-20T03:00Z,Boise State Broncos,Utah State Aggies,81,77,False,True,BOIS,USU
2021,2021-02-20T04:00Z,UC Santa Barbara Gauchos,Cal State Bakersfield Roadrunners,71,66,False,True,UCSB,CSUB
2021,2021-02-21T01:00Z,Gonzaga Bulldogs,San Diego Toreros,106,69,False,True,GONZ,USD
2021,2021-02-20T20:30Z,Minnesota Golden Gophers,Illinois Fighting Illini,63,94,False,True,MINN,ILL
2021,2021-02-21T01:00Z,Duke Blue Devils,Virginia Cavaliers,66,65,False,True,DUKE,UVA
2021,2021-02-20T18:00Z,Alabama Crimson Tide,Vanderbilt Commodores,82,78,False,True,ALA,VAN
2021,2021-02-20T23:00Z,Iowa State Cyclones,Oklahoma Sooners,56,66,False,True,ISU,OU
2021,2021-02-20T18:00Z,Villanova Wildcats,UConn Huskies,68,60,False,True,VILL,CONN
2021,2021-02-20T20:00Z,Texas Longhorns,West Virginia Mountaineers,82,84,False,True,TEX,WVU
2021,2021-02-20T19:00Z,Kansas Jayhawks,Texas Tech Red Raiders,67,61,False,True,KU,TTU
2021,2021-02-20T21:00Z,Pittsburgh Panthers,Florida State Seminoles,72,79,False,True,PITT,FSU
2021,2021-02-20T23:00Z,USC Trojans,Arizona Wildcats,72,81,False,True,USC,ARIZ
2021,2021-02-20T18:00Z,Tennessee Volunteers,Kentucky Wildcats,55,70,False,True,TENN,UK
2021,2021-02-20T19:00Z,South Carolina Gamecocks,Missouri Tigers,78,93,False,True,SC,MIZ
2021,2021-02-21T00:30Z,Fresno State Bulldogs,San Diego State Aztecs,57,75,False,True,FRES,SDSU
2021,2021-02-21T18:00Z,Ohio State Buckeyes,Michigan Wolverines,87,92,False,True,OSU,MICH
2021,2021-02-21T18:00Z,Houston Cougars,Cincinnati Bearcats,90,52,False,True,HOU,CIN
2021,2021-02-21T22:00Z,Iowa Hawkeyes,Penn State Nittany Lions,74,68,False,True,IOWA,PSU
2021,2021-02-22T00:00Z,Northwestern Wildcats,Wisconsin Badgers,51,68,False,True,NU,WIS
2021,2021-02-23T02:00Z,Oklahoma State Cowboys,Texas Tech Red Raiders,74,69,False,True,OKST,TTU
2021,2021-02-23T02:00Z,USC Trojans,Oregon Ducks,72,58,False,True,USC,ORE
2021,2021-02-24T01:00Z,Baylor Bears,Iowa State Cyclones,77,72,False,True,BAY,ISU
2021,2021-02-24T00:00Z,Michigan State Spartans,Illinois Fighting Illini,81,72,False,True,MSU,ILL
2021,2021-02-24T02:00Z,Kansas State Wildcats,Oklahoma Sooners,62,57,False,True,KSU,OU
2021,2021-02-24T01:00Z,Villanova Wildcats,St. John's Red Storm,81,58,False,True,VILL,SJU
2021,2021-02-24T00:00Z,TCU Horned Frogs,West Virginia Mountaineers,66,74,False,True,TCU,WVU
2021,2021-02-24T02:00Z,Texas Longhorns,Kansas Jayhawks,75,72,False,True,TEX,KU
2021,2021-02-24T00:00Z,Virginia Tech Hokies,Georgia Tech Yellow Jackets,53,69,False,True,VT,GT
2021,2021-02-24T02:00Z,Missouri Tigers,Ole Miss Rebels,53,60,False,True,MIZ,MISS
2021,2021-02-25T02:00Z,Arkansas Razorbacks,Alabama Crimson Tide,81,66,False,True,ARK,ALA
2021,2021-02-25T01:30Z,Miami Hurricanes,Florida State Seminoles,71,88,False,True,MIA,FSU
2021,2021-02-25T02:00Z,Creighton Bluejays,DePaul Blue Demons,77,53,False,True,CREI,DEP
2021,2021-02-24T23:30Z,Virginia Cavaliers,NC State Wolfpack,61,68,False,True,UVA,NCSU
2021,2021-02-25T02:00Z,Vanderbilt Commodores,Tennessee Volunteers,58,70,False,True,VAN,TENN
2021,2021-02-26T00:00Z,Gonzaga Bulldogs,Santa Clara Broncos,89,75,False,True,GONZ,SCU
2021,2021-02-26T00:00Z,Michigan Wolverines,Iowa Hawkeyes,79,57,False,True,MICH,IOWA
2021,2021-02-26T02:00Z,Michigan State Spartans,Ohio State Buckeyes,71,67,False,True,MSU,OSU
2021,2021-02-26T00:00Z,Illinois Fighting Illini,Nebraska Cornhuskers,86,70,False,True,ILL,NEB
2021,2021-02-26T00:00Z,Houston Cougars,Western Kentucky Hilltoppers,81,57,False,True,HOU,WKU
2021,2021-02-26T02:00Z,Colorado Buffaloes,USC Trojans,80,62,False,True,COLO,USC
2021,2021-02-26T02:00Z,San Diego State Aztecs,Boise State Broncos,78,66,False,True,SDSU,BOIS
2021,2021-02-27T02:00Z,Loyola Chicago Ramblers,Southern Illinois Salukis,60,52,False,True,LUC,SIU
2021,2021-02-28T03:00Z,Gonzaga Bulldogs,Loyola Marymount Lions,86,69,False,True,GONZ,LMU
2021,2021-02-28T01:00Z,Kansas Jayhawks,Baylor Bears,71,58,False,True,KU,BAY
2021,2021-02-27T17:00Z,Indiana Hoosiers,Michigan Wolverines,57,73,False,True,IU,MICH
2021,2021-02-27T19:00Z,Wisconsin Badgers,Illinois Fighting Illini,69,74,False,True,WIS,ILL
2021,2021-02-27T23:00Z,Mississippi State Bulldogs,Alabama Crimson Tide,59,64,False,True,MSST,ALA
2021,2021-02-27T20:00Z,Oklahoma Sooners,Oklahoma State Cowboys,90,94,False,True,OU,OKST
2021,2021-02-27T21:00Z,West Virginia Mountaineers,Kansas State Wildcats,65,43,False,True,WVU,KSU
2021,2021-02-27T21:00Z,North Carolina Tar Heels,Florida State Seminoles,78,70,False,True,UNC,FSU
2021,2021-02-27T22:00Z,Xavier Musketeers,Creighton Bluejays,77,69,False,True,XAV,CREI
2021,2021-02-27T17:00Z,Texas Tech Red Raiders,Texas Longhorns,68,59,False,True,TTU,TEX
2021,2021-02-27T21:00Z,Virginia Tech Hokies,Wake Forest Demon Deacons,84,46,False,True,VT,WAKE
2021,2021-02-28T01:00Z,Utah Utes,USC Trojans,71,61,False,True,UTAH,USC
2021,2021-02-27T19:00Z,Arkansas Razorbacks,LSU Tigers,83,75,False,True,ARK,LSU
2021,2021-02-27T23:00Z,Loyola Chicago Ramblers,Southern Illinois Salukis,65,58,False,True,LUC,SIU
2021,2021-02-27T21:00Z,San Diego State Aztecs,Boise State Broncos,62,58,False,True,SDSU,BOIS
2021,2021-02-27T17:00Z,Auburn Tigers,Tennessee Volunteers,77,72,False,True,AUB,TENN
2021,2021-02-28T21:00Z,Ohio State Buckeyes,Iowa Hawkeyes,57,73,False,True,OSU,IOWA
2021,2021-02-28T17:00Z,Butler Bulldogs,Villanova Wildcats,73,61,False,True,BUT,VILL
2021,2021-02-28T21:00Z,Houston Cougars,South Florida Bulls,98,52,False,True,HOU,USF
2021,2021-03-02T02:00Z,Oklahoma State Cowboys,Oklahoma Sooners,79,75,False,True,OKST,OU
2021,2021-03-01T23:00Z,Virginia Cavaliers,Miami Hurricanes,62,51,False,True,UVA,MIA
2021,2021-03-03T00:00Z,Michigan Wolverines,Illinois Fighting Illini,53,76,False,True,MICH,ILL
2021,2021-03-02T22:00Z,West Virginia Mountaineers,Baylor Bears,89,94,False,True,WVU,BAY
2021,2021-03-03T00:00Z,Alabama Crimson Tide,Auburn Tigers,70,58,False,True,ALA,AUB
2021,2021-03-02T23:30Z,South Carolina Gamecocks,Arkansas Razorbacks,73,101,False,True,SC,ARK
2021,2021-03-03T00:00Z,Iowa State Cyclones,Texas Longhorns,67,81,False,True,ISU,TEX
2021,2021-03-03T00:00Z,Texas Tech Red Raiders,TCU Horned Frogs,69,49,False,True,TTU,TCU
2021,2021-03-03T02:00Z,Purdue Boilermakers,Wisconsin Badgers,73,69,False,True,PUR,WIS
2021,2021-03-04T01:30Z,Villanova Wildcats,Creighton Bluejays,72,60,False,True,VILL,CREI
2021,2021-03-04T02:00Z,Florida State Seminoles,Boston College Eagles,93,64,False,True,FSU,BC
2021,2021-03-04T02:00Z,UNLV Rebels,San Diego State Aztecs,62,71,False,True,UNLV,SDSU
2021,2021-03-05T00:00Z,Michigan Wolverines,Michigan State Spartans,69,50,False,True,MICH,MSU
2021,2021-03-05T00:00Z,Baylor Bears,Oklahoma State Cowboys,81,70,False,True,BAY,OKST
2021,2021-03-05T02:00Z,Iowa Hawkeyes,Nebraska Cornhuskers,102,64,False,True,IOWA,NEB
2021,2021-03-05T00:00Z,West Virginia Mountaineers,TCU Horned Frogs,76,67,False,True,WVU,TCU
2021,2021-03-05T01:00Z,Kansas Jayhawks,UTEP Miners,67,62,False,True,KU,UTEP
2021,2021-03-05T02:00Z,Oklahoma Sooners,Texas Longhorns,65,69,False,True,OU,TEX
2021,2021-03-05T00:00Z,Texas Tech Red Raiders,Iowa State Cyclones,81,54,False,True,TTU,ISU
2021,2021-03-05T02:00Z,Colorado Buffaloes,Arizona State Sun Devils,75,61,False,True,COLO,ASU
2021,2021-03-05T16:00Z,St. Bonaventure Bonnies,Duquesne Dukes,75,59,True,True,SBU,DUQ
2021,2021-03-05T17:00Z,Loyola Chicago Ramblers,Southern Illinois Salukis,73,49,True,True,LUC,SIU
2021,2021-03-05T18:00Z,Delaware State Hornets,Morgan State Bears,67,92,False,True,DSU,MORG
2021,2021-03-05T18:15Z,Saint Louis Billikens,Massachusetts Minutemen,86,72,True,True,SLU,MASS
2021,2021-03-05T19:00Z,Liberty Flames,Stetson Hatters,77,64,True,True,LIB,STET
2021,2021-03-05T19:00Z,Montana State Bobcats,Sacramento State Hornets,77,75,False,True,MTST,SAC
2021,2021-03-05T20:00Z,Rice Owls,Our Lady Of The Lake Saints,80,77,False,True,RICE,OLLU
2021,2021-03-05T20:00Z,Indiana State Sycamores,Evansville Purple Aces,53,43,True,True,INST,EVAN
2021,2021-03-05T20:05Z,Eastern Washington Eagles,Idaho State Bengals,75,62,False,True,EWU,IDST
2021,2021-03-05T20:30Z,VCU Rams,Dayton Flyers,73,68,False,True,VCU,DAY
2021,2021-03-05T21:00Z,Quinnipiac Bobcats,Saint Peter's Peacocks,64,66,False,True,QUIN,SPU
2021,2021-03-05T21:00Z,Rider Broncs,Monmouth Hawks,62,65,False,True,RID,MONM
2021,2021-03-05T22:00Z,Central Michigan Chippewas,Northern Illinois Huskies,74,79,False,True,CMU,NIU
2021,2021-03-05T22:30Z,The Citadel Bulldogs,Western Carolina Catamounts,100,86,True,True,CIT,WCU
2021,2021-03-05T22:45Z,Davidson Wildcats,George Mason Patriots,99,67,True,True,DAV,GMU
2021,2021-03-05T23:00Z,Florida Atlantic Owls,Middle Tennessee Blue Raiders,63,54,False,True,FAU,MTSU
2021,2021-03-05T23:00Z,Miami Hurricanes,Boston College Eagles,80,76,False,True,MIA,BC
2021,2021-03-05T23:00Z,Manhattan Jaspers,Fairfield Stags,67,85,False,True,MAN,FAIR
2021,2021-03-05T23:00Z,Buffalo Bulls,Kent State Golden Flashes,81,67,False,True,BUF,KENT
2021,2021-03-05T23:15Z,Arkansas State Red Wolves,Georgia Southern Eagles,62,58,True,True,ARST,GASO
2021,2021-03-05T23:30Z,South Alabama Jaguars,UL Monroe Warhawks,80,72,True,True,USA,ULM
2021,2021-03-06T00:00Z,Montana Grizzlies,Warner Pacific Knights,92,61,False,True,MONT,WPAC
2021,2021-03-06T00:00Z,Siena Saints,Canisius Golden Griffins,75,76,False,True,SIE,CAN
2021,2021-03-06T00:00Z,Marshall Thundering Herd,Charlotte 49ers,75,67,False,True,MRSH,CLT
2021,2021-03-06T00:00Z,North Alabama Lions,Florida Gulf Coast Eagles,96,81,True,True,UNA,FGCU
2021,2021-03-06T00:00Z,Toledo Rockets,Ball State Cardinals,89,70,False,True,TOL,BALL
2021,2021-03-06T00:00Z,Western Michigan Broncos,Eastern Michigan Eagles,63,64,False,True,WMU,EMU
2021,2021-03-06T00:00Z,UC Davis Aggies,Hawai'i Rainbow Warriors,68,73,False,True,UCD,HAW
2021,2021-03-06T00:00Z,Cal State Northridge Matadors,UC Riverside Highlanders,68,72,False,True,CSUN,UCR
2021,2021-03-06T00:00Z,Long Beach State Beach,UC Irvine Anteaters,68,71,False,True,LBSU,UCI
2021,2021-03-06T01:00Z,Western Kentucky Hilltoppers,Old Dominion Monarchs,69,71,False,True,WKU,ODU
2021,2021-03-06T01:00Z,North Texas Mean Green,UAB Blazers,51,65,False,True,UNT,UAB
2021,2021-03-06T01:00Z,Mercer Bears,Samford Bulldogs,87,59,True,True,MER,SAM
2021,2021-03-06T01:00Z,Belmont Bruins,Jacksonville State Gamecocks,72,69,True,True,BEL,JXST
2021,2021-03-06T01:00Z,Wake Forest Demon Deacons,Georgia Tech Yellow Jackets,63,75,False,True,WAKE,GT
2021,2021-03-06T01:00Z,UT Rio Grande Valley Vaqueros,Tarleton State Texans,47,65,False,True,RGV,TAR
2021,2021-03-06T01:00Z,Mississippi Valley State Delta Devils,Arkansas-Pine Bluff Golden Lions,59,82,False,True,MVSU,UAPB
2021,2021-03-06T01:00Z,UC San Diego Tritons,Cal State Fullerton Titans,89,85,False,True,UCSD,CSUF
2021,2021-03-06T01:00Z,UC Santa Barbara Gauchos,Cal Poly Mustangs,71,57,False,True,UCSB,CP
2021,2021-03-06T01:30Z,App State Mountaineers,Little Rock Trojans,67,60,True,True,APP,LR
2021,2021-03-06T02:00Z,Utah Tech Trailblazers,New Mexico State Aggies,66,76,False,True,UTU,NMSU
2021,2021-03-06T02:00Z,Nevada Wolf Pack,Colorado State Rams,85,82,False,True,NEV,CSU
2021,2021-03-06T02:00Z,Loyola Marymount Lions,San Francisco Dons,70,66,True,True,LMU,SF
2021,2021-03-06T02:00Z,Missouri State Bears,Valparaiso Beacons,66,55,True,True,MOST,VAL
2021,2021-03-06T02:00Z,UT Arlington Mavericks,Troy Trojans,86,91,True,True,UTA,TROY
2021,2021-03-06T02:00Z,Grand Canyon Lopes,Utah Valley Wolverines,55,59,False,True,GCU,UVU
2021,2021-03-06T02:00Z,California Baptist Lancers,Seattle U Redhawks,79,80,False,True,CBU,SEA
2021,2021-03-06T03:30Z,Morehead State Eagles,Eastern Kentucky Colonels,67,64,True,True,MORE,EKU
2021,2021-03-06T04:59Z,Pacific Tigers,Santa Clara Broncos,76,81,True,True,PAC,SCU
2021,2021-03-06T21:00Z,Ohio State Buckeyes,Illinois Fighting Illini,68,73,False,True,OSU,ILL
2021,2021-03-06T19:00Z,West Virginia Mountaineers,Oklahoma State Cowboys,80,85,False,True,WVU,OKST
2021,2021-03-06T19:00Z,Georgia Bulldogs,Alabama Crimson Tide,79,89,False,True,UGA,ALA
2021,2021-03-06T19:30Z,Providence Friars,Villanova Wildcats,54,52,False,True,PROV,VILL
2021,2021-03-06T17:00Z,Notre Dame Fighting Irish,Florida State Seminoles,83,73,False,True,ND,FSU
2021,2021-03-06T22:00Z,Arkansas Razorbacks,Texas A&M Aggies,87,80,False,True,ARK,TA&M
2021,2021-03-06T21:00Z,Louisville Cardinals,Virginia Cavaliers,58,68,False,True,LOU,UVA
2021,2021-03-06T19:00Z,Purdue Boilermakers,Indiana Hoosiers,67,58,False,True,PUR,IU
2021,2021-03-07T21:30Z,Michigan State Spartans,Michigan Wolverines,70,64,False,True,MSU,MICH
2021,2021-03-07T17:30Z,Iowa Hawkeyes,Wisconsin Badgers,77,73,False,True,IOWA,WIS
2021,2021-03-07T17:00Z,Houston Cougars,Memphis Tigers,67,64,False,True,HOU,MEM
2021,2021-03-08T00:00Z,TCU Horned Frogs,Texas Longhorns,64,76,False,True,TCU,TEX
2021,2021-03-08T23:00Z,Hofstra Pride,Elon Phoenix,58,76,True,True,HOF,ELON
2021,2021-03-08T23:30Z,Cleveland State Vikings,Milwaukee Panthers,71,65,True,True,CLE,MILW
2021,2021-03-08T23:45Z,South Dakota State Jackrabbits,Oral Roberts Golden Eagles,88,90,True,True,SDST,ORU
2021,2021-03-09T00:00Z,Canisius Golden Griffins,Rider Broncs,76,78,True,True,CAN,RID
2021,2021-03-09T00:00Z,Georgia State Panthers,App State Mountaineers,73,80,True,True,GAST,APP
2021,2021-03-09T00:00Z,UNC Greensboro Spartans,Mercer Bears,69,61,True,True,UNCG,MER
2021,2021-03-09T02:00Z,Gonzaga Bulldogs,Saint Mary's Gaels,78,55,True,True,GONZ,SMC
2021,2021-03-09T02:30Z,Northeastern Huskies,Drexel Dragons,67,74,True,True,NE,DREX
2021,2021-03-09T02:30Z,Oakland Golden Grizzlies,Northern Kentucky Norse,69,58,True,True,OAK,NKU
2021,2021-03-09T02:45Z,South Dakota Coyotes,North Dakota State Bison,75,79,True,True,SDAK,NDSU
2021,2021-03-09T04:59Z,BYU Cougars,Pepperdine Waves,82,77,True,True,BYU,PEPP
2021,2021-03-09T19:00Z,Pittsburgh Panthers,Miami Hurricanes,73,79,True,True,PITT,MIA
2021,2021-03-09T21:30Z,Duke Blue Devils,Boston College Eagles,86,51,True,True,DUKE,BC
2021,2021-03-09T22:00Z,Quinnipiac Bobcats,Iona Gaels,48,72,True,True,QUIN,IONA
2021,2021-03-09T23:00Z,SE Louisiana Lions,McNeese Cowboys,71,68,True,True,SELA,MCN
2021,2021-03-09T23:00Z,Cal State Northridge Matadors,Long Beach State Beach,63,85,True,True,CSUN,LBSU
2021,2021-03-10T00:00Z,Drexel Dragons,Elon Phoenix,63,56,True,True,DREX,ELON
2021,2021-03-10T00:00Z,Notre Dame Fighting Irish,Wake Forest Demon Deacons,80,77,True,True,ND,WAKE
2021,2021-03-10T00:00Z,Bryant Bulldogs,Mount St. Mary's Mountaineers,68,73,False,True,BRY,MSM
2021,2021-03-10T00:00Z,Cleveland State Vikings,Oakland Golden Grizzlies,80,69,True,True,CLE,OAK
2021,2021-03-10T00:30Z,Fairfield Stags,Manhattan Jaspers,59,58,True,True,FAIR,MAN
2021,2021-03-10T01:00Z,Rice Owls,Southern Miss Golden Eagles,61,52,True,True,RICE,USM
2021,2021-03-10T02:00Z,North Dakota State Bison,Oral Roberts Golden Eagles,72,75,True,True,NDSU,ORU
2021,2021-03-10T02:00Z,Gonzaga Bulldogs,BYU Cougars,88,78,True,True,GONZ,BYU
2021,2021-03-10T02:00Z,Incarnate Word Cardinals,Houston Christian Huskies,68,80,True,True,UIW,HCU
2021,2021-03-10T02:00Z,Cal State Fullerton Titans,Cal Poly Mustangs,82,87,True,True,CSUF,CP
2021,2021-03-10T16:00Z,Northern Colorado Bears,Sacramento State Hornets,90,83,True,True,UNCO,SAC
2021,2021-03-10T17:00Z,Syracuse Orange,NC State Wolfpack,89,68,True,True,SYR,NCSU
2021,2021-03-10T19:00Z,Portland State Vikings,Northern Arizona Lumberjacks,66,77,True,True,PRST,NAU
2021,2021-03-10T19:00Z,Wyoming Cowboys,San José State Spartans,111,80,True,True,WYO,SJSU
2021,2021-03-10T19:30Z,Clemson Tigers,Miami Hurricanes,64,67,True,True,CLEM,MIA
2021,2021-03-10T20:00Z,Georgetown Hoyas,Marquette Golden Eagles,68,49,True,True,GTWN,MARQ
2021,2021-03-10T20:00Z,Jackson State Tigers,Arkansas-Pine Bluff Golden Lions,74,62,True,True,JKST,UAPB
2021,2021-03-10T21:00Z,Arizona State Sun Devils,Washington State Cougars,64,59,True,True,ASU,WSU
2021,2021-03-10T21:30Z,UNLV Rebels,Air Force Falcons,80,52,True,True,UNLV,AF
2021,2021-03-10T22:00Z,Siena Saints,Iona Gaels,52,55,True,True,SIE,IONA
2021,2021-03-10T22:20Z,Montana Grizzlies,Idaho Vandals,69,64,True,True,MONT,IDHO
2021,2021-03-10T22:30Z,Army Black Knights,Loyola Maryland Greyhounds,63,67,False,True,ARMY,L-MD
2021,2021-03-10T23:00Z,New Orleans Privateers,SE Louisiana Lions,80,63,True,True,UNO,SELA
2021,2021-03-10T23:00Z,Xavier Musketeers,Butler Bulldogs,69,70,True,True,XAV,BUT
2021,2021-03-10T23:30Z,TCU Horned Frogs,Kansas State Wildcats,50,71,True,True,TCU,KSU
2021,2021-03-10T23:30Z,UTSA Roadrunners,Charlotte 49ers,72,62,True,True,UTSA,CLT
2021,2021-03-10T23:30Z,Louisville Cardinals,Duke Blue Devils,56,70,True,True,LOU,DUKE
2021,2021-03-10T23:30Z,Northwestern Wildcats,Minnesota Golden Gophers,46,51,True,True,NU,MINN
2021,2021-03-11T00:00Z,Utah Utes,Washington Huskies,98,95,True,True,UTAH,WASH
2021,2021-03-11T00:00Z,Marshall Thundering Herd,Rice Owls,68,72,True,True,MRSH,RICE
2021,2021-03-11T00:00Z,Vanderbilt Commodores,Texas A&M Aggies,79,68,True,True,VAN,TA&M
2021,2021-03-11T00:25Z,Fresno State Bulldogs,New Mexico Lobos,85,77,True,True,FRES,UNM
2021,2021-03-11T00:30Z,Monmouth Hawks,Fairfield Stags,60,79,True,True,MONM,FAIR
2021,2021-03-11T00:45Z,Colgate Raiders,Bucknell Bison,105,75,False,True,COLG,BUCK
2021,2021-03-11T02:00Z,Lamar Cardinals,Houston Christian Huskies,62,52,True,True,LAM,HCU
2021,2021-03-11T02:00Z,Providence Friars,DePaul Blue Demons,62,70,True,True,PROV,DEP
2021,2021-03-11T02:00Z,North Carolina Tar Heels,Notre Dame Fighting Irish,101,59,True,True,UNC,ND
2021,2021-03-11T02:00Z,Penn State Nittany Lions,Nebraska Cornhuskers,72,66,True,True,PSU,NEB
2021,2021-03-11T02:30Z,Oklahoma Sooners,Iowa State Cyclones,79,73,True,True,OU,ISU
2021,2021-03-11T02:30Z,Florida Atlantic Owls,UTEP Miners,76,70,True,True,FAU,UTEP
2021,2021-03-11T02:30Z,Prairie View A&M Panthers,Mississippi Valley State Delta Devils,91,64,True,True,PV,MVSU
2021,2021-03-11T03:00Z,Stanford Cardinal,California Golden Bears,58,76,True,True,STAN,CAL
2021,2021-03-11T03:00Z,North Texas Mean Green,Middle Tennessee Blue Raiders,76,56,True,True,UNT,MTSU
2021,2021-03-11T16:00Z,Toledo Rockets,Ball State Cardinals,91,89,True,True,TOL,BALL
2021,2021-03-11T16:30Z,West Virginia Mountaineers,Oklahoma State Cowboys,69,72,True,True,WVU,OKST
2021,2021-03-11T16:30Z,Maryland Terrapins,Michigan State Spartans,68,57,True,True,MD,MSU
2021,2021-03-11T17:00Z,Villanova Wildcats,Georgetown Hoyas,71,72,True,True,VILL,GTWN
2021,2021-03-11T17:00Z,South Florida Bulls,Temple Owls,73,71,True,True,USF,TEM
2021,2021-03-11T17:00Z,Virginia Cavaliers,Syracuse Orange,72,69,True,True,UVA,SYR
2021,2021-03-11T17:00Z,Kentucky Wildcats,Mississippi State Bulldogs,73,74,True,True,UK,MSST
2021,2021-03-11T18:00Z,Southern Utah Thunderbirds,Northern Colorado Bears,91,83,True,True,SUU,UNCO
2021,2021-03-11T18:55Z,Kent State Golden Flashes,Ohio Bobcats,63,85,True,True,KENT,OHIO
2021,2021-03-11T19:00Z,UC Santa Barbara Gauchos,Long Beach State Beach,95,87,True,True,UCSB,LBSU
2021,2021-03-11T19:15Z,Ohio State Buckeyes,Minnesota Golden Gophers,79,75,True,True,OSU,MINN
2021,2021-03-11T19:30Z,Oregon Ducks,Arizona State Sun Devils,91,73,True,True,ORE,ASU
2021,2021-03-11T19:31Z,Florida Gators,Vanderbilt Commodores,69,63,True,True,FLA,VAN
2021,2021-03-11T19:33Z,Baylor Bears,Kansas State Wildcats,74,68,True,True,BAY,KSU
2021,2021-03-11T19:35Z,Georgia Tech Yellow Jackets,Miami Hurricanes,70,66,True,True,GT,MIA
2021,2021-03-11T20:00Z,St. John's Red Storm,Seton Hall Pirates,69,77,True,True,SJU,HALL
2021,2021-03-11T20:00Z,Tulsa Golden Hurricane,Tulane Green Wave,70,77,True,True,TLSA,TULN
2021,2021-03-11T20:00Z,Texas Southern Tigers,Alcorn State Braves,78,55,True,True,TXSO,ALCN
2021,2021-03-11T20:00Z,San Diego State Aztecs,Wyoming Cowboys,69,66,True,True,SDSU,WYO
2021,2021-03-11T21:30Z,Idaho State Bengals,Montana State Bobcats,63,71,True,True,IDST,MTST
2021,2021-03-11T21:30Z,Buffalo Bulls,Miami (OH) RedHawks,74,63,True,True,BUF,M-OH
2021,2021-03-11T22:00Z,Saint Peter's Peacocks,Rider Broncs,75,60,True,True,SPU,RID
2021,2021-03-11T22:00Z,UC Davis Aggies,Cal State Bakersfield Roadrunners,58,56,True,True,UCD,CSUB
2021,2021-03-11T22:30Z,UCLA Bruins,Oregon State Beavers,79,83,True,True,UCLA,ORST
2021,2021-03-11T22:30Z,Boise State Broncos,Nevada Wolf Pack,82,89,True,True,BOIS,NEV
2021,2021-03-11T23:00Z,Creighton Bluejays,Butler Bulldogs,87,56,True,True,CREI,BUT
2021,2021-03-11T23:00Z,Florida A&M Rattlers,Morgan State Bears,75,77,True,True,FAMU,MORG
2021,2021-03-11T23:00Z,Northwestern State Demons,New Orleans Privateers,82,79,True,True,NWST,UNO
2021,2021-03-11T23:30Z,Kansas Jayhawks,Oklahoma Sooners,69,62,False,True,KU,OU
2021,2021-03-11T23:30Z,Western Kentucky Hilltoppers,UTSA Roadrunners,80,67,True,True,WKU,UTSA
2021,2021-03-11T23:30Z,Rutgers Scarlet Knights,Indiana Hoosiers,61,50,True,True,RUTG,IU
2021,2021-03-12T00:00Z,UCF Knights,East Carolina Pirates,72,62,True,True,UCF,ECU
2021,2021-03-12T00:00Z,UAB Blazers,Rice Owls,73,60,True,True,UAB,RICE
2021,2021-03-12T00:00Z,Missouri Tigers,Georgia Bulldogs,73,70,True,True,MIZ,UGA
2021,2021-03-12T00:00Z,Akron Zips,Bowling Green Falcons,74,67,True,True,AKR,BGSU
2021,2021-03-12T00:30Z,California Baptist Lancers,Seattle U Redhawks,66,83,True,True,CBU,SEA
2021,2021-03-12T00:30Z,Marist Red Foxes,Niagara Purple Eagles,62,67,True,True,MRST,NIA
2021,2021-03-12T01:00Z,Eastern Washington Eagles,Northern Arizona Lumberjacks,66,60,True,True,EWU,NAU
2021,2021-03-12T01:00Z,UC Irvine Anteaters,Cal Poly Mustangs,58,51,True,True,UCI,CP
2021,2021-03-12T01:30Z,USC Trojans,Utah Utes,91,85,True,True,USC,UTAH
2021,2021-03-12T01:30Z,Virginia Tech Hokies,North Carolina Tar Heels,73,81,True,True,VT,UNC
2021,2021-03-12T02:00Z,UConn Huskies,DePaul Blue Demons,94,60,True,True,CONN,DEP
2021,2021-03-12T02:00Z,Wisconsin Badgers,Penn State Nittany Lions,75,74,True,True,WIS,PSU
2021,2021-03-12T02:00Z,Sam Houston Bearkats,Lamar Cardinals,69,70,True,True,SHSU,LAM
2021,2021-03-12T02:00Z,Utah State Aggies,UNLV Rebels,74,53,True,True,USU,UNLV
2021,2021-03-12T02:10Z,Norfolk State Spartans,North Carolina Central Eagles,87,58,True,True,NORF,NCCU
2021,2021-03-12T02:30Z,Texas Longhorns,Texas Tech Red Raiders,67,66,True,True,TEX,TTU
2021,2021-03-12T02:30Z,Louisiana Tech Bulldogs,Florida Atlantic Owls,75,69,True,True,LT,FAU
2021,2021-03-12T02:30Z,Grambling Tigers,Southern Jaguars,72,67,True,True,GRAM,SOU
2021,2021-03-12T02:30Z,Ole Miss Rebels,South Carolina Gamecocks,76,59,True,True,MISS,SC
2021,2021-03-12T03:00Z,Old Dominion Monarchs,North Texas Mean Green,55,61,True,True,ODU,UNT
2021,2021-03-12T04:00Z,New Mexico State Aggies,UT Rio Grande Valley Vaqueros,77,61,True,True,NMSU,RGV
2021,2021-03-12T04:00Z,Weber State Wildcats,Montana Grizzlies,75,80,True,True,WEB,MONT
2021,2021-03-12T04:00Z,UC Riverside Highlanders,Hawai'i Rainbow Warriors,62,52,True,True,UCR,HAW
2021,2021-03-12T04:30Z,Colorado Buffaloes,California Golden Bears,61,58,True,True,COLO,CAL
2021,2021-03-12T04:45Z,Colorado State Rams,Fresno State Bulldogs,72,62,True,True,CSU,FRES
2021,2021-03-12T16:30Z,Michigan Wolverines,Maryland Terrapins,79,66,True,True,MICH,MD
2021,2021-03-12T17:00Z,Wichita State Shockers,South Florida Bulls,68,67,True,True,WICH,USF
2021,2021-03-12T17:00Z,Western Kentucky Hilltoppers,UAB Blazers,64,60,True,True,WKU,UAB
2021,2021-03-12T17:00Z,Alabama Crimson Tide,Mississippi State Bulldogs,85,48,True,True,ALA,MSST
2021,2021-03-12T19:00Z,Purdue Boilermakers,Ohio State Buckeyes,78,87,True,True,PUR,OSU
2021,2021-03-12T19:23Z,Tennessee Volunteers,Florida Gators,78,66,True,True,TENN,FLA
2021,2021-03-12T20:00Z,SMU Mustangs,Cincinnati Bearcats,71,74,True,True,SMU,CIN
2021,2021-03-12T20:00Z,Louisiana Tech Bulldogs,North Texas Mean Green,48,54,True,True,LT,UNT
2021,2021-03-12T20:00Z,Jackson State Tigers,Texas Southern Tigers,81,84,True,True,JKST,TXSO
2021,2021-03-12T22:00Z,Toledo Rockets,Ohio Bobcats,80,87,True,True,TOL,OHIO
2021,2021-03-12T22:30Z,Niagara Purple Eagles,Iona Gaels,64,70,True,True,NIA,IONA
2021,2021-03-12T23:00Z,Seton Hall Pirates,Georgetown Hoyas,58,66,True,True,HALL,GTWN
2021,2021-03-12T23:00Z,Coppin State Eagles,Morgan State Bears,61,82,True,True,COPP,MORG
2021,2021-03-12T23:00Z,Nicholls Colonels,Northwestern State Demons,88,76,True,True,NICH,NWST
2021,2021-03-12T23:30Z,Baylor Bears,Oklahoma State Cowboys,74,83,True,True,BAY,OKST
2021,2021-03-12T23:30Z,Illinois Fighting Illini,Rutgers Scarlet Knights,90,68,True,True,ILL,RUTG
2021,2021-03-13T00:00Z,Houston Cougars,Tulane Green Wave,77,52,True,True,HOU,TULN
2021,2021-03-13T00:00Z,Southern Utah Thunderbirds,Montana State Bobcats,77,80,True,True,SUU,MTST
2021,2021-03-13T00:30Z,Buffalo Bulls,Akron Zips,81,74,True,True,BUF,AKR
2021,2021-03-13T01:00Z,Grand Canyon Lopes,Seattle U Redhawks,81,47,True,True,GCU,SEA
2021,2021-03-13T01:16Z,Saint Peter's Peacocks,Fairfield Stags,47,52,True,True,SPU,FAIR
2021,2021-03-13T01:30Z,Oregon Ducks,Oregon State Beavers,64,75,True,True,ORE,ORST
2021,2021-03-13T01:30Z,Florida State Seminoles,North Carolina Tar Heels,69,66,True,True,FSU,UNC
2021,2021-03-13T02:00Z,Creighton Bluejays,UConn Huskies,59,56,True,True,CREI,CONN
2021,2021-03-13T02:00Z,Iowa Hawkeyes,Wisconsin Badgers,62,57,True,True,IOWA,WIS
2021,2021-03-13T02:00Z,LSU Tigers,Ole Miss Rebels,76,73,True,True,LSU,MISS
2021,2021-03-13T02:00Z,Abilene Christian Wildcats,Lamar Cardinals,93,71,True,True,ACU,LAM
2021,2021-03-13T02:00Z,UC Santa Barbara Gauchos,UC Davis Aggies,71,55,True,True,UCSB,UCD
2021,2021-03-13T02:30Z,Prairie View A&M Panthers,Grambling Tigers,75,63,True,True,PV,GRAM
2021,2021-03-13T02:30Z,San Diego State Aztecs,Nevada Wolf Pack,77,70,True,True,SDSU,NEV
2021,2021-03-13T02:34Z,Arkansas Razorbacks,Missouri Tigers,70,64,True,True,ARK,MIZ
2021,2021-03-13T03:00Z,Memphis Tigers,UCF Knights,70,62,True,True,MEM,UCF
2021,2021-03-13T03:30Z,Eastern Washington Eagles,Montana Grizzlies,78,50,True,True,EWU,MONT
2021,2021-03-13T04:00Z,Utah Valley Wolverines,New Mexico State Aggies,62,78,True,True,UVU,NMSU
2021,2021-03-13T04:30Z,USC Trojans,Colorado Buffaloes,70,72,True,True,USC,COLO
2021,2021-03-13T04:59Z,UC Irvine Anteaters,UC Riverside Highlanders,78,61,True,True,UCI,UCR
2021,2021-03-13T04:59Z,Utah State Aggies,Colorado State Rams,62,50,True,True,USU,CSU
2021,2021-03-13T16:00Z,Hartford Hawks,UMass Lowell River Hawks,64,50,False,True,HART,UML
2021,2021-03-13T18:00Z,Michigan Wolverines,Ohio State Buckeyes,67,68,True,True,MICH,OSU
2021,2021-03-13T18:00Z,Norfolk State Spartans,Morgan State Bears,71,63,True,True,NORF,MORG
2021,2021-03-13T18:00Z,Alabama Crimson Tide,Tennessee Volunteers,73,68,True,True,ALA,TENN
2021,2021-03-13T20:00Z,Wichita State Shockers,Cincinnati Bearcats,59,60,True,True,WICH,CIN
2021,2021-03-13T20:45Z,Arkansas Razorbacks,LSU Tigers,71,78,True,True,ARK,LSU
2021,2021-03-13T20:50Z,Illinois Fighting Illini,Iowa Hawkeyes,82,71,True,True,ILL,IOWA
2021,2021-03-13T21:00Z,Fairfield Stags,Iona Gaels,51,60,True,True,FAIR,IONA
2021,2021-03-13T23:00Z,Houston Cougars,Memphis Tigers,76,74,True,True,HOU,MEM
2021,2021-03-13T23:00Z,Texas Longhorns,Oklahoma State Cowboys,91,86,True,True,TEX,OKST
2021,2021-03-13T23:00Z,Prairie View A&M Panthers,Texas Southern Tigers,61,80,True,True,PV,TXSO
2021,2021-03-13T23:00Z,San Diego State Aztecs,Utah State Aggies,68,57,True,True,SDSU,USU
2021,2021-03-13T23:30Z,Creighton Bluejays,Georgetown Hoyas,48,73,True,True,CREI,GTWN
2021,2021-03-14T00:30Z,Buffalo Bulls,Ohio Bobcats,69,84,True,True,BUF,OHIO
2021,2021-03-14T01:00Z,Eastern Washington Eagles,Montana State Bobcats,65,55,True,True,EWU,MTST
2021,2021-03-14T01:30Z,Florida State Seminoles,Georgia Tech Yellow Jackets,75,80,True,True,FSU,GT
2021,2021-03-14T02:00Z,Western Kentucky Hilltoppers,North Texas Mean Green,57,61,True,True,WKU,UNT
2021,2021-03-14T02:30Z,Nicholls Colonels,Abilene Christian Wildcats,45,79,True,True,NICH,ACU
2021,2021-03-14T03:00Z,Grand Canyon Lopes,New Mexico State Aggies,74,56,True,True,GCU,NMSU
2021,2021-03-14T03:30Z,Colorado Buffaloes,Oregon State Beavers,68,70,True,True,COLO,ORST
2021,2021-03-14T04:30Z,UC Santa Barbara Gauchos,UC Irvine Anteaters,79,63,True,True,UCSB,UCI
2021,2021-03-14T16:00Z,Colgate Raiders,Loyola Maryland Greyhounds,85,72,False,True,COLG,L-MD
2021,2021-03-14T17:00Z,Alabama Crimson Tide,LSU Tigers,80,79,True,True,ALA,LSU
2021,2021-03-14T17:00Z,St. Bonaventure Bonnies,VCU Rams,74,65,True,True,SBU,VCU
2021,2021-03-14T19:15Z,Houston Cougars,Cincinnati Bearcats,91,54,True,True,HOU,CIN
2021,2021-03-14T19:30Z,Illinois Fighting Illini,Ohio State Buckeyes,91,88,True,True,ILL,OSU
2021,2021-03-18T21:10Z,Mount St. Mary's Mountaineers,Texas Southern Tigers,52,60,True,False,MSM,TXSO
2021,2021-03-18T22:27Z,Wichita State Shockers,Drake Bulldogs,52,53,True,False,WICH,DRKE
2021,2021-03-19T00:40Z,Norfolk State Spartans,App State Mountaineers,54,53,True,False,NORF,APP
2021,2021-03-19T02:19Z,Michigan State Spartans,UCLA Bruins,80,86,True,False,MSU,UCLA
2021,2021-03-19T16:15Z,Florida Gators,Virginia Tech Hokies,75,70,True,False,FLA,VT
2021,2021-03-19T16:45Z,Arkansas Razorbacks,Colgate Raiders,85,68,True,False,ARK,COLG
2021,2021-03-19T17:15Z,Illinois Fighting Illini,Drexel Dragons,78,49,True,False,ILL,DREX
2021,2021-03-19T17:45Z,Texas Tech Red Raiders,Utah State Aggies,65,53,True,False,TTU,USU
2021,2021-03-19T19:00Z,Ohio State Buckeyes,Oral Roberts Golden Eagles,72,75,True,False,OSU,ORU
2021,2021-03-19T19:30Z,Baylor Bears,Hartford Hawks,79,55,True,False,BAY,HART
2021,2021-03-19T20:00Z,Loyola Chicago Ramblers,Georgia Tech Yellow Jackets,71,60,True,False,LUC,GT
2021,2021-03-19T20:30Z,Tennessee Volunteers,Oregon State Beavers,56,70,True,False,TENN,ORST
2021,2021-03-19T22:35Z,Oklahoma State Cowboys,Liberty Flames,69,60,True,False,OKST,LIB
2021,2021-03-19T23:10Z,North Carolina Tar Heels,Wisconsin Badgers,62,85,True,False,UNC,WIS
2021,2021-03-19T23:15Z,Houston Cougars,Cleveland State Vikings,87,56,True,False,HOU,CLE
2021,2021-03-19T23:25Z,Purdue Boilermakers,North Texas Mean Green,69,78,True,False,PUR,UNT
2021,2021-03-20T01:20Z,Clemson Tigers,Rutgers Scarlet Knights,56,60,True,False,CLEM,RUTG
2021,2021-03-20T01:40Z,San Diego State Aztecs,Syracuse Orange,62,78,True,False,SDSU,SYR
2021,2021-03-20T02:10Z,Villanova Wildcats,Winthrop Eagles,73,63,True,False,VILL,WIN
2021,2021-03-20T02:32Z,West Virginia Mountaineers,Morehead State Eagles,84,67,True,False,WVU,MORE
2021,2021-03-21T16:10Z,Illinois Fighting Illini,Loyola Chicago Ramblers,58,71,True,False,ILL,LUC
2021,2021-03-21T18:40Z,Baylor Bears,Wisconsin Badgers,76,63,True,False,BAY,WIS
2021,2021-03-21T21:15Z,West Virginia Mountaineers,Syracuse Orange,72,75,True,False,WVU,SYR
2021,2021-03-21T22:10Z,Arkansas Razorbacks,Texas Tech Red Raiders,68,66,True,False,ARK,TTU
2021,2021-03-21T23:10Z,Houston Cougars,Rutgers Scarlet Knights,63,60,True,False,HOU,RUTG
2021,2021-03-21T23:45Z,Florida Gators,Oral Roberts Golden Eagles,78,81,True,False,FLA,ORU
2021,2021-03-22T01:00Z,Villanova Wildcats,North Texas Mean Green,84,61,True,False,VILL,UNT
2021,2021-03-22T01:57Z,Oklahoma State Cowboys,Oregon State Beavers,70,80,True,False,OKST,ORST
2021,2021-03-22T16:10Z,Iowa Hawkeyes,Oregon Ducks,80,95,True,False,IOWA,ORE
2021,2021-03-22T18:40Z,Gonzaga Bulldogs,Oklahoma Sooners,87,71,True,False,GONZ,OU
2021,2021-03-22T21:15Z,UCLA Bruins,Abilene Christian Wildcats,67,47,True,False,UCLA,ACU
2021,2021-03-22T22:10Z,Creighton Bluejays,Ohio Bobcats,72,58,True,False,CREI,OHIO
2021,2021-03-22T23:10Z,Michigan Wolverines,LSU Tigers,86,78,True,False,MICH,LSU
2021,2021-03-22T23:45Z,Florida State Seminoles,Colorado Buffaloes,71,53,True,False,FSU,COLO
2021,2021-03-23T00:45Z,Alabama Crimson Tide,Maryland Terrapins,96,77,True,False,ALA,MD
2021,2021-03-23T01:40Z,Kansas Jayhawks,USC Trojans,51,85,True,False,KU,USC
2021,2021-03-27T18:40Z,Loyola Chicago Ramblers,Oregon State Beavers,58,65,True,False,LUC,ORST
2021,2021-03-27T21:15Z,Baylor Bears,Villanova Wildcats,62,51,True,False,BAY,VILL
2021,2021-03-27T23:25Z,Arkansas Razorbacks,Oral Roberts Golden Eagles,72,70,True,False,ARK,ORU
2021,2021-03-28T01:55Z,Houston Cougars,Syracuse Orange,62,46,True,False,HOU,SYR
2021,2021-03-29T23:15Z,Houston Cougars,Oregon State Beavers,67,61,True,False,HOU,ORST
2021,2021-03-30T01:57Z,Baylor Bears,Arkansas Razorbacks,81,72,True,False,BAY,ARK
2021,2021-03-30T23:15Z,Gonzaga Bulldogs,USC Trojans,85,66,True,False,GONZ,USC
2021,2021-03-31T01:57Z,Michigan Wolverines,UCLA Bruins,49,51,True,False,MICH,UCLA
2021,2021-04-03T21:14Z,Baylor Bears,Houston Cougars,78,59,True,False,BAY,HOU
2021,2021-04-04T00:47Z,Gonzaga Bulldogs,UCLA Bruins,93,90,True,False,GONZ,UCLA
2021,2021-04-06T01:20Z,Gonzaga Bulldogs,Baylor Bears,70,86,True,False,GONZ,BAY
2022,2021-11-10T02:00Z,Gonzaga Bulldogs,Utah Tech Trailblazers,97,63,False,True,GONZ,UTU
2022,2021-11-10T04:00Z,UCLA Bruins,Cal State Bakersfield Roadrunners,95,58,False,True,UCLA,CSUB
2022,2021-11-09T21:30Z,Villanova Wildcats,Mount St. Mary's Mountaineers,91,51,False,True,VILL,MSM
2022,2021-11-10T02:00Z,Texas Longhorns,Houston Christian Huskies,92,48,False,True,TEX,HCU
2022,2021-11-10T00:00Z,Purdue Boilermakers,Bellarmine Knights,96,67,False,True,PUR,BELL
2022,2021-11-10T01:00Z,Illinois Fighting Illini,Jackson State Tigers,71,47,False,True,ILL,JKST
2022,2021-11-10T01:00Z,Memphis Tigers,Tennessee Tech Golden Eagles,89,65,False,True,MEM,TNTC
2022,2021-11-10T00:00Z,Oregon Ducks,Texas Southern Tigers,83,66,False,True,ORE,TXSO
2022,2021-11-10T02:00Z,Alabama Crimson Tide,Louisiana Tech Bulldogs,93,64,False,True,ALA,LT
2022,2021-11-10T01:00Z,Houston Cougars,Hofstra Pride,83,75,False,True,HOU,HOF
2022,2021-11-10T01:00Z,Arkansas Razorbacks,Mercer Bears,74,61,False,True,ARK,MER
2022,2021-11-09T23:00Z,Ohio State Buckeyes,Akron Zips,67,66,False,True,OSU,AKR
2022,2021-11-10T00:00Z,Tennessee Volunteers,UT Martin Skyhawks,90,62,False,True,TENN,UTM
2022,2021-11-10T00:00Z,North Carolina Tar Heels,Loyola Maryland Greyhounds,83,67,False,True,UNC,L-MD
2022,2021-11-10T00:00Z,Maryland Terrapins,Quinnipiac Bobcats,83,69,False,True,MD,QUIN
2022,2021-11-10T01:00Z,Auburn Tigers,Morehead State Eagles,77,54,False,True,AUB,MORE
2022,2021-11-10T00:00Z,St. Bonaventure Bonnies,Siena Saints,75,47,False,True,SBU,SIE
2022,2021-11-09T23:30Z,UConn Huskies,Central Connecticut Blue Devils,99,48,False,True,CONN,CCSU
2022,2021-11-10T02:00Z,Virginia Cavaliers,Navy Midshipmen,58,66,False,True,UVA,NAVY
2022,2021-11-10T23:30Z,Michigan Wolverines,Buffalo Bulls,88,76,False,True,MICH,BUF
2022,2021-11-11T02:00Z,Florida State Seminoles,Pennsylvania Quakers,105,70,False,True,FSU,PENN
2022,2021-11-11T23:30Z,Maryland Terrapins,George Washington Revolutionaries,71,64,False,True,MD,GW
2022,2021-11-13T04:30Z,UCLA Bruins,Villanova Wildcats,86,77,False,True,UCLA,VILL
2022,2021-11-13T01:00Z,Kansas Jayhawks,Tarleton State Texans,88,62,False,True,KU,TAR
2022,2021-11-13T01:30Z,Purdue Boilermakers,Indiana State Sycamores,92,67,False,True,PUR,INST
2022,2021-11-13T01:30Z,Baylor Bears,Incarnate Word Cardinals,87,60,False,True,BAY,UIW
2022,2021-11-13T02:00Z,Illinois Fighting Illini,Arkansas State Red Wolves,92,53,False,True,ILL,ARST
2022,2021-11-13T04:00Z,Oregon Ducks,SMU Mustangs,86,63,False,True,ORE,SMU
2022,2021-11-13T01:00Z,Alabama Crimson Tide,South Dakota State Jackrabbits,104,88,False,True,ALA,SDST
2022,2021-11-13T01:00Z,Houston Cougars,Rice Owls,79,46,False,True,HOU,RICE
2022,2021-11-13T00:00Z,Ohio State Buckeyes,Niagara Purple Eagles,84,74,False,True,OSU,NIA
2022,2021-11-13T02:00Z,North Carolina Tar Heels,Brown Bears,94,87,False,True,UNC,BRWN
2022,2021-11-13T01:00Z,Auburn Tigers,UL Monroe Warhawks,93,65,False,True,AUB,ULM
2022,2021-11-13T00:00Z,Virginia Cavaliers,Radford Highlanders,73,52,False,True,UVA,RAD
2022,2021-11-14T03:30Z,Gonzaga Bulldogs,Texas Longhorns,86,74,False,True,GONZ,TEX
2022,2021-11-14T00:00Z,Memphis Tigers,North Carolina Central Eagles,90,51,False,True,MEM,NCCU
2022,2021-11-13T20:00Z,Arkansas Razorbacks,Gardner-Webb Runnin' Bulldogs,86,69,False,True,ARK,GWEB
2022,2021-11-13T17:00Z,UConn Huskies,Coppin State Eagles,89,54,False,True,CONN,COPP
2022,2021-11-14T17:00Z,Tennessee Volunteers,East Tennessee State Buccaneers,94,62,False,True,TENN,ETSU
2022,2021-11-14T18:00Z,Florida Gators,Florida State Seminoles,71,55,False,True,FLA,FSU
2022,2021-11-14T22:00Z,St. Bonaventure Bonnies,Canisius Golden Griffins,69,60,False,True,SBU,CAN
2022,2021-11-16T02:00Z,Gonzaga Bulldogs,Alcorn State Braves,84,57,False,True,GONZ,ALCN
2022,2021-11-16T04:00Z,UCLA Bruins,Long Beach State Beach,100,79,False,True,UCLA,LBSU
2022,2021-11-15T17:00Z,Baylor Bears,Nicholls Colonels,89,60,False,True,BAY,NICH
2022,2021-11-15T23:30Z,Ohio State Buckeyes,Bowling Green Falcons,89,58,False,True,OSU,BGSU
2022,2021-11-16T23:30Z,Villanova Wildcats,Howard Bison,100,81,False,True,VILL,HOW
2022,2021-11-17T00:00Z,Purdue Boilermakers,Wright State Raiders,96,52,False,True,PUR,WRST
2022,2021-11-17T00:00Z,Duke Blue Devils,Gardner-Webb Runnin' Bulldogs,92,52,False,True,DUKE,GWEB
2022,2021-11-17T01:00Z,Memphis Tigers,Saint Louis Billikens,90,74,False,True,MEM,SLU
2022,2021-11-17T00:30Z,Alabama Crimson Tide,South Alabama Jaguars,73,68,False,True,ALA,USA
2022,2021-11-17T01:00Z,Houston Cougars,Virginia Cavaliers,67,47,False,True,HOU,UVA
2022,2021-11-17T01:30Z,Charleston Cougars,North Carolina Tar Heels,83,94,False,True,COFC,UNC
2022,2021-11-18T03:30Z,UCLA Bruins,North Florida Ospreys,98,63,False,True,UCLA,UNF
2022,2021-11-18T01:00Z,Baylor Bears,Central Arkansas Bears,92,47,False,True,BAY,CARK
2022,2021-11-18T01:00Z,Arkansas Razorbacks,Northern Iowa Panthers,93,80,False,True,ARK,UNI
2022,2021-11-18T00:00Z,Maryland Terrapins,George Mason Patriots,66,71,False,True,MD,GMU
2022,2021-11-17T23:30Z,UConn Huskies,Long Island University Sharks,93,40,False,True,CONN,LIU
2022,2021-11-19T01:00Z,Kansas Jayhawks,Stony Brook Seawolves,88,59,False,True,KU,STBK
2022,2021-11-18T23:00Z,Florida Gators,Milwaukee Panthers,81,45,False,True,FLA,MILW
2022,2021-11-20T01:00Z,Duke Blue Devils,Lafayette Leopards,88,55,False,True,DUKE,LAF
2022,2021-11-20T01:00Z,Memphis Tigers,Western Kentucky Hilltoppers,74,62,False,True,MEM,WKU
2022,2021-11-20T01:00Z,Alabama Crimson Tide,Oakland Golden Grizzlies,86,59,False,True,ALA,OAK
2022,2021-11-19T23:30Z,Maryland Terrapins,Hofstra Pride,69,67,False,True,MD,HOF
2022,2021-11-20T00:00Z,South Florida Bulls,Auburn Tigers,52,58,False,True,USF,AUB
2022,2021-11-20T18:00Z,Baylor Bears,Stanford Cardinal,86,48,False,True,BAY,STAN
2022,2021-11-20T17:00Z,UConn Huskies,Binghamton Bearcats,87,63,False,True,CONN,BING
2022,2021-11-23T02:00Z,Duke Blue Devils,The Citadel Bulldogs,107,81,False,True,DUKE,CIT
2022,2021-11-23T00:00Z,Kentucky Wildcats,UAlbany Great Danes,86,61,False,True,UK,UALB
2022,2021-11-23T04:00Z,USC Trojans,Utah Tech Trailblazers,98,71,False,True,USC,UTU
2022,2021-11-23T16:00Z,Evansville Purple Aces,Vermont Catamounts,49,58,True,True,EVAN,UVM
2022,2021-11-23T16:00Z,Chattanooga Mocs,Covenant Fighting Scots,100,39,False,True,UTC,COVENANT
2022,2021-11-23T17:00Z,James Madison Dukes,Wright State Raiders,78,76,True,True,JMU,WRST
2022,2021-11-23T17:00Z,Yale Bulldogs,Southern Utah Thunderbirds,85,88,True,True,YALE,SUU
2022,2021-11-23T17:30Z,Rider Broncs,Middle Tennessee Blue Raiders,54,60,True,True,RID,MTSU
2022,2021-11-23T18:30Z,Akron Zips,App State Mountaineers,45,57,True,True,AKR,APP
2022,2021-11-23T19:00Z,Towson Tigers,Pennsylvania Quakers,76,61,False,True,TOW,PENN
2022,2021-11-23T19:30Z,Butler Bulldogs,Texas A&M Aggies,50,57,True,True,BUT,TA&M
2022,2021-11-23T19:30Z,Charlotte 49ers,Drexel Dragons,55,67,True,True,CLT,DREX
2022,2021-11-23T19:30Z,Murray State Racers,Long Beach State Beach,80,43,True,True,MUR,LBSU
2022,2021-11-23T19:50Z,Bowling Green Falcons,Milwaukee Panthers,82,68,True,True,BGSU,MILW
2022,2021-11-23T20:00Z,Mercer Bears,Bucknell Bison,78,68,True,True,MER,BUCK
2022,2021-11-23T21:00Z,New Hampshire Wildcats,Quinnipiac Bobcats,84,69,False,True,UNH,QUIN
2022,2021-11-23T22:00Z,Northwestern Wildcats,Georgia Bulldogs,78,62,True,True,NU,UGA
2022,2021-11-23T22:00Z,Rice Owls,Oakland Golden Grizzlies,73,76,True,True,RICE,OAK
2022,2021-11-23T22:00Z,Houston Cougars,Wisconsin Badgers,63,65,True,True,HOU,WIS
2022,2021-11-23T22:00Z,Liberty Flames,Bethune-Cookman Wildcats,59,51,True,True,LIB,BCU
2022,2021-11-23T22:30Z,Toledo Rockets,Tulane Green Wave,68,67,True,True,TOL,TULN
2022,2021-11-23T22:30Z,Kent State Golden Flashes,George Washington Revolutionaries,77,69,True,True,KENT,GW
2022,2021-11-23T23:00Z,Buffalo Bulls,Stephen F. Austin Lumberjacks,78,79,True,True,BUF,SFA
2022,2021-11-24T00:00Z,Miami (OH) RedHawks,Defiance Yellow Jackets,99,47,False,True,M-OH,DFC
2022,2021-11-24T00:00Z,George Mason Patriots,Nevada Wolf Pack,69,88,True,True,GMU,NEV
2022,2021-11-24T00:00Z,Norfolk State Spartans,Regent Royals,95,20,False,True,NORF,RGNT
2022,2021-11-24T00:00Z,Merrimack Warriors,Hartford Hawks,75,60,False,True,MRMK,HART
2022,2021-11-24T00:00Z,North Carolina Central Eagles,Warren Wilson Owls,110,32,False,True,NCCU,WNWL
2022,2021-11-24T00:00Z,Kansas State Wildcats,Illinois Fighting Illini,64,72,True,True,KSU,ILL
2022,2021-11-24T00:00Z,Tennessee Tech Golden Eagles,Lipscomb Bisons,88,77,False,True,TNTC,LIP
2022,2021-11-24T00:00Z,IU Indianapolis Jaguars,Spalding Pelicans,61,41,False,True,IUIN,SPLD
2022,2021-11-24T00:00Z,South Carolina State Bulldogs,South Carolina Upstate Spartans,78,82,False,True,SCST,UPST
2022,2021-11-24T00:00Z,UMBC Retrievers,American University Eagles,98,67,False,True,UMBC,AMER
2022,2021-11-24T00:00Z,Marshall Thundering Herd,Louisiana Ragin' Cajuns,93,79,False,True,MRSH,UL
2022,2021-11-24T00:00Z,Maine Black Bears,Central Connecticut Blue Devils,56,64,False,True,ME,CCSU
2022,2021-11-24T00:00Z,Indiana Hoosiers,Jackson State Tigers,70,35,False,True,IU,JKST
2022,2021-11-24T00:00Z,St. John's Red Storm,St. Francis Brooklyn Terriers,76,70,False,True,SJU,SFBK
2022,2021-11-24T00:00Z,South Carolina Gamecocks,Wofford Terriers,85,74,False,True,SC,WOF
2022,2021-11-24T00:00Z,Lehigh Mountain Hawks,Columbia Lions,79,72,False,True,LEH,COLU
2022,2021-11-24T00:00Z,North Carolina Tar Heels,UNC Asheville Bulldogs,72,53,False,True,UNC,UNCA
2022,2021-11-24T00:00Z,Florida Gulf Coast Eagles,Rhode Island Rams,67,66,False,True,FGCU,URI
2022,2021-11-24T00:00Z,Saint Peter's Peacocks,Long Island University Sharks,64,62,False,True,SPU,LIU
2022,2021-11-24T00:00Z,Bellarmine Knights,Central Michigan Chippewas,76,69,True,True,BELL,CMU
2022,2021-11-24T00:30Z,Providence Friars,Virginia Cavaliers,40,58,True,True,PROV,UVA
2022,2021-11-24T00:30Z,Fordham Rams,Delaware Blue Hens,71,81,True,True,FOR,DEL
2022,2021-11-24T01:00Z,Southern Jaguars,Ecclesia Royals,109,53,False,True,SOU,ECCL
2022,2021-11-24T01:00Z,Saint Mary's Gaels,Oregon Ducks,62,50,True,True,SMC,ORE
2022,2021-11-24T01:00Z,Valparaiso Beacons,Coastal Carolina Chanticleers,61,64,True,True,VAL,CCU
2022,2021-11-24T01:00Z,East Tennessee State Buccaneers,Missouri State Bears,77,76,True,True,ETSU,MOST
2022,2021-11-24T01:00Z,South Dakota Coyotes,Presentation College Saints,99,58,False,True,SDAK,PRE
2022,2021-11-24T01:00Z,Oral Roberts Golden Eagles,Rogers State Hillcats,91,31,False,True,ORU,ROGER
2022,2021-11-24T01:00Z,UT Rio Grande Valley Vaqueros,Cal State Fullerton Titans,72,67,True,True,RGV,CSUF
2022,2021-11-24T01:00Z,Wake Forest Demon Deacons,Kennesaw State Owls,92,61,False,True,WAKE,KENN
2022,2021-11-24T01:00Z,Texas Tech Red Raiders,Omaha Mavericks,96,40,False,True,TTU,OMA
2022,2021-11-24T01:45Z,Saint Louis Billikens,Illinois State Redbirds,82,76,True,True,SLU,ILST
2022,2021-11-24T02:00Z,North Alabama Lions,Oakwood Ambassadors,105,50,False,True,UNA,OAKWO
2022,2021-11-24T02:00Z,Nebraska Cornhuskers,Tennessee State Tigers,79,73,False,True,NEB,TNST
2022,2021-11-24T02:30Z,Arkansas Razorbacks,Cincinnati Bearcats,73,67,True,True,ARK,CIN
2022,2021-11-24T02:30Z,South Dakota State Jackrabbits,Washington Huskies,76,87,True,True,SDST,WASH
2022,2021-11-24T03:00Z,Seattle U Redhawks,Pacific Lutheran Lutes,89,40,False,True,SEA,PACLTH
2022,2021-11-24T03:00Z,Stanford Cardinal,North Carolina A&T Aggies,79,65,False,True,STAN,NCAT
2022,2021-11-24T03:00Z,San José State Spartans,Northern Colorado Bears,75,74,False,True,SJSU,UNCO
2022,2021-11-24T03:00Z,UCLA Bruins,Gonzaga Bulldogs,63,83,True,True,UCLA,GONZ
2022,2021-11-24T03:00Z,Portland State Vikings,Portland Pilots,54,69,False,True,PRST,PORT
2022,2021-11-24T03:30Z,Chaminade Silverswords,Notre Dame Fighting Irish,64,90,True,True,CHAM,ND
2022,2021-11-24T03:30Z,Sacramento State Hornets,UC Davis Aggies,75,63,False,True,SAC,UCD
2022,2021-11-25T02:00Z,BYU Cougars,Texas Southern Tigers,81,64,False,True,BYU,TXSO
2022,2021-11-25T00:00Z,Michigan Wolverines,Tarleton State Texans,65,54,False,True,MICH,TAR
2022,2021-11-25T17:00Z,Michigan State Spartans,UConn Huskies,64,60,True,True,MSU,CONN
2022,2021-11-25T17:00Z,Miami Hurricanes,Dayton Flyers,60,76,True,True,MIA,DAY
2022,2021-11-25T18:30Z,San Diego Toreros,South Alabama Jaguars,67,68,True,True,USD,USA
2022,2021-11-25T19:00Z,New Orleans Privateers,Presbyterian Blue Hose,66,68,False,True,UNO,PRES
2022,2021-11-25T19:30Z,Loyola Chicago Ramblers,Auburn Tigers,53,62,True,True,LUC,AUB
2022,2021-11-25T19:30Z,Kansas Jayhawks,North Texas Mean Green,71,59,True,True,KU,UNT
2022,2021-11-25T21:00Z,Hawai'i Rainbow Warriors,UIC Flames,88,80,True,True,HAW,UIC
2022,2021-11-25T21:00Z,Central Arkansas Bears,VMI Keydets,67,73,True,True,CARK,VMI
2022,2021-11-25T22:00Z,VCU Rams,Baylor Bears,61,69,True,True,VCU,BAY
2022,2021-11-25T22:00Z,Iona Gaels,Alabama Crimson Tide,72,68,True,True,IONA,ALA
2022,2021-11-26T00:00Z,Southern Miss Golden Eagles,UC San Diego Tritons,56,55,True,True,USM,UCSD
2022,2021-11-26T00:00Z,New Mexico Lobos,UAB Blazers,73,86,True,True,UNM,UAB
2022,2021-11-26T00:00Z,Maryland Terrapins,Richmond Spiders,86,80,True,True,MD,RICH
2022,2021-11-26T00:30Z,Syracuse Orange,Arizona State Sun Devils,92,84,True,True,SYR,ASU
2022,2021-11-26T00:30Z,Drake Bulldogs,Belmont Bruins,69,74,True,True,DRKE,BEL
2022,2021-11-26T02:30Z,Saint Joseph's Hawks,USC Trojans,55,70,True,True,JOES,USC
2022,2021-11-26T02:30Z,Towson Tigers,San Francisco Dons,61,71,True,True,TOW,SF
2022,2021-11-26T02:30Z,Louisville Cardinals,Mississippi State Bulldogs,72,58,True,True,LOU,MSST
2022,2021-11-26T04:59Z,San Diego State Aztecs,Georgetown Hoyas,73,56,True,True,SDSU,GTWN
2022,2021-11-26T19:00Z,Purdue Boilermakers,Omaha Mavericks,97,40,False,True,PUR,OMA
2022,2021-11-27T00:00Z,Kentucky Wildcats,North Florida Ospreys,86,52,False,True,UK,UNF
2022,2021-11-27T01:00Z,Illinois Fighting Illini,UT Rio Grande Valley Vaqueros,94,85,False,True,ILL,RGV
2022,2021-11-26T20:00Z,Tennessee Volunteers,Tennessee Tech Golden Eagles,80,69,False,True,TENN,TNTC
2022,2021-11-28T23:00Z,La Salle Explorers,Villanova Wildcats,46,72,True,True,LAS,VILL
2022,2021-11-28T21:00Z,Arkansas Razorbacks,Pennsylvania Quakers,76,60,False,True,ARK,PENN
2022,2021-11-28T17:00Z,Seton Hall Pirates,Bethune-Cookman Wildcats,84,70,False,True,HALL,BCU
2022,2021-11-28T17:00Z,Florida Gators,Troy Trojans,84,45,False,True,FLA,TROY
2022,2021-11-30T03:00Z,Gonzaga Bulldogs,Tarleton State Texans,64,55,False,True,GONZ,TAR
2022,2021-11-30T00:00Z,Kentucky Wildcats,Central Michigan Chippewas,85,57,False,True,UK,CMU
2022,2021-12-01T00:00Z,Tennessee Volunteers,Presbyterian Blue Hose,86,44,False,True,TENN,PRES
2022,2021-12-01T01:00Z,Houston Cougars,Northwestern State Demons,99,58,False,True,HOU,NWST
2022,2021-12-01T00:00Z,UConn Huskies,Maryland Eastern Shore Hawks,72,63,False,True,CONN,UMES
2022,2021-12-02T02:30Z,UCLA Bruins,Colorado Buffaloes,73,61,False,True,UCLA,COLO
2022,2021-12-02T00:00Z,Pennsylvania Quakers,Villanova Wildcats,56,71,False,True,PENN,VILL
2022,2021-12-02T01:00Z,Arkansas Razorbacks,Central Arkansas Bears,97,60,False,True,ARK,CARK
2022,2021-12-02T01:00Z,Oklahoma Sooners,Florida Gators,74,67,False,True,OU,FLA
2022,2021-12-02T00:15Z,Georgia Bulldogs,Memphis Tigers,82,79,False,True,UGA,MEM
2022,2021-12-02T01:00Z,Iowa State Cyclones,Arkansas-Pine Bluff Golden Lions,83,64,False,True,ISU,UAPB
2022,2021-12-02T04:30Z,USC Trojans,Utah Utes,93,73,False,True,USC,UTAH
2022,2021-12-02T01:00Z,Auburn Tigers,UCF Knights,85,68,False,True,AUB,UCF
2022,2021-12-02T00:00Z,Seton Hall Pirates,Wagner Seahawks,85,63,False,True,HALL,WAG
2022,2021-12-04T02:00Z,Purdue Boilermakers,Iowa Hawkeyes,77,70,False,True,PUR,IOWA
2022,2021-12-04T00:00Z,Texas Longhorns,UT Rio Grande Valley Vaqueros,88,58,False,True,TEX,RGV
2022,2021-12-04T01:00Z,Houston Cougars,Bryant Bulldogs,111,44,False,True,HOU,BRY
2022,2021-12-04T22:00Z,Baylor Bears,Arkansas-Pine Bluff Golden Lions,99,54,False,True,BAY,UAPB
2022,2021-12-04T17:00Z,Villanova Wildcats,Saint Joseph's Hawks,81,52,False,True,VILL,JOES
2022,2021-12-04T21:00Z,Arkansas Razorbacks,Little Rock Trojans,93,78,False,True,ARK,LR
2022,2021-12-04T21:00Z,Missouri State Bears,BYU Cougars,68,74,False,True,MOST,BYU
2022,2021-12-04T19:00Z,Colorado Buffaloes,Tennessee Volunteers,54,69,False,True,COLO,TENN
2022,2021-12-04T21:00Z,UConn Huskies,Grambling Tigers,88,59,False,True,CONN,GRAM
2022,2021-12-04T17:00Z,Ole Miss Rebels,Memphis Tigers,67,63,False,True,MISS,MEM
2022,2021-12-04T23:00Z,Washington State Cougars,USC Trojans,61,63,False,True,WSU,USC
2022,2021-12-04T19:00Z,Auburn Tigers,Yale Bulldogs,86,64,False,True,AUB,YALE
2022,2021-12-04T22:00Z,Michigan State Spartans,Toledo Rockets,81,68,False,True,MSU,TOL
2022,2021-12-04T17:30Z,Wisconsin Badgers,Marquette Golden Eagles,89,76,False,True,WIS,MARQ
2022,2021-12-04T18:00Z,Michigan Wolverines,San Diego State Aztecs,72,58,False,True,MICH,SDSU
2022,2021-12-04T17:00Z,Seton Hall Pirates,Alliance University Warriors,113,67,False,True,HALL,NYACK
2022,2021-12-05T21:00Z,Oregon State Beavers,Arizona Wildcats,65,90,False,True,ORST,ARIZ
2022,2021-12-07T01:00Z,Houston Cougars,Alcorn State Braves,77,45,False,True,HOU,ALCN
2022,2021-12-06T23:00Z,Florida Gators,Texas Southern Tigers,54,69,False,True,FLA,TXSO
2022,2021-12-08T01:00Z,Kansas Jayhawks,UTEP Miners,78,52,False,True,KU,UTEP
2022,2021-12-08T00:00Z,Kentucky Wildcats,Southern Jaguars,76,64,False,True,UK,SOU
2022,2021-12-08T02:00Z,Arkansas Razorbacks,Charlotte 49ers,86,66,False,True,ARK,CLT
2022,2021-12-08T03:00Z,USC Trojans,Eastern Kentucky Colonels,80,68,False,True,USC,EKU
2022,2021-12-09T03:00Z,Arizona Wildcats,Wyoming Cowboys,94,65,False,True,ARIZ,WYO
2022,2021-12-09T02:00Z,Minnesota Golden Gophers,Michigan State Spartans,67,75,False,True,MINN,MSU
2022,2021-12-09T00:00Z,Florida Gators,North Florida Ospreys,85,55,False,True,FLA,UNF
2022,2021-12-09T02:00Z,Ohio State Buckeyes,Towson Tigers,85,74,False,True,OSU,TOW
2022,2021-12-09T00:00Z,Wisconsin Badgers,Indiana Hoosiers,64,59,False,True,WIS,IU
2022,2021-12-09T02:00Z,BYU Cougars,Utah State Aggies,82,71,False,True,BYU,USU
2022,2021-12-10T22:00Z,Montana Grizzlies,Yellowstone Christian College Centurions,104,43,False,True,MONT,YCC
2022,2021-12-11T00:00Z,Furman Paladins,App State Mountaineers,73,65,False,True,FUR,APP
2022,2021-12-11T00:00Z,Tennessee State Tigers,IU Indianapolis Jaguars,70,44,False,True,TNST,IUIN
2022,2021-12-11T00:00Z,Delaware Blue Hens,Moravian Greyhounds,94,55,False,True,DEL,MOR
2022,2021-12-11T00:00Z,Brown Bears,Vermont Catamounts,65,70,False,True,BRWN,UVM
2022,2021-12-11T00:00Z,NJIT Highlanders,Army Black Knights,49,66,False,True,NJIT,ARMY
2022,2021-12-11T00:00Z,South Carolina State Bulldogs,High Point Panthers,67,66,True,True,SCST,HPU
2022,2021-12-11T00:00Z,Bellarmine Knights,Midway University Eagles,89,39,False,True,BELL,MIDW
2022,2021-12-11T01:00Z,Kansas City Roos,Green Bay Phoenix,64,55,False,True,KC,GB
2022,2021-12-11T01:00Z,Memphis Tigers,Murray State Racers,72,74,False,True,MEM,MUR
2022,2021-12-11T01:00Z,Vanderbilt Commodores,Loyola Chicago Ramblers,58,69,False,True,VAN,LUC
2022,2021-12-11T01:00Z,Louisville Cardinals,DePaul Blue Demons,55,62,False,True,LOU,DEP
2022,2021-12-11T01:00Z,North Dakota State Bison,Cal State Northridge Matadors,68,54,False,True,NDSU,CSUN
2022,2021-12-11T02:00Z,Boise State Broncos,Prairie View A&M Panthers,97,60,False,True,BOIS,PV
2022,2021-12-11T02:30Z,Colorado Buffaloes,Milwaukee Panthers,65,54,False,True,COLO,MILW
2022,2021-12-12T02:30Z,Marquette Golden Eagles,UCLA Bruins,56,67,False,True,MARQ,UCLA
2022,2021-12-11T20:15Z,Kansas Jayhawks,Missouri Tigers,102,65,False,True,KU,MIZ
2022,2021-12-12T03:00Z,Alabama Crimson Tide,Houston Cougars,83,82,False,True,ALA,HOU
2022,2021-12-11T22:15Z,Notre Dame Fighting Irish,Kentucky Wildcats,66,62,False,True,ND,UK
2022,2021-12-11T22:00Z,Illinois Fighting Illini,Arizona Wildcats,79,83,False,True,ILL,ARIZ
2022,2021-12-11T18:30Z,Oklahoma Sooners,Arkansas Razorbacks,88,66,True,True,OU,ARK
2022,2021-12-11T21:30Z,Tennessee Volunteers,UNC Greensboro Spartans,76,36,False,True,TENN,UNCG
2022,2021-12-11T19:00Z,Michigan State Spartans,Penn State Nittany Lions,80,64,False,True,MSU,PSU
2022,2021-12-11T17:00Z,Ohio State Buckeyes,Wisconsin Badgers,73,55,False,True,OSU,WIS
2022,2021-12-11T17:00Z,Creighton Bluejays,BYU Cougars,83,71,True,True,CREI,BYU
2022,2021-12-12T22:00Z,USC Trojans,Long Beach State Beach,73,62,False,True,USC,LBSU
2022,2021-12-12T18:00Z,Iowa State Cyclones,Jackson State Tigers,47,37,False,True,ISU,JKST
2022,2021-12-13T18:00Z,Chicago State Cougars,Northern Illinois Huskies,59,70,False,True,CHST,NIU
2022,2021-12-13T23:00Z,Princeton Tigers,UMBC Retrievers,89,77,False,True,PRIN,UMBC
2022,2021-12-13T23:30Z,App State Mountaineers,Erskine Flying Fleet,69,44,False,True,APP,ERSK
2022,2021-12-14T00:00Z,Stetson Hatters,Johnson University Florida Suns,104,58,False,True,STET,FLORI
2022,2021-12-14T00:00Z,Nicholls Colonels,Blue Mountain Toppers,87,69,False,True,NICH,BMCU
2022,2021-12-14T00:00Z,Long Island University Sharks,Merchant Marine Academy Mariners,106,48,False,True,LIU,MERCHMAR
2022,2021-12-14T00:00Z,George Washington Revolutionaries,Radford Highlanders,67,58,False,True,GW,RAD
2022,2021-12-14T00:00Z,New Hampshire Wildcats,Keene St Owls,92,54,False,True,UNH,KEEN
2022,2021-12-14T00:00Z,Liberty Flames,Carver College Cougars,95,36,False,True,LIB,CBC
2022,2021-12-14T00:00Z,Jacksonville State Gamecocks,LaGrange Panthers,110,80,False,True,JXST,LGC
2022,2021-12-14T01:00Z,Oklahoma State Cowboys,Cleveland State Vikings,98,93,False,True,OKST,CLE
2022,2021-12-14T01:00Z,Milwaukee Panthers,Rhode Island Rams,58,82,False,True,MILW,URI
2022,2021-12-14T01:00Z,Columbia Lions,Sacred Heart Pioneers,69,79,False,True,COLU,SHU
2022,2021-12-14T01:00Z,Boston College Eagles,UAlbany Great Danes,57,61,False,True,BC,UALB
2022,2021-12-14T01:00Z,North Dakota State Bison,Indiana State Sycamores,77,70,False,True,NDSU,INST
2022,2021-12-14T02:00Z,Montana Grizzlies,Nelson Lions,118,49,False,True,MONT,NEL
2022,2021-12-14T03:00Z,Portland Pilots,Cal Poly Mustangs,78,77,False,True,PORT,CP
2022,2021-12-15T01:00Z,Duke Blue Devils,South Carolina State Bulldogs,103,62,False,True,DUKE,SCST
2022,2021-12-15T02:00Z,Memphis Tigers,Alabama Crimson Tide,92,78,False,True,MEM,ALA
2022,2021-12-15T02:00Z,Auburn Tigers,North Alabama Lions,70,44,False,True,AUB,UNA
2022,2021-12-15T01:00Z,Houston Cougars,Louisiana Ragin' Cajuns,71,56,False,True,HOU,UL
2022,2021-12-15T00:00Z,Tennessee Volunteers,South Carolina Upstate Spartans,96,52,False,True,TENN,UPST
2022,2021-12-15T00:00Z,LSU Tigers,Northwestern State Demons,89,49,False,True,LSU,NWST
2022,2021-12-15T01:00Z,Texas Tech Red Raiders,Arkansas State Red Wolves,75,62,False,True,TTU,ARST
2022,2021-12-16T02:00Z,Arizona Wildcats,Northern Colorado Bears,101,76,False,True,ARIZ,UNCO
2022,2021-12-16T02:00Z,USC Trojans,UC Irvine Anteaters,66,61,False,True,USC,UCI
2022,2021-12-16T01:30Z,Xavier Musketeers,Morehead State Eagles,86,63,False,True,XAV,MORE
2022,2021-12-17T00:00Z,Duke Blue Devils,App State Mountaineers,92,67,False,True,DUKE,APP
2022,2021-12-18T01:00Z,Creighton Bluejays,Villanova Wildcats,79,59,False,True,CREI,VILL
2022,2021-12-19T03:00Z,Oregon Ducks,Baylor Bears,70,78,False,True,ORE,BAY
2022,2021-12-18T21:00Z,Duke Blue Devils,Elon Phoenix,87,56,False,True,DUKE,ELON
2022,2021-12-19T01:30Z,Alabama Crimson Tide,Jacksonville State Gamecocks,65,59,False,True,ALA,JXST
2022,2021-12-19T01:00Z,Kansas Jayhawks,Stephen F. Austin Lumberjacks,80,72,False,True,KU,SFA
2022,2021-12-18T23:00Z,Arizona Wildcats,California Baptist Lancers,84,60,False,True,ARIZ,CBU
2022,2021-12-19T02:00Z,Saint Louis Billikens,Auburn Tigers,70,74,False,True,SLU,AUB
2022,2021-12-19T00:00Z,Houston Cougars,Oklahoma State Cowboys,72,61,True,True,HOU,OKST
2022,2021-12-19T00:00Z,Louisiana Tech Bulldogs,LSU Tigers,57,66,True,True,LT,LSU
2022,2021-12-18T22:00Z,UConn Huskies,Providence Friars,53,57,False,True,CONN,PROV
2022,2021-12-18T21:00Z,Xavier Musketeers,Marquette Golden Eagles,80,71,False,True,XAV,MARQ
2022,2021-12-19T01:00Z,Arkansas Razorbacks,Hofstra Pride,81,89,True,True,ARK,HOF
2022,2021-12-19T18:00Z,Iowa State Cyclones,SE Louisiana Lions,77,54,False,True,ISU,SELA
2022,2021-12-21T00:00Z,Baylor Bears,Alcorn State Braves,94,57,False,True,BAY,ALCN
2022,2021-12-21T00:00Z,Purdue Boilermakers,Incarnate Word Cardinals,79,59,False,True,PUR,UIW
2022,2021-12-21T02:00Z,Gonzaga Bulldogs,Northern Arizona Lumberjacks,95,49,False,True,GONZ,NAU
2022,2021-12-22T00:00Z,Iowa State Cyclones,Chicago State Cougars,79,48,False,True,ISU,CHST
2022,2021-12-22T00:00Z,Alabama Crimson Tide,Davidson Wildcats,78,79,True,True,ALA,DAV
2022,2021-12-22T00:30Z,Oakland Golden Grizzlies,Michigan State Spartans,78,90,True,True,OAK,MSU
2022,2021-12-22T00:00Z,Villanova Wildcats,Xavier Musketeers,71,58,False,True,VILL,XAV
2022,2021-12-23T02:00Z,Duke Blue Devils,Virginia Tech Hokies,76,65,False,True,DUKE,VT
2022,2021-12-23T00:00Z,Tennessee Volunteers,Arizona Wildcats,77,73,False,True,TENN,ARIZ
2022,2021-12-22T23:00Z,Auburn Tigers,Murray State Racers,71,58,False,True,AUB,MUR
2022,2021-12-23T01:00Z,Houston Cougars,Texas State Bobcats,80,47,False,True,HOU,TXST
2022,2021-12-22T19:00Z,Texas Longhorns,Alabama State Hornets,68,48,False,True,TEX,ALST
2022,2021-12-23T01:00Z,LSU Tigers,Lipscomb Bisons,95,60,False,True,LSU,LIP
2022,2021-12-22T23:00Z,Kentucky Wildcats,Western Kentucky Hilltoppers,95,60,False,True,UK,WKU
2022,2021-12-22T19:00Z,Texas Tech Red Raiders,Eastern Washington Eagles,78,46,False,True,TTU,EWU
2022,2021-12-25T18:30Z,South Florida Bulls,Wyoming Cowboys,57,77,True,True,USF,WYO
2022,2021-12-25T23:30Z,BYU Cougars,Liberty Flames,80,75,True,True,BYU,LIB
2022,2021-12-27T23:00Z,Syracuse Orange,Brown Bears,93,62,False,True,SYR,BRWN
2022,2021-12-28T01:00Z,Texas A&M Aggies,Dallas Christian Crusaders,102,52,False,True,TA&M,DALLA
2022,2021-12-29T01:00Z,Baylor Bears,Northwestern State Demons,104,68,False,True,BAY,NWST
2022,2021-12-28T22:00Z,Gonzaga Bulldogs,North Alabama Lions,93,63,False,True,GONZ,UNA
2022,2021-12-29T01:30Z,Texas Longhorns,Incarnate Word Cardinals,78,33,False,True,TEX,UIW
2022,2021-12-28T19:00Z,Texas Tech Red Raiders,Alabama State Hornets,75,53,False,True,TTU,ALST
2022,2021-12-29T22:00Z,Purdue Boilermakers,Nicholls Colonels,104,90,False,True,PUR,NICH
2022,2021-12-30T01:00Z,Kansas Jayhawks,Nevada Wolf Pack,88,61,False,True,KU,NEV
2022,2021-12-29T20:00Z,Michigan State Spartans,High Point Panthers,81,68,False,True,MSU,HPU
2022,2021-12-30T00:00Z,Auburn Tigers,LSU Tigers,70,55,False,True,AUB,LSU
2022,2021-12-30T02:00Z,Alabama Crimson Tide,Tennessee Volunteers,73,68,False,True,ALA,TENN
2022,2021-12-30T00:00Z,Providence Friars,Seton Hall Pirates,70,65,False,True,PROV,HALL
2022,2021-12-30T00:00Z,Kentucky Wildcats,Missouri Tigers,83,56,False,True,UK,MIZ
2022,2021-12-30T01:00Z,Wisconsin Badgers,Illinois State Redbirds,89,85,False,True,WIS,ILST
2022,2021-12-31T17:00Z,Kentucky Wildcats,High Point Panthers,92,48,False,True,UK,HPU
2022,2022-01-01T19:00Z,Iowa State Cyclones,Baylor Bears,72,77,False,True,ISU,BAY
2022,2022-01-01T22:00Z,Kansas Jayhawks,George Mason Patriots,76,67,False,True,KU,GMU
2022,2022-01-01T19:00Z,Seton Hall Pirates,Villanova Wildcats,67,73,False,True,HALL,VILL
2022,2022-01-01T17:00Z,Texas Longhorns,West Virginia Mountaineers,74,59,False,True,TEX,WVU
2022,2022-01-01T20:00Z,DePaul Blue Demons,Providence Friars,53,70,False,True,DEP,PROV
2022,2022-01-02T19:00Z,Northwestern Wildcats,Michigan State Spartans,67,73,False,True,NU,MSU
2022,2022-01-02T22:00Z,Temple Owls,Houston Cougars,61,66,False,True,TEM,HOU
2022,2022-01-03T01:00Z,Nebraska Cornhuskers,Ohio State Buckeyes,79,87,False,True,NEB,OSU
2022,2022-01-04T00:00Z,Purdue Boilermakers,Wisconsin Badgers,69,74,False,True,PUR,WIS
2022,2022-01-04T01:00Z,Arizona Wildcats,Washington Huskies,95,79,False,True,ARIZ,WASH
2022,2022-01-05T00:00Z,Baylor Bears,Oklahoma Sooners,84,74,False,True,BAY,OU
2022,2022-01-05T02:00Z,Duke Blue Devils,Georgia Tech Yellow Jackets,69,57,False,True,DUKE,GT
2022,2022-01-05T02:00Z,Oklahoma State Cowboys,Kansas Jayhawks,63,74,False,True,OKST,KU
2022,2022-01-04T23:30Z,South Carolina Gamecocks,Auburn Tigers,66,81,False,True,SC,AUB
2022,2022-01-05T00:00Z,Kansas State Wildcats,Texas Longhorns,57,70,False,True,KSU,TEX
2022,2022-01-05T00:00Z,LSU Tigers,Kentucky Wildcats,65,60,False,True,LSU,UK
2022,2022-01-05T02:00Z,Marquette Golden Eagles,Providence Friars,88,56,False,True,MARQ,PROV
2022,2022-01-05T02:00Z,Colorado State Rams,Air Force Falcons,67,59,False,True,CSU,AF
2022,2022-01-05T01:00Z,Butler Bulldogs,Seton Hall Pirates,56,71,False,True,BUT,HALL
2022,2022-01-06T00:00Z,Michigan State Spartans,Nebraska Cornhuskers,79,67,False,True,MSU,NEB
2022,2022-01-06T02:00Z,Iowa State Cyclones,Texas Tech Red Raiders,51,47,False,True,ISU,TTU
2022,2022-01-06T00:00Z,South Florida Bulls,Houston Cougars,66,83,False,True,USF,HOU
2022,2022-01-06T00:00Z,Florida Gators,Alabama Crimson Tide,70,83,False,True,FLA,ALA
2022,2022-01-06T00:00Z,Tennessee Volunteers,Ole Miss Rebels,66,60,False,True,TENN,MISS
2022,2022-01-06T01:30Z,Villanova Wildcats,Creighton Bluejays,75,41,False,True,VILL,CREI
2022,2022-01-07T00:30Z,UCLA Bruins,Long Beach State Beach,96,78,False,True,UCLA,LBSU
2022,2022-01-07T04:00Z,California Golden Bears,USC Trojans,63,77,False,True,CAL,USC
2022,2022-01-07T00:00Z,Indiana Hoosiers,Ohio State Buckeyes,67,51,False,True,IU,OSU
2022,2022-01-07T02:00Z,Wisconsin Badgers,Iowa Hawkeyes,87,78,False,True,WIS,IOWA
2022,2022-01-08T01:30Z,Butler Bulldogs,Xavier Musketeers,72,87,False,True,BUT,XAV
2022,2022-01-08T22:00Z,TCU Horned Frogs,Baylor Bears,64,76,False,True,TCU,BAY
2022,2022-01-09T01:00Z,Duke Blue Devils,Miami Hurricanes,74,76,False,True,DUKE,MIA
2022,2022-01-08T17:00Z,Penn State Nittany Lions,Purdue Boilermakers,67,74,False,True,PSU,PUR
2022,2022-01-09T02:00Z,Gonzaga Bulldogs,Pepperdine Waves,117,83,False,True,GONZ,PEPP
2022,2022-01-09T01:00Z,California Golden Bears,UCLA Bruins,52,60,False,True,CAL,UCLA
2022,2022-01-09T01:00Z,Auburn Tigers,Florida Gators,85,73,False,True,AUB,FLA
2022,2022-01-08T23:00Z,Oklahoma Sooners,Iowa State Cyclones,79,66,False,True,OU,ISU
2022,2022-01-08T17:00Z,Houston Cougars,Wichita State Shockers,76,66,False,True,HOU,WICH
2022,2022-01-08T19:00Z,Oklahoma State Cowboys,Texas Longhorns,64,51,False,True,OKST,TEX
2022,2022-01-08T20:30Z,Missouri Tigers,Alabama Crimson Tide,92,86,False,True,MIZ,ALA
2022,2022-01-08T17:00Z,Providence Friars,St. John's Red Storm,83,73,False,True,PROV,SJU
2022,2022-01-08T23:00Z,Kentucky Wildcats,Georgia Bulldogs,92,77,False,True,UK,UGA
2022,2022-01-08T23:00Z,LSU Tigers,Tennessee Volunteers,79,67,False,True,LSU,TENN
2022,2022-01-08T19:00Z,DePaul Blue Demons,Villanova Wildcats,64,79,False,True,DEP,VILL
2022,2022-01-08T21:00Z,San Diego State Aztecs,Colorado State Rams,79,49,False,True,SDSU,CSU
2022,2022-01-08T17:00Z,Seton Hall Pirates,UConn Huskies,90,87,False,True,HALL,CONN
2022,2022-01-09T22:30Z,Ohio State Buckeyes,Northwestern Wildcats,95,87,False,True,OSU,NU
2022,2022-01-10T00:30Z,Maryland Terrapins,Wisconsin Badgers,69,70,False,True,MD,WIS
2022,2022-01-10T22:00Z,Winthrop Eagles,Campbell Fighting Camels,74,72,False,True,WIN,CAM
2022,2022-01-10T23:00Z,UNC Greensboro Spartans,Wofford Terriers,58,54,False,True,UNCG,WOF
2022,2022-01-10T23:00Z,Colgate Raiders,Army Black Knights,76,57,False,True,COLG,ARMY
2022,2022-01-10T23:00Z,South Carolina State Bulldogs,Morgan State Bears,81,88,False,True,SCST,MORG
2022,2022-01-11T00:00Z,East Tennessee State Buccaneers,Western Carolina Catamounts,87,69,False,True,ETSU,WCU
2022,2022-01-11T00:00Z,Loyola Maryland Greyhounds,Bucknell Bison,71,67,False,True,L-MD,BUCK
2022,2022-01-11T00:00Z,Lehigh Mountain Hawks,Holy Cross Crusaders,77,69,False,True,LEH,HC
2022,2022-01-11T00:00Z,American University Eagles,Boston University Terriers,53,79,False,True,AMER,BU
2022,2022-01-11T00:00Z,Lafayette Leopards,Navy Midshipmen,55,69,False,True,LAF,NAVY
2022,2022-01-11T00:00Z,IU Indianapolis Jaguars,UIC Flames,65,67,False,True,IUIN,UIC
2022,2022-01-11T00:30Z,Bethune-Cookman Wildcats,Southern Jaguars,59,69,False,True,BCU,SOU
2022,2022-01-11T00:30Z,Florida A&M Rattlers,Grambling Tigers,75,66,False,True,FAMU,GRAM
2022,2022-01-11T01:00Z,Kansas City Roos,Omaha Mavericks,64,61,False,True,KC,OMA
2022,2022-01-11T01:00Z,North Dakota Fighting Hawks,South Dakota Coyotes,68,75,False,True,UND,SDAK
2022,2022-01-11T01:00Z,Alabama A&M Bulldogs,Jackson State Tigers,60,58,False,True,AAMU,JKST
2022,2022-01-11T01:30Z,Texas Southern Tigers,Mississippi Valley State Delta Devils,95,58,False,True,TXSO,MVSU
2022,2022-01-11T01:30Z,Prairie View A&M Panthers,Arkansas-Pine Bluff Golden Lions,75,58,False,True,PV,UAPB
2022,2022-01-11T02:00Z,Alabama State Hornets,Alcorn State Braves,60,70,False,True,ALST,ALCN
2022,2022-01-11T02:00Z,Denver Pioneers,North Dakota State Bison,69,87,False,True,DEN,NDSU
2022,2022-01-11T03:00Z,Oregon State Beavers,Oregon Ducks,76,78,False,True,ORST,ORE
2022,2022-01-11T03:00Z,Pepperdine Waves,San Diego Toreros,62,72,False,True,PEPP,USD
2022,2022-01-12T00:00Z,Baylor Bears,Texas Tech Red Raiders,62,65,False,True,BAY,TTU
2022,2022-01-12T02:00Z,Alabama Crimson Tide,Auburn Tigers,77,81,False,True,ALA,AUB
2022,2022-01-11T22:00Z,Stanford Cardinal,USC Trojans,75,69,False,True,STAN,USC
2022,2022-01-12T01:00Z,Kansas Jayhawks,Iowa State Cyclones,62,61,False,True,KU,ISU
2022,2022-01-12T00:00Z,Vanderbilt Commodores,Kentucky Wildcats,66,78,False,True,VAN,UK
2022,2022-01-12T01:30Z,Texas Longhorns,Oklahoma Sooners,66,52,False,True,TEX,OU
2022,2022-01-11T23:30Z,Tennessee Volunteers,South Carolina Gamecocks,66,46,False,True,TENN,SC
2022,2022-01-12T01:30Z,Nebraska Cornhuskers,Illinois Fighting Illini,71,81,False,True,NEB,ILL
2022,2022-01-13T00:00Z,Wake Forest Demon Deacons,Duke Blue Devils,64,76,False,True,WAKE,DUKE
2022,2022-01-13T00:00Z,Michigan State Spartans,Minnesota Golden Gophers,71,69,False,True,MSU,MINN
2022,2022-01-13T00:00Z,Florida Gators,LSU Tigers,58,64,False,True,FLA,LSU
2022,2022-01-12T23:30Z,Xavier Musketeers,Villanova Wildcats,60,64,False,True,XAV,VILL
2022,2022-01-14T04:00Z,Gonzaga Bulldogs,BYU Cougars,110,84,False,True,GONZ,BYU
2022,2022-01-14T02:30Z,UCLA Bruins,Oregon Ducks,81,84,False,True,UCLA,ORE
2022,2022-01-14T04:00Z,USC Trojans,Oregon State Beavers,81,71,False,True,USC,ORST
2022,2022-01-14T04:00Z,Arizona Wildcats,Colorado Buffaloes,76,55,False,True,ARIZ,COLO
2022,2022-01-14T00:00Z,Wisconsin Badgers,Ohio State Buckeyes,78,68,False,True,WIS,OSU
2022,2022-01-14T00:00Z,Texas Tech Red Raiders,Oklahoma State Cowboys,78,57,False,True,TTU,OKST
2022,2022-01-13T22:00Z,DePaul Blue Demons,Seton Hall Pirates,96,92,False,True,DEP,HALL
2022,2022-01-14T23:30Z,Purdue Boilermakers,Nebraska Cornhuskers,92,65,False,True,PUR,NEB
2022,2022-01-15T02:00Z,Illinois Fighting Illini,Michigan Wolverines,68,53,False,True,ILL,MICH
2022,2022-01-15T22:00Z,Baylor Bears,Oklahoma State Cowboys,54,61,False,True,BAY,OKST
2022,2022-01-15T21:00Z,Santa Clara Broncos,Gonzaga Bulldogs,83,115,False,True,SCU,GONZ
2022,2022-01-16T03:30Z,UCLA Bruins,Oregon State Beavers,81,65,False,True,UCLA,ORST
2022,2022-01-16T01:30Z,Ole Miss Rebels,Auburn Tigers,71,80,False,True,MISS,AUB
2022,2022-01-16T04:00Z,USC Trojans,Oregon Ducks,69,79,False,True,USC,ORE
2022,2022-01-16T01:00Z,Arizona Wildcats,Utah Utes,82,64,False,True,ARIZ,UTAH
2022,2022-01-15T19:00Z,Duke Blue Devils,NC State Wolfpack,88,73,False,True,DUKE,NCSU
2022,2022-01-15T19:00Z,Kansas Jayhawks,West Virginia Mountaineers,85,59,False,True,KU,WVU
2022,2022-01-15T17:00Z,Michigan State Spartans,Northwestern Wildcats,62,64,False,True,MSU,NU
2022,2022-01-16T01:00Z,Tulsa Golden Hurricane,Houston Cougars,64,66,False,True,TLSA,HOU
2022,2022-01-15T19:00Z,LSU Tigers,Arkansas Razorbacks,58,65,False,True,LSU,ARK
2022,2022-01-15T19:00Z,Iowa State Cyclones,Texas Longhorns,79,70,False,True,ISU,TEX
2022,2022-01-15T17:00Z,Xavier Musketeers,Creighton Bluejays,80,73,False,True,XAV,CREI
2022,2022-01-15T18:00Z,Kentucky Wildcats,Tennessee Volunteers,107,79,False,True,UK,TENN
2022,2022-01-15T17:00Z,Kansas State Wildcats,Texas Tech Red Raiders,62,51,False,True,KSU,TTU
2022,2022-01-15T17:00Z,Marquette Golden Eagles,Seton Hall Pirates,73,72,False,True,MARQ,HALL
2022,2022-01-15T23:00Z,Mississippi State Bulldogs,Alabama Crimson Tide,78,76,False,True,MSST,ALA
2022,2022-01-16T17:00Z,Villanova Wildcats,Butler Bulldogs,82,42,False,True,VILL,BUT
2022,2022-01-16T17:00Z,Ohio State Buckeyes,Penn State Nittany Lions,61,56,False,True,OSU,PSU
2022,2022-01-17T17:00Z,Illinois Fighting Illini,Purdue Boilermakers,88,96,False,True,ILL,PUR
2022,2022-01-18T22:00Z,West Virginia Mountaineers,Baylor Bears,68,77,False,True,WVU,BAY
2022,2022-01-19T02:00Z,Florida State Seminoles,Duke Blue Devils,79,78,False,True,FSU,DUKE
2022,2022-01-19T00:00Z,Oklahoma Sooners,Kansas Jayhawks,64,67,False,True,OU,KU
2022,2022-01-19T02:00Z,Northwestern Wildcats,Wisconsin Badgers,76,82,False,True,NU,WIS
2022,2022-01-19T01:00Z,Houston Cougars,South Florida Bulls,74,55,False,True,HOU,USF
2022,2022-01-19T02:00Z,Texas Tech Red Raiders,Iowa State Cyclones,72,60,False,True,TTU,ISU
2022,2022-01-19T00:00Z,Ohio State Buckeyes,IU Indianapolis Jaguars,83,37,False,True,OSU,IUIN
2022,2022-01-19T01:00Z,Evansville Purple Aces,Loyola Chicago Ramblers,48,77,False,True,EVAN,LUC
2022,2022-01-19T01:30Z,Texas Longhorns,Kansas State Wildcats,65,66,False,True,TEX,KSU
2022,2022-01-19T02:00Z,Vanderbilt Commodores,Tennessee Volunteers,60,68,False,True,VAN,TENN
2022,2022-01-19T00:00Z,UConn Huskies,Butler Bulldogs,76,59,False,True,CONN,BUT
2022,2022-01-20T02:00Z,Auburn Tigers,Georgia Bulldogs,83,60,False,True,AUB,UGA
2022,2022-01-20T01:00Z,Villanova Wildcats,Marquette Golden Eagles,54,57,False,True,VILL,MARQ
2022,2022-01-20T01:30Z,Texas A&M Aggies,Kentucky Wildcats,58,64,False,True,TA&M,UK
2022,2022-01-20T00:00Z,Alabama Crimson Tide,LSU Tigers,70,67,False,True,ALA,LSU
2022,2022-01-20T02:00Z,DePaul Blue Demons,Xavier Musketeers,67,68,False,True,DEP,XAV
2022,2022-01-21T04:00Z,Gonzaga Bulldogs,San Francisco Dons,78,62,False,True,GONZ,SF
2022,2022-01-21T04:00Z,Stanford Cardinal,Arizona Wildcats,57,85,False,True,STAN,ARIZ
2022,2022-01-21T00:00Z,Indiana Hoosiers,Purdue Boilermakers,68,65,False,True,IU,PUR
2022,2022-01-21T04:00Z,Utah Utes,UCLA Bruins,58,63,False,True,UTAH,UCLA
2022,2022-01-21T00:30Z,Colorado Buffaloes,USC Trojans,58,61,False,True,COLO,USC
2022,2022-01-20T22:00Z,Providence Friars,Georgetown Hoyas,83,75,False,True,PROV,GTWN
2022,2022-01-21T02:00Z,Butler Bulldogs,UConn Huskies,56,75,False,True,BUT,CONN
2022,2022-01-22T02:00Z,Wisconsin Badgers,Michigan State Spartans,74,86,False,True,WIS,MSU
2022,2022-01-22T00:00Z,Maryland Terrapins,Illinois Fighting Illini,81,65,False,True,MD,ILL
2022,2022-01-22T18:00Z,Auburn Tigers,Kentucky Wildcats,80,71,False,True,AUB,UK
2022,2022-01-22T20:00Z,Oklahoma Sooners,Baylor Bears,51,65,False,True,OU,BAY
2022,2022-01-22T17:00Z,Duke Blue Devils,Syracuse Orange,79,59,False,True,DUKE,SYR
2022,2022-01-22T21:00Z,Kansas State Wildcats,Kansas Jayhawks,75,78,False,True,KSU,KU
2022,2022-01-23T02:00Z,Colorado Buffaloes,UCLA Bruins,65,71,False,True,COLO,UCLA
2022,2022-01-22T23:00Z,Houston Cougars,East Carolina Pirates,79,36,False,True,HOU,ECU
2022,2022-01-22T17:00Z,Georgetown Hoyas,Villanova Wildcats,74,85,False,True,GTWN,VILL
2022,2022-01-22T23:00Z,Tennessee Volunteers,LSU Tigers,64,50,False,True,TENN,LSU
2022,2022-01-22T21:00Z,Iowa State Cyclones,TCU Horned Frogs,44,59,False,True,ISU,TCU
2022,2022-01-22T23:30Z,Utah Utes,USC Trojans,67,79,False,True,UTAH,USC
2022,2022-01-22T17:00Z,Texas Tech Red Raiders,West Virginia Mountaineers,78,65,False,True,TTU,WVU
2022,2022-01-22T20:30Z,Loyola Chicago Ramblers,Missouri State Bears,69,79,False,True,LUC,MOST
2022,2022-01-22T19:00Z,Texas Longhorns,Oklahoma State Cowboys,56,51,False,True,TEX,OKST
2022,2022-01-23T20:00Z,California Golden Bears,Arizona Wildcats,71,96,False,True,CAL,ARIZ
2022,2022-01-23T18:00Z,Purdue Boilermakers,Northwestern Wildcats,80,60,False,True,PUR,NU
2022,2022-01-23T19:00Z,Marquette Golden Eagles,Xavier Musketeers,75,64,False,True,MARQ,XAV
2022,2022-01-23T17:00Z,Providence Friars,Butler Bulldogs,69,62,False,True,PROV,BUT
2022,2022-01-25T02:00Z,Kansas Jayhawks,Texas Tech Red Raiders,94,91,False,True,KU,TTU
2022,2022-01-25T04:00Z,USC Trojans,Arizona State Sun Devils,78,56,False,True,USC,ASU
2022,2022-01-26T01:30Z,Missouri Tigers,Auburn Tigers,54,55,False,True,MIZ,AUB
2022,2022-01-26T04:00Z,UCLA Bruins,Arizona Wildcats,75,59,False,True,UCLA,ARIZ
2022,2022-01-26T01:00Z,Baylor Bears,Kansas State Wildcats,74,49,False,True,BAY,KSU
2022,2022-01-26T00:00Z,Duke Blue Devils,Clemson Tigers,71,69,False,True,DUKE,CLEM
2022,2022-01-26T00:00Z,Illinois Fighting Illini,Michigan State Spartans,56,55,False,True,ILL,MSU
2022,2022-01-26T02:00Z,Kentucky Wildcats,Mississippi State Bulldogs,82,74,False,True,UK,MSST
2022,2022-01-26T00:00Z,Villanova Wildcats,DePaul Blue Demons,67,43,False,True,VILL,DEP
2022,2022-01-26T01:30Z,UConn Huskies,Georgetown Hoyas,96,73,False,True,CONN,GTWN
2022,2022-01-26T23:30Z,Xavier Musketeers,Providence Friars,62,65,False,True,XAV,PROV
2022,2022-01-26T23:00Z,Tennessee Volunteers,Florida Gators,78,71,False,True,TENN,FLA
2022,2022-01-27T02:00Z,LSU Tigers,Texas A&M Aggies,70,64,False,True,LSU,TA&M
2022,2022-01-27T01:30Z,Seton Hall Pirates,Marquette Golden Eagles,63,73,False,True,HALL,MARQ
2022,2022-01-27T01:00Z,Oklahoma State Cowboys,Iowa State Cyclones,81,84,False,True,OKST,ISU
2022,2022-01-27T01:30Z,Davidson Wildcats,VCU Rams,68,70,False,True,DAV,VCU
2022,2022-01-28T04:00Z,Gonzaga Bulldogs,Loyola Marymount Lions,89,55,False,True,GONZ,LMU
2022,2022-01-28T02:00Z,Iowa Hawkeyes,Purdue Boilermakers,73,83,False,True,IOWA,PUR
2022,2022-01-28T02:00Z,UCLA Bruins,California Golden Bears,81,57,False,True,UCLA,CAL
2022,2022-01-27T22:00Z,Nebraska Cornhuskers,Wisconsin Badgers,65,73,False,True,NEB,WIS
2022,2022-01-28T04:00Z,USC Trojans,Stanford Cardinal,61,64,False,True,USC,STAN
2022,2022-01-28T01:00Z,Minnesota Golden Gophers,Ohio State Buckeyes,64,75,False,True,MINN,OSU
2022,2022-01-28T19:00Z,Boston University Terriers,Colgate Raiders,76,72,False,True,BU,COLG
2022,2022-01-28T22:00Z,Holy Cross Crusaders,Lehigh Mountain Hawks,67,65,False,True,HC,LEH
2022,2022-01-28T22:00Z,Harvard Crimson,Pennsylvania Quakers,74,78,False,True,HARV,PENN
2022,2022-01-28T22:00Z,New Hampshire Wildcats,Stony Brook Seawolves,69,76,False,True,UNH,STBK
2022,2022-01-28T23:00Z,Monmouth Hawks,Canisius Golden Griffins,72,67,False,True,MONM,CAN
2022,2022-01-28T23:00Z,Air Force Falcons,Wyoming Cowboys,61,63,False,True,AF,WYO
2022,2022-01-29T00:00Z,Northern Kentucky Norse,Purdue Fort Wayne Mastodons,59,49,False,True,NKU,PFW
2022,2022-01-29T00:00Z,Dayton Flyers,Rhode Island Rams,53,51,False,True,DAY,URI
2022,2022-01-29T00:00Z,Rider Broncs,Fairfield Stags,65,76,False,True,RID,FAIR
2022,2022-01-29T00:00Z,Saint Peter's Peacocks,Manhattan Jaspers,77,51,False,True,SPU,MAN
2022,2022-01-29T00:00Z,Siena Saints,Niagara Purple Eagles,60,56,False,True,SIE,NIA
2022,2022-01-29T00:00Z,Buffalo Bulls,Ohio Bobcats,53,74,False,True,BUF,OHIO
2022,2022-01-29T00:00Z,Toledo Rockets,Akron Zips,84,76,False,True,TOL,AKR
2022,2022-01-29T00:30Z,Quinnipiac Bobcats,Marist Red Foxes,94,87,False,True,QUIN,MRST
2022,2022-01-29T02:00Z,Wright State Raiders,Cleveland State Vikings,67,71,False,True,WRST,CLE
2022,2022-01-29T02:00Z,Colorado State Rams,UNLV Rebels,74,88,False,True,CSU,UNLV
2022,2022-01-29T02:00Z,New Mexico Lobos,San José State Spartans,86,70,False,True,UNM,SJSU
2022,2022-01-29T04:00Z,Fresno State Bulldogs,Boise State Broncos,63,68,False,True,FRES,BOIS
2022,2022-01-30T02:00Z,Gonzaga Bulldogs,Portland Pilots,104,72,False,True,GONZ,PORT
2022,2022-01-29T19:30Z,Arizona Wildcats,Arizona State Sun Devils,67,56,False,True,ARIZ,ASU
2022,2022-01-30T01:00Z,UCF Knights,Houston Cougars,49,63,False,True,UCF,HOU
2022,2022-01-30T02:30Z,UCLA Bruins,Stanford Cardinal,66,43,False,True,UCLA,STAN
2022,2022-01-29T17:00Z,Louisville Cardinals,Duke Blue Devils,65,74,False,True,LOU,DUKE
2022,2022-01-29T17:30Z,Michigan State Spartans,Michigan Wolverines,83,67,False,True,MSU,MICH
2022,2022-01-29T21:30Z,Villanova Wildcats,St. John's Red Storm,73,62,False,True,VILL,SJU
2022,2022-01-30T00:00Z,USC Trojans,California Golden Bears,79,72,False,True,USC,CAL
2022,2022-01-29T23:30Z,DePaul Blue Demons,UConn Huskies,50,57,False,True,DEP,CONN
2022,2022-01-29T19:00Z,Creighton Bluejays,Xavier Musketeers,64,74,False,True,CREI,XAV
2022,2022-01-29T21:30Z,Northwestern Wildcats,Illinois Fighting Illini,56,59,False,True,NU,ILL
2022,2022-01-29T17:00Z,Davidson Wildcats,La Salle Explorers,77,69,False,True,DAV,LAS
2022,2022-01-30T17:00Z,Purdue Boilermakers,Ohio State Buckeyes,81,78,False,True,PUR,OSU
2022,2022-01-30T18:00Z,Wisconsin Badgers,Minnesota Golden Gophers,66,60,False,True,WIS,MINN
2022,2022-01-30T17:30Z,Providence Friars,Marquette Golden Eagles,65,63,False,True,PROV,MARQ
2022,2022-02-01T02:00Z,Baylor Bears,West Virginia Mountaineers,81,77,False,True,BAY,WVU
2022,2022-02-01T00:00Z,Notre Dame Fighting Irish,Duke Blue Devils,43,57,False,True,ND,DUKE
2022,2022-02-02T02:00Z,Auburn Tigers,Alabama Crimson Tide,100,81,False,True,AUB,ALA
2022,2022-02-02T00:00Z,Iowa State Cyclones,Kansas Jayhawks,61,70,False,True,ISU,KU
2022,2022-02-02T00:00Z,Maryland Terrapins,Michigan State Spartans,63,65,False,True,MD,MSU
2022,2022-02-02T02:00Z,Texas Tech Red Raiders,Texas Longhorns,77,64,False,True,TTU,TEX
2022,2022-02-02T02:00Z,St. John's Red Storm,Providence Friars,82,86,False,True,SJU,PROV
2022,2022-02-01T23:30Z,UConn Huskies,Creighton Bluejays,55,59,False,True,CONN,CREI
2022,2022-02-02T00:00Z,Tennessee Volunteers,Texas A&M Aggies,90,80,False,True,TENN,TA&M
2022,2022-02-02T02:00Z,LSU Tigers,Ole Miss Rebels,72,76,False,True,LSU,MISS
2022,2022-02-03T00:00Z,Minnesota Golden Gophers,Purdue Boilermakers,73,88,False,True,MINN,PUR
2022,2022-02-03T01:00Z,Houston Cougars,Tulane Green Wave,73,62,False,True,HOU,TULN
2022,2022-02-03T02:00Z,Illinois Fighting Illini,Wisconsin Badgers,80,67,False,True,ILL,WIS
2022,2022-02-03T03:00Z,Marquette Golden Eagles,Villanova Wildcats,83,73,False,True,MARQ,VILL
2022,2022-02-03T00:00Z,Xavier Musketeers,Butler Bulldogs,68,66,False,True,XAV,BUT
2022,2022-02-04T02:00Z,San Diego Toreros,Gonzaga Bulldogs,62,92,False,True,USD,GONZ
2022,2022-02-04T01:00Z,Arizona Wildcats,UCLA Bruins,76,66,False,True,ARIZ,UCLA
2022,2022-02-04T04:00Z,Arizona State Sun Devils,USC Trojans,53,58,False,True,ASU,USC
2022,2022-02-04T22:00Z,Yale Bulldogs,Dartmouth Big Green,72,69,False,True,YALE,DART
2022,2022-02-04T23:00Z,Richmond Spiders,St. Bonaventure Bonnies,71,61,False,True,RICH,SBU
2022,2022-02-04T23:00Z,VMI Keydets,Western Carolina Catamounts,76,69,False,True,VMI,WCU
2022,2022-02-04T23:30Z,Akron Zips,Miami (OH) RedHawks,66,55,False,True,AKR,M-OH
2022,2022-02-05T00:00Z,Northern Kentucky Norse,Oakland Golden Grizzlies,87,78,False,True,NKU,OAK
2022,2022-02-05T00:00Z,Wright State Raiders,Detroit Mercy Titans,90,59,False,True,WRST,DETM
2022,2022-02-05T00:00Z,Seton Hall Pirates,Creighton Bluejays,74,55,False,True,HALL,CREI
2022,2022-02-05T00:00Z,Cornell Big Red,Princeton Tigers,88,83,False,True,COR,PRIN
2022,2022-02-05T00:00Z,Columbia Lions,Pennsylvania Quakers,66,81,False,True,COLU,PENN
2022,2022-02-05T00:00Z,Brown Bears,Harvard Crimson,50,65,False,True,BRWN,HARV
2022,2022-02-05T00:00Z,Purdue Fort Wayne Mastodons,Milwaukee Panthers,70,60,False,True,PFW,MILW
2022,2022-02-05T00:00Z,Cleveland State Vikings,Green Bay Phoenix,85,69,False,True,CLE,GB
2022,2022-02-05T00:00Z,Saint Peter's Peacocks,Quinnipiac Bobcats,83,74,False,True,SPU,QUIN
2022,2022-02-05T00:00Z,Siena Saints,Rider Broncs,60,74,False,True,SIE,RID
2022,2022-02-05T00:00Z,Canisius Golden Griffins,Iona Gaels,62,70,False,True,CAN,IONA
2022,2022-02-05T00:00Z,Niagara Purple Eagles,Manhattan Jaspers,80,74,False,True,NIA,MAN
2022,2022-02-05T00:00Z,Monmouth Hawks,Fairfield Stags,59,56,False,True,MONM,FAIR
2022,2022-02-05T02:00Z,Ball State Cardinals,Toledo Rockets,93,83,False,True,BALL,TOL
2022,2022-02-05T02:00Z,Colorado State Rams,San Diego State Aztecs,58,57,False,True,CSU,SDSU
2022,2022-02-05T04:00Z,Fresno State Bulldogs,Nevada Wolf Pack,73,56,False,True,FRES,NEV
2022,2022-02-05T18:00Z,Georgia Bulldogs,Auburn Tigers,72,74,False,True,UGA,AUB
2022,2022-02-06T03:00Z,BYU Cougars,Gonzaga Bulldogs,57,90,False,True,BYU,GONZ
2022,2022-02-06T03:00Z,Arizona State Sun Devils,UCLA Bruins,87,84,False,True,ASU,UCLA
2022,2022-02-05T19:30Z,Purdue Boilermakers,Michigan Wolverines,82,76,False,True,PUR,MICH
2022,2022-02-06T01:00Z,Alabama Crimson Tide,Kentucky Wildcats,55,66,False,True,ALA,UK
2022,2022-02-05T22:00Z,Arizona Wildcats,USC Trojans,72,63,False,True,ARIZ,USC
2022,2022-02-05T21:00Z,Kansas Jayhawks,Baylor Bears,83,59,False,True,KU,BAY
2022,2022-02-05T23:00Z,North Carolina Tar Heels,Duke Blue Devils,67,87,False,True,UNC,DUKE
2022,2022-02-05T23:00Z,Wisconsin Badgers,Penn State Nittany Lions,51,49,False,True,WIS,PSU
2022,2022-02-05T17:00Z,Villanova Wildcats,UConn Huskies,85,74,False,True,VILL,CONN
2022,2022-02-05T21:00Z,Rutgers Scarlet Knights,Michigan State Spartans,84,63,False,True,RUTG,MSU
2022,2022-02-05T19:00Z,West Virginia Mountaineers,Texas Tech Red Raiders,53,60,False,True,WVU,TTU
2022,2022-02-05T17:00Z,Indiana Hoosiers,Illinois Fighting Illini,57,74,False,True,IU,ILL
2022,2022-02-05T19:00Z,Texas Longhorns,Iowa State Cyclones,63,41,False,True,TEX,ISU
2022,2022-02-05T19:00Z,Xavier Musketeers,DePaul Blue Demons,65,69,False,True,XAV,DEP
2022,2022-02-05T18:00Z,South Carolina Gamecocks,Tennessee Volunteers,57,81,False,True,SC,TENN
2022,2022-02-05T23:00Z,Vanderbilt Commodores,LSU Tigers,75,66,False,True,VAN,LSU
2022,2022-02-06T23:00Z,Cincinnati Bearcats,Houston Cougars,58,80,False,True,CIN,HOU
2022,2022-02-06T17:00Z,Georgetown Hoyas,Providence Friars,52,71,False,True,GTWN,PROV
2022,2022-02-06T18:00Z,Ohio State Buckeyes,Maryland Terrapins,82,67,False,True,OSU,MD
2022,2022-02-08T02:00Z,Arizona State Sun Devils,Arizona Wildcats,79,91,False,True,ASU,ARIZ
2022,2022-02-08T00:00Z,Duke Blue Devils,Virginia Cavaliers,68,69,False,True,DUKE,UVA
2022,2022-02-08T02:00Z,Texas Longhorns,Kansas Jayhawks,79,76,False,True,TEX,KU
2022,2022-02-09T00:00Z,Arkansas Razorbacks,Auburn Tigers,80,76,False,True,ARK,AUB
2022,2022-02-09T02:00Z,Purdue Boilermakers,Illinois Fighting Illini,84,68,False,True,PUR,ILL
2022,2022-02-09T00:00Z,South Carolina Gamecocks,Kentucky Wildcats,76,86,False,True,SC,UK
2022,2022-02-09T04:00Z,Stanford Cardinal,UCLA Bruins,70,79,False,True,STAN,UCLA
2022,2022-02-09T00:00Z,Michigan State Spartans,Wisconsin Badgers,62,70,False,True,MSU,WIS
2022,2022-02-08T23:30Z,UConn Huskies,Marquette Golden Eagles,80,72,False,True,CONN,MARQ
2022,2022-02-09T03:00Z,USC Trojans,Pacific Tigers,74,68,False,True,USC,PAC
2022,2022-02-09T04:00Z,Santa Clara Broncos,Saint Mary's Gaels,77,72,False,True,SCU,SMC
2022,2022-02-10T00:00Z,SMU Mustangs,Houston Cougars,85,83,False,True,SMU,HOU
2022,2022-02-10T02:00Z,Oklahoma Sooners,Texas Tech Red Raiders,70,55,False,True,OU,TTU
2022,2022-02-10T01:00Z,Kansas State Wildcats,Baylor Bears,60,75,False,True,KSU,BAY
2022,2022-02-10T00:00Z,Rutgers Scarlet Knights,Ohio State Buckeyes,66,64,False,True,RUTG,OSU
2022,2022-02-10T02:00Z,Mississippi State Bulldogs,Tennessee Volunteers,63,72,False,True,MSST,TENN
2022,2022-02-10T00:00Z,Seton Hall Pirates,Xavier Musketeers,73,71,False,True,HALL,XAV
2022,2022-02-11T02:00Z,Gonzaga Bulldogs,Pacific Tigers,89,51,False,True,GONZ,PAC
2022,2022-02-11T02:00Z,Michigan Wolverines,Purdue Boilermakers,82,58,False,True,MICH,PUR
2022,2022-02-11T02:00Z,Washington State Cougars,Arizona Wildcats,60,72,False,True,WSU,ARIZ
2022,2022-02-11T01:00Z,Clemson Tigers,Duke Blue Devils,64,82,False,True,CLEM,DUKE
2022,2022-02-11T02:00Z,Saint Mary's Gaels,San Diego Toreros,86,57,False,True,SMC,USD
2022,2022-02-11T01:30Z,Tennessee State Tigers,Murray State Racers,62,73,False,True,TNST,MUR
2022,2022-02-12T00:00Z,Xavier Musketeers,UConn Huskies,74,68,False,True,XAV,CONN
2022,2022-02-12T17:00Z,Auburn Tigers,Texas A&M Aggies,75,58,False,True,AUB,TA&M
2022,2022-02-13T03:00Z,Gonzaga Bulldogs,Saint Mary's Gaels,74,58,False,True,GONZ,SMC
2022,2022-02-12T23:00Z,Washington Huskies,Arizona Wildcats,68,92,False,True,WASH,ARIZ
2022,2022-02-12T21:00Z,Kentucky Wildcats,Florida Gators,78,57,False,True,UK,FLA
2022,2022-02-12T20:30Z,Houston Cougars,Memphis Tigers,59,69,False,True,HOU,MEM
2022,2022-02-12T22:00Z,Boston College Eagles,Duke Blue Devils,61,72,False,True,BC,DUKE
2022,2022-02-12T18:00Z,Kansas Jayhawks,Oklahoma Sooners,71,69,False,True,KU,OU
2022,2022-02-12T21:00Z,Texas Tech Red Raiders,TCU Horned Frogs,82,69,False,True,TTU,TCU
2022,2022-02-12T23:30Z,Providence Friars,DePaul Blue Demons,76,73,False,True,PROV,DEP
2022,2022-02-13T03:00Z,USC Trojans,UCLA Bruins,67,64,False,True,USC,UCLA
2022,2022-02-12T19:00Z,Wisconsin Badgers,Rutgers Scarlet Knights,65,73,False,True,WIS,RUTG
2022,2022-02-12T18:00Z,Villanova Wildcats,Seton Hall Pirates,73,67,False,True,VILL,HALL
2022,2022-02-12T23:00Z,Michigan Wolverines,Ohio State Buckeyes,57,68,False,True,MICH,OSU
2022,2022-02-12T20:30Z,Michigan State Spartans,Indiana Hoosiers,76,61,False,True,MSU,IU
2022,2022-02-12T21:30Z,Butler Bulldogs,Marquette Golden Eagles,85,79,False,True,BUT,MARQ
2022,2022-02-12T23:00Z,Tennessee Volunteers,Vanderbilt Commodores,73,64,False,True,TENN,VAN
2022,2022-02-12T21:00Z,Morehead State Eagles,Murray State Racers,53,57,False,True,MORE,MUR
2022,2022-02-13T18:00Z,Purdue Boilermakers,Maryland Terrapins,62,61,False,True,PUR,MD
2022,2022-02-13T19:00Z,Illinois Fighting Illini,Northwestern Wildcats,73,66,False,True,ILL,NU
2022,2022-02-13T17:00Z,St. John's Red Storm,UConn Huskies,60,63,False,True,SJU,CONN
2022,2022-02-15T02:00Z,Kansas Jayhawks,Oklahoma State Cowboys,76,62,False,True,KU,OKST
2022,2022-02-16T02:00Z,Tennessee Volunteers,Kentucky Wildcats,76,63,False,True,TENN,UK
2022,2022-02-16T01:00Z,Providence Friars,Villanova Wildcats,84,89,False,True,PROV,VILL
2022,2022-02-16T00:00Z,Duke Blue Devils,Wake Forest Demon Deacons,76,74,False,True,DUKE,WAKE
2022,2022-02-16T02:00Z,Indiana Hoosiers,Wisconsin Badgers,69,74,False,True,IU,WIS
2022,2022-02-16T01:30Z,Ohio State Buckeyes,Minnesota Golden Gophers,70,45,False,True,OSU,MINN
2022,2022-02-15T23:30Z,Penn State Nittany Lions,Michigan State Spartans,62,58,False,True,PSU,MSU
2022,2022-02-16T00:00Z,Oklahoma Sooners,Texas Longhorns,78,80,False,True,OU,TEX
2022,2022-02-16T02:00Z,New Mexico Lobos,Wyoming Cowboys,75,66,False,True,UNM,WYO
2022,2022-02-16T02:00Z,Missouri Tigers,Arkansas Razorbacks,57,76,False,True,MIZ,ARK
2022,2022-02-17T04:00Z,Pepperdine Waves,Gonzaga Bulldogs,66,86,False,True,PEPP,GONZ
2022,2022-02-17T02:00Z,Auburn Tigers,Vanderbilt Commodores,94,80,False,True,AUB,VAN
2022,2022-02-17T02:00Z,Northwestern Wildcats,Purdue Boilermakers,64,70,False,True,NU,PUR
2022,2022-02-17T02:00Z,Texas Tech Red Raiders,Baylor Bears,83,73,False,True,TTU,BAY
2022,2022-02-17T00:00Z,Rutgers Scarlet Knights,Illinois Fighting Illini,70,59,False,True,RUTG,ILL
2022,2022-02-17T01:30Z,UConn Huskies,Seton Hall Pirates,70,65,False,True,CONN,HALL
2022,2022-02-17T00:00Z,Alabama Crimson Tide,Mississippi State Bulldogs,80,75,False,True,ALA,MSST
2022,2022-02-18T00:30Z,Arizona Wildcats,Oregon State Beavers,83,69,False,True,ARIZ,ORST
2022,2022-02-18T04:00Z,UCLA Bruins,Washington State Cougars,76,56,False,True,UCLA,WSU
2022,2022-02-18T02:00Z,Houston Cougars,UCF Knights,70,52,False,True,HOU,UCF
2022,2022-02-18T04:30Z,USC Trojans,Washington Huskies,79,69,False,True,USC,WASH
2022,2022-02-18T00:00Z,Murray State Racers,Austin Peay Governors,91,56,False,True,MUR,APSU
2022,2022-02-18T22:00Z,St. John's Red Storm,Butler Bulldogs,91,57,False,True,SJU,BUT
2022,2022-02-19T00:00Z,Brown Bears,Princeton Tigers,50,69,False,True,BRWN,PRIN
2022,2022-02-19T00:00Z,Yale Bulldogs,Pennsylvania Quakers,81,72,False,True,YALE,PENN
2022,2022-02-19T00:00Z,Dartmouth Big Green,Cornell Big Red,71,59,False,True,DART,COR
2022,2022-02-19T00:00Z,Harvard Crimson,Columbia Lions,62,54,False,True,HARV,COLU
2022,2022-02-19T00:00Z,Detroit Mercy Titans,Northern Kentucky Norse,60,52,False,True,DETM,NKU
2022,2022-02-19T00:00Z,VCU Rams,Richmond Spiders,77,57,False,True,VCU,RICH
2022,2022-02-19T00:00Z,Siena Saints,Marist Red Foxes,53,62,False,True,SIE,MRST
2022,2022-02-19T00:00Z,Fairfield Stags,Saint Peter's Peacocks,59,70,False,True,FAIR,SPU
2022,2022-02-19T00:00Z,Monmouth Hawks,Rider Broncs,60,58,False,True,MONM,RID
2022,2022-02-19T00:00Z,Kent State Golden Flashes,Ohio Bobcats,75,52,False,True,KENT,OHIO
2022,2022-02-19T01:00Z,Green Bay Phoenix,Purdue Fort Wayne Mastodons,55,74,False,True,GB,PFW
2022,2022-02-19T01:00Z,Milwaukee Panthers,Cleveland State Vikings,61,78,False,True,MILW,CLE
2022,2022-02-19T02:00Z,Oakland Golden Grizzlies,Wright State Raiders,74,78,False,True,OAK,WRST
2022,2022-02-19T02:00Z,Nebraska Cornhuskers,Maryland Terrapins,74,90,False,True,NEB,MD
2022,2022-02-19T02:30Z,Mississippi State Bulldogs,Missouri Tigers,68,49,False,True,MSST,MIZ
2022,2022-02-20T02:00Z,Gonzaga Bulldogs,Santa Clara Broncos,81,69,False,True,GONZ,SCU
2022,2022-02-19T19:00Z,Florida Gators,Auburn Tigers,63,62,False,True,FLA,AUB
2022,2022-02-20T03:00Z,Arizona Wildcats,Oregon Ducks,84,81,False,True,ARIZ,ORE
2022,2022-02-19T18:00Z,Kentucky Wildcats,Alabama Crimson Tide,90,81,False,True,UK,ALA
2022,2022-02-20T01:00Z,West Virginia Mountaineers,Kansas Jayhawks,58,71,False,True,WVU,KU
2022,2022-02-19T17:00Z,Baylor Bears,TCU Horned Frogs,72,62,False,True,BAY,TCU
2022,2022-02-19T22:00Z,Villanova Wildcats,Georgetown Hoyas,74,66,False,True,VILL,GTWN
2022,2022-02-19T17:30Z,Texas Longhorns,Texas Tech Red Raiders,55,61,False,True,TEX,TTU
2022,2022-02-19T17:00Z,Michigan State Spartans,Illinois Fighting Illini,74,79,False,True,MSU,ILL
2022,2022-02-20T03:00Z,UCLA Bruins,Washington Huskies,76,50,False,True,UCLA,WASH
2022,2022-02-19T21:00Z,Arkansas Razorbacks,Tennessee Volunteers,58,48,False,True,ARK,TENN
2022,2022-02-19T19:30Z,Ohio State Buckeyes,Iowa Hawkeyes,62,75,False,True,OSU,IOWA
2022,2022-02-19T21:30Z,UT Martin Skyhawks,Murray State Racers,60,62,False,True,UTM,MUR
2022,2022-02-19T21:00Z,Wyoming Cowboys,Air Force Falcons,75,67,False,True,WYO,AF
2022,2022-02-19T17:00Z,UConn Huskies,Xavier Musketeers,72,61,False,True,CONN,XAV
2022,2022-02-20T22:30Z,Purdue Boilermakers,Rutgers Scarlet Knights,84,72,False,True,PUR,RUTG
2022,2022-02-20T18:00Z,Butler Bulldogs,Providence Friars,70,71,False,True,BUT,PROV
2022,2022-02-20T18:00Z,Wichita State Shockers,Houston Cougars,74,76,False,True,WICH,HOU
2022,2022-02-20T18:00Z,Wisconsin Badgers,Michigan Wolverines,77,63,False,True,WIS,MICH
2022,2022-02-21T00:30Z,USC Trojans,Washington State Cougars,62,60,False,True,USC,WSU
2022,2022-02-22T02:00Z,Oklahoma State Cowboys,Baylor Bears,64,66,False,True,OKST,BAY
2022,2022-02-22T02:00Z,UCLA Bruins,Arizona State Sun Devils,66,52,False,True,UCLA,ASU
2022,2022-02-22T00:00Z,Ohio State Buckeyes,Indiana Hoosiers,80,69,False,True,OSU,IU
2022,2022-02-23T02:00Z,Kansas Jayhawks,Kansas State Wildcats,102,83,False,True,KU,KSU
2022,2022-02-23T01:00Z,UConn Huskies,Villanova Wildcats,71,69,False,True,CONN,VILL
2022,2022-02-23T01:00Z,Texas Tech Red Raiders,Oklahoma Sooners,66,42,False,True,TTU,OU
2022,2022-02-23T00:00Z,Missouri Tigers,Tennessee Volunteers,61,80,False,True,MIZ,TENN
2022,2022-02-23T00:00Z,Florida Gators,Arkansas Razorbacks,74,82,False,True,FLA,ARK
2022,2022-02-23T02:00Z,Vanderbilt Commodores,Alabama Crimson Tide,72,74,False,True,VAN,ALA
2022,2022-02-23T00:00Z,Iowa Hawkeyes,Michigan State Spartans,86,60,False,True,IOWA,MSU
2022,2022-02-24T01:30Z,Auburn Tigers,Ole Miss Rebels,77,64,False,True,AUB,MISS
2022,2022-02-24T02:00Z,Kentucky Wildcats,LSU Tigers,71,66,False,True,UK,LSU
2022,2022-02-24T00:00Z,Virginia Cavaliers,Duke Blue Devils,61,65,False,True,UVA,DUKE
2022,2022-02-24T00:00Z,Providence Friars,Xavier Musketeers,99,92,False,True,PROV,XAV
2022,2022-02-24T02:00Z,Minnesota Golden Gophers,Wisconsin Badgers,67,68,False,True,MINN,WIS
2022,2022-02-24T01:00Z,Tulane Green Wave,Houston Cougars,67,81,False,True,TULN,HOU
2022,2022-02-24T00:00Z,Texas Longhorns,TCU Horned Frogs,75,66,False,True,TEX,TCU
2022,2022-02-25T02:00Z,San Francisco Dons,Gonzaga Bulldogs,73,89,False,True,SF,GONZ
2022,2022-02-25T04:00Z,Utah Utes,Arizona Wildcats,77,97,False,True,UTAH,ARIZ
2022,2022-02-25T02:30Z,Oregon Ducks,UCLA Bruins,68,63,False,True,ORE,UCLA
2022,2022-02-25T02:00Z,Illinois Fighting Illini,Ohio State Buckeyes,83,86,False,True,ILL,OSU
2022,2022-02-25T04:00Z,Oregon State Beavers,USC Trojans,91,94,False,True,ORST,USC
2022,2022-02-25T02:00Z,Murray State Racers,Belmont Bruins,76,43,False,True,MUR,BEL
2022,2022-02-25T03:00Z,San Diego Toreros,Saint Mary's Gaels,46,60,False,True,USD,SMC
2022,2022-02-26T02:00Z,Nebraska Cornhuskers,Iowa Hawkeyes,78,88,False,True,NEB,IOWA
2022,2022-02-27T03:00Z,Saint Mary's Gaels,Gonzaga Bulldogs,67,57,False,True,SMC,GONZ
2022,2022-02-27T01:00Z,Colorado Buffaloes,Arizona Wildcats,79,63,False,True,COLO,ARIZ
2022,2022-02-26T21:00Z,Tennessee Volunteers,Auburn Tigers,67,62,False,True,TENN,AUB
2022,2022-02-26T17:00Z,Michigan State Spartans,Purdue Boilermakers,68,65,False,True,MSU,PUR
2022,2022-02-27T01:00Z,Baylor Bears,Kansas Jayhawks,80,70,False,True,BAY,KU
2022,2022-02-26T19:00Z,Arkansas Razorbacks,Kentucky Wildcats,75,73,False,True,ARK,UK
2022,2022-02-26T23:00Z,Syracuse Orange,Duke Blue Devils,72,97,False,True,SYR,DUKE
2022,2022-02-26T23:00Z,TCU Horned Frogs,Texas Tech Red Raiders,69,66,False,True,TCU,TTU
2022,2022-02-27T01:30Z,Providence Friars,Creighton Bluejays,72,51,False,True,PROV,CREI
2022,2022-02-26T21:00Z,Oregon State Beavers,UCLA Bruins,55,94,False,True,ORST,UCLA
2022,2022-02-26T23:00Z,Rutgers Scarlet Knights,Wisconsin Badgers,61,66,False,True,RUTG,WIS
2022,2022-02-27T03:00Z,Oregon Ducks,USC Trojans,69,70,False,True,ORE,USC
2022,2022-02-26T22:00Z,Southeast Missouri State Redhawks,Murray State Racers,68,70,False,True,SEMO,MUR
2022,2022-02-26T19:00Z,West Virginia Mountaineers,Texas Longhorns,81,82,False,True,WVU,TEX
2022,2022-02-26T23:00Z,Alabama Crimson Tide,South Carolina Gamecocks,90,71,False,True,ALA,SC
2022,2022-02-27T17:30Z,Houston Cougars,SMU Mustangs,75,61,False,True,HOU,SMU
2022,2022-02-27T19:00Z,Michigan Wolverines,Illinois Fighting Illini,85,93,False,True,MICH,ILL
2022,2022-02-27T17:00Z,Georgetown Hoyas,UConn Huskies,77,86,False,True,GTWN,CONN
2022,2022-02-27T21:00Z,Maryland Terrapins,Ohio State Buckeyes,75,60,False,True,MD,OSU
2022,2022-03-01T02:00Z,Texas Longhorns,Baylor Bears,61,68,False,True,TEX,BAY
2022,2022-03-01T02:00Z,Texas Tech Red Raiders,Kansas State Wildcats,73,68,False,True,TTU,KSU
2022,2022-03-01T04:00Z,Washington Huskies,UCLA Bruins,66,77,False,True,WASH,UCLA
2022,2022-03-01T01:00Z,Iowa Hawkeyes,Northwestern Wildcats,82,61,False,True,IOWA,NU
2022,2022-03-02T04:00Z,USC Trojans,Arizona Wildcats,71,91,False,True,USC,ARIZ
2022,2022-03-02T01:00Z,Pittsburgh Panthers,Duke Blue Devils,56,86,False,True,PITT,DUKE
2022,2022-03-02T01:00Z,TCU Horned Frogs,Kansas Jayhawks,74,64,False,True,TCU,KU
2022,2022-03-02T00:00Z,Kentucky Wildcats,Ole Miss Rebels,83,72,False,True,UK,MISS
2022,2022-03-02T02:00Z,Wisconsin Badgers,Purdue Boilermakers,70,67,False,True,WIS,PUR
2022,2022-03-01T23:30Z,Villanova Wildcats,Providence Friars,76,74,False,True,VILL,PROV
2022,2022-03-01T23:30Z,Georgia Bulldogs,Tennessee Volunteers,68,75,False,True,UGA,TENN
2022,2022-03-02T02:00Z,Houston Cougars,Cincinnati Bearcats,71,53,False,True,HOU,CIN
2022,2022-03-02T00:00Z,Ohio State Buckeyes,Nebraska Cornhuskers,70,78,False,True,OSU,NEB
2022,2022-03-03T02:00Z,Mississippi State Bulldogs,Auburn Tigers,68,81,False,True,MSST,AUB
2022,2022-03-03T02:00Z,Arkansas Razorbacks,LSU Tigers,77,76,False,True,ARK,LSU
2022,2022-03-03T01:30Z,Creighton Bluejays,UConn Huskies,64,62,False,True,CREI,CONN
2022,2022-03-03T00:00Z,Alabama Crimson Tide,Texas A&M Aggies,71,87,False,True,ALA,TA&M
2022,2022-03-04T02:00Z,Arizona Wildcats,Stanford Cardinal,81,69,False,True,ARIZ,STAN
2022,2022-03-04T01:00Z,Kansas Jayhawks,TCU Horned Frogs,72,68,False,True,KU,TCU
2022,2022-03-04T00:00Z,Houston Cougars,Temple Owls,84,46,False,True,HOU,TEM
2022,2022-03-04T00:00Z,Illinois Fighting Illini,Penn State Nittany Lions,60,55,False,True,ILL,PSU
2022,2022-03-04T00:00Z,Ohio State Buckeyes,Michigan State Spartans,80,69,False,True,OSU,MSU
2022,2022-03-04T02:00Z,Michigan Wolverines,Iowa Hawkeyes,71,82,False,True,MICH,IOWA
2022,2022-03-04T17:00Z,Longwood Lancers,North Carolina A&T Aggies,79,65,True,True,LONG,NCAT
2022,2022-03-04T18:00Z,Northern Iowa Panthers,Illinois State Redbirds,78,65,True,True,UNI,ILST
2022,2022-03-04T19:51Z,South Carolina Upstate Spartans,Charleston Southern Buccaneers,72,62,True,True,UPST,CHSO
2022,2022-03-04T20:30Z,Loyola Chicago Ramblers,Bradley Braves,66,50,True,True,LUC,BRAD
2022,2022-03-04T22:00Z,East Tennessee State Buccaneers,The Citadel Bulldogs,76,84,True,True,ETSU,CIT
2022,2022-03-04T23:00Z,Winthrop Eagles,High Point Panthers,68,51,True,True,WIN,HPU
2022,2022-03-04T23:00Z,Western Michigan Broncos,Ball State Cardinals,63,64,False,True,WMU,BALL
2022,2022-03-04T23:00Z,Kent State Golden Flashes,Buffalo Bulls,70,65,False,True,KENT,BUF
2022,2022-03-04T23:30Z,Toledo Rockets,Bowling Green Falcons,96,56,False,True,TOL,BGSU
2022,2022-03-05T00:00Z,Missouri State Bears,Valparaiso Beacons,67,58,True,True,MOST,VAL
2022,2022-03-05T00:00Z,St. Bonaventure Bonnies,Richmond Spiders,72,65,False,True,SBU,RICH
2022,2022-03-05T00:00Z,Miami (OH) RedHawks,Eastern Michigan Eagles,76,63,False,True,M-OH,EMU
2022,2022-03-05T00:00Z,Akron Zips,Central Michigan Chippewas,57,56,False,True,AKR,CMU
2022,2022-03-05T00:45Z,Mercer Bears,Western Carolina Catamounts,81,53,True,True,MER,WCU
2022,2022-03-05T01:00Z,Murray State Racers,Southeast Missouri State Redhawks,88,74,True,True,MUR,SEMO
2022,2022-03-05T01:00Z,Northern Illinois Huskies,Ohio Bobcats,58,57,False,True,NIU,OHIO
2022,2022-03-05T01:30Z,Gardner-Webb Runnin' Bulldogs,Campbell Fighting Camels,54,53,True,True,GWEB,CAM
2022,2022-03-05T02:00Z,BYU Cougars,Loyola Marymount Lions,85,60,True,True,BYU,LMU
2022,2022-03-05T02:30Z,Drake Bulldogs,Southern Illinois Salukis,65,52,True,True,DRKE,SIU
2022,2022-03-05T03:30Z,Belmont Bruins,Morehead State Eagles,51,53,True,True,BEL,MORE
2022,2022-03-05T04:00Z,San José State Spartans,Utah State Aggies,52,75,False,True,SJSU,USU
2022,2022-03-05T04:30Z,Portland Pilots,San Diego Toreros,73,55,True,True,PORT,USD
2022,2022-03-05T22:00Z,Arizona Wildcats,California Golden Bears,89,61,False,True,ARIZ,CAL
2022,2022-03-05T23:00Z,Baylor Bears,Iowa State Cyclones,75,68,False,True,BAY,ISU
2022,2022-03-05T23:00Z,Duke Blue Devils,North Carolina Tar Heels,81,94,False,True,DUKE,UNC
2022,2022-03-05T18:00Z,Auburn Tigers,South Carolina Gamecocks,82,71,False,True,AUB,SC
2022,2022-03-05T21:00Z,Kansas Jayhawks,Texas Longhorns,70,63,False,True,KU,TEX
2022,2022-03-05T19:00Z,Florida Gators,Kentucky Wildcats,63,71,False,True,FLA,UK
2022,2022-03-05T19:00Z,Purdue Boilermakers,Indiana Hoosiers,69,67,False,True,PUR,IU
2022,2022-03-05T17:00Z,Butler Bulldogs,Villanova Wildcats,59,78,False,True,BUT,VILL
2022,2022-03-05T20:00Z,Oklahoma State Cowboys,Texas Tech Red Raiders,52,51,False,True,OKST,TTU
2022,2022-03-06T03:00Z,UCLA Bruins,USC Trojans,75,68,False,True,UCLA,USC
2022,2022-03-05T22:00Z,UConn Huskies,DePaul Blue Demons,75,68,False,True,CONN,DEP
2022,2022-03-05T17:00Z,LSU Tigers,Alabama Crimson Tide,80,77,False,True,LSU,ALA
2022,2022-03-06T19:00Z,Wisconsin Badgers,Nebraska Cornhuskers,73,74,False,True,WIS,NEB
2022,2022-03-06T17:00Z,Memphis Tigers,Houston Cougars,75,61,False,True,MEM,HOU
2022,2022-03-07T00:30Z,Illinois Fighting Illini,Iowa Hawkeyes,74,72,False,True,ILL,IOWA
2022,2022-03-06T17:30Z,Ohio State Buckeyes,Michigan Wolverines,69,75,False,True,OSU,MICH
2022,2022-03-07T23:00Z,Towson Tigers,Delaware Blue Hens,56,69,True,True,TOW,DEL
2022,2022-03-08T00:00Z,South Dakota State Jackrabbits,South Dakota Coyotes,83,60,True,True,SDST,SDAK
2022,2022-03-08T00:00Z,Cleveland State Vikings,Wright State Raiders,67,82,True,True,CLE,WRST
2022,2022-03-08T00:00Z,Georgia State Panthers,Louisiana Ragin' Cajuns,80,71,True,True,GAST,UL
2022,2022-03-08T00:00Z,Chattanooga Mocs,Furman Paladins,64,63,True,True,UTC,FUR
2022,2022-03-08T01:50Z,UNC Wilmington Seahawks,Charleston Cougars,60,57,True,True,UNCW,COFC
2022,2022-03-08T02:00Z,Gonzaga Bulldogs,San Francisco Dons,81,71,True,True,GONZ,SF
2022,2022-03-08T02:30Z,North Dakota State Bison,Oral Roberts Golden Eagles,92,72,True,True,NDSU,ORU
2022,2022-03-08T02:30Z,Purdue Fort Wayne Mastodons,Northern Kentucky Norse,43,57,True,True,PFW,NKU
2022,2022-03-08T04:30Z,Saint Mary's Gaels,Santa Clara Broncos,75,72,True,True,SMC,SCU
2022,2022-03-08T19:00Z,Pittsburgh Panthers,Boston College Eagles,46,66,True,True,PITT,BC
2022,2022-03-08T21:30Z,Clemson Tigers,NC State Wolfpack,70,64,True,True,CLEM,NCSU
2022,2022-03-08T22:00Z,Manhattan Jaspers,Rider Broncs,67,79,True,True,MAN,RID
2022,2022-03-08T22:00Z,Bellarmine Knights,Jacksonville Dolphins,77,72,False,True,BELL,JAX
2022,2022-03-09T00:00Z,Bryant Bulldogs,Wagner Seahawks,70,43,False,True,BRY,WAG
2022,2022-03-09T00:00Z,UNC Wilmington Seahawks,Delaware Blue Hens,55,59,True,True,UNCW,DEL
2022,2022-03-09T00:00Z,Northern Kentucky Norse,Wright State Raiders,71,72,True,True,NKU,WRST
2022,2022-03-09T00:00Z,Louisville Cardinals,Georgia Tech Yellow Jackets,84,74,True,True,LOU,GT
2022,2022-03-09T00:00Z,Fairfield Stags,Canisius Golden Griffins,72,50,True,True,FAIR,CAN
2022,2022-03-09T00:30Z,Florida International Panthers,Marshall Thundering Herd,62,74,True,True,FIU,MRSH
2022,2022-03-09T01:00Z,UTSA Roadrunners,Southern Miss Golden Eagles,64,67,True,True,UTSA,USM
2022,2022-03-09T02:00Z,South Dakota State Jackrabbits,North Dakota State Bison,75,69,True,True,SDST,NDSU
2022,2022-03-09T02:00Z,Gonzaga Bulldogs,Saint Mary's Gaels,82,69,True,True,GONZ,SMC
2022,2022-03-09T02:00Z,Cal State Northridge Matadors,Cal State Bakersfield Roadrunners,45,58,True,True,CSUN,CSUB
2022,2022-03-09T02:00Z,California Baptist Lancers,UT Rio Grande Valley Vaqueros,81,80,True,True,CBU,RGV
2022,2022-03-09T02:50Z,Marist Red Foxes,Quinnipiac Bobcats,52,77,True,True,MRST,QUIN
2022,2022-03-09T04:30Z,UC Davis Aggies,Cal Poly Mustangs,63,53,True,True,UCD,CP
2022,2022-03-09T04:30Z,Utah Valley Wolverines,Chicago State Cougars,69,47,True,True,UVU,CHST
2022,2022-03-09T16:30Z,Sacramento State Hornets,Idaho Vandals,57,54,True,True,SAC,IDHO
2022,2022-03-09T17:00Z,Florida State Seminoles,Syracuse Orange,57,96,True,True,FSU,SYR
2022,2022-03-09T18:00Z,La Salle Explorers,Saint Joseph's Hawks,63,56,True,True,LAS,JOES
2022,2022-03-09T19:00Z,Nevada Wolf Pack,New Mexico Lobos,79,72,True,True,NEV,UNM
2022,2022-03-09T19:00Z,Portland State Vikings,Idaho State Bengals,66,52,True,True,PRST,IDST
2022,2022-03-09T19:30Z,Wake Forest Demon Deacons,Boston College Eagles,77,82,True,True,WAKE,BC
2022,2022-03-09T20:00Z,Arizona State Sun Devils,Stanford Cardinal,70,71,True,True,ASU,STAN
2022,2022-03-09T20:00Z,Texas Southern Tigers,Jackson State Tigers,54,50,True,True,TXSO,JKST
2022,2022-03-09T20:30Z,Rhode Island Rams,Duquesne Dukes,79,77,True,True,URI,DUQ
2022,2022-03-09T21:30Z,Utah State Aggies,Air Force Falcons,83,56,True,True,USU,AF
2022,2022-03-09T21:30Z,Xavier Musketeers,Butler Bulldogs,82,89,True,True,XAV,BUT
2022,2022-03-09T21:30Z,Eastern Washington Eagles,Northern Arizona Lumberjacks,78,75,True,True,EWU,NAU
2022,2022-03-09T22:30Z,Oregon Ducks,Oregon State Beavers,86,72,True,True,ORE,ORST
2022,2022-03-09T23:00Z,Missouri Tigers,Ole Miss Rebels,72,60,True,True,MIZ,MISS
2022,2022-03-09T23:00Z,Houston Christian Huskies,Incarnate Word Cardinals,74,64,True,True,HCU,UIW
2022,2022-03-09T23:00Z,Norfolk State Spartans,Delaware State Hornets,74,66,True,True,NORF,DSU
2022,2022-03-09T23:00Z,Northwestern Wildcats,Nebraska Cornhuskers,71,69,True,True,NU,NEB
2022,2022-03-09T23:30Z,Charlotte 49ers,Rice Owls,61,73,True,True,CLT,RICE
2022,2022-03-10T00:00Z,Louisiana Tech Bulldogs,Marshall Thundering Herd,77,67,True,True,LT,MRSH
2022,2022-03-10T00:00Z,Fresno State Bulldogs,San José State Spartans,69,67,True,True,FRES,SJSU
2022,2022-03-10T00:00Z,Kansas State Wildcats,West Virginia Mountaineers,67,73,True,True,KSU,WVU
2022,2022-03-10T00:00Z,UMBC Retrievers,Hartford Hawks,80,60,False,True,UMBC,HART
2022,2022-03-10T00:00Z,Vermont Catamounts,Binghamton Bearcats,74,42,False,True,UVM,BING
2022,2022-03-10T00:00Z,Virginia Tech Hokies,Clemson Tigers,76,75,True,True,VT,CLEM
2022,2022-03-10T00:00Z,Iona Gaels,Rider Broncs,70,71,True,True,IONA,RID
2022,2022-03-10T00:30Z,Colgate Raiders,Navy Midshipmen,74,58,False,True,COLG,NAVY
2022,2022-03-10T00:40Z,St. John's Red Storm,DePaul Blue Demons,92,73,False,True,SJU,DEP
2022,2022-03-10T01:25Z,Vanderbilt Commodores,Georgia Bulldogs,86,51,True,True,VAN,UGA
2022,2022-03-10T01:30Z,Northwestern State Demons,McNeese Cowboys,67,80,True,True,NWST,MCN
2022,2022-03-10T01:30Z,Howard Bison,Coppin State Eagles,57,59,True,True,HOW,COPP
2022,2022-03-10T01:50Z,Penn State Nittany Lions,Minnesota Golden Gophers,60,51,True,True,PSU,MINN
2022,2022-03-10T02:00Z,UTEP Miners,Old Dominion Monarchs,74,64,True,True,UTEP,ODU
2022,2022-03-10T02:00Z,Washington State Cougars,California Golden Bears,66,59,True,True,WSU,CAL
2022,2022-03-10T02:00Z,Sam Houston Bearkats,California Baptist Lancers,65,35,True,True,SHSU,CBU
2022,2022-03-10T02:30Z,Florida Atlantic Owls,Southern Miss Golden Eagles,86,59,True,True,FAU,USM
2022,2022-03-10T02:30Z,Alcorn State Braves,Prairie View A&M Panthers,64,63,True,True,ALCN,PV
2022,2022-03-10T02:30Z,Saint Peter's Peacocks,Fairfield Stags,77,63,True,True,SPU,FAIR
2022,2022-03-10T02:50Z,Virginia Cavaliers,Louisville Cardinals,51,50,True,True,UVA,LOU
2022,2022-03-10T03:10Z,Seton Hall Pirates,Georgetown Hoyas,57,53,True,True,HALL,GTWN
2022,2022-03-10T04:30Z,Washington Huskies,Utah Utes,82,70,True,True,WASH,UTAH
2022,2022-03-10T04:30Z,Abilene Christian Wildcats,Utah Valley Wolverines,82,74,True,True,ACU,UVU
2022,2022-03-10T16:00Z,Toledo Rockets,Central Michigan Chippewas,72,71,True,True,TOL,CMU
2022,2022-03-10T16:30Z,Michigan Wolverines,Indiana Hoosiers,69,74,True,True,MICH,IU
2022,2022-03-10T17:00Z,Texas A&M Aggies,Florida Gators,83,80,True,True,TA&M,FLA
2022,2022-03-10T17:00Z,Duke Blue Devils,Syracuse Orange,88,79,True,True,DUKE,SYR
2022,2022-03-10T17:00Z,Fordham Rams,George Mason Patriots,54,49,True,True,FOR,GMU
2022,2022-03-10T17:00Z,Providence Friars,Butler Bulldogs,65,61,True,True,PROV,BUT
2022,2022-03-10T17:30Z,Texas Longhorns,TCU Horned Frogs,60,65,True,True,TEX,TCU
2022,2022-03-10T18:00Z,Cincinnati Bearcats,East Carolina Pirates,74,63,True,True,CIN,ECU
2022,2022-03-10T18:30Z,Akron Zips,Buffalo Bulls,70,68,True,True,AKR,BUF
2022,2022-03-10T19:00Z,Iowa Hawkeyes,Northwestern Wildcats,112,76,True,True,IOWA,NU
2022,2022-03-10T19:00Z,Montana State Bobcats,Sacramento State Hornets,83,61,True,True,MTST,SAC
2022,2022-03-10T19:30Z,Saint Louis Billikens,La Salle Explorers,71,51,True,True,SLU,LAS
2022,2022-03-10T19:41Z,Miami Hurricanes,Boston College Eagles,71,69,True,True,MIA,BC
2022,2022-03-10T19:50Z,Creighton Bluejays,Marquette Golden Eagles,74,63,True,True,CREI,MARQ
2022,2022-03-10T20:00Z,Arizona Wildcats,Stanford Cardinal,84,80,True,True,ARIZ,STAN
2022,2022-03-10T20:00Z,Boise State Broncos,Nevada Wolf Pack,71,69,True,True,BOIS,NEV
2022,2022-03-10T20:00Z,Southern Jaguars,Grambling Tigers,58,60,True,True,SOU,GRAM
2022,2022-03-10T20:00Z,Long Beach State Beach,Cal State Bakersfield Roadrunners,72,61,True,True,LBSU,CSUB
2022,2022-03-10T20:17Z,LSU Tigers,Missouri Tigers,76,68,True,True,LSU,MIZ
2022,2022-03-10T20:21Z,Kansas Jayhawks,West Virginia Mountaineers,87,63,False,True,KU,WVU
2022,2022-03-10T20:39Z,Wichita State Shockers,Tulsa Golden Hurricane,67,73,True,True,WICH,TLSA
2022,2022-03-10T21:00Z,Kent State Golden Flashes,Miami (OH) RedHawks,85,75,True,True,KENT,M-OH
2022,2022-03-10T21:30Z,Weber State Wildcats,Montana Grizzlies,68,56,True,True,WEB,MONT
2022,2022-03-10T22:30Z,Colorado Buffaloes,Oregon Ducks,80,69,True,True,COLO,ORE
2022,2022-03-10T22:30Z,Wyoming Cowboys,UNLV Rebels,59,56,True,True,WYO,UNLV
2022,2022-03-10T22:30Z,UC Irvine Anteaters,UC Santa Barbara Gauchos,69,78,True,True,UCI,UCSB
2022,2022-03-10T23:00Z,South Carolina Gamecocks,Mississippi State Bulldogs,51,73,True,True,SC,MSST
2022,2022-03-10T23:00Z,Texas A&M-Corpus Christi Islanders,Houston Christian Huskies,75,60,True,True,AMCC,HCU
2022,2022-03-10T23:00Z,Morgan State Bears,South Carolina State Bulldogs,80,77,True,True,MORG,SCST
2022,2022-03-10T23:00Z,George Washington Revolutionaries,Massachusetts Minutemen,88,99,True,True,GW,MASS
2022,2022-03-10T23:30Z,North Texas Mean Green,Rice Owls,68,50,True,True,UNT,RICE
2022,2022-03-10T23:30Z,Ohio Bobcats,Ball State Cardinals,77,67,True,True,OHIO,BALL
2022,2022-03-10T23:30Z,Michigan State Spartans,Maryland Terrapins,76,72,True,True,MSU,MD
2022,2022-03-11T00:00Z,Western Kentucky Hilltoppers,Louisiana Tech Bulldogs,57,59,True,True,WKU,LT
2022,2022-03-11T00:00Z,UCF Knights,South Florida Bulls,60,58,True,True,UCF,USF
2022,2022-03-11T00:00Z,Baylor Bears,Oklahoma Sooners,67,72,True,True,BAY,OU
2022,2022-03-11T00:00Z,Notre Dame Fighting Irish,Virginia Tech Hokies,80,87,True,True,ND,VT
2022,2022-03-11T00:00Z,Siena Saints,Quinnipiac Bobcats,71,77,True,True,SIE,QUIN
2022,2022-03-11T00:00Z,Villanova Wildcats,St. John's Red Storm,66,65,True,True,VILL,SJU
2022,2022-03-11T00:30Z,Southern Utah Thunderbirds,Portland State Vikings,65,77,True,True,SUU,PRST
2022,2022-03-11T01:30Z,New Orleans Privateers,McNeese Cowboys,82,78,True,True,UNO,MCN
2022,2022-03-11T01:30Z,Richmond Spiders,Rhode Island Rams,64,59,True,True,RICH,URI
2022,2022-03-11T01:45Z,Alabama Crimson Tide,Vanderbilt Commodores,76,82,True,True,ALA,VAN
2022,2022-03-11T02:00Z,Middle Tennessee Blue Raiders,UTEP Miners,66,59,True,True,MTSU,UTEP
2022,2022-03-11T02:00Z,UCLA Bruins,Washington State Cougars,75,65,True,True,UCLA,WSU
2022,2022-03-11T02:00Z,Colorado State Rams,Utah State Aggies,53,51,True,True,CSU,USU
2022,2022-03-11T02:00Z,North Carolina Central Eagles,Maryland Eastern Shore Hawks,68,56,True,True,NCCU,UMES
2022,2022-03-11T02:00Z,Cal State Fullerton Titans,UC Davis Aggies,73,55,True,True,CSUF,UCD
2022,2022-03-11T02:00Z,Grand Canyon Lopes,Sam Houston Bearkats,71,66,True,True,GCU,SHSU
2022,2022-03-11T02:14Z,Ohio State Buckeyes,Penn State Nittany Lions,68,71,True,True,OSU,PSU
2022,2022-03-11T02:30Z,UAB Blazers,Florida Atlantic Owls,80,66,True,True,UAB,FAU
2022,2022-03-11T02:30Z,Texas Tech Red Raiders,Iowa State Cyclones,72,41,True,True,TTU,ISU
2022,2022-03-11T02:30Z,Monmouth Hawks,Niagara Purple Eagles,61,58,True,True,MONM,NIA
2022,2022-03-11T02:40Z,Florida A&M Rattlers,Alabama A&M Bulldogs,56,61,True,True,FAMU,AAMU
2022,2022-03-11T02:40Z,North Carolina Tar Heels,Virginia Cavaliers,63,43,True,True,UNC,UVA
2022,2022-03-11T02:47Z,UConn Huskies,Seton Hall Pirates,62,52,True,True,CONN,HALL
2022,2022-03-11T03:00Z,Northern Colorado Bears,Eastern Washington Eagles,68,67,True,True,UNCO,EWU
2022,2022-03-11T04:30Z,San Diego State Aztecs,Fresno State Bulldogs,53,46,True,True,SDSU,FRES
2022,2022-03-11T04:30Z,Hawai'i Rainbow Warriors,UC Riverside Highlanders,68,67,True,True,HAW,UCR
2022,2022-03-11T04:30Z,Stephen F. Austin Lumberjacks,Abilene Christian Wildcats,62,76,True,True,SFA,ACU
2022,2022-03-11T04:40Z,USC Trojans,Washington Huskies,65,61,True,True,USC,WASH
2022,2022-03-11T16:30Z,Illinois Fighting Illini,Indiana Hoosiers,63,65,True,True,ILL,IU
2022,2022-03-11T17:00Z,Auburn Tigers,Texas A&M Aggies,62,67,True,True,AUB,TA&M
2022,2022-03-11T17:00Z,Davidson Wildcats,Fordham Rams,74,56,True,True,DAV,FOR
2022,2022-03-11T17:30Z,North Texas Mean Green,Louisiana Tech Bulldogs,36,42,True,True,UNT,LT
2022,2022-03-11T18:00Z,Houston Cougars,Cincinnati Bearcats,69,56,True,True,HOU,CIN
2022,2022-03-11T19:00Z,Arkansas Razorbacks,LSU Tigers,79,67,True,True,ARK,LSU
2022,2022-03-11T19:00Z,Rutgers Scarlet Knights,Iowa Hawkeyes,74,84,True,True,RUTG,IOWA
2022,2022-03-11T19:30Z,St. Bonaventure Bonnies,Saint Louis Billikens,56,57,True,True,SBU,SLU
2022,2022-03-11T20:00Z,Middle Tennessee Blue Raiders,UAB Blazers,98,102,True,True,MTSU,UAB
2022,2022-03-11T20:00Z,Temple Owls,Tulane Green Wave,60,69,True,True,TEM,TULN
2022,2022-03-11T20:00Z,Texas Southern Tigers,Grambling Tigers,73,54,True,True,TXSO,GRAM
2022,2022-03-11T22:00Z,Toledo Rockets,Akron Zips,62,70,True,True,TOL,AKR
2022,2022-03-11T23:00Z,Tennessee Volunteers,Mississippi State Bulldogs,72,59,True,True,TENN,MSST
2022,2022-03-11T23:00Z,Nicholls Colonels,Texas A&M-Corpus Christi Islanders,64,71,True,True,NICH,AMCC
2022,2022-03-11T23:00Z,Norfolk State Spartans,Morgan State Bears,72,63,True,True,NORF,MORG
2022,2022-03-11T23:00Z,Monmouth Hawks,Rider Broncs,72,68,True,True,MONM,RID
2022,2022-03-11T23:00Z,Dayton Flyers,Massachusetts Minutemen,75,72,True,True,DAY,MASS
2022,2022-03-11T23:30Z,Wisconsin Badgers,Michigan State Spartans,63,69,True,True,WIS,MSU
2022,2022-03-11T23:30Z,Providence Friars,Creighton Bluejays,58,85,True,True,PROV,CREI
2022,2022-03-12T00:00Z,SMU Mustangs,Tulsa Golden Hurricane,83,58,True,True,SMU,TLSA
2022,2022-03-12T00:00Z,Kansas Jayhawks,TCU Horned Frogs,75,62,False,True,KU,TCU
2022,2022-03-12T00:00Z,Duke Blue Devils,Miami Hurricanes,80,76,True,True,DUKE,MIA
2022,2022-03-12T00:30Z,Kent State Golden Flashes,Ohio Bobcats,67,61,True,True,KENT,OHIO
2022,2022-03-12T00:30Z,Montana State Bobcats,Weber State Wildcats,69,66,True,True,MTST,WEB
2022,2022-03-12T01:00Z,North Carolina Central Eagles,Coppin State Eagles,73,79,True,True,NCCU,COPP
2022,2022-03-12T01:22Z,Kentucky Wildcats,Vanderbilt Commodores,77,71,True,True,UK,VAN
2022,2022-03-12T01:30Z,SE Louisiana Lions,New Orleans Privateers,74,65,True,True,SELA,UNO
2022,2022-03-12T01:30Z,Saint Peter's Peacocks,Quinnipiac Bobcats,64,52,True,True,SPU,QUIN
2022,2022-03-12T01:30Z,VCU Rams,Richmond Spiders,64,75,True,True,VCU,RICH
2022,2022-03-12T02:00Z,Arizona Wildcats,Colorado Buffaloes,82,72,True,True,ARIZ,COLO
2022,2022-03-12T02:00Z,Memphis Tigers,UCF Knights,85,69,True,True,MEM,UCF
2022,2022-03-12T02:00Z,Long Beach State Beach,UC Santa Barbara Gauchos,67,64,True,True,LBSU,UCSB
2022,2022-03-12T02:00Z,Purdue Boilermakers,Penn State Nittany Lions,69,61,True,True,PUR,PSU
2022,2022-03-12T02:00Z,Villanova Wildcats,UConn Huskies,63,60,True,True,VILL,CONN
2022,2022-03-12T02:00Z,New Mexico State Aggies,Grand Canyon Lopes,75,70,True,True,NMSU,GCU
2022,2022-03-12T02:30Z,Boise State Broncos,Wyoming Cowboys,68,61,True,True,BOIS,WYO
2022,2022-03-12T02:30Z,Alcorn State Braves,Alabama A&M Bulldogs,69,64,True,True,ALCN,AAMU
2022,2022-03-12T02:30Z,Texas Tech Red Raiders,Oklahoma Sooners,56,55,True,True,TTU,OU
2022,2022-03-12T02:30Z,North Carolina Tar Heels,Virginia Tech Hokies,59,72,True,True,UNC,VT
2022,2022-03-12T03:00Z,Northern Colorado Bears,Portland State Vikings,86,79,True,True,UNCO,PRST
2022,2022-03-12T04:30Z,UCLA Bruins,USC Trojans,69,59,True,True,UCLA,USC
2022,2022-03-12T04:30Z,Cal State Fullerton Titans,Hawai'i Rainbow Warriors,58,46,True,True,CSUF,HAW
2022,2022-03-12T04:30Z,Seattle U Redhawks,Abilene Christian Wildcats,76,78,True,True,SEA,ACU
2022,2022-03-12T04:59Z,Colorado State Rams,San Diego State Aztecs,58,63,True,True,CSU,SDSU
2022,2022-03-12T16:00Z,Vermont Catamounts,UMBC Retrievers,82,43,False,True,UVM,UMBC
2022,2022-03-12T16:00Z,Princeton Tigers,Cornell Big Red,77,73,True,True,PRIN,COR
2022,2022-03-12T18:00Z,Arkansas Razorbacks,Texas A&M Aggies,64,82,True,True,ARK,TA&M
2022,2022-03-12T18:00Z,Norfolk State Spartans,Coppin State Eagles,72,57,True,True,NORF,COPP
2022,2022-03-12T18:00Z,Iowa Hawkeyes,Indiana Hoosiers,80,77,True,True,IOWA,IU
2022,2022-03-12T18:00Z,Davidson Wildcats,Saint Louis Billikens,84,69,True,True,DAV,SLU
2022,2022-03-12T19:00Z,Yale Bulldogs,Pennsylvania Quakers,67,61,True,True,YALE,PENN
2022,2022-03-12T20:00Z,Tennessee Volunteers,Kentucky Wildcats,69,62,True,True,TENN,UK
2022,2022-03-12T20:00Z,Houston Cougars,Tulane Green Wave,86,66,True,True,HOU,TULN
2022,2022-03-12T20:30Z,Dayton Flyers,Richmond Spiders,64,68,True,True,DAY,RICH
2022,2022-03-12T20:37Z,Purdue Boilermakers,Michigan State Spartans,75,70,True,True,PUR,MSU
2022,2022-03-12T21:00Z,Saint Peter's Peacocks,Monmouth Hawks,60,54,True,True,SPU,MONM
2022,2022-03-12T22:36Z,SMU Mustangs,Memphis Tigers,63,70,True,True,SMU,MEM
2022,2022-03-12T23:00Z,Boise State Broncos,San Diego State Aztecs,53,52,True,True,BOIS,SDSU
2022,2022-03-12T23:00Z,Alcorn State Braves,Texas Southern Tigers,62,87,True,True,ALCN,TXSO
2022,2022-03-12T23:00Z,Kansas Jayhawks,Texas Tech Red Raiders,74,65,False,True,KU,TTU
2022,2022-03-12T23:30Z,Villanova Wildcats,Creighton Bluejays,54,48,True,True,VILL,CREI
2022,2022-03-13T00:30Z,Kent State Golden Flashes,Akron Zips,55,75,True,True,KENT,AKR
2022,2022-03-13T01:00Z,Montana State Bobcats,Northern Colorado Bears,87,66,True,True,MTST,UNCO
2022,2022-03-13T01:30Z,UAB Blazers,Louisiana Tech Bulldogs,82,73,True,True,UAB,LT
2022,2022-03-13T01:30Z,Duke Blue Devils,Virginia Tech Hokies,67,82,True,True,DUKE,VT
2022,2022-03-13T02:00Z,Arizona Wildcats,UCLA Bruins,84,76,True,True,ARIZ,UCLA
2022,2022-03-13T02:30Z,SE Louisiana Lions,Texas A&M-Corpus Christi Islanders,65,73,True,True,SELA,AMCC
2022,2022-03-13T03:00Z,New Mexico State Aggies,Abilene Christian Wildcats,66,52,True,True,NMSU,ACU
2022,2022-03-13T04:30Z,Long Beach State Beach,Cal State Fullerton Titans,71,72,True,True,LBSU,CSUF
2022,2022-03-13T16:00Z,Princeton Tigers,Yale Bulldogs,64,66,True,True,PRIN,YALE
2022,2022-03-13T17:00Z,Tennessee Volunteers,Texas A&M Aggies,65,50,True,True,TENN,TA&M
2022,2022-03-13T17:00Z,Davidson Wildcats,Richmond Spiders,62,64,True,True,DAV,RICH
2022,2022-03-13T19:15Z,Houston Cougars,Memphis Tigers,71,53,True,True,HOU,MEM
2022,2022-03-13T19:30Z,Purdue Boilermakers,Iowa Hawkeyes,66,75,True,True,PUR,IOWA
2022,2022-03-15T22:40Z,Texas Southern Tigers,Texas A&M-Corpus Christi Islanders,76,67,True,False,TXSO,AMCC
2022,2022-03-16T01:25Z,Wyoming Cowboys,Indiana Hoosiers,58,66,True,False,WYO,IU
2022,2022-03-16T22:40Z,Wright State Raiders,Bryant Bulldogs,93,82,True,False,WRST,BRY
2022,2022-03-17T01:36Z,Rutgers Scarlet Knights,Notre Dame Fighting Irish,87,89,True,False,RUTG,ND
2022,2022-03-17T16:15Z,Colorado State Rams,Michigan Wolverines,63,75,True,False,CSU,MICH
2022,2022-03-17T16:40Z,Providence Friars,South Dakota State Jackrabbits,66,57,True,False,PROV,SDST
2022,2022-03-17T17:45Z,Boise State Broncos,Memphis Tigers,53,64,True,False,BOIS,MEM
2022,2022-03-17T18:00Z,Baylor Bears,Norfolk State Spartans,85,49,True,False,BAY,NORF
2022,2022-03-17T18:50Z,Tennessee Volunteers,Longwood Lancers,88,56,True,False,TENN,LONG
2022,2022-03-17T19:10Z,Iowa Hawkeyes,Richmond Spiders,63,67,True,False,IOWA,RICH
2022,2022-03-17T20:27Z,Gonzaga Bulldogs,Georgia State Panthers,93,72,True,False,GONZ,GAST
2022,2022-03-17T20:41Z,North Carolina Tar Heels,Marquette Golden Eagles,95,63,True,False,UNC,MARQ
2022,2022-03-17T23:00Z,UConn Huskies,New Mexico State Aggies,63,70,True,False,CONN,NMSU
2022,2022-03-17T23:10Z,Kentucky Wildcats,Saint Peter's Peacocks,79,85,True,False,UK,SPU
2022,2022-03-17T23:20Z,Saint Mary's Gaels,Indiana Hoosiers,82,53,True,False,SMC,IU
2022,2022-03-17T23:27Z,San Diego State Aztecs,Creighton Bluejays,69,72,True,False,SDSU,CREI
2022,2022-03-18T01:40Z,Arkansas Razorbacks,Vermont Catamounts,75,71,True,False,ARK,UVM
2022,2022-03-18T02:07Z,UCLA Bruins,Akron Zips,57,53,True,False,UCLA,AKR
2022,2022-03-18T02:14Z,Murray State Racers,San Francisco Dons,92,87,True,False,MUR,SF
2022,2022-03-18T02:43Z,Kansas Jayhawks,Texas Southern Tigers,83,56,True,False,KU,TXSO
2022,2022-03-18T16:15Z,Ohio State Buckeyes,Loyola Chicago Ramblers,54,41,True,False,OSU,LUC
2022,2022-03-18T16:40Z,Auburn Tigers,Jacksonville State Gamecocks,80,61,True,False,AUB,JXST
2022,2022-03-18T17:45Z,Texas Tech Red Raiders,Montana State Bobcats,97,62,True,False,TTU,MTST
2022,2022-03-18T18:00Z,Purdue Boilermakers,Yale Bulldogs,78,56,True,False,PUR,YALE
2022,2022-03-18T18:58Z,Villanova Wildcats,Delaware Blue Hens,80,60,True,False,VILL,DEL
2022,2022-03-18T19:23Z,USC Trojans,Miami Hurricanes,66,68,True,False,USC,MIA
2022,2022-03-18T20:25Z,Alabama Crimson Tide,Notre Dame Fighting Irish,64,78,True,False,ALA,ND
2022,2022-03-18T20:38Z,Texas Longhorns,Virginia Tech Hokies,81,73,True,False,TEX,VT
2022,2022-03-18T22:50Z,Illinois Fighting Illini,Chattanooga Mocs,54,53,True,False,ILL,UTC
2022,2022-03-18T23:10Z,Duke Blue Devils,Cal State Fullerton Titans,78,61,True,False,DUKE,CSUF
2022,2022-03-18T23:27Z,Arizona Wildcats,Wright State Raiders,87,70,True,False,ARIZ,WRST
2022,2022-03-18T23:57Z,LSU Tigers,Iowa State Cyclones,54,59,True,False,LSU,ISU
2022,2022-03-19T01:37Z,Michigan State Spartans,Davidson Wildcats,74,73,True,False,MSU,DAV
2022,2022-03-19T01:40Z,Houston Cougars,UAB Blazers,82,68,True,False,HOU,UAB
2022,2022-03-19T02:00Z,Seton Hall Pirates,TCU Horned Frogs,42,69,True,False,HALL,TCU
2022,2022-03-19T02:45Z,Wisconsin Badgers,Colgate Raiders,67,60,True,False,WIS,COLG
2022,2022-03-19T16:10Z,Baylor Bears,North Carolina Tar Heels,86,93,True,False,BAY,UNC
2022,2022-03-19T18:40Z,Kansas Jayhawks,Creighton Bluejays,79,72,True,False,KU,CREI
2022,2022-03-19T21:50Z,Tennessee Volunteers,Michigan Wolverines,68,76,True,False,TENN,MICH
2022,2022-03-19T22:10Z,Providence Friars,Richmond Spiders,79,51,True,False,PROV,RICH
2022,2022-03-19T23:10Z,UCLA Bruins,Saint Mary's Gaels,72,56,True,False,UCLA,SMC
2022,2022-03-20T00:28Z,Murray State Racers,Saint Peter's Peacocks,60,70,True,False,MUR,SPU
2022,2022-03-20T00:40Z,Arkansas Razorbacks,New Mexico State Aggies,53,48,True,False,ARK,NMSU
2022,2022-03-20T01:40Z,Gonzaga Bulldogs,Memphis Tigers,82,78,True,False,GONZ,MEM
2022,2022-03-20T16:10Z,Illinois Fighting Illini,Houston Cougars,53,68,True,False,ILL,HOU
2022,2022-03-20T18:54Z,Villanova Wildcats,Ohio State Buckeyes,71,61,True,False,VILL,OSU
2022,2022-03-20T21:20Z,Duke Blue Devils,Michigan State Spartans,85,76,True,False,DUKE,MSU
2022,2022-03-20T22:10Z,Wisconsin Badgers,Iowa State Cyclones,49,54,True,False,WIS,ISU
2022,2022-03-20T23:10Z,Texas Tech Red Raiders,Notre Dame Fighting Irish,59,53,True,False,TTU,ND
2022,2022-03-21T00:08Z,Auburn Tigers,Miami Hurricanes,61,79,True,False,AUB,MIA
2022,2022-03-21T01:06Z,Purdue Boilermakers,Texas Longhorns,81,71,True,False,PUR,TEX
2022,2022-03-21T01:54Z,Arizona Wildcats,TCU Horned Frogs,85,80,True,False,ARIZ,TCU
2022,2022-03-24T23:09Z,Gonzaga Bulldogs,Arkansas Razorbacks,68,74,True,False,GONZ,ARK
2022,2022-03-24T23:29Z,Villanova Wildcats,Michigan Wolverines,63,55,True,False,VILL,MICH
2022,2022-03-25T01:39Z,Duke Blue Devils,Texas Tech Red Raiders,78,73,True,False,DUKE,TTU
2022,2022-03-25T01:59Z,Arizona Wildcats,Houston Cougars,60,72,True,False,ARIZ,HOU
2022,2022-03-25T23:09Z,Purdue Boilermakers,Saint Peter's Peacocks,64,67,True,False,PUR,SPU
2022,2022-03-25T23:29Z,Kansas Jayhawks,Providence Friars,66,61,True,False,KU,PROV
2022,2022-03-26T01:58Z,UCLA Bruins,North Carolina Tar Heels,66,73,True,False,UCLA,UNC
2022,2022-03-26T02:20Z,Miami Hurricanes,Iowa State Cyclones,70,56,True,False,MIA,ISU
2022,2022-03-26T22:09Z,Villanova Wildcats,Houston Cougars,50,44,True,False,VILL,HOU
2022,2022-03-27T00:54Z,Duke Blue Devils,Arkansas Razorbacks,78,69,True,False,DUKE,ARK
2022,2022-03-27T18:20Z,Kansas Jayhawks,Miami Hurricanes,76,50,True,False,KU,MIA
2022,2022-03-27T21:05Z,North Carolina Tar Heels,Saint Peter's Peacocks,69,49,True,False,UNC,SPU
2022,2022-04-02T22:09Z,Kansas Jayhawks,Villanova Wildcats,81,65,True,False,KU,VILL
2022,2022-04-03T00:49Z,Duke Blue Devils,North Carolina Tar Heels,77,81,True,False,DUKE,UNC
2022,2022-04-05T01:20Z,Kansas Jayhawks,North Carolina Tar Heels,72,69,True,False,KU,UNC
2023,2022-11-08T02:00Z,North Carolina Tar Heels,UNC Wilmington Seahawks,69,56,False,True,UNC,UNCW
2023,2022-11-08T01:00Z,Houston Cougars,Northern Colorado Bears,83,36,False,True,HOU,UNCO
2023,2022-11-07T23:30Z,Kentucky Wildcats,Howard Bison,95,63,False,True,UK,HOW
2023,2022-11-07T17:00Z,Baylor Bears,Mississippi Valley State Delta Devils,117,53,False,True,BAY,MVSU
2023,2022-11-08T01:00Z,Kansas Jayhawks,Omaha Mavericks,89,64,False,True,KU,OMA
2023,2022-11-08T00:00Z,Duke Blue Devils,Jacksonville Dolphins,71,44,False,True,DUKE,JAX
2023,2022-11-08T04:30Z,UCLA Bruins,Sacramento State Hornets,76,50,False,True,UCLA,SAC
2023,2022-11-08T01:30Z,Creighton Bluejays,St. Thomas-Minnesota Tommies,72,60,False,True,CREI,STMN
2023,2022-11-08T01:00Z,Arkansas Razorbacks,North Dakota State Bison,76,58,False,True,ARK,NDSU
2023,2022-11-08T00:00Z,Tennessee Volunteers,Tennessee Tech Golden Eagles,75,43,False,True,TENN,TNTC
2023,2022-11-08T02:00Z,Texas Longhorns,UTEP Miners,72,57,False,True,TEX,UTEP
2023,2022-11-08T00:00Z,Indiana Hoosiers,Morehead State Eagles,88,53,False,True,IU,MORE
2023,2022-11-08T01:00Z,TCU Horned Frogs,Arkansas-Pine Bluff Golden Lions,73,72,False,True,TCU,UAPB
2023,2022-11-08T01:00Z,Auburn Tigers,George Mason Patriots,70,52,False,True,AUB,GMU
2023,2022-11-07T23:30Z,Villanova Wildcats,La Salle Explorers,81,68,False,True,VILL,LAS
2023,2022-11-08T02:30Z,Arizona Wildcats,Nicholls Colonels,117,75,False,True,ARIZ,NICH
2023,2022-11-08T02:00Z,Virginia Cavaliers,North Carolina Central Eagles,73,61,False,True,UVA,NCCU
2023,2022-11-08T03:00Z,San Diego State Aztecs,Cal State Fullerton Titans,80,57,False,True,SDSU,CSUF
2023,2022-11-08T01:30Z,Alabama Crimson Tide,Longwood Lancers,75,54,False,True,ALA,LONG
2023,2022-11-07T23:30Z,Michigan Wolverines,Purdue Fort Wayne Mastodons,75,56,False,True,MICH,PFW
2023,2022-11-08T02:00Z,Illinois Fighting Illini,Eastern Illinois Panthers,87,57,False,True,ILL,EIU
2023,2022-11-08T00:00Z,Dayton Flyers,Lindenwood Lions,73,46,False,True,DAY,LIN
2023,2022-11-08T02:00Z,Texas Tech Red Raiders,Northwestern State Demons,73,49,False,True,TTU,NWST
2023,2022-11-08T22:00Z,Immaculata Mighty Macs,UAlbany Great Danes,47,74,False,True,IMM,UALB
2023,2022-11-08T23:30Z,Providence Friars,Rider Broncs,66,65,False,True,PROV,RID
2023,2022-11-08T23:30Z,Purdue Boilermakers,Milwaukee Panthers,84,53,False,True,PUR,MILW
2023,2022-11-09T00:00Z,Detroit Mercy Titans,Rochester University (MI) Warriors,93,65,False,True,DETM,RCU
2023,2022-11-09T00:00Z,Hartford Hawks,Sacred Heart Pioneers,70,77,False,True,HART,SHU
2023,2022-11-09T00:00Z,East Carolina Pirates,Mercer Bears,77,75,False,True,ECU,MER
2023,2022-11-09T00:00Z,Duquesne Dukes,Montana Grizzlies,91,63,False,True,DUQ,MONT
2023,2022-11-09T00:00Z,South Carolina Gamecocks,South Carolina State Bulldogs,80,77,False,True,SC,SCST
2023,2022-11-09T01:30Z,Georgetown Hoyas,Coppin State Eagles,99,89,False,True,GTWN,COPP
2023,2022-11-09T03:00Z,San José State Spartans,Georgia Southern Eagles,63,48,False,True,SJSU,GASO
2023,2022-11-10T00:00Z,Western Illinois Leathernecks,Rockford Regents,113,56,False,True,WIU,ROCKF
2023,2022-11-10T00:00Z,Howard Bison,District Of Columbia Firebirds,87,74,False,True,HOW,UDC
2023,2022-11-10T00:00Z,Prairie View A&M Panthers,North American Stallions,95,68,False,True,PV,NAMU
2023,2022-11-10T00:00Z,Robert Morris Colonials,Pittsburgh - Greensburg Bobcats,84,49,False,True,RMU,PITTGREEN
2023,2022-11-10T00:00Z,Wright State Raiders,Davidson Wildcats,97,102,False,True,WRST,DAV
2023,2022-11-10T00:00Z,Winthrop Eagles,Piedmont Lions,78,56,False,True,WIN,PIEDM
2023,2022-11-10T00:00Z,Marist Red Foxes,American University Eagles,73,69,False,True,MRST,AMER
2023,2022-11-10T00:00Z,James Madison Dukes,Hampton Pirates,106,58,False,True,JMU,HAMP
2023,2022-11-10T00:00Z,Youngstown State Penguins,UT Martin Skyhawks,90,72,False,True,YSU,UTM
2023,2022-11-10T00:00Z,Fairleigh Dickinson Knights,Mercy Mavericks,106,66,False,True,FDU,MRCY
2023,2022-11-10T00:00Z,Norfolk State Spartans,Cairn University Highlanders,87,59,False,True,NORF,CAIRN
2023,2022-11-10T01:00Z,South Alabama Jaguars,Mobile Rams,97,59,False,True,USA,MOBIL
2023,2022-11-10T01:00Z,Arkansas-Pine Bluff Golden Lions,Champion Christian Tigers,87,55,False,True,UAPB,CHCC
2023,2022-11-10T01:00Z,Missouri State Bears,Missouri S&T Miners,82,47,False,True,MOST,MS&T
2023,2022-11-10T01:00Z,Drake Bulldogs,IU Indianapolis Jaguars,80,48,False,True,DRKE,IUIN
2023,2022-11-10T01:00Z,Utah Valley Wolverines,Western Colorado Mountaineers,91,64,False,True,UVU,WCOL
2023,2022-11-10T01:00Z,LSU Tigers,Kansas City Roos,74,63,False,True,LSU,KC
2023,2022-11-10T01:00Z,South Dakota Coyotes,Lipscomb Bisons,85,77,False,True,SDAK,LIP
2023,2022-11-10T01:00Z,Seton Hall Pirates,Monmouth Hawks,79,52,False,True,HALL,MONM
2023,2022-11-10T02:00Z,Boise State Broncos,South Dakota State Jackrabbits,66,68,False,True,BOIS,SDST
2023,2022-11-10T02:00Z,Grand Canyon Lopes,San Diego Christian Hawks,101,50,False,True,GCU,SDCHR
2023,2022-11-10T02:00Z,UC Davis Aggies,Cal Maritime Keelhaulers,90,67,False,True,UCD,CALMA
2023,2022-11-10T02:00Z,Louisville Cardinals,Bellarmine Knights,66,67,False,True,LOU,BELL
2023,2022-11-10T03:00Z,Seattle U Redhawks,Puget Sound Loggers,106,55,False,True,SEA,PUG
2023,2022-11-10T03:00Z,San Diego Toreros,Florida Gulf Coast Eagles,79,73,False,True,USD,FGCU
2023,2022-11-10T03:30Z,Portland Pilots,Florida A&M Rattlers,91,54,False,True,PORT,FAMU
2023,2022-11-11T01:00Z,Kansas Jayhawks,North Dakota State Bison,82,59,False,True,KU,NDSU
2023,2022-11-11T02:00Z,Creighton Bluejays,North Dakota Fighting Hawks,96,61,False,True,CREI,UND
2023,2022-11-11T01:30Z,Indiana Hoosiers,Bethune-Cookman Wildcats,101,49,False,True,IU,BCU
2023,2022-11-11T01:00Z,Texas Tech Red Raiders,Texas Southern Tigers,78,54,False,True,TTU,TXSO
2023,2022-11-12T00:00Z,North Carolina Tar Heels,Charleston Cougars,102,86,False,True,UNC,COFC
2023,2022-11-12T00:00Z,Kentucky Wildcats,Duquesne Dukes,77,52,False,True,UK,DUQ
2023,2022-11-12T01:00Z,Baylor Bears,Norfolk State Spartans,87,70,False,True,BAY,NORF
2023,2022-11-11T23:30Z,Duke Blue Devils,South Carolina Upstate Spartans,84,38,False,True,DUKE,UPST
2023,2022-11-12T04:00Z,UCLA Bruins,Long Beach State Beach,93,69,False,True,UCLA,LBSU
2023,2022-11-12T01:00Z,Arkansas Razorbacks,Fordham Rams,74,48,False,True,ARK,FOR
2023,2022-11-12T01:00Z,TCU Horned Frogs,Lamar Cardinals,77,66,False,True,TCU,LAM
2023,2022-11-12T01:00Z,Auburn Tigers,South Florida Bulls,67,59,False,True,AUB,USF
2023,2022-11-12T00:00Z,Temple Owls,Villanova Wildcats,68,64,False,True,TEM,VILL
2023,2022-11-12T02:00Z,Virginia Cavaliers,Monmouth Hawks,89,42,False,True,UVA,MONM
2023,2022-11-12T03:30Z,San Diego State Aztecs,BYU Cougars,82,75,False,True,SDSU,BYU
2023,2022-11-12T01:00Z,Alabama Crimson Tide,Liberty Flames,95,59,False,True,ALA,LIB
2023,2022-11-12T04:00Z,Oregon Ducks,UC Irvine Anteaters,56,69,False,True,ORE,UCI
2023,2022-11-12T02:00Z,Michigan Wolverines,Eastern Michigan Eagles,88,83,True,True,MICH,EMU
2023,2022-11-12T02:00Z,Illinois Fighting Illini,Kansas City Roos,86,48,False,True,ILL,KC
2023,2022-11-12T00:00Z,Dayton Flyers,SMU Mustangs,74,62,False,True,DAY,SMU
2023,2022-11-12T16:00Z,Georgetown Hoyas,Green Bay Phoenix,92,58,False,True,GTWN,GB
2023,2022-11-12T17:00Z,Tennessee State Tigers,South Carolina State Bulldogs,80,61,False,True,TNST,SCST
2023,2022-11-12T17:00Z,Seton Hall Pirates,Saint Peter's Peacocks,80,44,False,True,HALL,SPU
2023,2022-11-12T18:00Z,Miami (OH) RedHawks,Goshen Maple Leafs,87,44,False,True,M-OH,GOSHE
2023,2022-11-12T18:00Z,Purdue Fort Wayne Mastodons,SIU Edwardsville Cougars,81,76,False,True,PFW,SIUE
2023,2022-11-12T18:00Z,Army Black Knights,Stonehill Skyhawks,77,82,False,True,ARMY,STO
2023,2022-11-12T18:00Z,Buffalo Bulls,James Madison Dukes,62,97,False,True,BUF,JMU
2023,2022-11-12T18:00Z,Ohio Bobcats,Cleveland State Vikings,81,70,False,True,OHIO,CLE
2023,2022-11-12T18:00Z,Louisville Cardinals,Wright State Raiders,72,73,False,True,LOU,WRST
2023,2022-11-12T19:00Z,Northern Kentucky Norse,Cincinnati Clermont Cougars,89,49,False,True,NKU,CNCL
2023,2022-11-12T19:00Z,Indiana State Sycamores,Ball State Cardinals,83,71,False,True,INST,BALL
2023,2022-11-12T19:00Z,Rutgers Scarlet Knights,UMass Lowell River Hawks,73,65,False,True,RUTG,UML
2023,2022-11-12T20:00Z,Samford Bulldogs,Belhaven Blazers,90,38,False,True,SAM,BELHA
2023,2022-11-12T20:00Z,Tulsa Golden Hurricane,Jackson State Tigers,85,79,False,True,TLSA,JKST
2023,2022-11-12T20:00Z,UNC Asheville Bulldogs,Brevard Tornados,94,46,False,True,UNCA,BRE
2023,2022-11-12T20:00Z,UT Martin Skyhawks,Champion Christian Tigers,124,65,False,True,UTM,CHCC
2023,2022-11-12T20:00Z,La Salle Explorers,Wagner Seahawks,77,69,False,True,LAS,WAG
2023,2022-11-12T21:00Z,San José State Spartans,Bethesda University Flames,90,68,False,True,SJSU,BTHS
2023,2022-11-12T21:00Z,Rider Broncs,College of New Jersey Lions,87,50,False,True,RID,CNJ
2023,2022-11-12T21:00Z,Maryland Eastern Shore Hawks,Bryn Athyn Lions,90,43,False,True,UMES,BRYN
2023,2022-11-12T21:00Z,Bucknell Bison,Niagara Purple Eagles,68,50,False,True,BUCK,NIA
2023,2022-11-12T21:00Z,Wichita State Shockers,Alcorn State Braves,57,66,False,True,WICH,ALCN
2023,2022-11-12T21:00Z,Winthrop Eagles,Middle Tennessee Blue Raiders,76,68,False,True,WIN,MTSU
2023,2022-11-12T21:00Z,High Point Panthers,Wofford Terriers,91,80,False,True,HPU,WOF
2023,2022-11-12T21:00Z,East Carolina Pirates,Presbyterian Blue Hose,77,57,False,True,ECU,PRES
2023,2022-11-12T21:00Z,Utah Valley Wolverines,Northern Arizona Lumberjacks,73,69,False,True,UVU,NAU
2023,2022-11-12T21:00Z,Rhode Island Rams,Texas State Bobcats,66,70,False,True,URI,TXST
2023,2022-11-12T21:00Z,Nevada Wolf Pack,Grand Canyon Lopes,59,46,False,True,NEV,GCU
2023,2022-11-12T22:00Z,Southeast Missouri State Redhawks,Lyon Scots,83,46,False,True,SEMO,LYON 
2023,2022-11-12T22:00Z,New Orleans Privateers,St. Francis (IL) Fighting Saints,65,63,False,True,UNO,SFIL
2023,2022-11-12T22:30Z,Lipscomb Bisons,Campbellsville-Harrodsburg Pioneers,107,54,False,True,LIP,CBHD
2023,2022-11-12T23:00Z,South Dakota Coyotes,Dakota State Trojans,82,64,False,True,SDAK,DAKO
2023,2022-11-12T23:00Z,UNLV Rebels,Incarnate Word Cardinals,88,63,False,True,UNLV,UIW
2023,2022-11-12T23:00Z,LSU Tigers,Arkansas State Red Wolves,61,52,False,True,LSU,ARST
2023,2022-11-12T23:00Z,St. John's Red Storm,Lafayette Leopards,83,68,False,True,SJU,LAF
2023,2022-11-13T00:00Z,Saint Francis Red Flash,Hartford Hawks,77,53,False,True,SFPA,HART
2023,2022-11-13T00:00Z,Milwaukee Panthers,Cardinal Stritch Wolves,112,38,False,True,MILW,CSTU
2023,2022-11-13T00:00Z,Boise State Broncos,Washington State Cougars,71,61,True,True,BOIS,WSU
2023,2022-11-13T00:00Z,Western Kentucky Hilltoppers,Kentucky State Thorobreds,127,61,False,True,WKU,KYSU
2023,2022-11-13T00:00Z,Marist Red Foxes,Binghamton Bearcats,75,78,False,True,MRST,BING
2023,2022-11-13T00:00Z,Georgia Southern Eagles,Trinity College of Jacksonville Eagles,53,32,False,True,GASO,TCJ
2023,2022-11-13T00:00Z,VCU Rams,Morgan State Bears,69,54,False,True,VCU,MORG
2023,2022-11-13T00:00Z,Canisius Golden Griffins,St. Bonaventure Bonnies,84,80,False,True,CAN,SBU
2023,2022-11-13T00:00Z,Saint Louis Billikens,Evansville Purple Aces,83,65,False,True,SLU,EVAN
2023,2022-11-13T00:00Z,Dartmouth Big Green,Massachusetts College of Liberal Arts Mohawks,107,52,False,True,DART,MASSA
2023,2022-11-13T00:00Z,Georgia State Panthers,Georgia Tech Yellow Jackets,57,59,False,True,GAST,GT
2023,2022-11-13T00:30Z,Siena Saints,UAlbany Great Danes,75,62,False,True,SIE,UALB
2023,2022-11-13T01:00Z,Murray State Racers,Lindsey Wilson Blue Raiders,90,53,False,True,MUR,LWU
2023,2022-11-13T01:00Z,Hampton Pirates,Regent Royals,89,60,False,True,HAMP,RGNT
2023,2022-11-13T01:00Z,Northwestern State Demons,Illinois State Redbirds,67,69,False,True,NWST,ILST
2023,2022-11-13T01:00Z,UT Rio Grande Valley Vaqueros,Southwestern Adventist Knights,115,33,False,True,RGV,SOUTH
2023,2022-11-13T01:00Z,Morehead State Eagles,Bellarmine Knights,62,55,False,True,MORE,BELL
2023,2022-11-13T01:00Z,Providence Friars,Northeastern Huskies,89,65,False,True,PROV,NE
2023,2022-11-13T01:30Z,UT Arlington Mavericks,Southwestern (TX) Pirates,103,61,False,True,UTA,SW
2023,2022-11-13T02:00Z,Southern Utah Thunderbirds,University of Saint Katherine Saint Katherine,91,48,False,True,SUU,STKAT
2023,2022-11-13T02:00Z,Utah Tech Trailblazers,Cal State Northridge Matadors,69,63,False,True,UTU,CSUN
2023,2022-11-13T02:00Z,UTEP Miners,New Mexico State Aggies,67,64,False,True,UTEP,NMSU
2023,2022-11-13T03:00Z,Loyola Marymount Lions,UC Davis Aggies,85,75,False,True,LMU,UCD
2023,2022-11-13T03:00Z,UC San Diego Tritons,Sacramento State Hornets,55,65,False,True,UCSD,SAC
2023,2022-11-13T19:00Z,Tennessee Volunteers,Colorado Buffaloes,66,78,True,True,TENN,COLO
2023,2022-11-15T01:00Z,Baylor Bears,Northern Colorado Bears,95,62,False,True,BAY,UNCO
2023,2022-11-15T03:00Z,UCLA Bruins,Norfolk State Spartans,86,56,False,True,UCLA,NORF
2023,2022-11-15T02:00Z,Creighton Bluejays,Holy Cross Crusaders,94,65,False,True,CREI,HC
2023,2022-11-15T01:00Z,TCU Horned Frogs,Northwestern State Demons,63,64,False,True,TCU,NWST
2023,2022-11-15T02:00Z,Illinois Fighting Illini,Monmouth Hawks,103,65,False,True,ILL,MONM
2023,2022-11-15T01:00Z,Texas Tech Red Raiders,Louisiana Tech Bulldogs,64,55,False,True,TTU,LT
2023,2022-11-16T01:00Z,North Carolina Tar Heels,Gardner-Webb Runnin' Bulldogs,72,66,False,True,UNC,GWEB
2023,2022-11-16T00:00Z,Auburn Tigers,Winthrop Eagles,89,65,False,True,AUB,WIN
2023,2022-11-16T02:00Z,Stanford Cardinal,San Diego State Aztecs,62,74,False,True,STAN,SDSU
2023,2022-11-16T03:00Z,South Alabama Jaguars,Alabama Crimson Tide,55,65,False,True,USA,ALA
2023,2022-11-16T04:00Z,UNLV Rebels,Dayton Flyers,60,52,False,True,UNLV,DAY
2023,2022-11-16T00:00Z,UConn Huskies,Buffalo Bulls,84,64,False,True,CONN,BUF
2023,2022-11-17T02:30Z,Texas Longhorns,Gonzaga Bulldogs,93,74,False,True,TEX,GONZ
2023,2022-11-17T01:00Z,Arkansas Razorbacks,South Dakota State Jackrabbits,71,56,False,True,ARK,SDST
2023,2022-11-17T00:00Z,Tennessee Volunteers,Florida Gulf Coast Eagles,81,50,False,True,TENN,FGCU
2023,2022-11-18T00:00Z,Kentucky Wildcats,South Carolina State Bulldogs,106,63,False,True,UK,SCST
2023,2022-11-18T01:30Z,Creighton Bluejays,UC Riverside Highlanders,80,51,False,True,CREI,UCR
2023,2022-11-18T02:00Z,Arizona Wildcats,Utah Tech Trailblazers,104,77,False,True,ARIZ,UTU
2023,2022-11-19T01:00Z,Kansas Jayhawks,Southern Utah Thunderbirds,82,76,False,True,KU,SUU
2023,2022-11-19T00:00Z,Duke Blue Devils,Delaware Blue Hens,92,58,False,True,DUKE,DEL
2023,2022-11-19T01:00Z,Auburn Tigers,Texas Southern Tigers,72,56,False,True,AUB,TXSO
2023,2022-11-19T02:00Z,Alabama Crimson Tide,Jacksonville State Gamecocks,104,62,False,True,ALA,JXST
2023,2022-11-19T01:30Z,UConn Huskies,UNC Wilmington Seahawks,86,50,False,True,CONN,UNCW
2023,2022-11-19T18:00Z,Dayton Flyers,Robert Morris Colonials,60,51,False,True,DAY,RMU
2023,2022-11-20T17:00Z,North Carolina Tar Heels,James Madison Dukes,80,64,False,True,UNC,JMU
2023,2022-11-21T00:30Z,Gonzaga Bulldogs,Kentucky Wildcats,88,72,False,True,GONZ,UK
2023,2022-11-21T02:40Z,Oregon Ducks,Houston Cougars,56,66,False,True,ORE,HOU
2023,2022-11-21T00:30Z,Michigan Wolverines,Ohio Bobcats,70,66,False,True,MICH,OHIO
2023,2022-11-20T22:00Z,UConn Huskies,Delaware State Hornets,95,60,False,True,CONN,DSU
2023,2022-11-22T01:30Z,Duke Blue Devils,Bellarmine Knights,74,57,False,True,DUKE,BELL
2023,2022-11-22T16:00Z,Toledo Rockets,East Carolina Pirates,75,86,True,True,TOL,ECU
2023,2022-11-22T16:00Z,Western Kentucky Hilltoppers,Illinois State Redbirds,78,66,True,True,WKU,ILST
2023,2022-11-22T16:30Z,Grand Canyon Lopes,Northern Iowa Panthers,69,67,True,True,GCU,UNI
2023,2022-11-22T17:00Z,Bucknell Bison,Austin Peay Governors,79,65,True,True,BUCK,APSU
2023,2022-11-22T17:00Z,Northern Illinois Huskies,Sam Houston Bearkats,54,88,True,True,NIU,SHSU
2023,2022-11-22T17:30Z,Eastern Michigan Eagles,Purdue Fort Wayne Mastodons,67,74,True,True,EMU,PFW
2023,2022-11-22T18:15Z,Sacred Heart Pioneers,NJIT Highlanders,75,85,False,True,SHU,NJIT
2023,2022-11-22T18:30Z,UT Arlington Mavericks,Northern Kentucky Norse,60,56,True,True,UTA,NKU
2023,2022-11-22T18:30Z,Akron Zips,LSU Tigers,58,73,True,True,AKR,LSU
2023,2022-11-22T19:00Z,Wichita State Shockers,San Francisco Dons,63,67,True,True,WICH,SF
2023,2022-11-22T19:30Z,Louisville Cardinals,Texas Tech Red Raiders,38,70,True,True,LOU,TTU
2023,2022-11-22T19:30Z,Long Island University Sharks,South Dakota Coyotes,58,68,True,True,LIU,SDAK
2023,2022-11-22T20:00Z,Hampton Pirates,North Alabama Lions,74,75,True,True,HAMP,UNA
2023,2022-11-22T20:00Z,Winthrop Eagles,Southern Miss Golden Eagles,52,77,True,True,WIN,USM
2023,2022-11-22T21:00Z,UIC Flames,Holy Cross Crusaders,89,66,True,True,UIC,HC
2023,2022-11-22T21:00Z,UAB Blazers,Georgia Bulldogs,87,73,True,True,UAB,UGA
2023,2022-11-22T22:00Z,Cornell Big Red,Canisius Golden Griffins,79,70,False,True,COR,CAN
2023,2022-11-22T22:00Z,Cincinnati Bearcats,Ohio State Buckeyes,53,81,True,True,CIN,OSU
2023,2022-11-22T22:00Z,Kansas City Roos,Indiana State Sycamores,63,61,True,True,KC,INST
2023,2022-11-22T22:00Z,Rhode Island Rams,Tulane Green Wave,75,78,True,True,URI,TULN
2023,2022-11-22T23:00Z,Hartford Hawks,FDU Florham Devils,82,45,False,True,HART,FDUFLOR
2023,2022-11-22T23:00Z,North Carolina A&T Aggies,St. Andrews Knights,109,57,False,True,NCAT,ST. A
2023,2022-11-22T23:00Z,Texas A&M-Corpus Christi Islanders,Cal State Bakersfield Roadrunners,63,73,True,True,AMCC,CSUB
2023,2022-11-22T23:00Z,Arkansas State Red Wolves,UT Martin Skyhawks,70,64,False,True,ARST,UTM
2023,2022-11-22T23:00Z,Auburn Tigers,Bradley Braves,85,64,True,True,AUB,BRAD
2023,2022-11-22T23:30Z,Saint Joseph's Hawks,South Florida Bulls,62,75,True,True,JOES,USF
2023,2022-11-22T23:30Z,Notre Dame Fighting Irish,Bowling Green Falcons,82,66,False,True,ND,BGSU
2023,2022-11-23T00:00Z,Troy Trojans,Southern-New Orleans Knights,118,61,False,True,TROY,SUNO
2023,2022-11-23T00:00Z,Tennessee Tech Golden Eagles,Truett-McConnell Bears,84,48,False,True,TNTC,TMCN
2023,2022-11-23T00:00Z,Towson Tigers,Coppin State Eagles,83,67,False,True,TOW,COPP
2023,2022-11-23T00:00Z,UNC Greensboro Spartans,UMBC Retrievers,76,72,False,True,UNCG,UMBC
2023,2022-11-23T00:00Z,George Washington Revolutionaries,UC San Diego Tritons,70,75,False,True,GW,UCSD
2023,2022-11-23T00:00Z,Fordham Rams,Stonehill Skyhawks,71,60,False,True,FOR,STO
2023,2022-11-23T00:00Z,Yale Bulldogs,Vermont Catamounts,73,44,False,True,YALE,UVM
2023,2022-11-23T00:00Z,Richmond Spiders,Temple Owls,61,49,True,True,RICH,TEM
2023,2022-11-23T00:00Z,St. Bonaventure Bonnies,Southern Indiana Screaming Eagles,80,66,False,True,SBU,USI
2023,2022-11-23T00:00Z,Norfolk State Spartans,St. Mary's (MD) Seahawks,91,41,False,True,NORF,SMMD
2023,2022-11-23T00:00Z,Rutgers Scarlet Knights,Rider Broncs,76,46,False,True,RUTG,RID
2023,2022-11-23T00:15Z,Morehead State Eagles,Kentucky State Thorobreds,114,49,False,True,MORE,KYSU
2023,2022-11-23T00:30Z,Southeast Missouri State Redhawks,William Woods Owls,87,49,False,True,SEMO,WLWD
2023,2022-11-23T00:30Z,Jacksonville State Gamecocks,Elon Phoenix,78,53,False,True,JXST,ELON
2023,2022-11-23T00:30Z,Abilene Christian Wildcats,Weber State Wildcats,67,77,True,True,ACU,WEB
2023,2022-11-23T00:30Z,Incarnate Word Cardinals,Our Lady Of The Lake Saints,85,76,False,True,UIW,OLLU
2023,2022-11-23T00:30Z,UT Rio Grande Valley Vaqueros,Northern Arizona Lumberjacks,91,79,False,True,RGV,NAU
2023,2022-11-23T00:30Z,Drexel Dragons,Florida Gulf Coast Eagles,59,67,True,True,DREX,FGCU
2023,2022-11-23T00:30Z,Kansas State Wildcats,Nevada Wolf Pack,96,87,True,True,KSU,NEV
2023,2022-11-23T01:00Z,North Texas Mean Green,Paul Quinn Tigers,76,46,False,True,UNT,PQC
2023,2022-11-23T01:00Z,Nicholls Colonels,Jarvis Christian Bulldogs,97,52,False,True,NICH,JVCU
2023,2022-11-23T01:00Z,Arkansas-Pine Bluff Golden Lions,Crowley's Ridge Pioneers,70,56,False,True,UAPB,CROWL
2023,2022-11-23T01:00Z,Northern Colorado Bears,Colorado Christian Cougars,69,70,False,True,UNCO,COCU
2023,2022-11-23T01:00Z,Maryland Eastern Shore Hawks,Marist Red Foxes,70,59,False,True,UMES,MRST
2023,2022-11-23T01:00Z,North Dakota Fighting Hawks,Wisconsin-Stout Blue Devils,92,61,False,True,UND,UWST
2023,2022-11-23T01:00Z,UTSA Roadrunners,Prairie View A&M Panthers,82,75,False,True,UTSA,PV
2023,2022-11-23T01:00Z,Arkansas Razorbacks,Creighton Bluejays,87,90,True,True,ARK,CREI
2023,2022-11-23T01:30Z,SMU Mustangs,Louisiana Ragin' Cajuns,72,76,False,True,SMU,UL
2023,2022-11-23T01:30Z,Lafayette Leopards,Pennsylvania Quakers,68,74,False,True,LAF,PENN
2023,2022-11-23T01:30Z,Pittsburgh Panthers,Fairleigh Dickinson Knights,83,61,False,True,PITT,FDU
2023,2022-11-23T01:40Z,Northwestern Wildcats,Liberty Flames,66,52,True,True,NU,LIB
2023,2022-11-23T02:00Z,Montana Grizzlies,Montana State-Northern Lights,63,51,False,True,MONT,MSTNORTH
2023,2022-11-23T02:00Z,Utah State Aggies,Oral Roberts Golden Eagles,95,85,False,True,USU,ORU
2023,2022-11-23T02:00Z,UTEP Miners,Alcorn State Braves,73,61,False,True,UTEP,ALCN
2023,2022-11-23T02:00Z,Presbyterian Blue Hose,UAlbany Great Danes,65,68,True,True,PRES,UALB
2023,2022-11-23T02:00Z,Arizona State Sun Devils,Grambling Tigers,80,49,False,True,ASU,GRAM
2023,2022-11-23T02:25Z,St. John's Red Storm,Syracuse Orange,76,69,True,True,SJU,SYR
2023,2022-11-23T03:00Z,Cal State Fullerton Titans,Westcliff Warriors,78,57,False,True,CSUF,WCLF
2023,2022-11-23T03:00Z,UC Riverside Highlanders,Wright State Raiders,70,65,True,True,UCR,WRST
2023,2022-11-23T03:00Z,Pacific Tigers,Mount St. Mary's Mountaineers,65,69,False,True,PAC,MSM
2023,2022-11-23T03:30Z,UC Davis Aggies,Sacramento State Hornets,82,71,True,True,UCD,SAC
2023,2022-11-23T03:38Z,Arizona Wildcats,San Diego State Aztecs,87,70,True,True,ARIZ,SDSU
2023,2022-11-23T21:00Z,Baylor Bears,McNeese Cowboys,89,60,False,True,BAY,MCN
2023,2022-11-23T21:00Z,Kentucky Wildcats,North Florida Ospreys,96,56,False,True,UK,UNF
2023,2022-11-24T16:00Z,Siena Saints,Florida State Seminoles,80,63,True,True,SIE,FSU
2023,2022-11-24T16:00Z,Kansas Jayhawks,Wisconsin Badgers,69,68,True,True,KU,WIS
2023,2022-11-24T17:00Z,Northeastern Huskies,Manhattan Jaspers,69,67,True,True,NE,MAN
2023,2022-11-24T18:00Z,Portland Pilots,North Carolina Tar Heels,81,89,True,True,PORT,UNC
2023,2022-11-24T18:30Z,Stanford Cardinal,Ole Miss Rebels,68,72,True,True,STAN,MISS
2023,2022-11-24T18:45Z,USC Trojans,Tennessee Volunteers,66,73,True,True,USC,TENN
2023,2022-11-24T19:30Z,Army Black Knights,Princeton Tigers,66,74,True,True,ARMY,PRIN
2023,2022-11-24T20:00Z,New Orleans Privateers,IU Indianapolis Jaguars,87,84,False,True,UNO,IUIN
2023,2022-11-24T20:00Z,Oregon State Beavers,Duke Blue Devils,51,54,True,True,ORST,DUKE
2023,2022-11-24T20:30Z,Villanova Wildcats,Iowa State Cyclones,79,81,True,True,VILL,ISU
2023,2022-11-24T21:20Z,NC State Wolfpack,Dayton Flyers,76,64,True,True,NCSU,DAY
2023,2022-11-24T22:00Z,Nebraska Cornhuskers,Oklahoma Sooners,56,69,True,True,NEB,OU
2023,2022-11-24T22:38Z,Xavier Musketeers,Florida Gators,90,83,True,True,XAV,FLA
2023,2022-11-24T23:00Z,Denver Pioneers,The Citadel Bulldogs,74,71,True,True,DEN,CIT
2023,2022-11-24T23:30Z,BYU Cougars,Butler Bulldogs,70,75,True,True,BYU,BUT
2023,2022-11-25T00:30Z,Seton Hall Pirates,Memphis Tigers,70,69,True,True,HALL,MEM
2023,2022-11-25T01:00Z,Oregon Ducks,UConn Huskies,59,83,True,True,ORE,CONN
2023,2022-11-25T03:00Z,Vanderbilt Commodores,Fresno State Bulldogs,67,59,True,True,VAN,FRES
2023,2022-11-25T03:00Z,West Virginia Mountaineers,Purdue Boilermakers,68,80,True,True,WVU,PUR
2023,2022-11-25T03:40Z,Michigan State Spartans,Alabama Crimson Tide,70,81,True,True,MSU,ALA
2023,2022-11-25T05:30Z,Saint Mary's Gaels,Washington Huskies,64,68,True,True,SMC,WASH
2023,2022-11-25T05:43Z,Gonzaga Bulldogs,Portland State Vikings,102,78,True,True,GONZ,PRST
2023,2022-11-25T23:00Z,Virginia Cavaliers,Maryland Eastern Shore Hawks,72,45,False,True,UVA,UMES
2023,2022-11-26T02:00Z,Illinois Fighting Illini,Lindenwood Lions,92,59,False,True,ILL,LIN
2023,2022-11-25T21:00Z,Maryland Terrapins,Coppin State Eagles,95,79,False,True,MD,COPP
2023,2022-11-26T19:30Z,Houston Cougars,Kent State Golden Flashes,49,44,False,True,HOU,KENT
2023,2022-11-27T20:00Z,Auburn Tigers,Saint Louis Billikens,65,60,False,True,AUB,SLU
2023,2022-11-28T00:00Z,UCLA Bruins,Bellarmine Knights,81,60,False,True,UCLA,BELL
2023,2022-11-29T01:00Z,Kansas Jayhawks,Texas Southern Tigers,87,55,False,True,KU,TXSO
2023,2022-11-29T01:00Z,Arkansas Razorbacks,Troy Trojans,74,61,False,True,ARK,TROY
2023,2022-11-30T01:00Z,Houston Cougars,Norfolk State Spartans,100,52,False,True,HOU,NORF
2023,2022-11-30T00:00Z,Kentucky Wildcats,Bellarmine Knights,60,41,False,True,UK,BELL
2023,2022-11-30T03:00Z,San Diego State Aztecs,UC Irvine Anteaters,72,69,False,True,SDSU,UCI
2023,2022-12-01T00:15Z,Tennessee Volunteers,McNeese Cowboys,76,40,False,True,TENN,MCN
2023,2022-12-01T01:00Z,Iowa State Cyclones,North Dakota Fighting Hawks,63,44,False,True,ISU,UND
2023,2022-12-02T01:30Z,Utah Utes,Arizona Wildcats,81,66,False,True,UTAH,ARIZ
2023,2022-12-02T03:30Z,Stanford Cardinal,UCLA Bruins,66,80,False,True,STAN,UCLA
2023,2022-12-03T01:00Z,Gonzaga Bulldogs,Baylor Bears,63,64,True,True,GONZ,BAY
2023,2022-12-03T01:00Z,Auburn Tigers,Colgate Raiders,93,66,False,True,AUB,COLG
2023,2022-12-03T02:00Z,Maryland Terrapins,Illinois Fighting Illini,71,66,False,True,MD,ILL
2023,2022-12-03T03:00Z,San Diego State Aztecs,Occidental Tigers,95,57,False,True,SDSU,OXY
2023,2022-12-03T19:00Z,Virginia Cavaliers,Florida State Seminoles,62,57,False,True,UVA,FSU
2023,2022-12-03T21:00Z,Rutgers Scarlet Knights,Indiana Hoosiers,63,48,False,True,RUTG,IU
2023,2022-12-03T21:00Z,Arkansas Razorbacks,San José State Spartans,99,58,False,True,ARK,SJSU
2023,2022-12-04T01:30Z,Alabama Crimson Tide,South Dakota State Jackrabbits,78,65,False,True,ALA,SDST
2023,2022-12-03T21:00Z,Duke Blue Devils,Boston College Eagles,75,59,False,True,DUKE,BC
2023,2022-12-03T17:00Z,Ohio State Buckeyes,Saint Francis Red Flash,96,59,False,True,OSU,SFPA
2023,2022-12-04T22:00Z,Arizona Wildcats,California Golden Bears,81,68,False,True,ARIZ,CAL
2023,2022-12-04T22:00Z,Purdue Boilermakers,Minnesota Golden Gophers,89,70,False,True,PUR,MINN
2023,2022-12-04T21:30Z,Creighton Bluejays,Nebraska Cornhuskers,53,63,False,True,CREI,NEB
2023,2022-12-04T23:00Z,Tennessee Volunteers,Alcorn State Braves,94,40,False,True,TENN,ALCN
2023,2022-12-04T20:00Z,Virginia Tech Hokies,North Carolina Tar Heels,80,72,False,True,VT,UNC
2023,2022-12-05T00:00Z,Michigan State Spartans,Northwestern Wildcats,63,70,False,True,MSU,NU
2023,2022-12-04T22:00Z,UCLA Bruins,Oregon Ducks,65,56,False,True,UCLA,ORE
2023,2022-12-06T02:00Z,Gonzaga Bulldogs,Kent State Golden Flashes,73,66,False,True,GONZ,KENT
2023,2022-12-06T03:00Z,San Diego State Aztecs,Troy Trojans,60,55,False,True,SDSU,TROY
2023,2022-12-07T01:00Z,Houston Cougars,North Florida Ospreys,76,42,False,True,HOU,UNF
2023,2022-12-07T01:00Z,Virginia Cavaliers,James Madison Dukes,55,50,False,True,UVA,JMU
2023,2022-12-07T00:00Z,Arkansas Razorbacks,UNC Greensboro Spartans,65,58,False,True,ARK,UNCG
2023,2022-12-07T01:00Z,Baylor Bears,Tarleton State Texans,80,57,False,True,BAY,TAR
2023,2022-12-07T02:00Z,Wisconsin Badgers,Maryland Terrapins,64,59,False,True,WIS,MD
2023,2022-12-07T01:00Z,TCU Horned Frogs,Jackson State Tigers,78,51,False,True,TCU,JKST
2023,2022-12-08T00:00Z,Purdue Boilermakers,Hofstra Pride,85,66,False,True,PUR,HOF
2023,2022-12-08T02:00Z,Florida Gators,UConn Huskies,54,75,False,True,FLA,CONN
2023,2022-12-08T00:00Z,Tennessee Volunteers,Eastern Kentucky Colonels,84,49,False,True,TENN,EKU
2023,2022-12-08T01:30Z,Indiana Hoosiers,Nebraska Cornhuskers,81,65,False,True,IU,NEB
2023,2022-12-09T01:00Z,Iowa Hawkeyes,Iowa State Cyclones,75,56,False,True,IOWA,ISU
2023,2022-12-09T00:00Z,Ohio State Buckeyes,Rutgers Scarlet Knights,67,66,False,True,OSU,RUTG
2023,2022-12-10T02:00Z,Gonzaga Bulldogs,Washington Huskies,77,60,False,True,GONZ,WASH
2023,2022-12-10T20:00Z,Houston Cougars,Alabama Crimson Tide,65,71,False,True,HOU,ALA
2023,2022-12-10T19:15Z,Nebraska Cornhuskers,Purdue Boilermakers,62,65,False,True,NEB,PUR
2023,2022-12-10T17:30Z,UConn Huskies,Long Island University Sharks,114,61,False,True,CONN,LIU
2023,2022-12-10T22:20Z,Missouri Tigers,Kansas Jayhawks,67,95,False,True,MIZ,KU
2023,2022-12-10T18:00Z,Arkansas Razorbacks,Oklahoma Sooners,88,78,True,True,ARK,OU
2023,2022-12-10T22:30Z,Duke Blue Devils,Maryland Eastern Shore Hawks,82,55,False,True,DUKE,UMES
2023,2022-12-10T18:00Z,Kentucky Wildcats,Yale Bulldogs,69,59,False,True,UK,YALE
2023,2022-12-10T17:00Z,Illinois Fighting Illini,Penn State Nittany Lions,59,74,False,True,ILL,PSU
2023,2022-12-10T20:00Z,UCLA Bruins,Denver Pioneers,87,64,False,True,UCLA,DEN
2023,2022-12-11T03:00Z,BYU Cougars,Creighton Bluejays,83,80,True,True,BYU,CREI
2023,2022-12-11T03:00Z,SMU Mustangs,TCU Horned Frogs,75,83,True,True,SMU,TCU
2023,2022-12-11T23:00Z,Iowa State Cyclones,McNeese Cowboys,77,40,False,True,ISU,MCN
2023,2022-12-12T01:30Z,Minnesota Golden Gophers,Mississippi State Bulldogs,51,69,False,True,MINN,MSST
2023,2022-12-13T01:00Z,Texas Longhorns,Rice Owls,87,81,False,True,TEX,RICE
2023,2022-12-13T02:00Z,Gonzaga Bulldogs,Northern Illinois Huskies,88,67,False,True,GONZ,NIU
2023,2022-12-14T02:00Z,Alabama Crimson Tide,Memphis Tigers,91,88,False,True,ALA,MEM
2023,2022-12-14T01:00Z,Houston Cougars,North Carolina A&T Aggies,74,46,False,True,HOU,NCAT
2023,2022-12-14T01:30Z,Arizona Wildcats,Texas A&M-Corpus Christi Islanders,99,61,False,True,ARIZ,AMCC
2023,2022-12-15T02:00Z,Maryland Terrapins,UCLA Bruins,60,87,False,True,MD,UCLA
2023,2022-12-15T00:30Z,Jackson State Tigers,Mississippi State Bulldogs,59,69,True,True,JKST,MSST
2023,2022-12-15T01:00Z,Auburn Tigers,Georgia State Panthers,72,64,False,True,AUB,GAST
2023,2022-12-16T00:00Z,Wisconsin Badgers,Lehigh Mountain Hawks,78,56,False,True,WIS,LEH
2023,2022-12-16T17:00Z,Texas A&M-Corpus Christi Islanders,Schreiner Mountaineers,104,69,False,True,AMCC,SCHRE
2023,2022-12-16T23:30Z,Incarnate Word Cardinals,Bethune-Cookman Wildcats,77,65,False,True,UIW,BCU
2023,2022-12-16T23:30Z,Georgetown Hoyas,Xavier Musketeers,89,102,False,True,GTWN,XAV
2023,2022-12-17T00:00Z,Manhattan Jaspers,Central Connecticut Blue Devils,67,78,False,True,MAN,CCSU
2023,2022-12-17T00:00Z,Princeton Tigers,Delaware Blue Hens,69,76,False,True,PRIN,DEL
2023,2022-12-17T00:00Z,South Florida Bulls,Dartmouth Big Green,59,55,False,True,USF,DART
2023,2022-12-17T00:00Z,St. Bonaventure Bonnies,Florida Gulf Coast Eagles,58,71,False,True,SBU,FGCU
2023,2022-12-17T01:00Z,Murray State Racers,Austin Peay Governors,68,60,False,True,MUR,APSU
2023,2022-12-17T01:00Z,Youngstown State Penguins,Southern Jaguars,85,81,False,True,YSU,SOU
2023,2022-12-17T01:00Z,Tulsa Golden Hurricane,Mississippi Valley State Delta Devils,66,51,False,True,TLSA,MVSU
2023,2022-12-17T01:00Z,Southern Illinois Salukis,Chicago State Cougars,63,52,False,True,SIU,CHST
2023,2022-12-17T01:00Z,Oral Roberts Golden Eagles,Missouri State Bears,80,77,False,True,ORU,MOST
2023,2022-12-17T01:00Z,Utah Valley Wolverines,Antelope Valley,80,54,False,True,UVU,ANTEL
2023,2022-12-17T01:00Z,Stanford Cardinal,Green Bay Phoenix,85,40,False,True,STAN,GB
2023,2022-12-17T01:30Z,Marquette Golden Eagles,Creighton Bluejays,69,58,False,True,MARQ,CREI
2023,2022-12-17T02:00Z,Western Illinois Leathernecks,Eureka Red Devils,79,50,False,True,WIU,ERKA
2023,2022-12-17T02:00Z,Idaho Vandals,Northwest Indian RedHawks,125,51,False,True,IDHO,NWIC
2023,2022-12-17T03:00Z,Cal Poly Mustangs,Weber State Wildcats,45,74,False,True,CP,WEB
2023,2022-12-17T19:00Z,Virginia Cavaliers,Houston Cougars,61,69,False,True,UVA,HOU
2023,2022-12-18T00:00Z,Butler Bulldogs,UConn Huskies,46,68,False,True,BUT,CONN
2023,2022-12-18T03:30Z,Arizona Wildcats,Tennessee Volunteers,75,70,False,True,ARIZ,TENN
2023,2022-12-17T17:00Z,Kansas Jayhawks,Indiana Hoosiers,84,62,False,True,KU,IU
2023,2022-12-17T21:00Z,Arkansas Razorbacks,Bradley Braves,76,57,False,True,ARK,BRAD
2023,2022-12-17T20:00Z,Mississippi State Bulldogs,Nicholls Colonels,68,66,False,True,MSST,NICH
2023,2022-12-17T21:00Z,Illinois Fighting Illini,Alabama A&M Bulldogs,68,47,False,True,ILL,AAMU
2023,2022-12-17T21:00Z,Virginia Tech Hokies,Grambling Tigers,74,48,False,True,VT,GRAM
2023,2022-12-17T17:00Z,Miami Hurricanes,Saint Francis Red Flash,91,76,False,True,MIA,SFPA
2023,2022-12-18T22:30Z,USC Trojans,Auburn Tigers,74,71,False,True,USC,AUB
2023,2022-12-18T23:00Z,TCU Horned Frogs,Mississippi Valley State Delta Devils,88,43,False,True,TCU,MVSU
2023,2022-12-19T16:00Z,Bowling Green Falcons,Fairmont St Falcons,93,74,False,True,BGSU,FAIRST
2023,2022-12-19T16:00Z,Gardner-Webb Runnin' Bulldogs,Bob Jones Bruins,116,55,False,True,GWEB,BOBJ
2023,2022-12-19T21:00Z,Pepperdine Waves,Cal State LA Golden Eagles,92,69,False,True,PEPP,CSLA
2023,2022-12-19T21:00Z,IU Indianapolis Jaguars,Southern Indiana Screaming Eagles,74,87,True,True,IUIN,USI
2023,2022-12-20T00:00Z,Nicholls Colonels,Trinity College of Jacksonville Eagles,90,46,False,True,NICH,TCJ
2023,2022-12-20T00:00Z,North Florida Ospreys,Davis & Elkins Senators,105,66,False,True,UNF,DVEK
2023,2022-12-20T00:00Z,Marshall Thundering Herd,Glenville State Pioneers,99,73,False,True,MRSH,GLENVILLE
2023,2022-12-20T00:00Z,Rider Broncs,Delaware Blue Hens,59,60,False,True,RID,DEL
2023,2022-12-20T00:00Z,Presbyterian Blue Hose,Allen University Yellow Jackets,90,70,False,True,PRES,ALNU
2023,2022-12-20T00:00Z,Akron Zips,Maine Black Bears,87,55,False,True,AKR,ME
2023,2022-12-20T00:00Z,New Hampshire Wildcats,Holy Cross Crusaders,78,60,False,True,UNH,HC
2023,2022-12-20T00:00Z,South Florida Bulls,Hofstra Pride,77,70,False,True,USF,HOF
2023,2022-12-20T00:00Z,Purdue Fort Wayne Mastodons,East Texas A&M Lions,85,68,False,True,PFW,ETAM
2023,2022-12-20T00:00Z,UT Martin Skyhawks,Crowley's Ridge Pioneers,120,59,False,True,UTM,CROWL
2023,2022-12-20T00:00Z,Siena Saints,St. Bonaventure Bonnies,76,70,False,True,SIE,SBU
2023,2022-12-20T00:00Z,Saint Joseph's Hawks,Sacred Heart Pioneers,77,59,False,True,JOES,SHU
2023,2022-12-20T00:00Z,Marist Red Foxes,Manhattan Jaspers,69,80,False,True,MRST,MAN
2023,2022-12-20T00:00Z,Liberty Flames,Grambling Tigers,75,56,False,True,LIB,GRAM
2023,2022-12-20T00:00Z,Furman Paladins,Anderson (SC) Trojans,106,79,False,True,FUR,ANDERSC
2023,2022-12-20T00:00Z,Western Illinois Leathernecks,North Dakota State Bison,79,60,False,True,WIU,NDSU
2023,2022-12-20T00:30Z,Stephen F. Austin Lumberjacks,North American Stallions,83,51,False,True,SFA,NAMU
2023,2022-12-20T00:30Z,Coastal Carolina Chanticleers,Charleston Cougars,69,83,False,True,CCU,COFC
2023,2022-12-20T01:00Z,South Alabama Jaguars,Spring Hill Badgers,82,53,False,True,USA,SPRHILL
2023,2022-12-20T01:00Z,Illinois State Redbirds,Chicago State Cougars,66,52,False,True,ILST,CHST
2023,2022-12-20T01:00Z,New Orleans Privateers,Dillard Blue Devils,79,71,False,True,UNO,DLRD
2023,2022-12-20T01:00Z,Arkansas State Red Wolves,Alabama State Hornets,72,65,False,True,ARST,ALST
2023,2022-12-20T01:00Z,Bradley Braves,Stonehill Skyhawks,79,50,False,True,BRAD,STO
2023,2022-12-20T01:00Z,Rice Owls,Jarvis Christian Bulldogs,109,64,False,True,RICE,JVCU
2023,2022-12-20T01:00Z,St. Thomas-Minnesota Tommies,North Dakota Fighting Hawks,75,62,False,True,STMN,UND
2023,2022-12-20T01:00Z,Oral Roberts Golden Eagles,South Dakota State Jackrabbits,79,40,False,True,ORU,SDST
2023,2022-12-20T01:00Z,Kansas City Roos,South Dakota Coyotes,62,45,False,True,KC,SDAK
2023,2022-12-20T01:00Z,Omaha Mavericks,Denver Pioneers,83,66,False,True,OMA,DEN
2023,2022-12-20T02:00Z,Utah Tech Trailblazers,Westmont Warriors,80,53,False,True,UTU,WSMT
2023,2022-12-20T02:00Z,Utah State Aggies,Weber State Wildcats,72,75,False,True,USU,WEB
2023,2022-12-20T03:00Z,Cal State Fullerton Titans,San Diego Christian Hawks,87,35,False,True,CSUF,SDCHR
2023,2022-12-20T03:00Z,San Francisco Dons,UT Arlington Mavericks,63,68,False,True,SF,UTA
2023,2022-12-20T03:00Z,Cal State Northridge Matadors,Idaho Vandals,73,76,False,True,CSUN,IDHO
2023,2022-12-20T03:00Z,Long Beach State Beach,Life Pacific Warriors,97,52,False,True,LBSU,LPU
2023,2022-12-20T23:30Z,UConn Huskies,Georgetown Hoyas,84,73,False,True,CONN,GTWN
2023,2022-12-21T01:30Z,Arizona Wildcats,Montana State Bobcats,85,64,False,True,ARIZ,MTST
2023,2022-12-21T01:30Z,Miami Hurricanes,Virginia Cavaliers,66,64,False,True,MIA,UVA
2023,2022-12-21T00:00Z,Alabama Crimson Tide,Jackson State Tigers,84,64,False,True,ALA,JKST
2023,2022-12-21T02:00Z,Gonzaga Bulldogs,Montana Grizzlies,85,75,False,True,GONZ,MONT
2023,2022-12-21T01:00Z,Baylor Bears,Northwestern State Demons,58,48,False,True,BAY,NWST
2023,2022-12-20T23:30Z,Wake Forest Demon Deacons,Duke Blue Devils,81,70,False,True,WAKE,DUKE
2023,2022-12-21T00:00Z,Indiana Hoosiers,Elon Phoenix,96,72,False,True,IU,ELON
2023,2022-12-21T00:00Z,Providence Friars,Marquette Golden Eagles,103,98,False,True,PROV,MARQ
2023,2022-12-22T02:00Z,Purdue Boilermakers,New Orleans Privateers,74,53,False,True,PUR,UNO
2023,2022-12-22T01:00Z,Houston Cougars,McNeese Cowboys,83,44,False,True,HOU,MCN
2023,2022-12-21T23:00Z,Tennessee Volunteers,Austin Peay Governors,86,44,False,True,TENN,APSU
2023,2022-12-22T02:00Z,Arkansas Razorbacks,UNC Asheville Bulldogs,85,51,False,True,ARK,UNCA
2023,2022-12-21T22:00Z,UCLA Bruins,UC Davis Aggies,81,54,False,True,UCLA,UCD
2023,2022-12-22T00:00Z,Kentucky Wildcats,Florida A&M Rattlers,88,68,False,True,UK,FAMU
2023,2022-12-22T02:00Z,Utah Utes,TCU Horned Frogs,71,75,False,True,UTAH,TCU
2023,2022-12-21T23:30Z,Boston College Eagles,Virginia Tech Hokies,70,65,False,True,BC,VT
2023,2022-12-22T02:00Z,Washington Huskies,Auburn Tigers,61,84,False,True,WASH,AUB
2023,2022-12-22T03:00Z,San Francisco Dons,Arizona State Sun Devils,97,60,False,True,SF,ASU
2023,2022-12-23T00:00Z,Kansas Jayhawks,Harvard Crimson,68,54,False,True,KU,HARV
2023,2022-12-23T01:00Z,Arizona Wildcats,Morgan State Bears,93,68,False,True,ARIZ,MORG
2023,2022-12-23T02:00Z,Missouri Tigers,Illinois Fighting Illini,93,71,True,True,MIZ,ILL
2023,2022-12-24T00:00Z,Indiana Hoosiers,Kennesaw State Owls,69,55,False,True,IU,KENN
2023,2022-12-25T18:30Z,George Washington Revolutionaries,Seattle U Redhawks,67,85,True,True,GW,SEA
2023,2022-12-25T20:30Z,Pepperdine Waves,Iona Gaels,66,76,True,True,PEPP,IONA
2023,2022-12-25T21:30Z,Creighton Bluejays,DePaul Blue Demons,80,65,False,True,CREI,DEP
2023,2022-12-25T23:30Z,Washington State Cougars,Utah State Aggies,73,82,True,True,WSU,USU
2023,2022-12-26T01:50Z,Hawai'i Rainbow Warriors,SMU Mustangs,58,57,False,True,HAW,SMU
2023,2022-12-28T01:00Z,Texas Longhorns,East Texas A&M Lions,97,72,False,True,TEX,ETAM
2023,2022-12-28T23:30Z,UConn Huskies,Villanova Wildcats,74,66,False,True,CONN,VILL
2023,2022-12-29T02:00Z,Tulsa Golden Hurricane,Houston Cougars,50,89,False,True,TLSA,HOU
2023,2022-12-28T22:00Z,Ole Miss Rebels,Tennessee Volunteers,59,63,False,True,MISS,TENN
2023,2022-12-29T02:00Z,Mississippi State Bulldogs,Alabama Crimson Tide,67,78,False,True,MSST,ALA
2023,2022-12-29T02:00Z,LSU Tigers,Arkansas Razorbacks,60,57,False,True,LSU,ARK
2023,2022-12-28T22:00Z,Gonzaga Bulldogs,Eastern Oregon Mountaineers,120,42,False,True,GONZ,EOU
2023,2022-12-29T01:00Z,Baylor Bears,Nicholls Colonels,85,56,False,True,BAY,NICH
2023,2022-12-28T23:00Z,Virginia Cavaliers,UAlbany Great Danes,66,46,False,True,UVA,UALB
2023,2022-12-28T22:00Z,TCU Horned Frogs,Central Arkansas Bears,103,57,False,True,TCU,CARK
2023,2022-12-29T00:00Z,Missouri Tigers,Kentucky Wildcats,89,75,False,True,MIZ,UK
2023,2022-12-29T00:00Z,Auburn Tigers,Florida Gators,61,58,False,True,AUB,FLA
2023,2022-12-29T02:00Z,St. John's Red Storm,Xavier Musketeers,79,84,False,True,SJU,XAV
2023,2022-12-29T02:00Z,New Mexico Lobos,Colorado State Rams,88,69,False,True,UNM,CSU
2023,2022-12-29T22:00Z,Purdue Boilermakers,Florida A&M Rattlers,82,49,False,True,PUR,FAMU
2023,2022-12-31T04:00Z,Washington State Cougars,UCLA Bruins,66,67,False,True,WSU,UCLA
2023,2022-12-30T19:00Z,Notre Dame Fighting Irish,Miami Hurricanes,65,76,False,True,ND,MIA
2023,2022-12-31T01:00Z,Wisconsin Badgers,Western Michigan Broncos,76,66,False,True,WIS,WMU
2023,2022-12-30T17:00Z,Pittsburgh Panthers,North Carolina Tar Heels,76,74,False,True,PITT,UNC
2023,2022-12-31T17:00Z,Xavier Musketeers,UConn Huskies,83,73,False,True,XAV,CONN
2023,2022-12-31T19:00Z,Houston Cougars,UCF Knights,71,65,False,True,HOU,UCF
2023,2022-12-31T19:00Z,Kansas Jayhawks,Oklahoma State Cowboys,69,67,False,True,KU,OKST
2023,2022-12-31T19:00Z,Arizona State Sun Devils,Arizona Wildcats,60,69,False,True,ASU,ARIZ
2023,2022-12-31T19:00Z,Oklahoma Sooners,Texas Longhorns,69,70,False,True,OU,TEX
2023,2022-12-31T22:00Z,Gonzaga Bulldogs,Pepperdine Waves,111,88,False,True,GONZ,PEPP
2023,2022-12-31T19:00Z,Iowa State Cyclones,Baylor Bears,77,62,False,True,ISU,BAY
2023,2022-12-31T17:00Z,Georgia Tech Yellow Jackets,Virginia Cavaliers,56,74,False,True,GT,UVA
2023,2022-12-31T18:00Z,Duke Blue Devils,Florida State Seminoles,86,67,False,True,DUKE,FSU
2023,2022-12-31T17:00Z,TCU Horned Frogs,Texas Tech Red Raiders,67,61,False,True,TCU,TTU
2023,2022-12-31T17:00Z,Kentucky Wildcats,Louisville Cardinals,86,63,False,True,UK,LOU
2023,2022-12-31T21:15Z,Wyoming Cowboys,New Mexico Lobos,75,76,False,True,WYO,UNM
2023,2023-01-01T00:00Z,Kansas State Wildcats,West Virginia Mountaineers,82,76,False,True,KSU,WVU
2023,2023-01-02T00:00Z,Washington Huskies,UCLA Bruins,49,74,False,True,WASH,UCLA
2023,2023-01-03T00:00Z,Purdue Boilermakers,Rutgers Scarlet Knights,64,65,False,True,PUR,RUTG
2023,2023-01-04T02:00Z,Texas Tech Red Raiders,Kansas Jayhawks,72,75,False,True,TTU,KU
2023,2023-01-04T02:00Z,Texas Longhorns,Kansas State Wildcats,103,116,False,True,TEX,KSU
2023,2023-01-04T02:00Z,Alabama Crimson Tide,Ole Miss Rebels,84,62,False,True,ALA,MISS
2023,2023-01-04T00:00Z,Tennessee Volunteers,Mississippi State Bulldogs,87,53,False,True,TENN,MSST
2023,2023-01-04T02:00Z,Pittsburgh Panthers,Virginia Cavaliers,68,65,False,True,PITT,UVA
2023,2023-01-04T02:00Z,Wisconsin Badgers,Minnesota Golden Gophers,63,60,False,True,WIS,MINN
2023,2023-01-04T04:00Z,Fresno State Bulldogs,New Mexico Lobos,71,67,False,True,FRES,UNM
2023,2023-01-05T01:30Z,Providence Friars,UConn Huskies,73,61,False,True,PROV,CONN
2023,2023-01-05T00:00Z,Georgia Tech Yellow Jackets,Miami Hurricanes,76,70,False,True,GT,MIA
2023,2023-01-05T01:40Z,Arkansas Razorbacks,Missouri Tigers,74,68,False,True,ARK,MIZ
2023,2023-01-05T00:00Z,NC State Wolfpack,Duke Blue Devils,84,60,False,True,NCSU,DUKE
2023,2023-01-05T02:00Z,Baylor Bears,TCU Horned Frogs,87,88,False,True,BAY,TCU
2023,2023-01-04T23:30Z,Georgia Bulldogs,Auburn Tigers,76,64,False,True,UGA,AUB
2023,2023-01-04T22:00Z,North Carolina A&T Aggies,Charleston Cougars,79,92,False,True,NCAT,COFC
2023,2023-01-05T00:00Z,Oklahoma Sooners,Iowa State Cyclones,60,63,False,True,OU,ISU
2023,2023-01-06T00:00Z,Ohio State Buckeyes,Purdue Boilermakers,69,71,False,True,OSU,PUR
2023,2023-01-06T00:00Z,Houston Cougars,SMU Mustangs,87,53,False,True,HOU,SMU
2023,2023-01-06T04:00Z,Arizona Wildcats,Washington Huskies,70,67,False,True,ARIZ,WASH
2023,2023-01-06T04:00Z,San Francisco Dons,Gonzaga Bulldogs,75,77,False,True,SF,GONZ
2023,2023-01-06T02:30Z,UCLA Bruins,USC Trojans,60,58,False,True,UCLA,USC
2023,2023-01-06T02:00Z,Iowa Hawkeyes,Indiana Hoosiers,91,89,False,True,IOWA,IU
2023,2023-01-06T23:30Z,Toledo Rockets,Western Michigan Broncos,102,74,False,True,TOL,WMU
2023,2023-01-07T00:00Z,Columbia Lions,Princeton Tigers,49,68,False,True,COLU,PRIN
2023,2023-01-07T00:00Z,Cornell Big Red,Pennsylvania Quakers,88,69,False,True,COR,PENN
2023,2023-01-07T00:00Z,Yale Bulldogs,Dartmouth Big Green,77,81,False,True,YALE,DART
2023,2023-01-07T00:00Z,Brown Bears,Harvard Crimson,68,70,False,True,BRWN,HARV
2023,2023-01-07T00:00Z,Siena Saints,Saint Peter's Peacocks,70,60,False,True,SIE,SPU
2023,2023-01-07T00:00Z,Rider Broncs,Quinnipiac Bobcats,63,72,False,True,RID,QUIN
2023,2023-01-07T00:00Z,Marist Red Foxes,Iona Gaels,57,84,False,True,MRST,IONA
2023,2023-01-07T00:00Z,Manhattan Jaspers,Canisius Golden Griffins,57,64,False,True,MAN,CAN
2023,2023-01-07T00:00Z,Fairfield Stags,Niagara Purple Eagles,69,77,False,True,FAIR,NIA
2023,2023-01-07T00:00Z,Northern Kentucky Norse,Oakland Golden Grizzlies,63,64,False,True,NKU,OAK
2023,2023-01-07T00:00Z,Wright State Raiders,Detroit Mercy Titans,90,85,False,True,WRST,DETM
2023,2023-01-07T01:30Z,Ball State Cardinals,Akron Zips,70,63,False,True,BALL,AKR
2023,2023-01-07T02:00Z,California Golden Bears,Stanford Cardinal,92,70,False,True,CAL,STAN
2023,2023-01-07T23:00Z,West Virginia Mountaineers,Kansas Jayhawks,62,76,False,True,WVU,KU
2023,2023-01-07T17:00Z,UConn Huskies,Creighton Bluejays,69,60,False,True,CONN,CREI
2023,2023-01-07T22:00Z,Arizona Wildcats,Washington State Cougars,61,74,False,True,ARIZ,WSU
2023,2023-01-07T17:00Z,Oklahoma State Cowboys,Texas Longhorns,46,56,False,True,OKST,TEX
2023,2023-01-07T18:00Z,Alabama Crimson Tide,Kentucky Wildcats,78,52,False,True,ALA,UK
2023,2023-01-07T20:30Z,South Carolina Gamecocks,Tennessee Volunteers,42,85,False,True,SC,TENN
2023,2023-01-08T03:00Z,Santa Clara Broncos,Gonzaga Bulldogs,76,81,False,True,SCU,GONZ
2023,2023-01-07T22:00Z,Virginia Cavaliers,Syracuse Orange,73,66,False,True,UVA,SYR
2023,2023-01-08T01:30Z,Auburn Tigers,Arkansas Razorbacks,72,59,False,True,AUB,ARK
2023,2023-01-07T18:30Z,Illinois Fighting Illini,Wisconsin Badgers,79,69,False,True,ILL,WIS
2023,2023-01-07T18:00Z,Boston College Eagles,Duke Blue Devils,64,65,False,True,BC,DUKE
2023,2023-01-07T19:00Z,TCU Horned Frogs,Iowa State Cyclones,67,69,False,True,TCU,ISU
2023,2023-01-07T21:30Z,Villanova Wildcats,Xavier Musketeers,80,88,False,True,VILL,XAV
2023,2023-01-07T23:00Z,Baylor Bears,Kansas State Wildcats,95,97,False,True,BAY,KSU
2023,2023-01-07T17:00Z,Missouri Tigers,Vanderbilt Commodores,85,82,False,True,MIZ,VAN
2023,2023-01-08T02:30Z,New Mexico Lobos,UNLV Rebels,77,84,False,True,UNM,UNLV
2023,2023-01-07T22:00Z,Charleston Cougars,Delaware Blue Hens,75,64,False,True,COFC,DEL
2023,2023-01-08T20:00Z,Cincinnati Bearcats,Houston Cougars,59,72,False,True,CIN,HOU
2023,2023-01-08T17:00Z,Indiana Hoosiers,Northwestern Wildcats,83,84,False,True,IU,NU
2023,2023-01-08T18:00Z,Maryland Terrapins,Ohio State Buckeyes,80,73,False,True,MD,OSU
2023,2023-01-09T22:30Z,Alcorn State Braves,Alabama State Hornets,92,76,False,True,ALCN,ALST
2023,2023-01-09T23:00Z,Morgan State Bears,South Carolina State Bulldogs,90,85,False,True,MORG,SCST
2023,2023-01-10T00:00Z,Army Black Knights,Colgate Raiders,75,77,False,True,ARMY,COLG
2023,2023-01-10T00:00Z,Robert Morris Colonials,IU Indianapolis Jaguars,77,70,False,True,RMU,IUIN
2023,2023-01-10T00:45Z,Coppin State Eagles,North Carolina Central Eagles,59,64,False,True,COPP,NCCU
2023,2023-01-10T01:00Z,Chicago State Cougars,East-West University Phantoms,90,70,False,True,CHST,EAWE
2023,2023-01-10T01:00Z,Maryland Eastern Shore Hawks,Howard Bison,82,73,False,True,UMES,HOW
2023,2023-01-10T01:00Z,Delaware State Hornets,Norfolk State Spartans,65,78,False,True,DSU,NORF
2023,2023-01-10T02:00Z,New Mexico Lobos,Oral Roberts Golden Eagles,82,75,False,True,UNM,ORU
2023,2023-01-10T02:00Z,Jackson State Tigers,Alabama A&M Bulldogs,72,64,False,True,JKST,AAMU
2023,2023-01-10T02:00Z,Mississippi Valley State Delta Devils,Texas Southern Tigers,71,67,False,True,MVSU,TXSO
2023,2023-01-10T02:00Z,Grambling Tigers,Florida A&M Rattlers,62,57,False,True,GRAM,FAMU
2023,2023-01-10T02:00Z,Southern Jaguars,Bethune-Cookman Wildcats,102,75,False,True,SOU,BCU
2023,2023-01-10T02:15Z,Arkansas-Pine Bluff Golden Lions,Prairie View A&M Panthers,63,55,False,True,UAPB,PV
2023,2023-01-11T02:00Z,Kansas Jayhawks,Oklahoma Sooners,79,75,False,True,KU,OU
2023,2023-01-11T02:00Z,Tennessee Volunteers,Vanderbilt Commodores,77,68,False,True,TENN,VAN
2023,2023-01-11T00:00Z,Kansas State Wildcats,Oklahoma State Cowboys,65,57,False,True,KSU,OKST
2023,2023-01-11T02:00Z,Virginia Cavaliers,North Carolina Tar Heels,65,58,False,True,UVA,UNC
2023,2023-01-11T01:00Z,Iowa State Cyclones,Texas Tech Red Raiders,84,50,False,True,ISU,TTU
2023,2023-01-11T00:00Z,Wisconsin Badgers,Michigan State Spartans,65,69,False,True,WIS,MSU
2023,2023-01-11T02:00Z,Ole Miss Rebels,Auburn Tigers,73,82,False,True,MISS,AUB
2023,2023-01-11T04:00Z,San Diego State Aztecs,Nevada Wolf Pack,74,65,False,True,SDSU,NEV
2023,2023-01-12T01:00Z,Houston Cougars,South Florida Bulls,83,77,False,True,HOU,USF
2023,2023-01-12T00:00Z,Arkansas Razorbacks,Alabama Crimson Tide,69,84,False,True,ARK,ALA
2023,2023-01-12T00:00Z,Marquette Golden Eagles,UConn Huskies,82,76,False,True,MARQ,CONN
2023,2023-01-12T02:00Z,Texas Longhorns,TCU Horned Frogs,79,75,False,True,TEX,TCU
2023,2023-01-12T00:00Z,Xavier Musketeers,Creighton Bluejays,90,87,False,True,XAV,CREI
2023,2023-01-12T00:00Z,Miami Hurricanes,Boston College Eagles,88,72,False,True,MIA,BC
2023,2023-01-12T01:30Z,Texas A&M Aggies,Missouri Tigers,82,64,False,True,TA&M,MIZ
2023,2023-01-12T00:00Z,UNC Wilmington Seahawks,Charleston Cougars,69,71,False,True,UNCW,COFC
2023,2023-01-12T00:00Z,Duke Blue Devils,Pittsburgh Panthers,77,69,False,True,DUKE,PITT
2023,2023-01-13T04:00Z,UCLA Bruins,Utah Utes,68,49,False,True,UCLA,UTAH
2023,2023-01-13T02:30Z,BYU Cougars,Gonzaga Bulldogs,74,75,False,True,BYU,GONZ
2023,2023-01-13T04:00Z,Oregon State Beavers,Arizona Wildcats,74,86,False,True,ORST,ARIZ
2023,2023-01-14T00:00Z,Purdue Boilermakers,Nebraska Cornhuskers,73,55,False,True,PUR,NEB
2023,2023-01-14T21:00Z,Kansas Jayhawks,Iowa State Cyclones,62,60,False,True,KU,ISU
2023,2023-01-14T21:10Z,Alabama Crimson Tide,LSU Tigers,106,66,False,True,ALA,LSU
2023,2023-01-14T17:00Z,Tennessee Volunteers,Kentucky Wildcats,56,63,False,True,TENN,UK
2023,2023-01-15T01:00Z,UCLA Bruins,Colorado Buffaloes,68,54,False,True,UCLA,COLO
2023,2023-01-15T03:00Z,Gonzaga Bulldogs,Portland Pilots,115,75,False,True,GONZ,PORT
2023,2023-01-14T23:05Z,Oregon Ducks,Arizona Wildcats,87,68,False,True,ORE,ARIZ
2023,2023-01-14T19:00Z,TCU Horned Frogs,Kansas State Wildcats,82,68,False,True,TCU,KSU
2023,2023-01-14T21:00Z,Florida State Seminoles,Virginia Cavaliers,58,67,False,True,FSU,UVA
2023,2023-01-14T19:00Z,Vanderbilt Commodores,Arkansas Razorbacks,97,84,False,True,VAN,ARK
2023,2023-01-14T17:00Z,NC State Wolfpack,Miami Hurricanes,83,81,False,True,NCSU,MIA
2023,2023-01-14T18:00Z,Indiana Hoosiers,Wisconsin Badgers,63,45,False,True,IU,WIS
2023,2023-01-14T19:00Z,Creighton Bluejays,Providence Friars,73,67,False,True,CREI,PROV
2023,2023-01-14T20:30Z,Florida Gators,Missouri Tigers,73,64,False,True,FLA,MIZ
2023,2023-01-15T01:30Z,Auburn Tigers,Mississippi State Bulldogs,69,63,False,True,AUB,MSST
2023,2023-01-14T21:00Z,Charleston Cougars,Elon Phoenix,78,60,False,True,COFC,ELON
2023,2023-01-15T02:00Z,San Diego State Aztecs,New Mexico Lobos,67,76,False,True,SDSU,UNM
2023,2023-01-14T22:00Z,Clemson Tigers,Duke Blue Devils,72,64,False,True,CLEM,DUKE
2023,2023-01-15T17:00Z,UConn Huskies,St. John's Red Storm,74,85,False,True,CONN,SJU
2023,2023-01-15T17:00Z,Xavier Musketeers,Marquette Golden Eagles,80,76,False,True,XAV,MARQ
2023,2023-01-16T19:30Z,Michigan State Spartans,Purdue Boilermakers,63,64,False,True,MSU,PUR
2023,2023-01-17T00:00Z,Miami Hurricanes,Syracuse Orange,82,78,False,True,MIA,SYR
2023,2023-01-16T22:00Z,Charleston Cougars,William & Mary Tribe,82,54,False,True,COFC,W&M
2023,2023-01-17T00:00Z,Western Kentucky Hilltoppers,Florida Atlantic Owls,62,76,False,True,WKU,FAU
2023,2023-01-18T00:00Z,Tulane Green Wave,Houston Cougars,60,80,False,True,TULN,HOU
2023,2023-01-18T00:00Z,Kansas State Wildcats,Kansas Jayhawks,83,82,False,True,KSU,KU
2023,2023-01-18T01:30Z,Vanderbilt Commodores,Alabama Crimson Tide,66,78,False,True,VAN,ALA
2023,2023-01-18T01:00Z,Iowa State Cyclones,Texas Longhorns,78,67,False,True,ISU,TEX
2023,2023-01-18T00:00Z,Mississippi State Bulldogs,Tennessee Volunteers,59,70,False,True,MSST,TENN
2023,2023-01-18T02:00Z,Wake Forest Demon Deacons,Clemson Tigers,87,77,False,True,WAKE,CLEM
2023,2023-01-18T02:00Z,Texas Tech Red Raiders,Baylor Bears,74,81,False,True,TTU,BAY
2023,2023-01-19T01:30Z,DePaul Blue Demons,Xavier Musketeers,73,72,False,True,DEP,XAV
2023,2023-01-19T00:00Z,Virginia Cavaliers,Virginia Tech Hokies,78,68,False,True,UVA,VT
2023,2023-01-19T00:00Z,West Virginia Mountaineers,TCU Horned Frogs,74,65,False,True,WVU,TCU
2023,2023-01-18T23:30Z,Seton Hall Pirates,UConn Huskies,67,66,False,True,HALL,CONN
2023,2023-01-19T00:00Z,LSU Tigers,Auburn Tigers,49,67,False,True,LSU,AUB
2023,2023-01-19T02:00Z,Marquette Golden Eagles,Providence Friars,83,75,False,True,MARQ,PROV
2023,2023-01-19T02:00Z,Missouri Tigers,Arkansas Razorbacks,79,76,False,True,MIZ,ARK
2023,2023-01-20T00:00Z,Minnesota Golden Gophers,Purdue Boilermakers,39,61,False,True,MINN,PUR
2023,2023-01-20T03:30Z,Arizona State Sun Devils,UCLA Bruins,62,74,False,True,ASU,UCLA
2023,2023-01-20T02:00Z,Gonzaga Bulldogs,Loyola Marymount Lions,67,68,False,True,GONZ,LMU
2023,2023-01-20T02:00Z,Arizona Wildcats,USC Trojans,81,66,False,True,ARIZ,USC
2023,2023-01-20T00:00Z,Monmouth Hawks,Charleston Cougars,55,69,False,True,MONM,COFC
2023,2023-01-19T23:30Z,Michigan State Spartans,Rutgers Scarlet Knights,70,57,False,True,MSU,RUTG
2023,2023-01-20T01:00Z,UTSA Roadrunners,Florida Atlantic Owls,64,83,False,True,UTSA,FAU
2023,2023-01-20T23:30Z,Kent State Golden Flashes,Ball State Cardinals,86,65,False,True,KENT,BALL
2023,2023-01-21T00:00Z,Siena Saints,Mount St. Mary's Mountaineers,72,57,False,True,SIE,MSM
2023,2023-01-21T00:00Z,Rider Broncs,Niagara Purple Eagles,65,62,False,True,RID,NIA
2023,2023-01-21T00:00Z,Marist Red Foxes,Saint Peter's Peacocks,57,61,False,True,MRST,SPU
2023,2023-01-21T00:00Z,Manhattan Jaspers,Iona Gaels,76,84,False,True,MAN,IONA
2023,2023-01-21T00:00Z,Fairfield Stags,Canisius Golden Griffins,67,58,False,True,FAIR,CAN
2023,2023-01-21T00:00Z,St. John's Red Storm,Villanova Wildcats,49,57,False,True,SJU,VILL
2023,2023-01-21T00:00Z,Richmond Spiders,VCU Rams,62,74,False,True,RICH,VCU
2023,2023-01-21T00:00Z,Saint Francis Red Flash,St. Francis Brooklyn Terriers,87,61,False,True,SFPA,SFBK
2023,2023-01-21T00:00Z,Long Island University Sharks,Stonehill Skyhawks,66,73,False,True,LIU,STO
2023,2023-01-21T00:00Z,Wagner Seahawks,Central Connecticut Blue Devils,72,50,False,True,WAG,CCSU
2023,2023-01-21T00:00Z,Fairleigh Dickinson Knights,Sacred Heart Pioneers,85,92,False,True,FDU,SHU
2023,2023-01-21T01:30Z,Buffalo Bulls,Toledo Rockets,77,86,False,True,BUF,TOL
2023,2023-01-21T04:00Z,New Mexico Lobos,Boise State Broncos,81,79,False,True,UNM,BOIS
2023,2023-01-21T18:00Z,Kansas Jayhawks,TCU Horned Frogs,60,83,False,True,KU,TCU
2023,2023-01-21T23:00Z,Missouri Tigers,Alabama Crimson Tide,64,85,False,True,MIZ,ALA
2023,2023-01-21T19:00Z,Arizona Wildcats,UCLA Bruins,58,52,False,True,ARIZ,UCLA
2023,2023-01-22T03:00Z,Pacific Tigers,Gonzaga Bulldogs,90,99,False,True,PAC,GONZ
2023,2023-01-21T23:00Z,West Virginia Mountaineers,Texas Longhorns,61,69,False,True,WVU,TEX
2023,2023-01-21T17:00Z,Xavier Musketeers,Georgetown Hoyas,95,82,False,True,XAV,GTWN
2023,2023-01-21T21:00Z,LSU Tigers,Tennessee Volunteers,56,77,False,True,LSU,TENN
2023,2023-01-21T19:00Z,Wake Forest Demon Deacons,Virginia Cavaliers,67,76,False,True,WAKE,UVA
2023,2023-01-21T19:00Z,Oklahoma State Cowboys,Iowa State Cyclones,61,59,False,True,OKST,ISU
2023,2023-01-21T19:00Z,Kansas State Wildcats,Texas Tech Red Raiders,68,58,False,True,KSU,TTU
2023,2023-01-21T20:30Z,South Carolina Gamecocks,Auburn Tigers,66,81,False,True,SC,AUB
2023,2023-01-21T17:00Z,Duke Blue Devils,Miami Hurricanes,68,66,False,True,DUKE,MIA
2023,2023-01-21T17:00Z,Northeastern Huskies,Charleston Cougars,61,87,False,True,NE,COFC
2023,2023-01-21T23:00Z,Clemson Tigers,Virginia Tech Hokies,51,50,False,True,CLEM,VT
2023,2023-01-21T21:00Z,Seton Hall Pirates,Marquette Golden Eagles,53,74,False,True,HALL,MARQ
2023,2023-01-21T21:00Z,Oklahoma Sooners,Baylor Bears,60,62,False,True,OU,BAY
2023,2023-01-21T19:12Z,Providence Friars,DePaul Blue Demons,75,64,False,True,PROV,DEP
2023,2023-01-22T02:00Z,UTEP Miners,Florida Atlantic Owls,59,67,False,True,UTEP,FAU
2023,2023-01-21T17:00Z,Arkansas Razorbacks,Ole Miss Rebels,69,57,False,True,ARK,MISS
2023,2023-01-22T20:00Z,Houston Cougars,Temple Owls,55,56,False,True,HOU,TEM
2023,2023-01-22T18:00Z,Purdue Boilermakers,Maryland Terrapins,58,55,False,True,PUR,MD
2023,2023-01-22T17:00Z,UConn Huskies,Butler Bulldogs,86,56,False,True,CONN,BUT
2023,2023-01-24T02:00Z,Baylor Bears,Kansas Jayhawks,75,69,False,True,BAY,KU
2023,2023-01-24T02:00Z,Nevada Wolf Pack,New Mexico Lobos,97,94,False,True,NEV,UNM
2023,2023-01-25T02:00Z,Iowa State Cyclones,Kansas State Wildcats,80,76,False,True,ISU,KSU
2023,2023-01-25T02:00Z,Texas Longhorns,Oklahoma State Cowboys,89,75,False,True,TEX,OKST
2023,2023-01-25T01:00Z,TCU Horned Frogs,Oklahoma Sooners,79,52,False,True,TCU,OU
2023,2023-01-25T00:00Z,Florida State Seminoles,Miami Hurricanes,63,86,False,True,FSU,MIA
2023,2023-01-25T02:00Z,Clemson Tigers,Georgia Tech Yellow Jackets,72,51,False,True,CLEM,GT
2023,2023-01-26T02:00Z,Alabama Crimson Tide,Mississippi State Bulldogs,66,63,False,True,ALA,MSST
2023,2023-01-26T00:00Z,UCF Knights,Houston Cougars,71,82,False,True,UCF,HOU
2023,2023-01-26T00:00Z,Tennessee Volunteers,Georgia Bulldogs,70,41,False,True,TENN,UGA
2023,2023-01-25T23:30Z,UConn Huskies,Xavier Musketeers,79,82,False,True,CONN,XAV
2023,2023-01-26T02:00Z,Auburn Tigers,Texas A&M Aggies,63,79,False,True,AUB,TA&M
2023,2023-01-26T01:30Z,Providence Friars,Butler Bulldogs,79,58,False,True,PROV,BUT
2023,2023-01-27T02:00Z,Michigan Wolverines,Purdue Boilermakers,70,75,False,True,MICH,PUR
2023,2023-01-27T04:15Z,Washington State Cougars,Arizona Wildcats,58,63,False,True,WSU,ARIZ
2023,2023-01-27T02:00Z,USC Trojans,UCLA Bruins,77,64,False,True,USC,UCLA
2023,2023-01-27T00:00Z,Florida Atlantic Owls,Middle Tennessee Blue Raiders,85,67,False,True,FAU,MTSU
2023,2023-01-28T03:00Z,New Mexico Lobos,Air Force Falcons,81,73,False,True,UNM,AF
2023,2023-01-28T19:15Z,Houston Cougars,Cincinnati Bearcats,75,69,False,True,HOU,CIN
2023,2023-01-28T22:30Z,Washington Huskies,Arizona Wildcats,72,95,False,True,WASH,ARIZ
2023,2023-01-28T17:00Z,Virginia Cavaliers,Boston College Eagles,76,57,False,True,UVA,BC
2023,2023-01-28T17:15Z,Creighton Bluejays,Xavier Musketeers,84,67,False,True,CREI,XAV
2023,2023-01-29T00:00Z,Portland Pilots,Gonzaga Bulldogs,67,82,False,True,PORT,GONZ
2023,2023-01-28T19:00Z,DePaul Blue Demons,Marquette Golden Eagles,69,89,False,True,DEP,MARQ
2023,2023-01-28T21:00Z,Charleston Cougars,Hofstra Pride,81,85,False,True,COFC,HOF
2023,2023-01-28T21:00Z,Pittsburgh Panthers,Miami Hurricanes,71,68,False,True,PITT,MIA
2023,2023-01-28T21:00Z,Florida Atlantic Owls,Western Kentucky Hilltoppers,70,63,False,True,FAU,WKU
2023,2023-01-28T22:00Z,Florida State Seminoles,Clemson Tigers,81,82,False,True,FSU,CLEM
2023,2023-01-29T17:15Z,Purdue Boilermakers,Michigan State Spartans,77,61,False,True,PUR,MSU
2023,2023-01-29T17:00Z,Villanova Wildcats,Providence Friars,65,70,False,True,VILL,PROV
2023,2023-01-31T00:00Z,Syracuse Orange,Virginia Cavaliers,62,67,False,True,SYR,UVA
2023,2023-01-31T02:00Z,Texas Longhorns,Baylor Bears,76,71,False,True,TEX,BAY
2023,2023-01-31T02:00Z,Texas Tech Red Raiders,Iowa State Cyclones,80,77,False,True,TTU,ISU
2023,2023-02-01T01:30Z,Alabama Crimson Tide,Vanderbilt Commodores,101,44,False,True,ALA,VAN
2023,2023-02-01T01:00Z,Kansas Jayhawks,Kansas State Wildcats,90,78,False,True,KU,KSU
2023,2023-02-01T02:00Z,TCU Horned Frogs,West Virginia Mountaineers,76,72,False,True,TCU,WVU
2023,2023-02-01T00:00Z,Boston College Eagles,Clemson Tigers,62,54,False,True,BC,CLEM
2023,2023-02-01T02:00Z,Maryland Terrapins,Indiana Hoosiers,66,55,False,True,MD,IU
2023,2023-02-01T04:00Z,Nevada Wolf Pack,San Diego State Aztecs,75,66,False,True,NEV,SDSU
2023,2023-02-01T00:00Z,Miami Hurricanes,Virginia Tech Hokies,92,83,False,True,MIA,VT
2023,2023-02-01T01:00Z,DePaul Blue Demons,UConn Huskies,76,90,False,True,DEP,CONN
2023,2023-02-01T23:30Z,Purdue Boilermakers,Penn State Nittany Lions,80,60,False,True,PUR,PSU
2023,2023-02-02T00:00Z,Florida Gators,Tennessee Volunteers,67,54,False,True,FLA,TENN
2023,2023-02-02T01:30Z,Marquette Golden Eagles,Villanova Wildcats,73,64,False,True,MARQ,VILL
2023,2023-02-01T23:30Z,Xavier Musketeers,Providence Friars,85,83,False,True,XAV,PROV
2023,2023-02-03T02:00Z,Wichita State Shockers,Houston Cougars,61,70,False,True,WICH,HOU
2023,2023-02-03T03:30Z,Arizona Wildcats,Oregon Ducks,91,76,False,True,ARIZ,ORE
2023,2023-02-03T02:00Z,UCLA Bruins,Washington Huskies,70,61,False,True,UCLA,WASH
2023,2023-02-03T04:00Z,Gonzaga Bulldogs,Santa Clara Broncos,88,70,False,True,GONZ,SCU
2023,2023-02-03T04:00Z,Saint Mary's Gaels,San Francisco Dons,68,59,False,True,SMC,SF
2023,2023-02-03T00:00Z,UAB Blazers,Florida Atlantic Owls,86,77,False,True,UAB,FAU
2023,2023-02-04T02:00Z,San Diego State Aztecs,Boise State Broncos,72,52,False,True,SDSU,BOIS
2023,2023-02-04T21:00Z,Indiana Hoosiers,Purdue Boilermakers,79,74,False,True,IU,PUR
2023,2023-02-04T19:00Z,Tennessee Volunteers,Auburn Tigers,46,43,False,True,TENN,AUB
2023,2023-02-04T21:00Z,LSU Tigers,Alabama Crimson Tide,69,79,False,True,LSU,ALA
2023,2023-02-05T02:30Z,Arizona Wildcats,Oregon State Beavers,84,52,False,True,ARIZ,ORST
2023,2023-02-04T17:00Z,Virginia Tech Hokies,Virginia Cavaliers,74,68,False,True,VT,UVA
2023,2023-02-04T21:00Z,Kansas State Wildcats,Texas Longhorns,66,69,False,True,KSU,TEX
2023,2023-02-04T17:00Z,Iowa State Cyclones,Kansas Jayhawks,68,53,False,True,ISU,KU
2023,2023-02-05T00:00Z,UCLA Bruins,Washington State Cougars,76,52,False,True,UCLA,WSU
2023,2023-02-04T18:00Z,Baylor Bears,Texas Tech Red Raiders,89,62,False,True,BAY,TTU
2023,2023-02-05T03:30Z,Saint Mary's Gaels,Gonzaga Bulldogs,78,70,False,True,SMC,GONZ
2023,2023-02-04T19:00Z,Marquette Golden Eagles,Butler Bulldogs,60,52,False,True,MARQ,BUT
2023,2023-02-04T19:00Z,Oklahoma State Cowboys,TCU Horned Frogs,79,73,False,True,OKST,TCU
2023,2023-02-04T22:00Z,Xavier Musketeers,St. John's Red Storm,96,71,False,True,XAV,SJU
2023,2023-02-04T21:00Z,Charlotte 49ers,Florida Atlantic Owls,52,67,False,True,CLT,FAU
2023,2023-02-04T20:00Z,Clemson Tigers,Miami Hurricanes,74,78,False,True,CLEM,MIA
2023,2023-02-04T17:00Z,Georgetown Hoyas,UConn Huskies,62,68,False,True,GTWN,CONN
2023,2023-02-05T23:00Z,Temple Owls,Houston Cougars,65,81,False,True,TEM,HOU
2023,2023-02-07T02:00Z,Kansas Jayhawks,Texas Longhorns,88,80,False,True,KU,TEX
2023,2023-02-07T00:00Z,Miami Hurricanes,Duke Blue Devils,81,59,False,True,MIA,DUKE
2023,2023-02-08T02:00Z,Virginia Cavaliers,NC State Wolfpack,63,50,False,True,UVA,NCSU
2023,2023-02-07T23:30Z,UConn Huskies,Marquette Golden Eagles,87,72,False,True,CONN,MARQ
2023,2023-02-08T02:00Z,Kansas State Wildcats,TCU Horned Frogs,82,61,False,True,KSU,TCU
2023,2023-02-07T23:30Z,Indiana Hoosiers,Rutgers Scarlet Knights,66,60,False,True,IU,RUTG
2023,2023-02-09T01:00Z,Houston Cougars,Tulsa Golden Hurricane,80,42,False,True,HOU,TLSA
2023,2023-02-09T02:00Z,Alabama Crimson Tide,Florida Gators,97,69,False,True,ALA,FLA
2023,2023-02-09T00:00Z,Vanderbilt Commodores,Tennessee Volunteers,66,65,False,True,VAN,TENN
2023,2023-02-09T00:00Z,West Virginia Mountaineers,Iowa State Cyclones,76,71,False,True,WVU,ISU
2023,2023-02-09T02:00Z,Baylor Bears,Oklahoma Sooners,82,72,False,True,BAY,OU
2023,2023-02-09T01:00Z,Providence Friars,Georgetown Hoyas,74,62,False,True,PROV,GTWN
2023,2023-02-08T23:30Z,Seton Hall Pirates,Creighton Bluejays,62,75,False,True,HALL,CREI
2023,2023-02-09T03:00Z,Utah State Aggies,San Diego State Aztecs,61,63,False,True,USU,SDSU
2023,2023-02-10T00:00Z,Purdue Boilermakers,Iowa Hawkeyes,87,73,False,True,PUR,IOWA
2023,2023-02-10T04:00Z,California Golden Bears,Arizona Wildcats,62,85,False,True,CAL,ARIZ
2023,2023-02-10T02:00Z,Oregon State Beavers,UCLA Bruins,47,62,False,True,ORST,UCLA
2023,2023-02-10T03:00Z,Loyola Marymount Lions,Saint Mary's Gaels,78,74,False,True,LMU,SMC
2023,2023-02-10T02:00Z,Gonzaga Bulldogs,San Francisco Dons,99,81,False,True,GONZ,SF
2023,2023-02-11T00:00Z,Butler Bulldogs,Xavier Musketeers,69,67,False,True,BUT,XAV
2023,2023-02-11T19:10Z,Auburn Tigers,Alabama Crimson Tide,69,77,False,True,AUB,ALA
2023,2023-02-12T01:00Z,Stanford Cardinal,Arizona Wildcats,88,79,False,True,STAN,ARIZ
2023,2023-02-11T17:00Z,Texas Longhorns,West Virginia Mountaineers,94,60,False,True,TEX,WVU
2023,2023-02-11T23:00Z,Tennessee Volunteers,Missouri Tigers,85,86,False,True,TENN,MIZ
2023,2023-02-12T03:00Z,Oregon Ducks,UCLA Bruins,63,70,False,True,ORE,UCLA
2023,2023-02-11T18:00Z,Oklahoma Sooners,Kansas Jayhawks,55,78,False,True,OU,KU
2023,2023-02-11T17:00Z,Georgetown Hoyas,Marquette Golden Eagles,75,89,False,True,GTWN,MARQ
2023,2023-02-11T23:00Z,Iowa State Cyclones,Oklahoma State Cowboys,56,64,False,True,ISU,OKST
2023,2023-02-12T00:00Z,Texas Tech Red Raiders,Kansas State Wildcats,71,63,False,True,TTU,KSU
2023,2023-02-11T21:00Z,TCU Horned Frogs,Baylor Bears,68,72,False,True,TCU,BAY
2023,2023-02-11T23:00Z,Portland Pilots,Saint Mary's Gaels,64,81,False,True,PORT,SMC
2023,2023-02-12T03:00Z,Gonzaga Bulldogs,BYU Cougars,88,81,False,True,GONZ,BYU
2023,2023-02-11T23:00Z,Michigan Wolverines,Indiana Hoosiers,61,62,False,True,MICH,IU
2023,2023-02-12T00:00Z,Miami Hurricanes,Louisville Cardinals,93,85,False,True,MIA,LOU
2023,2023-02-11T17:00Z,St. John's Red Storm,Providence Friars,73,68,False,True,SJU,PROV
2023,2023-02-11T19:00Z,Creighton Bluejays,UConn Huskies,56,53,False,True,CREI,CONN
2023,2023-02-11T17:00Z,Boston College Eagles,NC State Wolfpack,62,92,False,True,BC,NCSU
2023,2023-02-11T19:00Z,Illinois Fighting Illini,Rutgers Scarlet Knights,69,60,False,True,ILL,RUTG
2023,2023-02-11T21:00Z,San Diego State Aztecs,UNLV Rebels,82,71,False,True,SDSU,UNLV
2023,2023-02-12T19:00Z,Northwestern Wildcats,Purdue Boilermakers,64,58,False,True,NU,PUR
2023,2023-02-14T02:00Z,Texas Tech Red Raiders,Texas Longhorns,74,67,False,True,TTU,TEX
2023,2023-02-14T02:00Z,Baylor Bears,West Virginia Mountaineers,79,67,False,True,BAY,WVU
2023,2023-02-14T00:00Z,North Carolina Tar Heels,Miami Hurricanes,72,80,False,True,UNC,MIA
2023,2023-02-15T02:00Z,Oklahoma State Cowboys,Kansas Jayhawks,76,87,False,True,OKST,KU
2023,2023-02-15T02:00Z,Oklahoma Sooners,Kansas State Wildcats,79,65,False,True,OU,KSU
2023,2023-02-15T00:00Z,Providence Friars,Creighton Bluejays,94,86,False,True,PROV,CREI
2023,2023-02-15T00:00Z,Syracuse Orange,NC State Wolfpack,75,72,False,True,SYR,NCSU
2023,2023-02-16T00:00Z,Tennessee Volunteers,Alabama Crimson Tide,68,59,False,True,TENN,ALA
2023,2023-02-16T00:00Z,Louisville Cardinals,Virginia Cavaliers,58,61,False,True,LOU,UVA
2023,2023-02-16T00:00Z,Marquette Golden Eagles,Xavier Musketeers,69,68,False,True,MARQ,XAV
2023,2023-02-16T02:00Z,Northwestern Wildcats,Indiana Hoosiers,64,62,False,True,NU,IU
2023,2023-02-16T02:00Z,Iowa State Cyclones,TCU Horned Frogs,70,59,False,True,ISU,TCU
2023,2023-02-16T04:00Z,Fresno State Bulldogs,San Diego State Aztecs,43,45,False,True,FRES,SDSU
2023,2023-02-17T00:00Z,SMU Mustangs,Houston Cougars,65,80,False,True,SMU,HOU
2023,2023-02-16T23:30Z,Maryland Terrapins,Purdue Boilermakers,68,54,False,True,MD,PUR
2023,2023-02-17T04:00Z,UCLA Bruins,Stanford Cardinal,73,64,False,True,UCLA,STAN
2023,2023-02-17T03:00Z,Arizona Wildcats,Utah Utes,88,62,False,True,ARIZ,UTAH
2023,2023-02-17T04:00Z,Loyola Marymount Lions,Gonzaga Bulldogs,65,108,False,True,LMU,GONZ
2023,2023-02-17T02:00Z,San Diego Toreros,Saint Mary's Gaels,59,62,False,True,USD,SMC
2023,2023-02-17T00:00Z,Middle Tennessee Blue Raiders,Florida Atlantic Owls,74,70,False,True,MTSU,FAU
2023,2023-02-17T23:00Z,Cornell Big Red,Dartmouth Big Green,95,83,False,True,COR,DART
2023,2023-02-17T23:00Z,Kent State Golden Flashes,Eastern Michigan Eagles,81,54,False,True,KENT,EMU
2023,2023-02-18T00:00Z,Pennsylvania Quakers,Yale Bulldogs,66,64,False,True,PENN,YALE
2023,2023-02-18T00:00Z,Columbia Lions,Harvard Crimson,65,83,False,True,COLU,HARV
2023,2023-02-18T00:00Z,Princeton Tigers,Brown Bears,78,67,False,True,PRIN,BRWN
2023,2023-02-18T00:00Z,Rider Broncs,Canisius Golden Griffins,78,81,False,True,RID,CAN
2023,2023-02-18T00:00Z,Mount St. Mary's Mountaineers,Niagara Purple Eagles,70,66,False,True,MSM,NIA
2023,2023-02-18T00:00Z,Marist Red Foxes,Fairfield Stags,61,70,False,True,MRST,FAIR
2023,2023-02-18T00:00Z,Iona Gaels,Manhattan Jaspers,71,60,False,True,IONA,MAN
2023,2023-02-18T00:00Z,Loyola Chicago Ramblers,Dayton Flyers,49,65,False,True,LUC,DAY
2023,2023-02-18T00:00Z,Cleveland State Vikings,Wright State Raiders,85,68,False,True,CLE,WRST
2023,2023-02-18T00:00Z,Purdue Fort Wayne Mastodons,Northern Kentucky Norse,50,63,False,True,PFW,NKU
2023,2023-02-18T00:00Z,Oakland Golden Grizzlies,Detroit Mercy Titans,74,96,False,True,OAK,DETM
2023,2023-02-18T01:00Z,Chicago State Cougars,Calumet Crimson Wave,103,56,False,True,CHST,CSJ
2023,2023-02-18T02:00Z,Siena Saints,Quinnipiac Bobcats,63,66,False,True,SIE,QUIN
2023,2023-02-18T02:00Z,Southern Utah Thunderbirds,Utah Tech Trailblazers,81,71,False,True,SUU,UTU
2023,2023-02-18T03:00Z,Wyoming Cowboys,Air Force Falcons,69,75,False,True,WYO,AF
2023,2023-02-18T03:30Z,San José State Spartans,New Mexico Lobos,68,96,False,True,SJSU,UNM
2023,2023-02-18T04:00Z,Grand Canyon Lopes,Abilene Christian Wildcats,94,84,False,True,GCU,ACU
2023,2023-02-18T23:00Z,Alabama Crimson Tide,Georgia Bulldogs,108,59,False,True,ALA,UGA
2023,2023-02-19T03:30Z,UCLA Bruins,California Golden Bears,78,43,False,True,UCLA,CAL
2023,2023-02-18T21:00Z,Kansas Jayhawks,Baylor Bears,87,71,False,True,KU,BAY
2023,2023-02-18T19:00Z,Texas Longhorns,Oklahoma Sooners,85,83,False,True,TEX,OU
2023,2023-02-18T17:00Z,Virginia Cavaliers,Notre Dame Fighting Irish,57,55,False,True,UVA,ND
2023,2023-02-19T01:00Z,Arizona Wildcats,Colorado Buffaloes,78,68,False,True,ARIZ,COLO
2023,2023-02-18T18:00Z,Kentucky Wildcats,Tennessee Volunteers,66,54,False,True,UK,TENN
2023,2023-02-18T19:00Z,Kansas State Wildcats,Iowa State Cyclones,61,55,False,True,KSU,ISU
2023,2023-02-19T00:00Z,Pepperdine Waves,Gonzaga Bulldogs,88,97,False,True,PEPP,GONZ
2023,2023-02-18T17:00Z,Indiana Hoosiers,Illinois Fighting Illini,71,68,False,True,IU,ILL
2023,2023-02-18T19:00Z,Miami Hurricanes,Wake Forest Demon Deacons,96,87,False,True,MIA,WAKE
2023,2023-02-18T21:00Z,Xavier Musketeers,DePaul Blue Demons,82,68,False,True,XAV,DEP
2023,2023-02-19T03:00Z,Saint Mary's Gaels,BYU Cougars,71,65,False,True,SMC,BYU
2023,2023-02-19T00:30Z,St. John's Red Storm,Creighton Bluejays,67,77,False,True,SJU,CREI
2023,2023-02-18T17:00Z,UConn Huskies,Seton Hall Pirates,64,55,False,True,CONN,HALL
2023,2023-02-18T19:00Z,TCU Horned Frogs,Oklahoma State Cowboys,100,75,False,True,TCU,OKST
2023,2023-02-18T21:30Z,Providence Friars,Villanova Wildcats,85,72,False,True,PROV,VILL
2023,2023-02-19T20:00Z,Houston Cougars,Memphis Tigers,72,64,False,True,HOU,MEM
2023,2023-02-19T18:00Z,Purdue Boilermakers,Ohio State Buckeyes,82,55,False,True,PUR,OSU
2023,2023-02-19T18:00Z,NC State Wolfpack,North Carolina Tar Heels,77,69,False,True,NCSU,UNC
2023,2023-02-21T02:00Z,TCU Horned Frogs,Kansas Jayhawks,58,63,False,True,TCU,KU
2023,2023-02-22T02:00Z,Texas Longhorns,Iowa State Cyclones,72,54,False,True,TEX,ISU
2023,2023-02-22T00:00Z,Kansas State Wildcats,Baylor Bears,75,65,False,True,KSU,BAY
2023,2023-02-22T01:30Z,Creighton Bluejays,Marquette Golden Eagles,71,73,False,True,CREI,MARQ
2023,2023-02-22T00:00Z,Texas A&M Aggies,Tennessee Volunteers,68,63,False,True,TA&M,TENN
2023,2023-02-22T00:00Z,Virginia Tech Hokies,Miami Hurricanes,70,76,False,True,VT,MIA
2023,2023-02-21T23:30Z,Xavier Musketeers,Villanova Wildcats,63,64,False,True,XAV,VILL
2023,2023-02-22T02:00Z,Michigan State Spartans,Indiana Hoosiers,80,65,False,True,MSU,IU
2023,2023-02-22T04:00Z,San Diego State Aztecs,Colorado State Rams,77,58,False,True,SDSU,CSU
2023,2023-02-23T02:00Z,Houston Cougars,Tulane Green Wave,89,59,False,True,HOU,TULN
2023,2023-02-23T02:00Z,South Carolina Gamecocks,Alabama Crimson Tide,76,78,False,True,SC,ALA
2023,2023-02-23T00:00Z,Boston College Eagles,Virginia Cavaliers,63,48,False,True,BC,UVA
2023,2023-02-22T23:30Z,UConn Huskies,Providence Friars,87,69,False,True,CONN,PROV
2023,2023-02-24T04:00Z,Utah Utes,UCLA Bruins,71,78,False,True,UTAH,UCLA
2023,2023-02-24T04:00Z,Gonzaga Bulldogs,San Diego Toreros,97,72,False,True,GONZ,USD
2023,2023-02-24T03:00Z,Saint Mary's Gaels,Pacific Tigers,83,52,False,True,SMC,PAC
2023,2023-02-24T02:00Z,Illinois Fighting Illini,Northwestern Wildcats,66,62,False,True,ILL,NU
2023,2023-02-25T00:00Z,Seton Hall Pirates,Xavier Musketeers,60,82,False,True,HALL,XAV
2023,2023-02-26T01:00Z,East Carolina Pirates,Houston Cougars,57,76,False,True,ECU,HOU
2023,2023-02-25T19:00Z,Alabama Crimson Tide,Arkansas Razorbacks,86,83,False,True,ALA,ARK
2023,2023-02-25T21:00Z,Kansas Jayhawks,West Virginia Mountaineers,76,74,False,True,KU,WVU
2023,2023-02-26T00:30Z,Purdue Boilermakers,Indiana Hoosiers,71,79,False,True,PUR,IU
2023,2023-02-25T23:00Z,North Carolina Tar Heels,Virginia Cavaliers,71,63,False,True,UNC,UVA
2023,2023-02-25T19:00Z,Arizona Wildcats,Arizona State Sun Devils,88,89,False,True,ARIZ,ASU
2023,2023-02-25T19:00Z,Baylor Bears,Texas Longhorns,81,72,False,True,BAY,TEX
2023,2023-02-26T00:30Z,Marquette Golden Eagles,DePaul Blue Demons,90,84,False,True,MARQ,DEP
2023,2023-02-25T23:00Z,Tennessee Volunteers,South Carolina Gamecocks,85,45,False,True,TENN,SC
2023,2023-02-26T03:00Z,Gonzaga Bulldogs,Saint Mary's Gaels,77,68,False,True,GONZ,SMC
2023,2023-02-25T21:00Z,Miami Hurricanes,Florida State Seminoles,84,85,False,True,MIA,FSU
2023,2023-02-25T19:00Z,Oklahoma State Cowboys,Kansas State Wildcats,68,73,False,True,OKST,KSU
2023,2023-02-25T17:00Z,St. John's Red Storm,UConn Huskies,86,95,False,True,SJU,CONN
2023,2023-02-25T17:00Z,Villanova Wildcats,Creighton Bluejays,79,67,False,True,VILL,CREI
2023,2023-02-26T03:00Z,New Mexico Lobos,San Diego State Aztecs,71,73,False,True,UNM,SDSU
2023,2023-02-25T17:00Z,Iowa State Cyclones,Oklahoma Sooners,50,61,False,True,ISU,OU
2023,2023-02-25T17:00Z,Texas Tech Red Raiders,TCU Horned Frogs,82,83,False,True,TTU,TCU
2023,2023-02-25T20:30Z,Mississippi State Bulldogs,Texas A&M Aggies,69,62,False,True,MSST,TA&M
2023,2023-02-26T21:00Z,Colorado Buffaloes,UCLA Bruins,56,60,False,True,COLO,UCLA
2023,2023-02-26T17:30Z,Georgetown Hoyas,Providence Friars,68,88,False,True,GTWN,PROV
2023,2023-02-26T17:00Z,Maryland Terrapins,Northwestern Wildcats,75,59,False,True,MD,NU
2023,2023-02-28T02:00Z,Oklahoma State Cowboys,Baylor Bears,68,74,False,True,OKST,BAY
2023,2023-03-01T02:00Z,Kansas Jayhawks,Texas Tech Red Raiders,67,63,False,True,KU,TTU
2023,2023-02-28T23:30Z,Butler Bulldogs,Marquette Golden Eagles,56,72,False,True,BUT,MARQ
2023,2023-03-01T02:00Z,Tennessee Volunteers,Arkansas Razorbacks,75,57,False,True,TENN,ARK
2023,2023-03-01T00:00Z,Virginia Cavaliers,Clemson Tigers,64,57,False,True,UVA,CLEM
2023,2023-03-01T00:00Z,Indiana Hoosiers,Iowa Hawkeyes,68,90,False,True,IU,IOWA
2023,2023-03-01T02:00Z,Boise State Broncos,San Diego State Aztecs,66,60,False,True,BOIS,SDSU
2023,2023-03-01T02:00Z,Ole Miss Rebels,Texas A&M Aggies,61,69,False,True,MISS,TA&M
2023,2023-03-02T00:00Z,Alabama Crimson Tide,Auburn Tigers,90,85,False,True,ALA,AUB
2023,2023-03-02T02:00Z,TCU Horned Frogs,Texas Longhorns,75,73,False,True,TCU,TEX
2023,2023-03-02T02:00Z,Gonzaga Bulldogs,Chicago State Cougars,104,65,False,True,GONZ,CHST
2023,2023-03-02T01:00Z,Kansas State Wildcats,Oklahoma Sooners,85,69,False,True,KSU,OU
2023,2023-03-02T00:00Z,UConn Huskies,DePaul Blue Demons,88,59,False,True,CONN,DEP
2023,2023-03-01T23:30Z,Providence Friars,Xavier Musketeers,89,94,False,True,PROV,XAV
2023,2023-03-02T00:00Z,Ohio State Buckeyes,Maryland Terrapins,73,62,False,True,OSU,MD
2023,2023-03-02T00:00Z,Kentucky Wildcats,Vanderbilt Commodores,66,68,False,True,UK,VAN
2023,2023-03-02T00:00Z,Notre Dame Fighting Irish,Pittsburgh Panthers,88,81,False,True,ND,PITT
2023,2023-03-03T00:00Z,Houston Cougars,Wichita State Shockers,83,66,False,True,HOU,WICH
2023,2023-03-03T02:00Z,UCLA Bruins,Arizona State Sun Devils,79,61,False,True,UCLA,ASU
2023,2023-03-03T02:00Z,Wisconsin Badgers,Purdue Boilermakers,61,63,False,True,WIS,PUR
2023,2023-03-03T04:00Z,USC Trojans,Arizona Wildcats,81,87,False,True,USC,ARIZ
2023,2023-03-03T17:00Z,UNC Asheville Bulldogs,Charleston Southern Buccaneers,75,66,True,True,UNCA,CHSO
2023,2023-03-03T18:00Z,Bradley Braves,Northern Iowa Panthers,72,66,True,True,BRAD,UNI
2023,2023-03-03T18:00Z,Northern Illinois Huskies,Eastern Michigan Eagles,85,66,False,True,NIU,EMU
2023,2023-03-03T19:00Z,Hampton Pirates,Monmouth Hawks,64,100,True,True,HAMP,MONM
2023,2023-03-03T19:35Z,South Carolina Upstate Spartans,Gardner-Webb Runnin' Bulldogs,77,76,True,True,UPST,GWEB
2023,2023-03-03T20:45Z,Belmont Bruins,Indiana State Sycamores,91,94,True,True,BEL,INST
2023,2023-03-03T22:00Z,Mercer Bears,The Citadel Bulldogs,66,41,True,True,MER,CIT
2023,2023-03-03T23:00Z,Longwood Lancers,Campbell Fighting Camels,68,81,True,True,LONG,CAM
2023,2023-03-03T23:00Z,Kent State Golden Flashes,Akron Zips,89,84,False,True,KENT,AKR
2023,2023-03-03T23:00Z,Ball State Cardinals,Toledo Rockets,81,87,False,True,BALL,TOL
2023,2023-03-04T00:00Z,Tulane Green Wave,East Carolina Pirates,81,78,False,True,TULN,ECU
2023,2023-03-04T00:00Z,Denver Pioneers,North Dakota Fighting Hawks,68,83,True,True,DEN,UND
2023,2023-03-04T00:00Z,Drake Bulldogs,Murray State Racers,74,62,True,True,DRKE,MUR
2023,2023-03-04T00:00Z,Saint Louis Billikens,Dayton Flyers,65,61,False,True,SLU,DAY
2023,2023-03-04T00:00Z,Buffalo Bulls,Miami (OH) RedHawks,68,63,False,True,BUF,M-OH
2023,2023-03-04T00:00Z,Western Michigan Broncos,Central Michigan Chippewas,81,65,False,True,WMU,CMU
2023,2023-03-04T00:30Z,Chattanooga Mocs,VMI Keydets,92,72,True,True,UTC,VMI
2023,2023-03-04T00:30Z,Sam Houston Bearkats,Abilene Christian Wildcats,72,54,False,True,SHSU,ACU
2023,2023-03-04T01:00Z,Morehead State Eagles,Southeast Missouri State Redhawks,58,65,True,True,MORE,SEMO
2023,2023-03-04T01:00Z,Tarleton State Texans,New Mexico State Aggies,2,0,False,True,TAR,NMSU
2023,2023-03-04T01:00Z,Utah Valley Wolverines,Stephen F. Austin Lumberjacks,113,69,False,True,UVU,SFA
2023,2023-03-04T01:00Z,Ohio Bobcats,Bowling Green Falcons,92,58,False,True,OHIO,BGSU
2023,2023-03-04T01:45Z,Radford Highlanders,Winthrop Eagles,78,69,True,True,RAD,WIN
2023,2023-03-04T02:00Z,BYU Cougars,Portland Pilots,82,71,True,True,BYU,PORT
2023,2023-03-04T02:00Z,Southern Utah Thunderbirds,California Baptist Lancers,81,71,False,True,SUU,CBU
2023,2023-03-04T02:00Z,Utah Tech Trailblazers,Grand Canyon Lopes,61,71,False,True,UTU,GCU
2023,2023-03-04T02:30Z,Kansas City Roos,Omaha Mavericks,61,73,True,True,KC,OMA
2023,2023-03-04T02:30Z,Southern Illinois Salukis,Missouri State Bears,54,51,True,True,SIU,MOST
2023,2023-03-04T03:00Z,Seattle U Redhawks,UT Arlington Mavericks,80,56,False,True,SEA,UTA
2023,2023-03-04T03:30Z,Tennessee Tech Golden Eagles,UT Martin Skyhawks,78,63,True,True,TNTC,UTM
2023,2023-03-04T04:15Z,Colorado State Rams,New Mexico Lobos,92,84,False,True,CSU,UNM
2023,2023-03-04T04:30Z,San Francisco Dons,Pacific Tigers,80,63,True,True,SF,PAC
2023,2023-03-04T17:00Z,Texas A&M Aggies,Alabama Crimson Tide,67,61,False,True,TA&M,ALA
2023,2023-03-04T21:00Z,Texas Longhorns,Kansas Jayhawks,75,59,False,True,TEX,KU
2023,2023-03-05T03:00Z,UCLA Bruins,Arizona Wildcats,82,73,False,True,UCLA,ARIZ
2023,2023-03-04T19:00Z,Marquette Golden Eagles,St. John's Red Storm,96,94,False,True,MARQ,SJU
2023,2023-03-04T17:00Z,Baylor Bears,Iowa State Cyclones,58,73,False,True,BAY,ISU
2023,2023-03-04T19:00Z,West Virginia Mountaineers,Kansas State Wildcats,89,81,False,True,WVU,KSU
2023,2023-03-04T19:00Z,Auburn Tigers,Tennessee Volunteers,79,70,False,True,AUB,TENN
2023,2023-03-04T19:00Z,Virginia Cavaliers,Louisville Cardinals,75,60,False,True,UVA,LOU
2023,2023-03-05T00:30Z,Villanova Wildcats,UConn Huskies,59,71,False,True,VILL,CONN
2023,2023-03-04T23:00Z,Miami Hurricanes,Pittsburgh Panthers,78,76,False,True,MIA,PITT
2023,2023-03-05T03:00Z,San Diego State Aztecs,Wyoming Cowboys,67,50,False,True,SDSU,WYO
2023,2023-03-05T00:00Z,Xavier Musketeers,Butler Bulldogs,78,66,False,True,XAV,BUT
2023,2023-03-04T17:00Z,Providence Friars,Seton Hall Pirates,58,82,False,True,PROV,HALL
2023,2023-03-04T20:00Z,Oklahoma Sooners,TCU Horned Frogs,74,60,False,True,OU,TCU
2023,2023-03-04T19:00Z,Arkansas Razorbacks,Kentucky Wildcats,79,88,False,True,ARK,UK
2023,2023-03-05T17:00Z,Memphis Tigers,Houston Cougars,65,67,False,True,MEM,HOU
2023,2023-03-05T17:30Z,Purdue Boilermakers,Illinois Fighting Illini,76,71,False,True,PUR,ILL
2023,2023-03-05T21:30Z,Indiana Hoosiers,Michigan Wolverines,75,73,False,True,IU,MICH
2023,2023-03-05T17:00Z,Penn State Nittany Lions,Maryland Terrapins,65,64,False,True,PSU,MD
2023,2023-03-06T23:00Z,Nicholls Colonels,McNeese Cowboys,71,77,True,True,NICH,MCN
2023,2023-03-06T23:00Z,Hofstra Pride,UNC Wilmington Seahawks,73,79,True,True,HOF,UNCW
2023,2023-03-07T00:00Z,Louisiana Ragin' Cajuns,South Alabama Jaguars,71,66,True,True,UL,USA
2023,2023-03-07T00:00Z,Oral Roberts Golden Eagles,St. Thomas-Minnesota Tommies,70,65,True,True,ORU,STMN
2023,2023-03-07T00:00Z,Furman Paladins,Chattanooga Mocs,88,79,True,True,FUR,UTC
2023,2023-03-07T00:00Z,Youngstown State Penguins,Northern Kentucky Norse,63,75,True,True,YSU,NKU
2023,2023-03-07T00:30Z,Montana Grizzlies,Idaho State Bengals,83,74,True,True,MONT,IDST
2023,2023-03-07T02:00Z,SE Louisiana Lions,New Orleans Privateers,78,82,True,True,SELA,UNO
2023,2023-03-07T02:00Z,Saint Mary's Gaels,BYU Cougars,76,69,True,True,SMC,BYU
2023,2023-03-07T02:00Z,Charleston Cougars,Towson Tigers,77,72,True,True,COFC,TOW
2023,2023-03-07T02:30Z,South Dakota State Jackrabbits,North Dakota State Bison,79,89,True,True,SDST,NDSU
2023,2023-03-07T02:45Z,Milwaukee Panthers,Cleveland State Vikings,80,93,True,True,MILW,CLE
2023,2023-03-07T03:00Z,Weber State Wildcats,Sacramento State Hornets,70,64,True,True,WEB,SAC
2023,2023-03-07T04:30Z,Gonzaga Bulldogs,San Francisco Dons,84,73,True,True,GONZ,SF
2023,2023-03-07T16:30Z,Richmond Spiders,Massachusetts Minutemen,71,38,True,True,RICH,MASS
2023,2023-03-07T19:00Z,Saint Joseph's Hawks,Loyola Chicago Ramblers,72,67,True,True,JOES,LUC
2023,2023-03-07T19:00Z,Florida State Seminoles,Georgia Tech Yellow Jackets,60,61,True,True,FSU,GT
2023,2023-03-07T20:00Z,California Baptist Lancers,Abilene Christian Wildcats,69,62,True,True,CBU,ACU
2023,2023-03-07T21:30Z,La Salle Explorers,Rhode Island Rams,73,56,True,True,LAS,URI
2023,2023-03-07T21:30Z,Boston College Eagles,Louisville Cardinals,80,62,True,True,BC,LOU
2023,2023-03-07T22:30Z,Grand Canyon Lopes,UT Arlington Mavericks,82,77,True,True,GCU,UTA
2023,2023-03-07T22:40Z,Mount St. Mary's Mountaineers,Canisius Golden Griffins,67,66,True,True,MSM,CAN
2023,2023-03-07T23:00Z,UMass Lowell River Hawks,New Hampshire Wildcats,75,64,False,True,UML,UNH
2023,2023-03-07T23:30Z,Texas A&M-Corpus Christi Islanders,McNeese Cowboys,80,63,True,True,AMCC,MCN
2023,2023-03-08T00:00Z,Vermont Catamounts,Binghamton Bearcats,79,57,False,True,UVM,BING
2023,2023-03-08T00:00Z,Merrimack Warriors,Fairleigh Dickinson Knights,67,66,False,True,MRMK,FDU
2023,2023-03-08T00:00Z,Cleveland State Vikings,Northern Kentucky Norse,61,63,True,True,CLE,NKU
2023,2023-03-08T00:00Z,Charleston Cougars,UNC Wilmington Seahawks,63,58,True,True,COFC,UNCW
2023,2023-03-08T00:00Z,Virginia Tech Hokies,Notre Dame Fighting Irish,67,64,True,True,VT,ND
2023,2023-03-08T01:05Z,Fairfield Stags,Saint Peter's Peacocks,52,70,True,True,FAIR,SPU
2023,2023-03-08T01:30Z,Montana Grizzlies,Northern Arizona Lumberjacks,71,83,True,True,MONT,NAU
2023,2023-03-08T02:00Z,Northwestern State Demons,New Orleans Privateers,74,70,True,True,NWST,UNO
2023,2023-03-08T02:00Z,Saint Mary's Gaels,Gonzaga Bulldogs,51,77,True,True,SMC,GONZ
2023,2023-03-08T02:00Z,Tarleton State Texans,UT Rio Grande Valley Vaqueros,74,70,True,True,TAR,RGV
2023,2023-03-08T02:00Z,Oral Roberts Golden Eagles,North Dakota State Bison,92,58,True,True,ORU,NDSU
2023,2023-03-08T02:00Z,Cal State Bakersfield Roadrunners,Cal State Northridge Matadors,51,47,True,True,CSUB,CSUN
2023,2023-03-08T03:30Z,Manhattan Jaspers,Marist Red Foxes,50,61,True,True,MAN,MRST
2023,2023-03-08T04:00Z,Montana State Bobcats,Weber State Wildcats,60,58,True,True,MTST,WEB
2023,2023-03-08T04:30Z,Long Beach State Beach,Cal Poly Mustangs,68,88,True,True,LBSU,CP
2023,2023-03-08T04:40Z,Stephen F. Austin Lumberjacks,Utah Tech Trailblazers,76,80,True,True,SFA,UTU
2023,2023-03-08T16:30Z,Davidson Wildcats,St. Bonaventure Bonnies,65,54,True,True,DAV,SBU
2023,2023-03-08T17:00Z,Syracuse Orange,Wake Forest Demon Deacons,74,77,True,True,SYR,WAKE
2023,2023-03-08T19:00Z,Colorado State Rams,Fresno State Bulldogs,67,65,True,True,CSU,FRES
2023,2023-03-08T19:00Z,George Mason Patriots,Richmond Spiders,62,57,True,True,GMU,RICH
2023,2023-03-08T19:30Z,Pittsburgh Panthers,Georgia Tech Yellow Jackets,89,81,True,True,PITT,GT
2023,2023-03-08T20:00Z,Grambling Tigers,Bethune-Cookman Wildcats,87,72,True,True,GRAM,BCU
2023,2023-03-08T20:00Z,Washington Huskies,Colorado Buffaloes,68,74,True,True,WASH,COLO
2023,2023-03-08T20:00Z,St. John's Red Storm,Butler Bulldogs,76,63,True,True,SJU,BUT
2023,2023-03-08T21:30Z,UNLV Rebels,Air Force Falcons,78,70,True,True,UNLV,AF
2023,2023-03-08T22:00Z,Texas A&M-Corpus Christi Islanders,Northwestern State Demons,75,71,True,True,AMCC,NWST
2023,2023-03-08T22:00Z,George Washington Revolutionaries,Saint Joseph's Hawks,76,87,True,True,GW,JOES
2023,2023-03-08T22:30Z,Washington State Cougars,California Golden Bears,69,52,True,True,WSU,CAL
2023,2023-03-08T22:30Z,Seton Hall Pirates,DePaul Blue Demons,65,66,True,True,HALL,DEP
2023,2023-03-08T23:00Z,Howard Bison,South Carolina State Bulldogs,91,55,True,True,HOW,SCST
2023,2023-03-08T23:30Z,Western Kentucky Hilltoppers,UTEP Miners,73,67,True,True,WKU,UTEP
2023,2023-03-08T23:30Z,Wisconsin Badgers,Ohio State Buckeyes,57,65,True,True,WIS,OSU
2023,2023-03-09T00:00Z,South Carolina Gamecocks,Ole Miss Rebels,61,67,True,True,SC,MISS
2023,2023-03-09T00:00Z,Iona Gaels,Mount St. Mary's Mountaineers,74,54,True,True,IONA,MSM
2023,2023-03-09T00:00Z,West Virginia Mountaineers,Texas Tech Red Raiders,78,62,True,True,WVU,TTU
2023,2023-03-09T00:00Z,North Carolina Tar Heels,Boston College Eagles,85,61,True,True,UNC,BC
2023,2023-03-09T00:30Z,New Mexico Lobos,Wyoming Cowboys,87,76,True,True,UNM,WYO
2023,2023-03-09T00:30Z,Colgate Raiders,Lafayette Leopards,79,61,False,True,COLG,LAF
2023,2023-03-09T00:30Z,Duquesne Dukes,La Salle Explorers,70,81,True,True,DUQ,LAS
2023,2023-03-09T01:00Z,Villanova Wildcats,Georgetown Hoyas,80,48,True,True,VILL,GTWN
2023,2023-03-09T01:30Z,North Carolina Central Eagles,Delaware State Hornets,89,59,True,True,NCCU,DSU
2023,2023-03-09T02:00Z,Georgia Bulldogs,LSU Tigers,67,72,True,True,UGA,LSU
2023,2023-03-09T02:00Z,Florida International Panthers,Louisiana Tech Bulldogs,76,81,True,True,FIU,LT
2023,2023-03-09T02:00Z,Nebraska Cornhuskers,Minnesota Golden Gophers,75,78,True,True,NEB,MINN
2023,2023-03-09T02:00Z,Utah Utes,Stanford Cardinal,62,73,True,True,UTAH,STAN
2023,2023-03-09T02:30Z,Alcorn State Braves,Texas Southern Tigers,62,66,True,True,ALCN,TXSO
2023,2023-03-09T02:30Z,Rice Owls,UTSA Roadrunners,72,71,True,True,RICE,UTSA
2023,2023-03-09T02:30Z,Rider Broncs,Saint Peter's Peacocks,62,70,True,True,RID,SPU
2023,2023-03-09T02:30Z,Oklahoma State Cowboys,Oklahoma Sooners,57,49,True,True,OKST,OU
2023,2023-03-09T02:30Z,NC State Wolfpack,Virginia Tech Hokies,97,77,True,True,NCSU,VT
2023,2023-03-09T04:30Z,Montana State Bobcats,Northern Arizona Lumberjacks,85,78,True,True,MTST,NAU
2023,2023-03-09T04:55Z,Arizona State Sun Devils,Oregon State Beavers,63,57,True,True,ASU,ORST
2023,2023-03-09T16:00Z,Toledo Rockets,Miami (OH) RedHawks,91,75,True,True,TOL,M-OH
2023,2023-03-09T16:30Z,VCU Rams,Davidson Wildcats,71,53,True,True,VCU,DAV
2023,2023-03-09T17:00Z,Michigan Wolverines,Rutgers Scarlet Knights,50,62,True,True,MICH,RUTG
2023,2023-03-09T17:00Z,Marquette Golden Eagles,St. John's Red Storm,72,70,True,True,MARQ,SJU
2023,2023-03-09T17:00Z,Miami Hurricanes,Wake Forest Demon Deacons,74,72,True,True,MIA,WAKE
2023,2023-03-09T17:30Z,South Florida Bulls,East Carolina Pirates,58,73,True,True,USF,ECU
2023,2023-03-09T17:30Z,Baylor Bears,Iowa State Cyclones,72,78,True,True,BAY,ISU
2023,2023-03-09T18:00Z,Florida Gators,Mississippi State Bulldogs,68,69,True,True,FLA,MSST
2023,2023-03-09T18:30Z,Ball State Cardinals,Ohio Bobcats,70,90,True,True,BALL,OHIO
2023,2023-03-09T19:00Z,Saint Louis Billikens,George Mason Patriots,82,54,True,True,SLU,GMU
2023,2023-03-09T19:30Z,Iowa Hawkeyes,Ohio State Buckeyes,69,73,True,True,IOWA,OSU
2023,2023-03-09T19:30Z,Duke Blue Devils,Pittsburgh Panthers,96,69,True,True,DUKE,PITT
2023,2023-03-09T20:00Z,Jackson State Tigers,Prairie View A&M Panthers,62,60,True,True,JKST,PV
2023,2023-03-09T20:00Z,UCF Knights,SMU Mustangs,76,70,True,True,UCF,SMU
2023,2023-03-09T20:00Z,San Diego State Aztecs,Colorado State Rams,64,61,True,True,SDSU,CSU
2023,2023-03-09T20:00Z,UCLA Bruins,Colorado Buffaloes,80,69,True,True,UCLA,COLO
2023,2023-03-09T20:00Z,Sam Houston Bearkats,California Baptist Lancers,64,51,True,True,SHSU,CBU
2023,2023-03-09T20:00Z,UC Irvine Anteaters,Cal State Bakersfield Roadrunners,75,51,True,True,UCI,CSUB
2023,2023-03-09T20:00Z,UConn Huskies,Providence Friars,73,66,True,True,CONN,PROV
2023,2023-03-09T20:17Z,Kansas Jayhawks,West Virginia Mountaineers,78,61,True,True,KU,WVU
2023,2023-03-09T20:45Z,Tennessee Volunteers,Ole Miss Rebels,70,55,True,True,TENN,MISS
2023,2023-03-09T21:00Z,Kent State Golden Flashes,Northern Illinois Huskies,76,57,True,True,KENT,NIU
2023,2023-03-09T22:00Z,Dayton Flyers,Saint Joseph's Hawks,60,54,True,True,DAY,JOES
2023,2023-03-09T22:30Z,Nevada Wolf Pack,San José State Spartans,77,81,True,True,NEV,SJSU
2023,2023-03-09T22:30Z,Oregon Ducks,Washington State Cougars,75,70,True,True,ORE,WSU
2023,2023-03-09T22:30Z,Seattle U Redhawks,Grand Canyon Lopes,79,84,True,True,SEA,GCU
2023,2023-03-09T22:30Z,Cal State Fullerton Titans,Hawai'i Rainbow Warriors,62,60,True,True,CSUF,HAW
2023,2023-03-09T23:00Z,Maryland Eastern Shore Hawks,Morgan State Bears,80,64,True,True,UMES,MORG
2023,2023-03-09T23:30Z,Florida Atlantic Owls,Western Kentucky Hilltoppers,75,51,True,True,FAU,WKU
2023,2023-03-09T23:30Z,Illinois Fighting Illini,Penn State Nittany Lions,76,79,True,True,ILL,PSU
2023,2023-03-09T23:30Z,Akron Zips,Buffalo Bulls,101,77,True,True,AKR,BUF
2023,2023-03-10T00:00Z,Auburn Tigers,Arkansas Razorbacks,73,76,True,True,AUB,ARK
2023,2023-03-10T00:00Z,Middle Tennessee Blue Raiders,Charlotte 49ers,66,65,True,True,MTSU,CLT
2023,2023-03-10T00:00Z,Wichita State Shockers,Tulsa Golden Hurricane,81,63,True,True,WICH,TLSA
2023,2023-03-10T00:00Z,Quinnipiac Bobcats,Marist Red Foxes,59,75,True,True,QUIN,MRST
2023,2023-03-10T00:00Z,Xavier Musketeers,DePaul Blue Demons,89,84,True,True,XAV,DEP
2023,2023-03-10T00:00Z,Texas Longhorns,Oklahoma State Cowboys,61,47,True,True,TEX,OKST
2023,2023-03-10T00:00Z,Virginia Cavaliers,North Carolina Tar Heels,68,59,True,True,UVA,UNC
2023,2023-03-10T00:30Z,Fordham Rams,La Salle Explorers,69,61,True,True,FOR,LAS
2023,2023-03-10T01:40Z,Norfolk State Spartans,Coppin State Eagles,73,56,True,True,NORF,COPP
2023,2023-03-10T02:00Z,Vanderbilt Commodores,LSU Tigers,77,68,True,True,VAN,LSU
2023,2023-03-10T02:00Z,North Texas Mean Green,Louisiana Tech Bulldogs,74,46,True,True,UNT,LT
2023,2023-03-10T02:00Z,Boise State Broncos,UNLV Rebels,87,76,True,True,BOIS,UNLV
2023,2023-03-10T02:00Z,Utah Valley Wolverines,Tarleton State Texans,72,58,True,True,UVU,TAR
2023,2023-03-10T02:00Z,UC Santa Barbara Gauchos,Cal Poly Mustangs,64,54,True,True,UCSB,CP
2023,2023-03-10T02:13Z,Arizona Wildcats,Stanford Cardinal,95,84,True,True,ARIZ,STAN
2023,2023-03-10T02:20Z,Maryland Terrapins,Minnesota Golden Gophers,70,54,True,True,MD,MINN
2023,2023-03-10T02:30Z,Southern Jaguars,Alabama A&M Bulldogs,63,77,True,True,SOU,AAMU
2023,2023-03-10T02:30Z,UAB Blazers,Rice Owls,87,60,True,True,UAB,RICE
2023,2023-03-10T02:30Z,Siena Saints,Niagara Purple Eagles,65,71,True,True,SIE,NIA
2023,2023-03-10T02:30Z,Kansas State Wildcats,TCU Horned Frogs,67,80,True,True,KSU,TCU
2023,2023-03-10T02:30Z,Clemson Tigers,NC State Wolfpack,80,54,True,True,CLEM,NCSU
2023,2023-03-10T02:50Z,Creighton Bluejays,Villanova Wildcats,87,74,True,True,CREI,VILL
2023,2023-03-10T04:30Z,Utah State Aggies,New Mexico Lobos,91,76,True,True,USU,UNM
2023,2023-03-10T04:30Z,Southern Utah Thunderbirds,Utah Tech Trailblazers,76,75,True,True,SUU,UTU
2023,2023-03-10T04:30Z,UC Riverside Highlanders,UC Davis Aggies,68,52,True,True,UCR,UCD
2023,2023-03-10T04:47Z,USC Trojans,Arizona State Sun Devils,72,77,True,True,USC,ASU
2023,2023-03-10T17:00Z,Purdue Boilermakers,Rutgers Scarlet Knights,70,65,True,True,PUR,RUTG
2023,2023-03-10T17:30Z,Florida Atlantic Owls,Middle Tennessee Blue Raiders,68,65,True,True,FAU,MTSU
2023,2023-03-10T18:00Z,Alabama Crimson Tide,Mississippi State Bulldogs,72,49,True,True,ALA,MSST
2023,2023-03-10T18:00Z,Houston Cougars,East Carolina Pirates,60,46,True,True,HOU,ECU
2023,2023-03-10T19:55Z,Michigan State Spartans,Ohio State Buckeyes,58,68,True,True,MSU,OSU
2023,2023-03-10T20:00Z,Alabama A&M Bulldogs,Texas Southern Tigers,61,74,True,True,AAMU,TXSO
2023,2023-03-10T20:00Z,Cincinnati Bearcats,Temple Owls,84,54,True,True,CIN,TEM
2023,2023-03-10T20:25Z,North Texas Mean Green,UAB Blazers,69,76,True,True,UNT,UAB
2023,2023-03-10T20:30Z,Missouri Tigers,Tennessee Volunteers,79,71,True,True,MIZ,TENN
2023,2023-03-10T22:00Z,Toledo Rockets,Ohio Bobcats,82,75,True,True,TOL,OHIO
2023,2023-03-10T23:00Z,Howard Bison,Maryland Eastern Shore Hawks,74,55,True,True,HOW,UMES
2023,2023-03-10T23:00Z,Iona Gaels,Niagara Purple Eagles,71,59,True,True,IONA,NIA
2023,2023-03-10T23:30Z,Northwestern Wildcats,Penn State Nittany Lions,65,67,True,True,NU,PSU
2023,2023-03-10T23:30Z,Marquette Golden Eagles,UConn Huskies,70,68,True,True,MARQ,CONN
2023,2023-03-11T00:00Z,Texas A&M Aggies,Arkansas Razorbacks,67,61,True,True,TA&M,ARK
2023,2023-03-11T00:00Z,Memphis Tigers,UCF Knights,81,76,True,True,MEM,UCF
2023,2023-03-11T00:00Z,Kansas Jayhawks,Iowa State Cyclones,71,58,True,True,KU,ISU
2023,2023-03-11T00:00Z,Miami Hurricanes,Duke Blue Devils,78,85,True,True,MIA,DUKE
2023,2023-03-11T00:50Z,Kent State Golden Flashes,Akron Zips,79,73,True,True,KENT,AKR
2023,2023-03-11T01:30Z,Saint Peter's Peacocks,Marist Red Foxes,57,69,True,True,SPU,MRST
2023,2023-03-11T01:40Z,North Carolina Central Eagles,Norfolk State Spartans,65,72,True,True,NCCU,NORF
2023,2023-03-11T02:00Z,UCLA Bruins,Oregon Ducks,75,56,True,True,UCLA,ORE
2023,2023-03-11T02:00Z,Sam Houston Bearkats,Grand Canyon Lopes,75,78,True,True,SHSU,GCU
2023,2023-03-11T02:00Z,UC Irvine Anteaters,Cal State Fullerton Titans,80,83,True,True,UCI,CSUF
2023,2023-03-11T02:10Z,Xavier Musketeers,Creighton Bluejays,82,60,True,True,XAV,CREI
2023,2023-03-11T02:20Z,Indiana Hoosiers,Maryland Terrapins,70,60,True,True,IU,MD
2023,2023-03-11T02:30Z,Grambling Tigers,Jackson State Tigers,78,69,True,True,GRAM,JKST
2023,2023-03-11T02:30Z,San Diego State Aztecs,San José State Spartans,64,49,True,True,SDSU,SJSU
2023,2023-03-11T02:42Z,Kentucky Wildcats,Vanderbilt Commodores,73,80,True,True,UK,VAN
2023,2023-03-11T02:42Z,Virginia Cavaliers,Clemson Tigers,76,56,True,True,UVA,CLEM
2023,2023-03-11T02:43Z,Tulane Green Wave,Wichita State Shockers,82,76,True,True,TULN,WICH
2023,2023-03-11T02:43Z,Texas Longhorns,TCU Horned Frogs,66,60,True,True,TEX,TCU
2023,2023-03-11T04:40Z,Utah Valley Wolverines,Southern Utah Thunderbirds,88,89,True,True,UVU,SUU
2023,2023-03-11T04:43Z,UC Santa Barbara Gauchos,UC Riverside Highlanders,92,87,True,True,UCSB,UCR
2023,2023-03-11T04:44Z,Arizona Wildcats,Arizona State Sun Devils,78,59,True,True,ARIZ,ASU
2023,2023-03-11T04:59Z,Boise State Broncos,Utah State Aggies,62,72,True,True,BOIS,USU
2023,2023-03-11T16:00Z,Vermont Catamounts,UMass Lowell River Hawks,72,59,False,True,UVM,UML
2023,2023-03-11T16:00Z,Yale Bulldogs,Cornell Big Red,80,60,True,True,YALE,COR
2023,2023-03-11T18:00Z,Alabama Crimson Tide,Missouri Tigers,72,61,True,True,ALA,MIZ
2023,2023-03-11T18:00Z,Purdue Boilermakers,Ohio State Buckeyes,80,66,True,True,PUR,OSU
2023,2023-03-11T18:00Z,Howard Bison,Norfolk State Spartans,65,64,True,True,HOW,NORF
2023,2023-03-11T18:00Z,VCU Rams,Saint Louis Billikens,90,78,True,True,VCU,SLU
2023,2023-03-11T18:30Z,Princeton Tigers,Pennsylvania Quakers,77,70,False,True,PRIN,PENN
2023,2023-03-11T20:00Z,Houston Cougars,Cincinnati Bearcats,69,48,True,True,HOU,CIN
2023,2023-03-11T20:30Z,Indiana Hoosiers,Penn State Nittany Lions,73,77,True,True,IU,PSU
2023,2023-03-11T20:30Z,Dayton Flyers,Fordham Rams,78,68,True,True,DAY,FOR
2023,2023-03-11T20:35Z,Texas A&M Aggies,Vanderbilt Commodores,87,75,True,True,TA&M,VAN
2023,2023-03-11T22:30Z,Grambling Tigers,Texas Southern Tigers,58,61,True,True,GRAM,TXSO
2023,2023-03-11T22:45Z,Memphis Tigers,Tulane Green Wave,94,54,True,True,MEM,TULN
2023,2023-03-11T23:00Z,San Diego State Aztecs,Utah State Aggies,62,57,True,True,SDSU,USU
2023,2023-03-11T23:00Z,Kansas Jayhawks,Texas Longhorns,56,76,True,True,KU,TEX
2023,2023-03-11T23:30Z,Marquette Golden Eagles,Xavier Musketeers,65,51,True,True,MARQ,XAV
2023,2023-03-12T00:30Z,Toledo Rockets,Kent State Golden Flashes,78,93,True,True,TOL,KENT
2023,2023-03-12T00:30Z,Iona Gaels,Marist Red Foxes,76,55,True,True,IONA,MRST
2023,2023-03-12T01:30Z,Florida Atlantic Owls,UAB Blazers,78,56,True,True,FAU,UAB
2023,2023-03-12T01:30Z,Virginia Cavaliers,Duke Blue Devils,49,59,True,True,UVA,DUKE
2023,2023-03-12T02:38Z,UC Santa Barbara Gauchos,Cal State Fullerton Titans,72,62,True,True,UCSB,CSUF
2023,2023-03-12T03:40Z,UCLA Bruins,Arizona Wildcats,59,61,True,True,UCLA,ARIZ
2023,2023-03-12T04:40Z,Southern Utah Thunderbirds,Grand Canyon Lopes,66,84,True,True,SUU,GCU
2023,2023-03-12T16:00Z,Yale Bulldogs,Princeton Tigers,65,74,True,True,YALE,PRIN
2023,2023-03-12T17:00Z,Alabama Crimson Tide,Texas A&M Aggies,82,63,True,True,ALA,TA&M
2023,2023-03-12T17:00Z,VCU Rams,Dayton Flyers,68,56,True,True,VCU,DAY
2023,2023-03-12T19:15Z,Houston Cougars,Memphis Tigers,65,75,True,True,HOU,MEM
2023,2023-03-12T19:30Z,Purdue Boilermakers,Penn State Nittany Lions,67,65,True,True,PUR,PSU
2023,2023-03-14T22:40Z,Texas A&M-Corpus Christi Islanders,Southeast Missouri State Redhawks,75,71,True,False,AMCC,SEMO
2023,2023-03-15T01:34Z,Mississippi State Bulldogs,Pittsburgh Panthers,59,60,True,False,MSST,PITT
2023,2023-03-15T22:40Z,Texas Southern Tigers,Fairleigh Dickinson Knights,61,84,True,False,TXSO,FDU
2023,2023-03-16T01:10Z,Arizona State Sun Devils,Nevada Wolf Pack,98,73,True,False,ASU,NEV
2023,2023-03-16T16:15Z,Maryland Terrapins,West Virginia Mountaineers,67,65,True,False,MD,WVU
2023,2023-03-16T16:40Z,Virginia Cavaliers,Furman Paladins,67,68,True,False,UVA,FUR
2023,2023-03-16T17:40Z,Missouri Tigers,Utah State Aggies,76,65,True,False,MIZ,USU
2023,2023-03-16T18:00Z,Kansas Jayhawks,Howard Bison,96,68,True,False,KU,HOW
2023,2023-03-16T19:15Z,Alabama Crimson Tide,Texas A&M-Corpus Christi Islanders,96,75,True,False,ALA,AMCC
2023,2023-03-16T19:25Z,San Diego State Aztecs,Charleston Cougars,63,57,True,False,SDSU,COFC
2023,2023-03-16T20:10Z,Arizona Wildcats,Princeton Tigers,55,59,True,False,ARIZ,PRIN
2023,2023-03-16T20:34Z,Arkansas Razorbacks,Illinois Fighting Illini,73,63,True,False,ARK,ILL
2023,2023-03-16T22:50Z,Iowa Hawkeyes,Auburn Tigers,75,83,True,False,IOWA,AUB
2023,2023-03-16T23:10Z,Duke Blue Devils,Oral Roberts Golden Eagles,74,51,True,False,DUKE,ORU
2023,2023-03-16T23:35Z,Northwestern Wildcats,Boise State Broncos,75,67,True,False,NU,BOIS
2023,2023-03-16T23:50Z,Texas Longhorns,Colgate Raiders,81,61,True,False,TEX,COLG
2023,2023-03-17T01:39Z,Houston Cougars,Northern Kentucky Norse,63,52,True,False,HOU,NKU
2023,2023-03-17T01:40Z,Tennessee Volunteers,Louisiana Ragin' Cajuns,58,55,True,False,TENN,UL
2023,2023-03-17T02:11Z,UCLA Bruins,UNC Asheville Bulldogs,86,53,True,False,UCLA,UNCA
2023,2023-03-17T02:15Z,Texas A&M Aggies,Penn State Nittany Lions,59,76,True,False,TA&M,PSU
2023,2023-03-17T16:15Z,Michigan State Spartans,USC Trojans,72,62,True,False,MSU,USC
2023,2023-03-17T16:40Z,Xavier Musketeers,Kennesaw State Owls,72,67,True,False,XAV,KENN
2023,2023-03-17T17:30Z,Baylor Bears,UC Santa Barbara Gauchos,74,56,True,False,BAY,UCSB
2023,2023-03-17T18:00Z,Saint Mary's Gaels,VCU Rams,63,51,True,False,SMC,VCU
2023,2023-03-17T18:51Z,Marquette Golden Eagles,Vermont Catamounts,78,61,True,False,MARQ,UVM
2023,2023-03-17T19:30Z,Iowa State Cyclones,Pittsburgh Panthers,41,59,True,False,ISU,PITT
2023,2023-03-17T19:56Z,Creighton Bluejays,NC State Wolfpack,72,63,True,False,CREI,NCSU
2023,2023-03-17T20:45Z,UConn Huskies,Iona Gaels,87,63,True,False,CONN,IONA
2023,2023-03-17T22:50Z,Purdue Boilermakers,Fairleigh Dickinson Knights,58,63,True,False,PUR,FDU
2023,2023-03-17T23:10Z,Kentucky Wildcats,Providence Friars,61,53,True,False,UK,PROV
2023,2023-03-17T23:35Z,Gonzaga Bulldogs,Grand Canyon Lopes,82,70,True,False,GONZ,GCU
2023,2023-03-17T23:55Z,Miami Hurricanes,Drake Bulldogs,63,56,True,False,MIA,DRKE
2023,2023-03-18T01:44Z,Memphis Tigers,Florida Atlantic Owls,65,66,True,False,MEM,FAU
2023,2023-03-18T01:55Z,Kansas State Wildcats,Montana State Bobcats,77,65,True,False,KSU,MTST
2023,2023-03-18T02:05Z,TCU Horned Frogs,Arizona State Sun Devils,72,70,True,False,TCU,ASU
2023,2023-03-18T02:35Z,Indiana Hoosiers,Kent State Golden Flashes,71,60,True,False,IU,KENT
2023,2023-03-18T16:10Z,San Diego State Aztecs,Furman Paladins,75,52,True,False,SDSU,FUR
2023,2023-03-18T18:54Z,Tennessee Volunteers,Duke Blue Devils,65,52,True,False,TENN,DUKE
2023,2023-03-18T21:25Z,Kansas Jayhawks,Arkansas Razorbacks,71,72,True,False,KU,ARK
2023,2023-03-18T22:10Z,Missouri Tigers,Princeton Tigers,63,78,True,False,MIZ,PRIN
2023,2023-03-18T23:10Z,Houston Cougars,Auburn Tigers,81,64,True,False,HOU,AUB
2023,2023-03-19T00:17Z,Texas Longhorns,Penn State Nittany Lions,71,66,True,False,TEX,PSU
2023,2023-03-19T00:50Z,UCLA Bruins,Northwestern Wildcats,68,63,True,False,UCLA,NU
2023,2023-03-19T02:02Z,Alabama Crimson Tide,Maryland Terrapins,73,51,True,False,ALA,MD
2023,2023-03-19T16:10Z,Xavier Musketeers,Pittsburgh Panthers,84,73,True,False,XAV,PITT
2023,2023-03-19T18:55Z,Kansas State Wildcats,Kentucky Wildcats,75,69,True,False,KSU,UK
2023,2023-03-19T21:15Z,Marquette Golden Eagles,Michigan State Spartans,60,69,True,False,MARQ,MSU
2023,2023-03-19T22:10Z,UConn Huskies,Saint Mary's Gaels,70,55,True,False,CONN,SMC
2023,2023-03-19T23:10Z,Baylor Bears,Creighton Bluejays,76,85,True,False,BAY,CREI
2023,2023-03-20T00:06Z,Florida Atlantic Owls,Fairleigh Dickinson Knights,78,70,True,False,FAU,FDU
2023,2023-03-20T00:40Z,Indiana Hoosiers,Miami Hurricanes,69,85,True,False,IU,MIA
2023,2023-03-20T01:52Z,Gonzaga Bulldogs,TCU Horned Frogs,84,81,True,False,GONZ,TCU
2023,2023-03-23T22:30Z,Kansas State Wildcats,Michigan State Spartans,98,93,True,False,KSU,MSU
2023,2023-03-23T23:15Z,UConn Huskies,Arkansas Razorbacks,88,65,True,False,CONN,ARK
2023,2023-03-24T01:36Z,Tennessee Volunteers,Florida Atlantic Owls,55,62,True,False,TENN,FAU
2023,2023-03-24T02:04Z,UCLA Bruins,Gonzaga Bulldogs,76,79,True,False,UCLA,GONZ
2023,2023-03-24T22:30Z,Alabama Crimson Tide,San Diego State Aztecs,64,71,True,False,ALA,SDSU
2023,2023-03-24T23:15Z,Houston Cougars,Miami Hurricanes,75,89,True,False,HOU,MIA
2023,2023-03-25T01:27Z,Creighton Bluejays,Princeton Tigers,86,75,True,False,CREI,PRIN
2023,2023-03-25T01:59Z,Texas Longhorns,Xavier Musketeers,83,71,True,False,TEX,XAV
2023,2023-03-25T22:09Z,Kansas State Wildcats,Florida Atlantic Owls,76,79,True,False,KSU,FAU
2023,2023-03-26T00:59Z,Gonzaga Bulldogs,UConn Huskies,54,82,True,False,GONZ,CONN
2023,2023-03-26T18:20Z,San Diego State Aztecs,Creighton Bluejays,57,56,True,False,SDSU,CREI
2023,2023-03-26T21:10Z,Texas Longhorns,Miami Hurricanes,81,88,True,False,TEX,MIA
2023,2023-04-01T22:09Z,San Diego State Aztecs,Florida Atlantic Owls,72,71,True,False,SDSU,FAU
2023,2023-04-02T01:16Z,UConn Huskies,Miami Hurricanes,72,59,True,False,CONN,MIA
2023,2023-04-04T01:20Z,UConn Huskies,San Diego State Aztecs,76,59,True,False,CONN,SDSU
2024,2023-11-07T01:00Z,Kansas Jayhawks,North Carolina Central Eagles,99,56,False,True,KU,NCCU
2024,2023-11-07T02:00Z,Duke Blue Devils,Dartmouth Big Green,92,54,False,True,DUKE,DART
2024,2023-11-06T23:30Z,Purdue Boilermakers,Samford Bulldogs,98,45,False,True,PUR,SAM
2024,2023-11-07T01:30Z,Michigan State Spartans,James Madison Dukes,76,79,False,True,MSU,JMU
2024,2023-11-07T01:30Z,Marquette Golden Eagles,Northern Illinois Huskies,92,70,False,True,MARQ,NIU
2024,2023-11-06T23:30Z,UConn Huskies,Northern Arizona Lumberjacks,95,52,False,True,CONN,NAU
2024,2023-11-07T01:00Z,Houston Cougars,UL Monroe Warhawks,84,31,False,True,HOU,ULM
2024,2023-11-06T23:30Z,Tennessee Volunteers,Tennessee Tech Golden Eagles,80,42,False,True,TENN,TNTC
2024,2023-11-07T02:30Z,Arizona Wildcats,Morgan State Bears,122,59,False,True,ARIZ,MORG
2024,2023-11-07T00:00Z,Miami Hurricanes,NJIT Highlanders,101,60,False,True,MIA,NJIT
2024,2023-11-07T01:00Z,Arkansas Razorbacks,Alcorn State Braves,93,59,False,True,ARK,ALCN
2024,2023-11-07T01:00Z,Texas A&M Aggies,East Texas A&M Lions,78,46,False,True,TA&M,ETAM
2024,2023-11-07T01:00Z,Kentucky Wildcats,New Mexico State Aggies,86,46,False,True,UK,NMSU
2024,2023-11-07T03:30Z,San Diego State Aztecs,Cal State Fullerton Titans,83,57,False,True,SDSU,CSUF
2024,2023-11-07T01:00Z,Texas Longhorns,Incarnate Word Cardinals,88,56,False,True,TEX,UIW
2024,2023-11-07T00:00Z,North Carolina Tar Heels,Radford Highlanders,86,70,False,True,UNC,RAD
2024,2023-11-07T03:00Z,USC Trojans,Kansas State Wildcats,82,69,True,True,USC,KSU
2024,2023-11-07T00:30Z,Villanova Wildcats,American University Eagles,90,63,False,True,VILL,AMER
2024,2023-11-07T03:00Z,Saint Mary's Gaels,Stanislaus State Warriors,107,28,False,True,SMC,CSUS
2024,2023-11-07T01:00Z,Alabama Crimson Tide,Morehead State Eagles,105,73,False,True,ALA,MORE
2024,2023-11-07T01:00Z,Illinois Fighting Illini,Eastern Illinois Panthers,80,52,False,True,ILL,EIU
2024,2023-11-08T02:00Z,Creighton Bluejays,Florida A&M Rattlers,105,54,False,True,CREI,FAMU
2024,2023-11-08T02:00Z,Baylor Bears,Auburn Tigers,88,82,True,True,BAY,AUB
2024,2023-11-09T00:00Z,Loyola Chicago Ramblers,Florida Atlantic Owls,62,75,True,True,LUC,FAU
2024,2023-11-10T00:00Z,Michigan State Spartans,Southern Indiana Screaming Eagles,74,51,False,True,MSU,USI
2024,2023-11-09T17:00Z,Baylor Bears,John Brown Golden Eagles,96,70,False,True,BAY,JBROWN
2024,2023-11-10T02:00Z,USC Trojans,Cal State Bakersfield Roadrunners,85,59,False,True,USC,CSUB
2024,2023-11-10T03:00Z,Saint Mary's Gaels,New Mexico Lobos,72,58,False,True,SMC,UNM
2024,2023-11-11T01:00Z,Kansas Jayhawks,Manhattan Jaspers,99,61,False,True,KU,MAN
2024,2023-11-11T00:00Z,Duke Blue Devils,Arizona Wildcats,73,78,False,True,DUKE,ARIZ
2024,2023-11-11T00:00Z,Purdue Boilermakers,Morehead State Eagles,87,57,False,True,PUR,MORE
2024,2023-11-11T01:30Z,Marquette Golden Eagles,Rider Broncs,95,65,False,True,MARQ,RID
2024,2023-11-11T02:00Z,Wisconsin Badgers,Tennessee Volunteers,70,80,False,True,WIS,TENN
2024,2023-11-11T02:00Z,Gonzaga Bulldogs,Yale Bulldogs,86,71,False,True,GONZ,YALE
2024,2023-11-11T00:00Z,Miami Hurricanes,UCF Knights,88,72,False,True,MIA,UCF
2024,2023-11-11T01:00Z,Arkansas Razorbacks,Gardner-Webb Runnin' Bulldogs,86,68,False,True,ARK,GWEB
2024,2023-11-11T00:00Z,Ohio State Buckeyes,Texas A&M Aggies,66,73,False,True,OSU,TA&M
2024,2023-11-11T00:00Z,Kentucky Wildcats,East Texas A&M Lions,81,61,False,True,UK,ETAM
2024,2023-11-11T02:00Z,BYU Cougars,San Diego State Aztecs,74,65,False,True,BYU,SDSU
2024,2023-11-11T02:00Z,Texas Longhorns,Delaware State Hornets,86,59,False,True,TEX,DSU
2024,2023-11-10T23:30Z,Villanova Wildcats,Le Moyne Dolphins,83,57,False,True,VILL,LEM
2024,2023-11-11T01:00Z,Alabama Crimson Tide,Indiana State Sycamores,102,80,False,True,ALA,INST
2024,2023-11-11T01:00Z,Illinois Fighting Illini,Oakland Golden Grizzlies,64,53,False,True,ILL,OAK
2024,2023-11-11T17:00Z,UConn Huskies,Stonehill Skyhawks,107,67,False,True,CONN,STO
2024,2023-11-11T18:30Z,Houston Cougars,Texas A&M-Corpus Christi Islanders,82,50,False,True,HOU,AMCC
2024,2023-11-11T19:00Z,Creighton Bluejays,North Dakota State Bison,89,60,False,True,CREI,NDSU
2024,2023-11-12T19:00Z,North Carolina Tar Heels,Lehigh Mountain Hawks,90,68,False,True,UNC,LEH
2024,2023-11-12T22:00Z,Baylor Bears,Gardner-Webb Runnin' Bulldogs,77,62,False,True,BAY,GWEB
2024,2023-11-13T01:00Z,Saint Mary's Gaels,Weber State Wildcats,57,61,False,True,SMC,WEB
2024,2023-11-14T01:30Z,Purdue Boilermakers,Xavier Musketeers,83,71,False,True,PUR,XAV
2024,2023-11-14T01:00Z,Arizona Wildcats,Southern Jaguars,97,59,False,True,ARIZ,SOU
2024,2023-11-14T01:00Z,Houston Cougars,Stetson Hatters,79,48,False,True,HOU,STET
2024,2023-11-14T00:00Z,Miami Hurricanes,Florida International Panthers,86,80,False,True,MIA,FIU
2024,2023-11-14T01:00Z,Arkansas Razorbacks,Old Dominion Monarchs,86,77,False,True,ARK,ODU
2024,2023-11-14T00:00Z,Pennsylvania Quakers,Villanova Wildcats,76,72,False,True,PENN,VILL
2024,2023-11-15T02:45Z,Kansas Jayhawks,Kentucky Wildcats,89,84,True,True,KU,UK
2024,2023-11-15T01:00Z,Illinois Fighting Illini,Marquette Golden Eagles,64,71,False,True,ILL,MARQ
2024,2023-11-15T00:00Z,UConn Huskies,Mississippi Valley State Delta Devils,87,53,False,True,CONN,MVSU
2024,2023-11-14T23:30Z,Tennessee Volunteers,Wofford Terriers,82,61,False,True,TENN,WOF
2024,2023-11-15T03:00Z,Creighton Bluejays,Iowa Hawkeyes,92,84,False,True,CREI,IOWA
2024,2023-11-15T00:00Z,Michigan State Spartans,Duke Blue Devils,65,74,True,True,MSU,DUKE
2024,2023-11-15T00:00Z,Florida Atlantic Owls,Eastern Michigan Eagles,100,57,False,True,FAU,EMU
2024,2023-11-15T02:00Z,Gonzaga Bulldogs,Eastern Oregon Mountaineers,123,57,False,True,GONZ,EOU
2024,2023-11-15T01:00Z,SMU Mustangs,Texas A&M Aggies,66,79,False,True,SMU,TA&M
2024,2023-11-15T03:00Z,Baylor Bears,Kansas City Roos,99,61,False,True,BAY,KC
2024,2023-11-15T04:00Z,USC Trojans,UC Irvine Anteaters,60,70,False,True,USC,UCI
2024,2023-11-15T01:00Z,Alabama Crimson Tide,South Alabama Jaguars,102,46,False,True,ALA,USA
2024,2023-11-15T02:00Z,Colorado Buffaloes,Milwaukee Panthers,106,79,False,True,COLO,MILW
2024,2023-11-16T02:00Z,Texas Longhorns,Rice Owls,80,64,False,True,TEX,RICE
2024,2023-11-16T23:49Z,Towson Tigers,Houston Cougars,49,65,True,True,TOW,HOU
2024,2023-11-18T04:00Z,Arizona Wildcats,Belmont Bruins,100,68,False,True,ARIZ,BEL
2024,2023-11-17T21:30Z,Utah Utes,Houston Cougars,66,76,True,True,UTAH,HOU
2024,2023-11-17T23:00Z,Duke Blue Devils,Bucknell Bison,90,60,False,True,DUKE,BUCK
2024,2023-11-17T20:30Z,Miami Hurricanes,Georgia Bulldogs,79,68,True,True,MIA,UGA
2024,2023-11-18T01:00Z,Texas A&M Aggies,Oral Roberts Golden Eagles,74,66,False,True,TA&M,ORU
2024,2023-11-18T01:00Z,Arkansas Razorbacks,UNC Greensboro Spartans,72,78,False,True,ARK,UNCG
2024,2023-11-18T00:00Z,Kentucky Wildcats,Stonehill Skyhawks,101,67,False,True,UK,STO
2024,2023-11-17T23:30Z,Michigan State Spartans,Butler Bulldogs,74,54,False,True,MSU,BUT
2024,2023-11-18T01:00Z,North Carolina Tar Heels,UC Riverside Highlanders,77,52,False,True,UNC,UCR
2024,2023-11-18T01:30Z,Villanova Wildcats,Maryland Terrapins,57,40,False,True,VILL,MD
2024,2023-11-18T01:00Z,Alabama Crimson Tide,Mercer Bears,98,67,False,True,ALA,MER
2024,2023-11-18T01:00Z,Illinois Fighting Illini,Valparaiso Beacons,87,64,False,True,ILL,VAL
2024,2023-11-18T00:00Z,James Madison Dukes,Radford Highlanders,76,73,False,True,JMU,RAD
2024,2023-11-19T01:30Z,Creighton Bluejays,Texas Southern Tigers,82,50,False,True,CREI,TXSO
2024,2023-11-18T23:00Z,Florida Atlantic Owls,Bryant Bulldogs,52,61,False,True,FAU,BRY
2024,2023-11-19T23:00Z,Arizona Wildcats,UT Arlington Mavericks,101,56,False,True,ARIZ,UTA
2024,2023-11-19T18:00Z,Indiana Hoosiers,UConn Huskies,57,77,True,True,IU,CONN
2024,2023-11-20T01:30Z,Houston Cougars,Dayton Flyers,69,55,True,True,HOU,DAY
2024,2023-11-19T19:30Z,Miami Hurricanes,Kansas State Wildcats,91,83,True,True,MIA,KSU
2024,2023-11-20T01:00Z,USC Trojans,Brown Bears,81,70,False,True,USC,BRWN
2024,2023-11-19T23:00Z,Michigan State Spartans,Alcorn State Braves,81,49,False,True,MSU,ALCN
2024,2023-11-19T20:39Z,Louisville Cardinals,Texas Longhorns,80,81,True,True,LOU,TEX
2024,2023-11-20T01:00Z,Illinois Fighting Illini,Southern Jaguars,88,60,False,True,ILL,SOU
2024,2023-11-21T02:00Z,Chaminade Silverswords,Kansas Jayhawks,56,83,True,True,CHAM,KU
2024,2023-11-20T22:00Z,Gonzaga Bulldogs,Purdue Boilermakers,63,73,True,True,GONZ,PUR
2024,2023-11-21T04:30Z,Marquette Golden Eagles,UCLA Bruins,71,69,True,True,MARQ,UCLA
2024,2023-11-21T00:11Z,Texas Longhorns,UConn Huskies,71,81,True,True,TEX,CONN
2024,2023-11-20T19:30Z,Syracuse Orange,Tennessee Volunteers,56,73,True,True,SYR,TENN
2024,2023-11-21T00:00Z,Kentucky Wildcats,Saint Joseph's Hawks,96,88,False,True,UK,JOES
2024,2023-11-21T01:00Z,Richmond Spiders,Colorado Buffaloes,59,64,True,True,RICH,COLO
2024,2023-11-20T23:00Z,Virginia Cavaliers,Wisconsin Badgers,41,65,True,True,UVA,WIS
2024,2023-11-22T03:58Z,Marquette Golden Eagles,Kansas Jayhawks,73,59,True,True,MARQ,KU
2024,2023-11-22T01:00Z,Purdue Boilermakers,Tennessee Volunteers,71,67,True,True,PUR,TENN
2024,2023-11-22T00:00Z,Duke Blue Devils,La Salle Explorers,95,66,False,True,DUKE,LAS
2024,2023-11-21T19:30Z,Gonzaga Bulldogs,Syracuse Orange,76,57,True,True,GONZ,SYR
2024,2023-11-21T21:00Z,Colorado Buffaloes,Florida State Seminoles,71,77,True,True,COLO,FSU
2024,2023-11-21T23:00Z,Southern Illinois Salukis,James Madison Dukes,76,82,True,True,SIU,JMU
2024,2023-11-22T19:30Z,Kansas Jayhawks,Tennessee Volunteers,69,60,True,True,KU,TENN
2024,2023-11-22T22:00Z,Marquette Golden Eagles,Purdue Boilermakers,75,78,True,True,MARQ,PUR
2024,2023-11-22T21:00Z,Creighton Bluejays,Loyola Chicago Ramblers,88,65,True,True,CREI,LUC
2024,2023-11-23T04:59Z,UCLA Bruins,Gonzaga Bulldogs,65,69,True,True,UCLA,GONZ
2024,2023-11-23T00:00Z,Oregon State Beavers,Baylor Bears,72,88,True,True,ORST,BAY
2024,2023-11-22T17:00Z,North Carolina Tar Heels,Northern Iowa Panthers,91,69,True,True,UNC,UNI
2024,2023-11-23T01:02Z,Arkansas Razorbacks,Stanford Cardinal,77,74,True,True,ARK,STAN
2024,2023-11-23T01:45Z,Fresno State Bulldogs,James Madison Dukes,64,95,True,True,FRES,JMU
2024,2023-11-22T23:00Z,Virginia Cavaliers,West Virginia Mountaineers,56,54,True,True,UVA,WVU
2024,2023-11-23T21:00Z,Arizona Wildcats,Michigan State Spartans,74,68,True,True,ARIZ,MSU
2024,2023-11-23T21:00Z,Creighton Bluejays,Colorado State Rams,48,69,True,True,CREI,CSU
2024,2023-11-23T17:00Z,Texas A&M Aggies,Penn State Nittany Lions,89,77,True,True,TA&M,PSU
2024,2023-11-23T19:44Z,North Carolina Tar Heels,Villanova Wildcats,81,83,True,True,UNC,VILL
2024,2023-11-23T19:56Z,Butler Bulldogs,Florida Atlantic Owls,86,91,True,True,BUT,FAU
2024,2023-11-23T22:50Z,Memphis Tigers,Arkansas Razorbacks,84,79,True,True,MEM,ARK
2024,2023-11-23T22:30Z,USC Trojans,Seton Hall Pirates,71,63,True,True,USC,HALL
2024,2023-11-24T19:00Z,UConn Huskies,Manhattan Jaspers,90,60,False,True,CONN,MAN
2024,2023-11-24T21:00Z,Houston Cougars,Montana Grizzlies,79,44,False,True,HOU,MONT
2024,2023-11-24T23:00Z,Duke Blue Devils,Southern Indiana Screaming Eagles,80,62,False,True,DUKE,USI
2024,2023-11-24T16:00Z,Florida Atlantic Owls,Texas A&M Aggies,96,89,True,True,FAU,TA&M
2024,2023-11-24T22:30Z,Florida Gators,Baylor Bears,91,95,True,True,FLA,BAY
2024,2023-11-24T18:00Z,North Carolina Tar Heels,Arkansas Razorbacks,87,72,True,True,UNC,ARK
2024,2023-11-25T00:00Z,Kentucky Wildcats,Marshall Thundering Herd,118,82,False,True,UK,MRSH
2024,2023-11-25T00:00Z,Ohio State Buckeyes,Alabama Crimson Tide,92,81,True,True,OSU,ALA
2024,2023-11-24T20:30Z,USC Trojans,Oklahoma Sooners,70,72,True,True,USC,OU
2024,2023-11-24T19:00Z,Mississippi State Bulldogs,Nicholls Colonels,74,61,False,True,MSST,NICH
2024,2023-11-25T21:00Z,Oregon Ducks,Alabama Crimson Tide,91,99,True,True,ORE,ALA
2024,2023-11-26T23:30Z,Iowa State Cyclones,Texas A&M Aggies,69,73,True,True,ISU,TA&M
2024,2023-11-26T20:00Z,Texas Longhorns,Wyoming Cowboys,86,63,False,True,TEX,WYO
2024,2023-11-26T19:00Z,Colorado Buffaloes,Iona Gaels,85,68,False,True,COLO,IONA
2024,2023-11-26T18:16Z,Virginia Tech Hokies,Florida Atlantic Owls,50,84,True,True,VT,FAU
2024,2023-11-28T00:00Z,UConn Huskies,New Hampshire Wildcats,84,64,False,True,CONN,UNH
2024,2023-11-29T01:30Z,Purdue Boilermakers,Texas Southern Tigers,99,67,False,True,PUR,TXSO
2024,2023-11-29T02:00Z,Marquette Golden Eagles,Southern Jaguars,93,56,False,True,MARQ,SOU
2024,2023-11-29T01:00Z,Kansas Jayhawks,Eastern Illinois Panthers,71,63,False,True,KU,EIU
2024,2023-11-29T00:30Z,Kentucky Wildcats,Miami Hurricanes,95,73,False,True,UK,MIA
2024,2023-11-29T01:00Z,Baylor Bears,Nicholls Colonels,108,70,False,True,BAY,NICH
2024,2023-11-29T02:00Z,Gonzaga Bulldogs,Cal State Bakersfield Roadrunners,81,65,False,True,GONZ,CSUB
2024,2023-11-29T00:00Z,Georgia Tech Yellow Jackets,Mississippi State Bulldogs,67,59,False,True,GT,MSST
2024,2023-11-29T02:30Z,Alabama Crimson Tide,Clemson Tigers,77,85,False,True,ALA,CLEM
2024,2023-11-30T02:15Z,Arkansas Razorbacks,Duke Blue Devils,80,75,False,True,ARK,DUKE
2024,2023-11-30T00:15Z,North Carolina Tar Heels,Tennessee Volunteers,100,92,False,True,UNC,TENN
2024,2023-11-30T00:15Z,Virginia Cavaliers,Texas A&M Aggies,59,47,False,True,UVA,TA&M
2024,2023-11-29T23:30Z,Villanova Wildcats,Saint Joseph's Hawks,65,78,False,True,VILL,JOES
2024,2023-11-30T02:00Z,Colorado State Rams,Colorado Buffaloes,88,83,False,True,CSU,COLO
2024,2023-11-30T00:00Z,James Madison Dukes,Buffalo Bulls,81,66,False,True,JMU,BUF
2024,2023-11-30T23:00Z,Florida Atlantic Owls,Liberty Flames,83,58,False,True,FAU,LIB
2024,2023-12-01T02:00Z,Oklahoma State Cowboys,Creighton Bluejays,65,79,False,True,OKST,CREI
2024,2023-12-01T02:00Z,Texas Longhorns,Texas State Bobcats,77,58,False,True,TEX,TXST
2024,2023-12-01T01:00Z,Oklahoma Sooners,Arkansas-Pine Bluff Golden Lions,107,86,False,True,OU,UAPB
2024,2023-12-02T02:00Z,Northwestern Wildcats,Purdue Boilermakers,92,88,False,True,NU,PUR
2024,2023-12-02T02:00Z,Kansas Jayhawks,UConn Huskies,69,65,False,True,KU,CONN
2024,2023-12-01T23:30Z,Xavier Musketeers,Houston Cougars,60,66,False,True,XAV,HOU
2024,2023-12-02T02:00Z,BYU Cougars,Fresno State Bulldogs,85,56,True,True,BYU,FRES
2024,2023-12-02T20:00Z,Arizona Wildcats,Colgate Raiders,82,55,False,True,ARIZ,COLG
2024,2023-12-02T17:30Z,Wisconsin Badgers,Marquette Golden Eagles,75,64,False,True,WIS,MARQ
2024,2023-12-02T19:15Z,Georgia Tech Yellow Jackets,Duke Blue Devils,72,68,False,True,GT,DUKE
2024,2023-12-02T17:00Z,Miami Hurricanes,Notre Dame Fighting Irish,62,49,False,True,MIA,ND
2024,2023-12-02T23:00Z,Baylor Bears,Northwestern State Demons,91,40,False,True,BAY,NWST
2024,2023-12-03T03:00Z,USC Trojans,Gonzaga Bulldogs,76,89,True,True,USC,GONZ
2024,2023-12-02T21:00Z,Kentucky Wildcats,UNC Wilmington Seahawks,73,80,False,True,UK,UNCW
2024,2023-12-02T23:00Z,Florida Atlantic Owls,Charleston Cougars,90,74,False,True,FAU,COFC
2024,2023-12-02T19:00Z,North Carolina Tar Heels,Florida State Seminoles,78,70,False,True,UNC,FSU
2024,2023-12-02T19:00Z,Villanova Wildcats,Drexel Dragons,55,57,True,True,VILL,DREX
2024,2023-12-03T00:00Z,Colorado State Rams,Washington Huskies,86,81,True,True,CSU,WASH
2024,2023-12-02T21:00Z,Rutgers Scarlet Knights,Illinois Fighting Illini,58,76,False,True,RUTG,ILL
2024,2023-12-03T21:00Z,Nebraska Cornhuskers,Creighton Bluejays,60,89,False,True,NEB,CREI
2024,2023-12-03T21:00Z,Mississippi State Bulldogs,Southern Jaguars,59,60,False,True,MSST,SOU
2024,2023-12-03T18:00Z,James Madison Dukes,Keystone Giants,130,59,False,True,JMU,KEYC
2024,2023-12-05T00:00Z,Purdue Boilermakers,Iowa Hawkeyes,87,68,False,True,PUR,IOWA
2024,2023-12-06T01:00Z,Kansas Jayhawks,Kansas City Roos,88,69,False,True,KU,KC
2024,2023-12-06T02:00Z,UConn Huskies,North Carolina Tar Heels,87,76,True,True,CONN,UNC
2024,2023-12-06T02:00Z,Baylor Bears,Seton Hall Pirates,78,60,False,True,BAY,HALL
2024,2023-12-06T02:00Z,Gonzaga Bulldogs,Arkansas-Pine Bluff Golden Lions,111,71,False,True,GONZ,UAPB
2024,2023-12-05T23:30Z,Illinois Fighting Illini,Florida Atlantic Owls,98,89,True,True,ILL,FAU
2024,2023-12-06T02:00Z,BYU Cougars,Evansville Purple Aces,96,55,False,True,BYU,EVAN
2024,2023-12-05T23:30Z,Tennessee Volunteers,George Mason Patriots,87,66,False,True,TENN,GMU
2024,2023-12-06T00:00Z,Oklahoma Sooners,Providence Friars,72,51,False,True,OU,PROV
2024,2023-12-06T00:00Z,Michigan State Spartans,Wisconsin Badgers,57,70,False,True,MSU,WIS
2024,2023-12-06T02:00Z,Grand Canyon Lopes,San Diego State Aztecs,79,73,False,True,GCU,SDSU
2024,2023-12-07T01:00Z,Houston Cougars,Rice Owls,75,39,False,True,HOU,RICE
2024,2023-12-07T01:00Z,Marquette Golden Eagles,Texas Longhorns,86,65,False,True,MARQ,TEX
2024,2023-12-07T02:00Z,Colorado State Rams,Denver Pioneers,90,80,False,True,CSU,DEN
2024,2023-12-07T00:00Z,Miami Hurricanes,Long Island University Sharks,97,49,False,True,MIA,LIU
2024,2023-12-07T02:00Z,Texas A&M Aggies,DePaul Blue Demons,89,64,False,True,TA&M,DEP
2024,2023-12-07T01:00Z,Clemson Tigers,South Carolina Gamecocks,72,67,False,True,CLEM,SC
2024,2023-12-07T16:00Z,Bellarmine Knights,Berea Mountaineers,98,59,False,True,BELL,BERE
2024,2023-12-07T17:00Z,North Alabama Lions,Rust Bearcats,109,65,False,True,UNA,RUST 
2024,2023-12-08T00:00Z,Delaware State Hornets,Virginia-Lynchburg Dragons,106,73,False,True,DSU,VUL
2024,2023-12-08T00:00Z,UNC Greensboro Spartans,Eastern Kentucky Colonels,87,85,False,True,UNCG,EKU
2024,2023-12-08T00:00Z,Wright State Raiders,Bethel (IN) Pilots,81,62,False,True,WRST,BTIN
2024,2023-12-08T00:30Z,Iowa State Cyclones,Iowa Hawkeyes,90,65,False,True,ISU,IOWA
2024,2023-12-08T00:30Z,Central Arkansas Bears,Little Rock Trojans,75,71,False,True,CARK,LR
2024,2023-12-08T01:00Z,Eastern Illinois Panthers,IU Indianapolis Jaguars,75,58,False,True,EIU,IUIN
2024,2023-12-08T01:00Z,North Dakota State Bison,Portland Pilots,78,67,False,True,NDSU,PORT
2024,2023-12-08T03:00Z,Cal State Northridge Matadors,Bethesda University Flames,92,54,False,True,CSUN,BTHS
2024,2023-12-09T00:00Z,Duquesne Dukes,Saint Peter's Peacocks,68,59,False,True,DUQ,SPU
2024,2023-12-09T00:00Z,Boston College Eagles,Holy Cross Crusaders,95,64,False,True,BC,HC
2024,2023-12-09T00:00Z,Rider Broncs,Stonehill Skyhawks,73,56,False,True,RID,STO
2024,2023-12-09T00:00Z,Manhattan Jaspers,Fairleigh Dickinson Knights,71,76,False,True,MAN,FDU
2024,2023-12-09T00:00Z,Yale Bulldogs,Colby-Sawyer Chargers,95,36,False,True,YALE,CSC
2024,2023-12-09T00:00Z,Harvard Crimson,Army Black Knights,70,64,False,True,HARV,ARMY
2024,2023-12-09T00:00Z,High Point Panthers,North Carolina A&T Aggies,75,62,False,True,HPU,NCAT
2024,2023-12-09T00:00Z,Eastern Michigan Eagles,Oakland Golden Grizzlies,63,77,False,True,EMU,OAK
2024,2023-12-09T00:00Z,Jacksonville State Gamecocks,UIC Flames,49,55,False,True,JXST,UIC
2024,2023-12-09T00:00Z,Quinnipiac Bobcats,Navy Midshipmen,71,68,False,True,QUIN,NAVY
2024,2023-12-09T20:15Z,Arizona Wildcats,Wisconsin Badgers,98,73,False,True,ARIZ,WIS
2024,2023-12-09T22:15Z,Kansas Jayhawks,Missouri Tigers,73,64,False,True,KU,MIZ
2024,2023-12-09T21:00Z,Houston Cougars,Jackson State Tigers,89,55,False,True,HOU,JKST
2024,2023-12-09T18:30Z,Purdue Boilermakers,Alabama Crimson Tide,92,86,True,True,PUR,ALA
2024,2023-12-09T17:00Z,UConn Huskies,Arkansas-Pine Bluff Golden Lions,101,63,False,True,CONN,UAPB
2024,2023-12-10T04:00Z,Washington Huskies,Gonzaga Bulldogs,78,73,False,True,WASH,GONZ
2024,2023-12-10T02:00Z,Marquette Golden Eagles,Notre Dame Fighting Irish,78,59,False,True,MARQ,ND
2024,2023-12-09T19:00Z,Creighton Bluejays,Central Michigan Chippewas,109,64,False,True,CREI,CMU
2024,2023-12-09T20:00Z,Texas Longhorns,Houston Christian Huskies,77,50,False,True,TEX,HCU
2024,2023-12-09T23:30Z,Colorado State Rams,Saint Mary's Gaels,61,64,False,True,CSU,SMC
2024,2023-12-10T00:00Z,Utah Utes,BYU Cougars,73,69,False,True,UTAH,BYU
2024,2023-12-09T17:00Z,Kentucky Wildcats,Pennsylvania Quakers,81,66,True,True,UK,PENN
2024,2023-12-09T17:00Z,Tennessee Volunteers,Illinois Fighting Illini,86,79,False,True,TENN,ILL
2024,2023-12-10T00:00Z,Old Dominion Monarchs,James Madison Dukes,69,84,False,True,ODU,JMU
2024,2023-12-09T21:00Z,Oklahoma Sooners,Arkansas Razorbacks,79,70,True,True,OU,ARK
2024,2023-12-09T19:15Z,Duke Blue Devils,Charlotte 49ers,80,56,False,True,DUKE,CLT
2024,2023-12-09T21:25Z,Clemson Tigers,TCU Horned Frogs,74,66,True,True,CLEM,TCU
2024,2023-12-10T03:30Z,San Diego State Aztecs,UC Irvine Anteaters,63,62,False,True,SDSU,UCI
2024,2023-12-10T19:00Z,Miami Hurricanes,Colorado Buffaloes,63,90,True,True,MIA,COLO
2024,2023-12-10T21:00Z,Texas A&M Aggies,Memphis Tigers,75,81,False,True,TA&M,MEM
2024,2023-12-12T02:00Z,Gonzaga Bulldogs,Mississippi Valley State Delta Devils,78,40,False,True,GONZ,MVSU
2024,2023-12-13T00:00Z,Tennessee Volunteers,Georgia Southern Eagles,74,56,False,True,TENN,GASO
2024,2023-12-13T00:00Z,Duke Blue Devils,Hofstra Pride,89,68,False,True,DUKE,HOF
2024,2023-12-14T02:00Z,UNLV Rebels,Creighton Bluejays,79,64,True,True,UNLV,CREI
2024,2023-12-14T00:00Z,Florida Atlantic Owls,Florida International Panthers,94,60,False,True,FAU,FIU
2024,2023-12-14T02:00Z,BYU Cougars,Denver Pioneers,90,74,False,True,BYU,DEN
2024,2023-12-14T01:00Z,Northwestern Wildcats,Chicago State Cougars,73,75,False,True,NU,CHST
2024,2023-12-15T01:00Z,Marquette Golden Eagles,St. Thomas-Minnesota Tommies,84,79,False,True,MARQ,STMN
2024,2023-12-15T00:00Z,Wisconsin Badgers,Jacksonville State Gamecocks,75,60,False,True,WIS,JXST
2024,2023-12-16T03:00Z,Gonzaga Bulldogs,UConn Huskies,63,76,True,True,GONZ,CONN
2024,2023-12-16T21:30Z,Purdue Boilermakers,Arizona Wildcats,92,84,True,True,PUR,ARIZ
2024,2023-12-16T17:30Z,Indiana Hoosiers,Kansas Jayhawks,71,75,False,True,IU,KU
2024,2023-12-16T19:30Z,Houston Cougars,Texas A&M Aggies,70,66,True,True,HOU,TA&M
2024,2023-12-16T19:00Z,Michigan State Spartans,Baylor Bears,88,64,True,True,MSU,BAY
2024,2023-12-17T01:00Z,Creighton Bluejays,Alabama Crimson Tide,85,82,False,True,CREI,ALA
2024,2023-12-16T22:30Z,Kentucky Wildcats,North Carolina Tar Heels,87,83,True,True,UK,UNC
2024,2023-12-17T02:00Z,Oklahoma Sooners,Green Bay Phoenix,81,47,False,True,OU,GB
2024,2023-12-17T03:00Z,Tennessee Volunteers,NC State Wolfpack,79,70,True,True,TENN,NCSU
2024,2023-12-16T20:00Z,Memphis Tigers,Clemson Tigers,79,77,False,True,MEM,CLEM
2024,2023-12-16T21:00Z,St. Bonaventure Bonnies,Florida Atlantic Owls,54,64,True,True,SBU,FAU
2024,2023-12-17T02:00Z,BYU Cougars,Georgia State Panthers,86,54,False,True,BYU,GAST
2024,2023-12-16T17:00Z,Texas Longhorns,LSU Tigers,96,85,True,True,TEX,LSU
2024,2023-12-16T19:00Z,Hampton Pirates,James Madison Dukes,71,88,False,True,HAMP,JMU
2024,2023-12-16T23:00Z,Virginia Cavaliers,Northeastern Huskies,56,54,False,True,UVA,NE
2024,2023-12-16T17:00Z,Miami Hurricanes,La Salle Explorers,84,77,False,True,MIA,LAS
2024,2023-12-16T22:30Z,DePaul Blue Demons,Northwestern Wildcats,46,56,False,True,DEP,NU
2024,2023-12-17T18:00Z,Illinois Fighting Illini,Colgate Raiders,74,57,False,True,ILL,COLG
2024,2023-12-17T23:00Z,Colorado State Rams,CSU Pueblo Thunderwolves,86,54,False,True,CSU,CSTP
2024,2023-12-18T16:00Z,Drexel Dragons,Penn State-Alleghany Nittany Lions,117,49,False,True,DREX,PSGA
2024,2023-12-18T16:30Z,Jacksonville Dolphins,UL Monroe Warhawks,75,65,False,True,JAX,ULM
2024,2023-12-18T17:00Z,East Texas A&M Lions,Arlington Baptist Patriots,130,53,False,True,ETAM,ABU
2024,2023-12-18T17:00Z,Texas A&M-Corpus Christi Islanders,Texas Lutheran Bulldogs,102,50,False,True,AMCC,TL
2024,2023-12-18T21:00Z,Prairie View A&M Panthers,North American Stallions,92,61,False,True,PV,NAMU
2024,2023-12-18T23:00Z,UNC Asheville Bulldogs,South Carolina State Bulldogs,79,75,False,True,UNCA,SCST
2024,2023-12-18T23:00Z,Charleston Cougars,Coastal Carolina Chanticleers,84,81,False,True,COFC,CCU
2024,2023-12-18T23:30Z,Youngstown State Penguins,Westminster (PA) Titans,117,45,False,True,YSU,WCPA
2024,2023-12-19T00:00Z,Norfolk State Spartans,Southern Virginia Knights,108,52,False,True,NORF,SVA
2024,2023-12-19T00:00Z,Le Moyne Dolphins,Houghton Highlanders,92,72,False,True,LEM,HOUGH
2024,2023-12-19T00:00Z,Dartmouth Big Green,Thomas (ME) Terriers,77,48,False,True,DART,THOMA
2024,2023-12-19T00:00Z,Campbell Fighting Camels,Morgan State Bears,83,76,False,True,CAM,MORG
2024,2023-12-19T00:00Z,Michigan State Spartans,Oakland Golden Grizzlies,79,62,False,True,MSU,OAK
2024,2023-12-19T00:00Z,Duquesne Dukes,Bradley Braves,69,67,True,True,DUQ,BRAD
2024,2023-12-19T00:00Z,Ohio Bobcats,Defiance Yellow Jackets,108,28,False,True,OHIO,DFC
2024,2023-12-19T00:00Z,Marist Red Foxes,Maryland Eastern Shore Hawks,76,52,False,True,MRST,UMES
2024,2023-12-19T00:00Z,Marshall Thundering Herd,Bluefield University Ramblin' Rams,103,70,False,True,MRSH,BLU
2024,2023-12-19T00:00Z,Wake Forest Demon Deacons,Delaware State Hornets,88,59,False,True,WAKE,DSU
2024,2023-12-19T00:00Z,Holy Cross Crusaders,Quinnipiac Bobcats,57,77,False,True,HC,QUIN
2024,2023-12-19T00:00Z,UCF Knights,Maine Black Bears,74,51,False,True,UCF,ME
2024,2023-12-19T00:30Z,Little Rock Trojans,Murray State Racers,80,66,False,True,LR,MUR
2024,2023-12-19T01:00Z,Arkansas-Pine Bluff Golden Lions,Ecclesia Royals,125,75,False,True,UAPB,ECCL
2024,2023-12-19T01:00Z,SIU Edwardsville Cougars,Central Christian College Tigers,99,56,False,True,SIUE,CEN
2024,2023-12-19T01:00Z,Chicago State Cougars,UT Rio Grande Valley Vaqueros,78,68,False,True,CHST,RGV
2024,2023-12-19T01:00Z,Texas State Bobcats,LeTourneau Yellow Jackets,110,68,False,True,TXST,LETU
2024,2023-12-19T01:00Z,Tarleton State Texans,Jacksonville State Gamecocks,62,65,False,True,TAR,JXST
2024,2023-12-19T01:00Z,Western Illinois Leathernecks,Eureka Red Devils,92,56,False,True,WIU,ERKA
2024,2023-12-19T01:00Z,Evansville Purple Aces,UT Martin Skyhawks,98,91,False,True,EVAN,UTM
2024,2023-12-19T01:00Z,Lamar Cardinals,Southern Miss Golden Eagles,79,82,False,True,LAM,USM
2024,2023-12-19T01:30Z,Northern Illinois Huskies,Calumet Crimson Wave,92,48,False,True,NIU,CSJ
2024,2023-12-19T02:00Z,Denver Pioneers,Adams State Grizzlies,89,83,False,True,DEN,ADST
2024,2023-12-19T02:00Z,Sacramento State Hornets,UC San Diego Tritons,52,83,False,True,SAC,UCSD
2024,2023-12-19T03:00Z,Fresno State Bulldogs,Portland State Vikings,72,75,False,True,FRES,PRST
2024,2023-12-19T03:00Z,Cal Poly Mustangs,Eastern Washington Eagles,53,62,False,True,CP,EWU
2024,2023-12-19T03:00Z,Loyola Marymount Lions,Detroit Mercy Titans,76,56,False,True,LMU,DETM
2024,2023-12-19T03:00Z,Pacific Tigers,Stanislaus State Warriors,68,46,False,True,PAC,CSUS
2024,2023-12-20T01:30Z,Providence Friars,Marquette Golden Eagles,72,57,False,True,PROV,MARQ
2024,2023-12-20T00:00Z,James Madison Dukes,Coppin State Eagles,87,48,False,True,JMU,COPP
2024,2023-12-20T00:00Z,Memphis Tigers,Virginia Cavaliers,77,54,False,True,MEM,UVA
2024,2023-12-20T00:00Z,Ole Miss Rebels,Troy Trojans,74,53,False,True,MISS,TROY
2024,2023-12-21T04:00Z,Arizona Wildcats,Alabama Crimson Tide,87,74,True,True,ARIZ,ALA
2024,2023-12-21T00:00Z,Seton Hall Pirates,UConn Huskies,75,60,False,True,HALL,CONN
2024,2023-12-21T02:00Z,Oklahoma Sooners,North Carolina Tar Heels,69,81,True,True,OU,UNC
2024,2023-12-21T00:00Z,Duke Blue Devils,Baylor Bears,78,70,True,True,DUKE,BAY
2024,2023-12-21T02:00Z,Creighton Bluejays,Villanova Wildcats,66,68,False,True,CREI,VILL
2024,2023-12-21T02:00Z,Gonzaga Bulldogs,Jackson State Tigers,100,76,False,True,GONZ,JKST
2024,2023-12-21T23:30Z,Purdue Boilermakers,Jacksonville Dolphins,100,57,False,True,PUR,JAX
2024,2023-12-22T01:00Z,Houston Cougars,Texas State Bobcats,72,37,False,True,HOU,TXST
2024,2023-12-21T23:30Z,Tennessee Volunteers,Tarleton State Texans,65,46,False,True,TENN,TAR
2024,2023-12-21T23:00Z,Louisville Cardinals,Kentucky Wildcats,76,95,False,True,LOU,UK
2024,2023-12-23T01:00Z,Kansas Jayhawks,Yale Bulldogs,75,60,False,True,KU,YALE
2024,2023-12-23T00:00Z,Marquette Golden Eagles,Georgetown Hoyas,81,51,False,True,MARQ,GTWN
2024,2023-12-23T00:00Z,Baylor Bears,Mississippi Valley State Delta Devils,107,48,False,True,BAY,MVSU
2024,2023-12-23T02:00Z,Illinois Fighting Illini,Missouri Tigers,97,73,True,True,ILL,MIZ
2024,2023-12-23T03:00Z,Loyola Marymount Lions,Colorado State Rams,67,76,False,True,LMU,CSU
2024,2023-12-23T02:00Z,BYU Cougars,Bellarmine Knights,101,59,False,True,BYU,BELL
2024,2023-12-22T23:00Z,Clemson Tigers,Queens University Royals,109,79,False,True,CLEM,QUC
2024,2023-12-22T20:00Z,Texas Longhorns,Texas A&M-Corpus Christi Islanders,71,55,False,True,TEX,AMCC
2024,2023-12-22T18:00Z,Morgan State Bears,James Madison Dukes,75,89,False,True,MORG,JMU
2024,2023-12-23T01:00Z,Wisconsin Badgers,Chicago State Cougars,80,53,False,True,WIS,CHST
2024,2023-12-23T20:00Z,Arizona Wildcats,Florida Atlantic Owls,95,96,True,True,ARIZ,FAU
2024,2023-12-24T01:00Z,UConn Huskies,St. John's Red Storm,69,65,False,True,CONN,SJU
2024,2023-12-23T21:00Z,Memphis Tigers,Vanderbilt Commodores,77,75,False,True,MEM,VAN
2024,2023-12-23T19:00Z,Ole Miss Rebels,Southern Miss Golden Eagles,89,72,True,True,MISS,USM
2024,2023-12-24T18:30Z,Portland Pilots,Temple Owls,54,55,True,True,PORT,TEM
2024,2023-12-24T20:55Z,Massachusetts Minutemen,Old Dominion Monarchs,87,65,True,True,MASS,ODU
2024,2023-12-24T23:30Z,Hawai'i Rainbow Warriors,TCU Horned Frogs,51,65,False,True,HAW,TCU
2024,2023-12-25T02:00Z,Georgia Tech Yellow Jackets,Nevada Wolf Pack,64,72,True,True,GT,NEV
2024,2023-12-27T20:00Z,Bethesda University Flames,Grand Canyon Lopes,74,124,True,True,BTHS,GCU
2024,2023-12-28T00:00Z,Virginia Cavaliers,Morgan State Bears,79,44,False,True,UVA,MORG
2024,2023-12-28T03:00Z,California Baptist Lancers,Chicago State Cougars,74,62,False,True,CBU,CHST
2024,2023-12-29T00:00Z,Oklahoma Sooners,Central Arkansas Bears,88,72,False,True,OU,CARK
2024,2023-12-30T00:00Z,Purdue Boilermakers,Eastern Kentucky Colonels,80,53,False,True,PUR,EKU
2024,2023-12-30T03:30Z,California Golden Bears,Arizona Wildcats,81,100,False,True,CAL,ARIZ
2024,2023-12-30T00:00Z,Kentucky Wildcats,Illinois State Redbirds,96,70,False,True,UK,ILST
2024,2023-12-30T01:00Z,North Carolina Tar Heels,Charleston Southern Buccaneers,105,60,False,True,UNC,CHSO
2024,2023-12-30T02:00Z,Illinois Fighting Illini,Fairleigh Dickinson Knights,104,71,False,True,ILL,FDU
2024,2023-12-30T02:00Z,Gonzaga Bulldogs,San Diego State Aztecs,74,84,False,True,GONZ,SDSU
2024,2023-12-30T02:00Z,Colorado State Rams,Adams State Grizzlies,106,61,False,True,CSU,ADST
2024,2023-12-30T00:00Z,Clemson Tigers,Radford Highlanders,93,58,False,True,CLEM,RAD
2024,2023-12-30T01:00Z,Texas Longhorns,UNC Greensboro Spartans,72,37,False,True,TEX,UNCG
2024,2023-12-30T21:00Z,Kansas Jayhawks,Wichita State Shockers,86,67,True,True,KU,WICH
2024,2023-12-31T00:00Z,Houston Cougars,Pennsylvania Quakers,81,42,False,True,HOU,PENN
2024,2023-12-31T00:00Z,Florida Gulf Coast Eagles,Florida Atlantic Owls,72,68,False,True,FGCU,FAU
2024,2023-12-30T19:00Z,Marquette Golden Eagles,Creighton Bluejays,72,67,False,True,MARQ,CREI
2024,2023-12-30T23:00Z,BYU Cougars,Wyoming Cowboys,94,68,False,True,BYU,WYO
2024,2023-12-30T19:00Z,Duke Blue Devils,Queens University Royals,106,69,False,True,DUKE,QUC
2024,2023-12-31T00:00Z,Memphis Tigers,Austin Peay Governors,81,70,False,True,MEM,APSU
2024,2023-12-30T19:00Z,James Madison Dukes,Texas State Bobcats,82,65,False,True,JMU,TXST
2024,2023-12-31T21:00Z,Stanford Cardinal,Arizona Wildcats,100,82,False,True,STAN,ARIZ
2024,2023-12-31T20:00Z,Oklahoma Sooners,Monmouth Hawks,72,56,False,True,OU,MONM
2024,2023-12-31T21:00Z,Ole Miss Rebels,Bryant Bulldogs,95,78,False,True,MISS,BRY
2024,2024-01-01T19:00Z,Texas Longhorns,UT Arlington Mavericks,79,62,False,True,TEX,UTA
2024,2024-01-03T00:00Z,Maryland Terrapins,Purdue Boilermakers,53,67,False,True,MD,PUR
2024,2024-01-02T23:30Z,UConn Huskies,DePaul Blue Demons,85,56,False,True,CONN,DEP
2024,2024-01-03T00:00Z,Tennessee Volunteers,Norfolk State Spartans,87,50,False,True,TENN,NORF
2024,2024-01-03T00:00Z,Pittsburgh Panthers,North Carolina Tar Heels,57,70,False,True,PITT,UNC
2024,2024-01-03T02:00Z,Illinois Fighting Illini,Northwestern Wildcats,96,66,False,True,ILL,NU
2024,2024-01-03T03:30Z,Colorado State Rams,New Mexico Lobos,76,68,False,True,CSU,UNM
2024,2024-01-03T02:00Z,Duke Blue Devils,Syracuse Orange,86,66,False,True,DUKE,SYR
2024,2024-01-03T00:00Z,Florida Atlantic Owls,East Carolina Pirates,79,64,False,True,FAU,ECU
2024,2024-01-03T01:00Z,Baylor Bears,Cornell Big Red,98,79,False,True,BAY,COR
2024,2024-01-03T00:00Z,Wisconsin Badgers,Iowa Hawkeyes,83,72,False,True,WIS,IOWA
2024,2024-01-03T02:00Z,Auburn Tigers,Pennsylvania Quakers,88,68,False,True,AUB,PENN
2024,2024-01-04T01:00Z,Miami Hurricanes,Clemson Tigers,95,82,False,True,MIA,CLEM
2024,2024-01-03T23:30Z,Providence Friars,Seton Hall Pirates,57,61,False,True,PROV,HALL
2024,2024-01-05T02:45Z,Arizona Wildcats,Colorado Buffaloes,97,50,False,True,ARIZ,COLO
2024,2024-01-05T01:00Z,Tulsa Golden Hurricane,Memphis Tigers,75,78,False,True,TLSA,MEM
2024,2024-01-05T01:00Z,Louisiana Ragin' Cajuns,James Madison Dukes,61,68,False,True,UL,JMU
2024,2024-01-05T02:00Z,Gonzaga Bulldogs,Pepperdine Waves,86,60,False,True,GONZ,PEPP
2024,2024-01-06T01:30Z,Purdue Boilermakers,Illinois Fighting Illini,83,78,False,True,PUR,ILL
2024,2024-01-05T23:30Z,Butler Bulldogs,UConn Huskies,81,88,False,True,BUT,CONN
2024,2024-01-06T19:00Z,Kansas Jayhawks,TCU Horned Frogs,83,81,False,True,KU,TCU
2024,2024-01-06T19:00Z,Houston Cougars,West Virginia Mountaineers,89,55,False,True,HOU,WVU
2024,2024-01-06T23:00Z,Tennessee Volunteers,Ole Miss Rebels,90,64,False,True,TENN,MISS
2024,2024-01-06T17:30Z,Florida Gators,Kentucky Wildcats,85,87,False,True,FLA,UK
2024,2024-01-06T17:00Z,Seton Hall Pirates,Marquette Golden Eagles,78,75,False,True,HALL,MARQ
2024,2024-01-06T17:00Z,Clemson Tigers,North Carolina Tar Heels,55,65,False,True,CLEM,UNC
2024,2024-01-07T01:00Z,Arizona Wildcats,Utah Utes,92,73,False,True,ARIZ,UTAH
2024,2024-01-06T23:00Z,Oklahoma Sooners,Iowa State Cyclones,71,63,False,True,OU,ISU
2024,2024-01-07T03:00Z,BYU Cougars,Cincinnati Bearcats,60,71,False,True,BYU,CIN
2024,2024-01-07T02:00Z,Utah State Aggies,Colorado State Rams,77,72,False,True,USU,CSU
2024,2024-01-06T23:00Z,Notre Dame Fighting Irish,Duke Blue Devils,59,67,False,True,ND,DUKE
2024,2024-01-06T21:00Z,Charlotte 49ers,Florida Atlantic Owls,70,68,False,True,CLT,FAU
2024,2024-01-06T20:00Z,Oklahoma State Cowboys,Baylor Bears,70,75,False,True,OKST,BAY
2024,2024-01-06T20:00Z,Southern Miss Golden Eagles,James Madison Dukes,81,71,False,True,USM,JMU
2024,2024-01-07T01:00Z,Texas Longhorns,Texas Tech Red Raiders,67,78,False,True,TEX,TTU
2024,2024-01-06T19:15Z,Wisconsin Badgers,Nebraska Cornhuskers,88,72,False,True,WIS,NEB
2024,2024-01-06T19:00Z,Creighton Bluejays,Providence Friars,69,60,False,True,CREI,PROV
2024,2024-01-07T02:00Z,Gonzaga Bulldogs,San Diego Toreros,101,74,False,True,GONZ,USD
2024,2024-01-06T19:00Z,Arkansas Razorbacks,Auburn Tigers,51,83,False,True,ARK,AUB
2024,2024-01-07T22:00Z,Memphis Tigers,SMU Mustangs,62,59,False,True,MEM,SMU
2024,2024-01-08T19:00Z,New Orleans Privateers,East Texas A&M Lions,88,85,False,True,UNO,ETAM
2024,2024-01-09T00:00Z,Monmouth Hawks,Northeastern Huskies,81,62,False,True,MONM,NE
2024,2024-01-09T00:30Z,South Carolina State Bulldogs,Howard Bison,78,82,False,True,SCST,HOW
2024,2024-01-09T00:30Z,Morgan State Bears,Delaware State Hornets,66,78,False,True,MORG,DSU
2024,2024-01-09T00:30Z,Southern Jaguars,Prairie View A&M Panthers,79,58,False,True,SOU,PV
2024,2024-01-09T00:30Z,North Carolina Central Eagles,Norfolk State Spartans,60,58,False,True,NCCU,NORF
2024,2024-01-09T00:30Z,Coppin State Eagles,Maryland Eastern Shore Hawks,58,55,False,True,COPP,UMES
2024,2024-01-09T00:30Z,Northwestern State Demons,McNeese Cowboys,59,68,False,True,NWST,MCN
2024,2024-01-09T01:00Z,Lamar Cardinals,Incarnate Word Cardinals,75,59,False,True,LAM,UIW
2024,2024-01-09T01:00Z,Texas A&M-Corpus Christi Islanders,Houston Christian Huskies,81,59,False,True,AMCC,HCU
2024,2024-01-09T01:30Z,Grambling Tigers,Texas Southern Tigers,52,54,False,True,GRAM,TXSO
2024,2024-01-09T01:30Z,Arkansas-Pine Bluff Golden Lions,Alabama State Hornets,72,83,False,True,UAPB,ALST
2024,2024-01-09T01:30Z,Mississippi Valley State Delta Devils,Alabama A&M Bulldogs,70,78,False,True,MVSU,AAMU
2024,2024-01-10T02:00Z,Nebraska Cornhuskers,Purdue Boilermakers,88,72,False,True,NEB,PUR
2024,2024-01-10T00:00Z,Iowa State Cyclones,Houston Cougars,57,53,False,True,ISU,HOU
2024,2024-01-10T00:00Z,Kentucky Wildcats,Missouri Tigers,90,77,False,True,UK,MIZ
2024,2024-01-10T02:10Z,Pittsburgh Panthers,Duke Blue Devils,53,75,False,True,PITT,DUKE
2024,2024-01-10T02:00Z,Baylor Bears,BYU Cougars,81,72,False,True,BAY,BYU
2024,2024-01-10T02:10Z,Auburn Tigers,Texas A&M Aggies,66,55,False,True,AUB,TA&M
2024,2024-01-10T02:00Z,Boise State Broncos,Colorado State Rams,65,58,False,True,BOIS,CSU
2024,2024-01-10T04:00Z,San José State Spartans,San Diego State Aztecs,78,81,False,True,SJSU,SDSU
2024,2024-01-10T02:00Z,Utah State Aggies,Wyoming Cowboys,83,59,False,True,USU,WYO
2024,2024-01-10T02:00Z,DePaul Blue Demons,Creighton Bluejays,58,84,False,True,DEP,CREI
2024,2024-01-10T00:00Z,Cincinnati Bearcats,Texas Longhorns,73,74,False,True,CIN,TEX
2024,2024-01-11T00:00Z,UCF Knights,Kansas Jayhawks,65,60,False,True,UCF,KU
2024,2024-01-11T01:30Z,Xavier Musketeers,UConn Huskies,75,80,False,True,XAV,CONN
2024,2024-01-11T00:00Z,Mississippi State Bulldogs,Tennessee Volunteers,77,72,False,True,MSST,TENN
2024,2024-01-11T01:00Z,NC State Wolfpack,North Carolina Tar Heels,54,67,False,True,NCSU,UNC
2024,2024-01-11T02:00Z,TCU Horned Frogs,Oklahoma Sooners,80,71,False,True,TCU,OU
2024,2024-01-11T02:00Z,Marquette Golden Eagles,Butler Bulldogs,62,69,False,True,MARQ,BUT
2024,2024-01-11T01:00Z,Memphis Tigers,UTSA Roadrunners,107,101,False,True,MEM,UTSA
2024,2024-01-11T01:30Z,Ohio State Buckeyes,Wisconsin Badgers,60,71,False,True,OSU,WIS
2024,2024-01-11T00:00Z,Virginia Tech Hokies,Clemson Tigers,87,72,False,True,VT,CLEM
2024,2024-01-12T02:00Z,Illinois Fighting Illini,Michigan State Spartans,71,68,False,True,ILL,MSU
2024,2024-01-12T02:30Z,Santa Clara Broncos,Gonzaga Bulldogs,77,76,False,True,SCU,GONZ
2024,2024-01-12T00:00Z,Tulane Green Wave,Florida Atlantic Owls,84,85,False,True,TULN,FAU
2024,2024-01-12T20:00Z,Milwaukee Panthers,Cleveland State Vikings,88,80,False,True,MILW,CLE
2024,2024-01-12T23:30Z,Indiana Hoosiers,Minnesota Golden Gophers,74,62,False,True,IU,MINN
2024,2024-01-13T00:00Z,South Florida Bulls,Rice Owls,81,73,False,True,USF,RICE
2024,2024-01-13T00:00Z,Duquesne Dukes,Dayton Flyers,62,72,False,True,DUQ,DAY
2024,2024-01-13T00:00Z,Rider Broncs,Manhattan Jaspers,71,58,False,True,RID,MAN
2024,2024-01-13T00:00Z,Marist Red Foxes,Quinnipiac Bobcats,55,66,False,True,MRST,QUIN
2024,2024-01-13T00:00Z,Niagara Purple Eagles,Fairfield Stags,96,72,False,True,NIA,FAIR
2024,2024-01-13T00:00Z,Canisius Golden Griffins,Siena Saints,67,63,False,True,CAN,SIE
2024,2024-01-13T00:00Z,Akron Zips,Buffalo Bulls,76,59,False,True,AKR,BUF
2024,2024-01-13T00:00Z,Robert Morris Colonials,Purdue Fort Wayne Mastodons,91,88,False,True,RMU,PFW
2024,2024-01-13T00:00Z,Queens University Royals,Stetson Hatters,66,84,False,True,QUC,STET
2024,2024-01-13T00:00Z,North Florida Ospreys,Jacksonville Dolphins,82,74,False,True,UNF,JAX
2024,2024-01-13T00:00Z,Kennesaw State Owls,Florida Gulf Coast Eagles,78,75,False,True,KENN,FGCU
2024,2024-01-13T01:30Z,Villanova Wildcats,DePaul Blue Demons,94,69,False,True,VILL,DEP
2024,2024-01-13T02:00Z,Youngstown State Penguins,Wright State Raiders,81,71,False,True,YSU,WRST
2024,2024-01-13T02:30Z,Iowa Hawkeyes,Nebraska Cornhuskers,94,76,False,True,IOWA,NEB
2024,2024-01-13T03:30Z,Nevada Wolf Pack,Boise State Broncos,56,64,False,True,NEV,BOIS
2024,2024-01-13T19:15Z,Purdue Boilermakers,Penn State Nittany Lions,95,78,False,True,PUR,PSU
2024,2024-01-13T23:00Z,TCU Horned Frogs,Houston Cougars,68,67,False,True,TCU,HOU
2024,2024-01-13T19:00Z,Kansas Jayhawks,Oklahoma Sooners,78,66,False,True,KU,OU
2024,2024-01-13T17:00Z,Georgia Bulldogs,Tennessee Volunteers,79,85,False,True,UGA,TENN
2024,2024-01-13T19:00Z,Texas A&M Aggies,Kentucky Wildcats,97,92,False,True,TA&M,UK
2024,2024-01-13T17:00Z,North Carolina Tar Heels,Syracuse Orange,103,67,False,True,UNC,SYR
2024,2024-01-13T23:00Z,Washington State Cougars,Arizona Wildcats,73,70,False,True,WSU,ARIZ
2024,2024-01-13T22:00Z,Duke Blue Devils,Georgia Tech Yellow Jackets,84,79,False,True,DUKE,GT
2024,2024-01-14T01:00Z,Baylor Bears,Cincinnati Bearcats,62,59,False,True,BAY,CIN
2024,2024-01-13T17:00Z,Wisconsin Badgers,Northwestern Wildcats,71,63,False,True,WIS,NU
2024,2024-01-13T23:00Z,Auburn Tigers,LSU Tigers,93,78,False,True,AUB,LSU
2024,2024-01-13T21:00Z,UCF Knights,BYU Cougars,58,63,False,True,UCF,BYU
2024,2024-01-13T19:00Z,New Mexico Lobos,San Diego State Aztecs,88,70,False,True,UNM,SDSU
2024,2024-01-13T20:00Z,UNLV Rebels,Utah State Aggies,86,87,False,True,UNLV,USU
2024,2024-01-13T20:00Z,Clemson Tigers,Boston College Eagles,89,78,False,True,CLEM,BC
2024,2024-01-13T18:00Z,Creighton Bluejays,St. John's Red Storm,66,65,False,True,CREI,SJU
2024,2024-01-13T23:00Z,West Virginia Mountaineers,Texas Longhorns,76,73,False,True,WVU,TEX
2024,2024-01-14T17:00Z,UConn Huskies,Georgetown Hoyas,80,67,False,True,CONN,GTWN
2024,2024-01-14T19:00Z,Illinois Fighting Illini,Maryland Terrapins,67,76,False,True,ILL,MD
2024,2024-01-14T18:00Z,Wichita State Shockers,Memphis Tigers,86,112,False,True,WICH,MEM
2024,2024-01-14T17:00Z,Florida Atlantic Owls,UAB Blazers,86,73,False,True,FAU,UAB
2024,2024-01-15T19:30Z,Marquette Golden Eagles,Villanova Wildcats,87,74,False,True,MARQ,VILL
2024,2024-01-17T00:00Z,Indiana Hoosiers,Purdue Boilermakers,66,87,False,True,IU,PUR
2024,2024-01-17T02:00Z,Oklahoma State Cowboys,Kansas Jayhawks,66,90,False,True,OKST,KU
2024,2024-01-16T22:00Z,Tennessee Volunteers,Florida Gators,85,66,False,True,TENN,FLA
2024,2024-01-17T01:00Z,Kansas State Wildcats,Baylor Bears,68,64,False,True,KSU,BAY
2024,2024-01-17T02:00Z,Penn State Nittany Lions,Wisconsin Badgers,87,83,False,True,PSU,WIS
2024,2024-01-17T03:45Z,New Mexico Lobos,Utah State Aggies,99,86,False,True,UNM,USU
2024,2024-01-17T00:00Z,Cincinnati Bearcats,TCU Horned Frogs,81,77,False,True,CIN,TCU
2024,2024-01-17T02:00Z,BYU Cougars,Iowa State Cyclones,87,72,False,True,BYU,ISU
2024,2024-01-17T01:00Z,Dayton Flyers,Saint Louis Billikens,70,65,False,True,DAY,SLU
2024,2024-01-18T00:00Z,UConn Huskies,Creighton Bluejays,62,48,False,True,CONN,CREI
2024,2024-01-18T02:00Z,North Carolina Tar Heels,Louisville Cardinals,86,70,False,True,UNC,LOU
2024,2024-01-18T02:00Z,Houston Cougars,Texas Tech Red Raiders,77,54,False,True,HOU,TTU
2024,2024-01-18T00:00Z,Kentucky Wildcats,Mississippi State Bulldogs,90,77,False,True,UK,MSST
2024,2024-01-18T03:00Z,Arizona Wildcats,USC Trojans,82,67,False,True,ARIZ,USC
2024,2024-01-18T02:00Z,Vanderbilt Commodores,Auburn Tigers,65,80,False,True,VAN,AUB
2024,2024-01-18T01:00Z,Oklahoma Sooners,West Virginia Mountaineers,77,63,False,True,OU,WVU
2024,2024-01-18T00:00Z,LSU Tigers,Ole Miss Rebels,89,80,False,True,LSU,MISS
2024,2024-01-19T00:00Z,Memphis Tigers,South Florida Bulls,73,74,False,True,MEM,USF
2024,2024-01-19T01:30Z,Michigan Wolverines,Illinois Fighting Illini,73,88,False,True,MICH,ILL
2024,2024-01-19T00:00Z,Florida Atlantic Owls,Wichita State Shockers,86,77,False,True,FAU,WICH
2024,2024-01-20T01:45Z,Wisconsin Badgers,Indiana Hoosiers,91,79,False,True,WIS,IU
2024,2024-01-21T01:00Z,Villanova Wildcats,UConn Huskies,65,66,False,True,VILL,CONN
2024,2024-01-20T19:10Z,Iowa Hawkeyes,Purdue Boilermakers,70,84,False,True,IOWA,PUR
2024,2024-01-20T21:00Z,West Virginia Mountaineers,Kansas Jayhawks,91,85,False,True,WVU,KU
2024,2024-01-20T19:15Z,Boston College Eagles,North Carolina Tar Heels,66,76,False,True,BC,UNC
2024,2024-01-20T19:00Z,Houston Cougars,UCF Knights,57,42,False,True,HOU,UCF
2024,2024-01-20T19:00Z,Tennessee Volunteers,Alabama Crimson Tide,91,71,False,True,TENN,ALA
2024,2024-01-21T01:00Z,Duke Blue Devils,Pittsburgh Panthers,76,80,False,True,DUKE,PITT
2024,2024-01-20T23:00Z,Kentucky Wildcats,Georgia Bulldogs,105,96,False,True,UK,UGA
2024,2024-01-20T17:00Z,Texas Longhorns,Baylor Bears,75,73,False,True,TEX,BAY
2024,2024-01-20T21:00Z,Arizona Wildcats,UCLA Bruins,77,71,False,True,ARIZ,UCLA
2024,2024-01-21T01:30Z,Auburn Tigers,Ole Miss Rebels,82,59,False,True,AUB,MISS
2024,2024-01-20T18:00Z,Cincinnati Bearcats,Oklahoma Sooners,65,69,False,True,CIN,OU
2024,2024-01-20T21:00Z,Utah State Aggies,Fresno State Bulldogs,83,62,False,True,USU,FRES
2024,2024-01-20T17:00Z,St. John's Red Storm,Marquette Golden Eagles,72,73,False,True,SJU,MARQ
2024,2024-01-20T17:00Z,Seton Hall Pirates,Creighton Bluejays,94,97,False,True,HALL,CREI
2024,2024-01-20T19:00Z,TCU Horned Frogs,Iowa State Cyclones,72,73,False,True,TCU,ISU
2024,2024-01-20T23:00Z,Texas Tech Red Raiders,BYU Cougars,85,78,False,True,TTU,BYU
2024,2024-01-20T17:30Z,Dayton Flyers,Rhode Island Rams,96,62,False,True,DAY,URI
2024,2024-01-21T18:00Z,Tulane Green Wave,Memphis Tigers,81,79,False,True,TULN,MEM
2024,2024-01-21T18:00Z,Illinois Fighting Illini,Rutgers Scarlet Knights,86,63,False,True,ILL,RUTG
2024,2024-01-21T20:00Z,UTSA Roadrunners,Florida Atlantic Owls,103,112,False,True,UTSA,FAU
2024,2024-01-23T00:00Z,North Carolina Tar Heels,Wake Forest Demon Deacons,85,64,False,True,UNC,WAKE
2024,2024-01-23T02:00Z,Kansas Jayhawks,Cincinnati Bearcats,74,69,False,True,KU,CIN
2024,2024-01-24T02:00Z,Purdue Boilermakers,Michigan Wolverines,99,67,False,True,PUR,MICH
2024,2024-01-24T02:00Z,BYU Cougars,Houston Cougars,68,75,False,True,BYU,HOU
2024,2024-01-24T00:00Z,South Carolina Gamecocks,Kentucky Wildcats,79,62,False,True,SC,UK
2024,2024-01-24T00:00Z,Oklahoma Sooners,Texas Longhorns,60,75,False,True,OU,TEX
2024,2024-01-24T00:00Z,Louisville Cardinals,Duke Blue Devils,69,83,False,True,LOU,DUKE
2024,2024-01-24T00:00Z,Minnesota Golden Gophers,Wisconsin Badgers,59,61,False,True,MINN,WIS
2024,2024-01-23T23:30Z,La Salle Explorers,Dayton Flyers,54,66,False,True,LAS,DAY
2024,2024-01-24T01:30Z,Creighton Bluejays,Xavier Musketeers,85,78,False,True,CREI,XAV
2024,2024-01-25T00:30Z,Alabama Crimson Tide,Auburn Tigers,79,75,False,True,ALA,AUB
2024,2024-01-25T02:00Z,Northwestern Wildcats,Illinois Fighting Illini,96,91,False,True,NU,ILL
2024,2024-01-25T02:00Z,DePaul Blue Demons,Marquette Golden Eagles,73,86,False,True,DEP,MARQ
2024,2024-01-25T01:00Z,Rice Owls,Florida Atlantic Owls,56,69,False,True,RICE,FAU
2024,2024-01-25T02:00Z,Iowa State Cyclones,Kansas State Wildcats,78,67,False,True,ISU,KSU
2024,2024-01-25T03:30Z,Nevada Wolf Pack,Colorado State Rams,77,64,False,True,NEV,CSU
2024,2024-01-25T04:00Z,San José State Spartans,New Mexico Lobos,75,95,False,True,SJSU,UNM
2024,2024-01-26T04:00Z,Oregon State Beavers,Arizona Wildcats,83,80,False,True,ORST,ARIZ
2024,2024-01-27T01:00Z,Wisconsin Badgers,Michigan State Spartans,81,66,False,True,WIS,MSU
2024,2024-01-27T19:00Z,Florida State Seminoles,North Carolina Tar Heels,68,75,False,True,FSU,UNC
2024,2024-01-27T17:00Z,Houston Cougars,Kansas State Wildcats,74,52,False,True,HOU,KSU
2024,2024-01-27T23:00Z,Vanderbilt Commodores,Tennessee Volunteers,62,75,False,True,VAN,TENN
2024,2024-01-27T23:00Z,Arkansas Razorbacks,Kentucky Wildcats,57,63,False,True,ARK,UK
2024,2024-01-27T18:30Z,Iowa State Cyclones,Kansas Jayhawks,79,75,False,True,ISU,KU
2024,2024-01-27T20:30Z,Mississippi State Bulldogs,Auburn Tigers,64,58,False,True,MSST,AUB
2024,2024-01-27T22:30Z,Oregon Ducks,Arizona Wildcats,78,87,False,True,ORE,ARIZ
2024,2024-01-27T20:00Z,Illinois Fighting Illini,Indiana Hoosiers,70,62,False,True,ILL,IU
2024,2024-01-27T19:00Z,Oklahoma Sooners,Texas Tech Red Raiders,84,85,False,True,OU,TTU
2024,2024-01-27T21:00Z,Duke Blue Devils,Clemson Tigers,72,71,False,True,DUKE,CLEM
2024,2024-01-27T18:00Z,Marquette Golden Eagles,Seton Hall Pirates,75,57,False,True,MARQ,HALL
2024,2024-01-27T21:00Z,Baylor Bears,TCU Horned Frogs,102,105,False,True,BAY,TCU
2024,2024-01-27T23:00Z,Richmond Spiders,Dayton Flyers,69,64,False,True,RICH,DAY
2024,2024-01-28T00:00Z,Creighton Bluejays,DePaul Blue Demons,85,62,False,True,CREI,DEP
2024,2024-01-27T21:00Z,Boise State Broncos,Utah State Aggies,84,90,False,True,BOIS,USU
2024,2024-01-27T19:00Z,BYU Cougars,Texas Longhorns,84,72,False,True,BYU,TEX
2024,2024-01-27T21:00Z,Wyoming Cowboys,Colorado State Rams,79,76,False,True,WYO,CSU
2024,2024-01-28T17:00Z,UConn Huskies,Xavier Musketeers,99,56,False,True,CONN,XAV
2024,2024-01-28T18:00Z,Rutgers Scarlet Knights,Purdue Boilermakers,60,68,False,True,RUTG,PUR
2024,2024-01-28T22:00Z,UAB Blazers,Memphis Tigers,97,88,False,True,UAB,MEM
2024,2024-01-28T18:00Z,Florida Atlantic Owls,North Texas Mean Green,66,63,False,True,FAU,UNT
2024,2024-01-29T03:00Z,New Mexico Lobos,Nevada Wolf Pack,89,55,False,True,UNM,NEV
2024,2024-01-30T02:00Z,Texas Longhorns,Houston Cougars,72,76,False,True,TEX,HOU
2024,2024-01-30T00:00Z,Virginia Tech Hokies,Duke Blue Devils,67,77,False,True,VT,DUKE
2024,2024-01-31T00:00Z,Georgia Tech Yellow Jackets,North Carolina Tar Heels,74,73,False,True,GT,UNC
2024,2024-01-30T23:30Z,Tennessee Volunteers,South Carolina Gamecocks,59,63,False,True,TENN,SC
2024,2024-01-31T02:00Z,Kansas Jayhawks,Oklahoma State Cowboys,83,54,False,True,KU,OKST
2024,2024-01-31T00:00Z,Villanova Wildcats,Marquette Golden Eagles,80,85,False,True,VILL,MARQ
2024,2024-01-31T00:00Z,Ohio State Buckeyes,Illinois Fighting Illini,75,87,False,True,OSU,ILL
2024,2024-01-31T00:00Z,TCU Horned Frogs,Texas Tech Red Raiders,85,78,False,True,TCU,TTU
2024,2024-01-31T02:00Z,Utah State Aggies,San José State Spartans,82,61,False,True,USU,SJSU
2024,2024-01-31T00:00Z,Dayton Flyers,George Washington Revolutionaries,83,61,False,True,DAY,GW
2024,2024-01-31T01:00Z,Kansas State Wildcats,Oklahoma Sooners,53,73,False,True,KSU,OU
2024,2024-02-01T01:30Z,UConn Huskies,Providence Friars,74,65,False,True,CONN,PROV
2024,2024-01-31T23:30Z,Purdue Boilermakers,Northwestern Wildcats,105,96,False,True,PUR,NU
2024,2024-02-01T01:00Z,Kentucky Wildcats,Florida Gators,91,94,False,True,UK,FLA
2024,2024-02-01T02:00Z,Auburn Tigers,Vanderbilt Commodores,81,54,False,True,AUB,VAN
2024,2024-02-01T00:00Z,UCF Knights,Baylor Bears,69,77,False,True,UCF,BAY
2024,2024-02-01T03:30Z,New Mexico Lobos,Boise State Broncos,78,86,False,True,UNM,BOIS
2024,2024-01-31T23:30Z,Georgia Bulldogs,Alabama Crimson Tide,76,85,False,True,UGA,ALA
2024,2024-02-02T01:30Z,Nebraska Cornhuskers,Wisconsin Badgers,80,72,False,True,NEB,WIS
2024,2024-02-02T01:30Z,Arizona Wildcats,California Golden Bears,91,65,False,True,ARIZ,CAL
2024,2024-02-03T02:00Z,Creighton Bluejays,Butler Bulldogs,98,99,False,True,CREI,BUT
2024,2024-02-03T00:00Z,Dayton Flyers,St. Bonaventure Bonnies,76,71,False,True,DAY,SBU
2024,2024-02-03T17:00Z,St. John's Red Storm,UConn Huskies,64,77,False,True,SJU,CONN
2024,2024-02-03T23:30Z,North Carolina Tar Heels,Duke Blue Devils,93,84,False,True,UNC,DUKE
2024,2024-02-03T21:00Z,Kansas Jayhawks,Houston Cougars,78,65,False,True,KU,HOU
2024,2024-02-04T01:30Z,Kentucky Wildcats,Tennessee Volunteers,92,103,False,True,UK,TENN
2024,2024-02-03T19:00Z,Georgetown Hoyas,Marquette Golden Eagles,57,91,False,True,GTWN,MARQ
2024,2024-02-04T01:00Z,Baylor Bears,Iowa State Cyclones,70,68,False,True,BAY,ISU
2024,2024-02-03T23:00Z,Texas Tech Red Raiders,Cincinnati Bearcats,72,75,False,True,TTU,CIN
2024,2024-02-03T23:00Z,Ole Miss Rebels,Auburn Tigers,77,91,False,True,MISS,AUB
2024,2024-02-03T20:30Z,San Diego State Aztecs,Utah State Aggies,81,67,False,True,SDSU,USU
2024,2024-02-03T23:00Z,Florida Atlantic Owls,Tulsa Golden Hurricane,102,70,False,True,FAU,TLSA
2024,2024-02-03T23:00Z,West Virginia Mountaineers,BYU Cougars,73,86,False,True,WVU,BYU
2024,2024-02-03T21:00Z,UCF Knights,Oklahoma Sooners,74,63,False,True,UCF,OU
2024,2024-02-04T01:30Z,Alabama Crimson Tide,Mississippi State Bulldogs,99,67,False,True,ALA,MSST
2024,2024-02-03T19:00Z,TCU Horned Frogs,Texas Longhorns,66,77,False,True,TCU,TEX
2024,2024-02-04T18:00Z,Wisconsin Badgers,Purdue Boilermakers,69,75,False,True,WIS,PUR
2024,2024-02-05T01:00Z,Arizona Wildcats,Stanford Cardinal,82,71,False,True,ARIZ,STAN
2024,2024-02-04T23:30Z,Illinois Fighting Illini,Nebraska Cornhuskers,87,84,False,True,ILL,NEB
2024,2024-02-06T02:00Z,Kansas State Wildcats,Kansas Jayhawks,75,70,False,True,KSU,KU
2024,2024-02-07T01:30Z,UConn Huskies,Butler Bulldogs,71,62,False,True,CONN,BUT
2024,2024-02-07T00:00Z,North Carolina Tar Heels,Clemson Tigers,76,80,False,True,UNC,CLEM
2024,2024-02-07T00:00Z,Houston Cougars,Oklahoma State Cowboys,79,63,False,True,HOU,OKST
2024,2024-02-07T02:00Z,Baylor Bears,Texas Tech Red Raiders,79,73,False,True,BAY,TTU
2024,2024-02-07T01:00Z,Texas Longhorns,Iowa State Cyclones,65,70,False,True,TEX,ISU
2024,2024-02-06T23:30Z,South Carolina Gamecocks,Ole Miss Rebels,68,65,False,True,SC,MISS
2024,2024-02-07T01:30Z,Vanderbilt Commodores,Kentucky Wildcats,77,109,False,True,VAN,UK
2024,2024-02-07T01:00Z,Saint Joseph's Hawks,Dayton Flyers,79,94,False,True,JOES,DAY
2024,2024-02-07T01:00Z,Oklahoma Sooners,BYU Cougars,82,66,False,True,OU,BYU
2024,2024-02-07T02:00Z,Utah State Aggies,Nevada Wolf Pack,63,77,False,True,USU,NEV
2024,2024-02-07T03:40Z,Air Force Falcons,San Diego State Aztecs,64,77,False,True,AF,SDSU
2024,2024-02-07T01:30Z,Wyoming Cowboys,New Mexico Lobos,73,91,False,True,WYO,UNM
2024,2024-02-08T00:00Z,Tennessee Volunteers,LSU Tigers,88,68,False,True,TENN,LSU
2024,2024-02-08T02:00Z,Duke Blue Devils,Notre Dame Fighting Irish,71,53,False,True,DUKE,ND
2024,2024-02-08T00:00Z,Michigan Wolverines,Wisconsin Badgers,72,68,False,True,MICH,WIS
2024,2024-02-08T00:00Z,Auburn Tigers,Alabama Crimson Tide,99,81,False,True,AUB,ALA
2024,2024-02-08T01:30Z,Providence Friars,Creighton Bluejays,91,87,False,True,PROV,CREI
2024,2024-02-09T01:00Z,Utah Utes,Arizona Wildcats,99,105,False,True,UTAH,ARIZ
2024,2024-02-09T02:00Z,UAB Blazers,Florida Atlantic Owls,76,73,False,True,UAB,FAU
2024,2024-02-10T00:00Z,VCU Rams,Dayton Flyers,49,47,False,True,VCU,DAY
2024,2024-02-10T01:00Z,Nevada Wolf Pack,San Diego State Aztecs,70,66,False,True,NEV,SDSU
2024,2024-02-10T17:00Z,Georgetown Hoyas,UConn Huskies,64,89,False,True,GTWN,CONN
2024,2024-02-11T01:00Z,Purdue Boilermakers,Indiana Hoosiers,79,59,False,True,PUR,IU
2024,2024-02-10T21:00Z,Miami Hurricanes,North Carolina Tar Heels,72,75,False,True,MIA,UNC
2024,2024-02-10T23:00Z,Kansas Jayhawks,Baylor Bears,64,61,False,True,KU,BAY
2024,2024-02-10T21:00Z,Cincinnati Bearcats,Houston Cougars,62,67,False,True,CIN,HOU
2024,2024-02-11T01:00Z,Texas A&M Aggies,Tennessee Volunteers,85,69,False,True,TA&M,TENN
2024,2024-02-10T23:00Z,Marquette Golden Eagles,St. John's Red Storm,86,75,False,True,MARQ,SJU
2024,2024-02-11T03:00Z,Colorado Buffaloes,Arizona Wildcats,79,99,False,True,COLO,ARIZ
2024,2024-02-10T19:00Z,Duke Blue Devils,Boston College Eagles,80,65,False,True,DUKE,BC
2024,2024-02-10T19:00Z,Michigan State Spartans,Illinois Fighting Illini,88,80,False,True,MSU,ILL
2024,2024-02-10T17:00Z,Rutgers Scarlet Knights,Wisconsin Badgers,78,56,False,True,RUTG,WIS
2024,2024-02-10T20:30Z,Florida Gators,Auburn Tigers,81,65,False,True,FLA,AUB
2024,2024-02-10T19:00Z,Iowa State Cyclones,TCU Horned Frogs,71,59,False,True,ISU,TCU
2024,2024-02-10T18:00Z,South Carolina Gamecocks,Vanderbilt Commodores,75,60,False,True,SC,VAN
2024,2024-02-10T17:00Z,LSU Tigers,Alabama Crimson Tide,92,109,False,True,LSU,ALA
2024,2024-02-10T21:00Z,Kentucky Wildcats,Gonzaga Bulldogs,85,89,False,True,UK,GONZ
2024,2024-02-10T17:30Z,Xavier Musketeers,Creighton Bluejays,71,78,False,True,XAV,CREI
2024,2024-02-11T03:00Z,BYU Cougars,Kansas State Wildcats,72,66,False,True,BYU,KSU
2024,2024-02-11T03:00Z,Utah State Aggies,Boise State Broncos,80,61,False,True,USU,BOIS
2024,2024-02-10T21:00Z,Texas Tech Red Raiders,UCF Knights,66,59,False,True,TTU,UCF
2024,2024-02-11T01:00Z,New Mexico Lobos,UNLV Rebels,77,80,False,True,UNM,UNLV
2024,2024-02-11T17:00Z,Wichita State Shockers,Florida Atlantic Owls,82,95,False,True,WICH,FAU
2024,2024-02-13T02:00Z,Texas Tech Red Raiders,Kansas Jayhawks,79,50,False,True,TTU,KU
2024,2024-02-13T00:00Z,Duke Blue Devils,Wake Forest Demon Deacons,77,69,False,True,DUKE,WAKE
2024,2024-02-13T23:30Z,Butler Bulldogs,Marquette Golden Eagles,72,78,False,True,BUT,MARQ
2024,2024-02-14T00:00Z,Syracuse Orange,North Carolina Tar Heels,86,79,False,True,SYR,UNC
2024,2024-02-14T00:00Z,Cincinnati Bearcats,Iowa State Cyclones,59,68,False,True,CIN,ISU
2024,2024-02-14T02:00Z,Baylor Bears,Oklahoma Sooners,79,62,False,True,BAY,OU
2024,2024-02-14T00:00Z,Illinois Fighting Illini,Michigan Wolverines,97,68,False,True,ILL,MICH
2024,2024-02-14T00:00Z,Dayton Flyers,Duquesne Dukes,75,59,False,True,DAY,DUQ
2024,2024-02-14T01:30Z,Creighton Bluejays,Georgetown Hoyas,94,72,False,True,CREI,GTWN
2024,2024-02-14T02:00Z,BYU Cougars,UCF Knights,90,88,False,True,BYU,UCF
2024,2024-02-14T02:00Z,Wisconsin Badgers,Ohio State Buckeyes,62,54,False,True,WIS,OSU
2024,2024-02-14T00:00Z,Virginia Cavaliers,Pittsburgh Panthers,63,74,False,True,UVA,PITT
2024,2024-02-14T02:00Z,Kentucky Wildcats,Ole Miss Rebels,75,63,False,True,UK,MISS
2024,2024-02-14T00:00Z,Indiana State Sycamores,Illinois State Redbirds,67,80,False,True,INST,ILST
2024,2024-02-15T02:00Z,DePaul Blue Demons,UConn Huskies,65,101,False,True,DEP,CONN
2024,2024-02-15T02:00Z,Arkansas Razorbacks,Tennessee Volunteers,63,92,False,True,ARK,TENN
2024,2024-02-15T01:30Z,Auburn Tigers,South Carolina Gamecocks,101,61,False,True,AUB,SC
2024,2024-02-16T01:30Z,Purdue Boilermakers,Minnesota Golden Gophers,84,76,False,True,PUR,MINN
2024,2024-02-16T04:00Z,Saint Mary's Gaels,Pepperdine Waves,103,59,False,True,SMC,PEPP
2024,2024-02-16T00:00Z,Florida Atlantic Owls,Temple Owls,80,68,False,True,FAU,TEM
2024,2024-02-16T23:00Z,Cornell Big Red,Harvard Crimson,75,62,False,True,COR,HARV
2024,2024-02-17T00:00Z,Georgetown Hoyas,Villanova Wildcats,54,70,False,True,GTWN,VILL
2024,2024-02-17T00:00Z,Saint Louis Billikens,VCU Rams,85,95,False,True,SLU,VCU
2024,2024-02-17T00:00Z,Saint Peter's Peacocks,Siena Saints,75,53,False,True,SPU,SIE
2024,2024-02-17T00:00Z,Rider Broncs,Mount St. Mary's Mountaineers,61,57,False,True,RID,MSM
2024,2024-02-17T00:00Z,Iona Gaels,Manhattan Jaspers,73,63,False,True,IONA,MAN
2024,2024-02-17T00:00Z,Fairfield Stags,Niagara Purple Eagles,63,65,False,True,FAIR,NIA
2024,2024-02-17T00:00Z,Marist Red Foxes,Canisius Golden Griffins,78,55,False,True,MRST,CAN
2024,2024-02-17T00:00Z,Columbia Lions,Dartmouth Big Green,73,63,False,True,COLU,DART
2024,2024-02-17T00:00Z,Pennsylvania Quakers,Yale Bulldogs,62,76,False,True,PENN,YALE
2024,2024-02-17T00:00Z,Princeton Tigers,Brown Bears,72,63,False,True,PRIN,BRWN
2024,2024-02-17T00:00Z,Queens University Royals,Jacksonville Dolphins,74,65,False,True,QUC,JAX
2024,2024-02-17T00:00Z,Kennesaw State Owls,North Florida Ospreys,81,82,False,True,KENN,UNF
2024,2024-02-17T02:00Z,Toledo Rockets,Ohio Bobcats,85,83,False,True,TOL,OHIO
2024,2024-02-17T03:00Z,San Diego State Aztecs,New Mexico Lobos,81,70,False,True,SDSU,UNM
2024,2024-02-17T20:00Z,UConn Huskies,Marquette Golden Eagles,81,53,False,True,CONN,MARQ
2024,2024-02-17T18:00Z,Houston Cougars,Texas Longhorns,82,61,False,True,HOU,TEX
2024,2024-02-18T02:30Z,Arizona Wildcats,Arizona State Sun Devils,105,60,False,True,ARIZ,ASU
2024,2024-02-17T21:00Z,Oklahoma Sooners,Kansas Jayhawks,57,67,False,True,OU,KU
2024,2024-02-17T19:00Z,North Carolina Tar Heels,Virginia Tech Hokies,96,81,False,True,UNC,VT
2024,2024-02-17T23:00Z,Tennessee Volunteers,Vanderbilt Commodores,88,53,False,True,TENN,VAN
2024,2024-02-17T19:00Z,Florida State Seminoles,Duke Blue Devils,67,76,False,True,FSU,DUKE
2024,2024-02-17T17:00Z,Iowa State Cyclones,Texas Tech Red Raiders,82,74,False,True,ISU,TTU
2024,2024-02-17T20:30Z,South Carolina Gamecocks,LSU Tigers,63,64,False,True,SC,LSU
2024,2024-02-17T23:00Z,West Virginia Mountaineers,Baylor Bears,81,94,False,True,WVU,BAY
2024,2024-02-17T23:00Z,Auburn Tigers,Kentucky Wildcats,59,70,False,True,AUB,UK
2024,2024-02-17T22:30Z,Maryland Terrapins,Illinois Fighting Illini,80,85,False,True,MD,ILL
2024,2024-02-17T17:00Z,Alabama Crimson Tide,Texas A&M Aggies,100,75,False,True,ALA,TA&M
2024,2024-02-17T18:30Z,Dayton Flyers,Fordham Rams,78,70,False,True,DAY,FOR
2024,2024-02-17T17:30Z,Butler Bulldogs,Creighton Bluejays,57,79,False,True,BUT,CREI
2024,2024-02-17T19:00Z,Oklahoma State Cowboys,BYU Cougars,93,83,False,True,OKST,BYU
2024,2024-02-17T19:15Z,Iowa Hawkeyes,Wisconsin Badgers,88,86,False,True,IOWA,WIS
2024,2024-02-17T17:00Z,Virginia Cavaliers,Wake Forest Demon Deacons,49,47,False,True,UVA,WAKE
2024,2024-02-18T00:00Z,Southern Illinois Salukis,Indiana State Sycamores,74,69,False,True,SIU,INST
2024,2024-02-18T18:00Z,Ohio State Buckeyes,Purdue Boilermakers,73,69,False,True,OSU,PUR
2024,2024-02-18T17:00Z,South Florida Bulls,Florida Atlantic Owls,90,86,False,True,USF,FAU
2024,2024-02-20T02:00Z,Houston Cougars,Iowa State Cyclones,73,65,False,True,HOU,ISU
2024,2024-02-21T01:45Z,Creighton Bluejays,UConn Huskies,85,66,False,True,CREI,CONN
2024,2024-02-21T00:00Z,Missouri Tigers,Tennessee Volunteers,67,72,False,True,MIZ,TENN
2024,2024-02-21T02:00Z,BYU Cougars,Baylor Bears,78,71,False,True,BYU,BAY
2024,2024-02-21T04:00Z,Saint Mary's Gaels,San Francisco Dons,70,66,False,True,SMC,SF
2024,2024-02-21T02:00Z,Utah State Aggies,San Diego State Aztecs,68,63,False,True,USU,SDSU
2024,2024-02-21T02:00Z,Texas Tech Red Raiders,TCU Horned Frogs,82,81,False,True,TTU,TCU
2024,2024-02-22T02:00Z,Marquette Golden Eagles,DePaul Blue Demons,105,71,False,True,MARQ,DEP
2024,2024-02-22T00:00Z,Miami Hurricanes,Duke Blue Devils,55,84,False,True,MIA,DUKE
2024,2024-02-21T23:30Z,Penn State Nittany Lions,Illinois Fighting Illini,90,89,False,True,PSU,ILL
2024,2024-02-22T00:00Z,Alabama Crimson Tide,Florida Gators,98,93,False,True,ALA,FLA
2024,2024-02-22T00:00Z,George Mason Patriots,Dayton Flyers,71,67,False,True,GMU,DAY
2024,2024-02-22T02:00Z,LSU Tigers,Kentucky Wildcats,75,74,False,True,LSU,UK
2024,2024-02-22T03:00Z,New Mexico Lobos,Colorado State Rams,68,66,False,True,UNM,CSU
2024,2024-02-23T00:00Z,Purdue Boilermakers,Rutgers Scarlet Knights,96,68,False,True,PUR,RUTG
2024,2024-02-23T04:00Z,Arizona Wildcats,Washington State Cougars,74,77,False,True,ARIZ,WSU
2024,2024-02-23T23:00Z,Akron Zips,Kent State Golden Flashes,83,70,False,True,AKR,KENT
2024,2024-02-24T00:00Z,Jacksonville Dolphins,North Florida Ospreys,62,50,False,True,JAX,UNF
2024,2024-02-24T00:00Z,Mount St. Mary's Mountaineers,Saint Peter's Peacocks,65,70,False,True,MSM,SPU
2024,2024-02-24T00:00Z,Manhattan Jaspers,Marist Red Foxes,50,57,False,True,MAN,MRST
2024,2024-02-24T00:00Z,Rider Broncs,Iona Gaels,78,75,False,True,RID,IONA
2024,2024-02-24T00:00Z,Canisius Golden Griffins,Niagara Purple Eagles,69,59,False,True,CAN,NIA
2024,2024-02-24T00:00Z,Dartmouth Big Green,Pennsylvania Quakers,69,82,False,True,DART,PENN
2024,2024-02-24T00:00Z,Bowling Green Falcons,Toledo Rockets,76,68,False,True,BGSU,TOL
2024,2024-02-24T00:00Z,Green Bay Phoenix,Purdue Fort Wayne Mastodons,59,85,False,True,GB,PFW
2024,2024-02-24T00:00Z,Cornell Big Red,Yale Bulldogs,65,62,False,True,COR,YALE
2024,2024-02-24T00:00Z,Harvard Crimson,Princeton Tigers,53,66,False,True,HARV,PRIN
2024,2024-02-24T00:00Z,Columbia Lions,Brown Bears,64,66,False,True,COLU,BRWN
2024,2024-02-24T01:00Z,Milwaukee Panthers,Youngstown State Penguins,80,84,False,True,MILW,YSU
2024,2024-02-24T01:30Z,Fordham Rams,Duquesne Dukes,79,67,False,True,FOR,DUQ
2024,2024-02-24T02:00Z,Quinnipiac Bobcats,Fairfield Stags,81,85,False,True,QUIN,FAIR
2024,2024-02-24T03:00Z,San José State Spartans,Nevada Wolf Pack,63,84,False,True,SJSU,NEV
2024,2024-02-25T01:00Z,UConn Huskies,Villanova Wildcats,78,54,False,True,CONN,VILL
2024,2024-02-24T17:00Z,Baylor Bears,Houston Cougars,76,82,False,True,BAY,HOU
2024,2024-02-24T19:00Z,Arizona Wildcats,Washington Huskies,91,75,False,True,ARIZ,WASH
2024,2024-02-25T01:00Z,Tennessee Volunteers,Texas A&M Aggies,86,51,False,True,TENN,TA&M
2024,2024-02-24T19:00Z,Iowa State Cyclones,West Virginia Mountaineers,71,64,False,True,ISU,WVU
2024,2024-02-24T19:00Z,Wake Forest Demon Deacons,Duke Blue Devils,83,79,False,True,WAKE,DUKE
2024,2024-02-24T23:00Z,Kansas Jayhawks,Texas Longhorns,86,67,False,True,KU,TEX
2024,2024-02-24T21:00Z,Virginia Cavaliers,North Carolina Tar Heels,44,54,False,True,UVA,UNC
2024,2024-02-24T19:15Z,Illinois Fighting Illini,Iowa Hawkeyes,95,85,False,True,ILL,IOWA
2024,2024-02-24T21:00Z,Kentucky Wildcats,Alabama Crimson Tide,117,95,False,True,UK,ALA
2024,2024-02-24T23:00Z,Georgia Bulldogs,Auburn Tigers,76,97,False,True,UGA,AUB
2024,2024-02-25T03:00Z,Saint Mary's Gaels,San Diego Toreros,88,62,False,True,SMC,USD
2024,2024-02-25T03:00Z,Fresno State Bulldogs,San Diego State Aztecs,41,73,False,True,FRES,SDSU
2024,2024-02-24T20:30Z,Ole Miss Rebels,South Carolina Gamecocks,59,72,False,True,MISS,SC
2024,2024-02-25T01:00Z,Arizona State Sun Devils,Washington State Cougars,73,61,False,True,ASU,WSU
2024,2024-02-25T01:00Z,UNLV Rebels,Colorado State Rams,66,60,False,True,UNLV,CSU
2024,2024-02-24T21:00Z,UCF Knights,Texas Tech Red Raiders,75,61,False,True,UCF,TTU
2024,2024-02-24T18:00Z,Florida Gators,Vanderbilt Commodores,77,64,False,True,FLA,VAN
2024,2024-02-24T19:00Z,Kansas State Wildcats,BYU Cougars,84,74,False,True,KSU,BYU
2024,2024-02-25T19:00Z,Michigan Wolverines,Purdue Boilermakers,76,84,False,True,MICH,PUR
2024,2024-02-25T22:00Z,Marquette Golden Eagles,Xavier Musketeers,88,64,False,True,MARQ,XAV
2024,2024-02-25T17:00Z,St. John's Red Storm,Creighton Bluejays,80,66,False,True,SJU,CREI
2024,2024-02-27T00:00Z,North Carolina Tar Heels,Miami Hurricanes,75,71,False,True,UNC,MIA
2024,2024-02-27T02:00Z,TCU Horned Frogs,Baylor Bears,54,62,False,True,TCU,BAY
2024,2024-02-28T00:00Z,Houston Cougars,Cincinnati Bearcats,67,59,False,True,HOU,CIN
2024,2024-02-28T01:00Z,Kansas Jayhawks,BYU Cougars,68,76,False,True,KU,BYU
2024,2024-02-28T00:00Z,Mississippi State Bulldogs,Kentucky Wildcats,89,91,False,True,MSST,UK
2024,2024-02-28T04:00Z,San Diego State Aztecs,San José State Spartans,72,64,False,True,SDSU,SJSU
2024,2024-02-28T00:00Z,Dayton Flyers,Davidson Wildcats,80,66,False,True,DAY,DAV
2024,2024-02-28T03:00Z,Fresno State Bulldogs,Utah State Aggies,73,77,False,True,FRES,USU
2024,2024-02-29T00:00Z,Tennessee Volunteers,Auburn Tigers,92,84,False,True,TENN,AUB
2024,2024-02-29T00:00Z,Marquette Golden Eagles,Providence Friars,91,69,False,True,MARQ,PROV
2024,2024-02-29T03:00Z,Arizona State Sun Devils,Arizona Wildcats,67,85,False,True,ASU,ARIZ
2024,2024-02-29T01:00Z,Iowa State Cyclones,Oklahoma Sooners,58,45,False,True,ISU,OU
2024,2024-02-29T00:00Z,Duke Blue Devils,Louisville Cardinals,84,59,False,True,DUKE,LOU
2024,2024-02-29T02:00Z,Creighton Bluejays,Seton Hall Pirates,85,64,False,True,CREI,HALL
2024,2024-02-29T02:00Z,Illinois Fighting Illini,Minnesota Golden Gophers,105,97,False,True,ILL,MINN
2024,2024-02-29T02:00Z,Ole Miss Rebels,Alabama Crimson Tide,88,103,False,True,MISS,ALA
2024,2024-02-29T01:30Z,Texas A&M Aggies,South Carolina Gamecocks,68,70,False,True,TA&M,SC
2024,2024-02-28T23:30Z,Florida Gators,Missouri Tigers,83,74,False,True,FLA,MIZ
2024,2024-03-01T04:00Z,Pepperdine Waves,Saint Mary's Gaels,57,83,False,True,PEPP,SMC
2024,2024-03-01T03:30Z,Washington State Cougars,USC Trojans,75,72,False,True,WSU,USC
2024,2024-03-01T04:00Z,San Francisco Dons,Gonzaga Bulldogs,68,86,False,True,SF,GONZ
2024,2024-03-02T02:00Z,Loyola Chicago Ramblers,Dayton Flyers,77,72,False,True,LUC,DAY
2024,2024-03-02T04:00Z,Utah State Aggies,Air Force Falcons,72,60,False,True,USU,AF
2024,2024-03-03T01:00Z,Oklahoma Sooners,Houston Cougars,85,87,False,True,OU,HOU
2024,2024-03-03T01:00Z,Purdue Boilermakers,Michigan State Spartans,80,74,False,True,PUR,MSU
2024,2024-03-03T01:00Z,Alabama Crimson Tide,Tennessee Volunteers,74,81,False,True,ALA,TENN
2024,2024-03-02T19:30Z,Creighton Bluejays,Marquette Golden Eagles,89,75,False,True,CREI,MARQ
2024,2024-03-02T19:00Z,Arizona Wildcats,Oregon Ducks,103,83,False,True,ARIZ,ORE
2024,2024-03-02T18:00Z,Baylor Bears,Kansas Jayhawks,82,74,False,True,BAY,KU
2024,2024-03-02T21:00Z,UCF Knights,Iowa State Cyclones,52,60,False,True,UCF,ISU
2024,2024-03-02T21:00Z,North Carolina Tar Heels,NC State Wolfpack,79,70,False,True,UNC,NCSU
2024,2024-03-02T23:00Z,Duke Blue Devils,Virginia Cavaliers,73,48,False,True,DUKE,UVA
2024,2024-03-02T21:00Z,Auburn Tigers,Mississippi State Bulldogs,78,63,False,True,AUB,MSST
2024,2024-03-02T18:00Z,Wisconsin Badgers,Illinois Fighting Illini,83,91,False,True,WIS,ILL
2024,2024-03-02T18:30Z,Kentucky Wildcats,Arkansas Razorbacks,111,102,False,True,UK,ARK
2024,2024-03-03T03:00Z,Saint Mary's Gaels,Gonzaga Bulldogs,57,70,False,True,SMC,GONZ
2024,2024-03-02T17:00Z,South Carolina Gamecocks,Florida Gators,82,76,False,True,SC,FLA
2024,2024-03-03T00:00Z,Washington State Cougars,UCLA Bruins,77,65,False,True,WSU,UCLA
2024,2024-03-02T21:00Z,Charlotte 49ers,South Florida Bulls,61,76,False,True,CLT,USF
2024,2024-03-03T17:00Z,UConn Huskies,Seton Hall Pirates,91,61,False,True,CONN,HALL
2024,2024-03-05T00:00Z,NC State Wolfpack,Duke Blue Devils,64,79,False,True,NCSU,DUKE
2024,2024-03-05T02:00Z,Baylor Bears,Texas Longhorns,93,85,False,True,BAY,TEX
2024,2024-03-06T00:00Z,Illinois Fighting Illini,Purdue Boilermakers,71,77,False,True,ILL,PUR
2024,2024-03-06T00:00Z,North Carolina Tar Heels,Notre Dame Fighting Irish,84,51,False,True,UNC,ND
2024,2024-03-06T02:00Z,Missouri Tigers,Auburn Tigers,74,101,False,True,MIZ,AUB
2024,2024-03-06T02:00Z,Kansas Jayhawks,Kansas State Wildcats,90,68,False,True,KU,KSU
2024,2024-03-06T00:00Z,Florida Gators,Alabama Crimson Tide,105,87,False,True,FLA,ALA
2024,2024-03-06T04:00Z,UNLV Rebels,San Diego State Aztecs,62,58,False,True,UNLV,SDSU
2024,2024-03-06T00:00Z,South Florida Bulls,Tulane Green Wave,85,72,False,True,USF,TULN
2024,2024-03-06T02:00Z,Saint Louis Billikens,Dayton Flyers,83,100,False,True,SLU,DAY
2024,2024-03-07T00:00Z,UCF Knights,Houston Cougars,59,67,False,True,UCF,HOU
2024,2024-03-07T01:30Z,Marquette Golden Eagles,UConn Huskies,67,74,False,True,MARQ,CONN
2024,2024-03-07T00:00Z,South Carolina Gamecocks,Tennessee Volunteers,59,66,False,True,SC,TENN
2024,2024-03-07T02:00Z,Iowa State Cyclones,BYU Cougars,68,63,False,True,ISU,BYU
2024,2024-03-07T02:00Z,Kentucky Wildcats,Vanderbilt Commodores,93,77,False,True,UK,VAN
2024,2024-03-07T02:30Z,San José State Spartans,Utah State Aggies,70,90,False,True,SJSU,USU
2024,2024-03-08T02:30Z,UCLA Bruins,Arizona Wildcats,65,88,False,True,UCLA,ARIZ
2024,2024-03-08T02:00Z,Washington State Cougars,Washington Huskies,68,74,False,True,WSU,WASH
2024,2024-03-09T03:00Z,San Diego State Aztecs,Boise State Broncos,77,79,False,True,SDSU,BOIS
2024,2024-03-09T00:00Z,Dayton Flyers,VCU Rams,91,86,False,True,DAY,VCU
2024,2024-03-09T21:00Z,Houston Cougars,Kansas Jayhawks,76,46,False,True,HOU,KU
2024,2024-03-10T01:00Z,Providence Friars,UConn Huskies,60,74,False,True,PROV,CONN
2024,2024-03-09T21:00Z,Tennessee Volunteers,Kentucky Wildcats,81,85,False,True,TENN,UK
2024,2024-03-10T03:00Z,USC Trojans,Arizona Wildcats,78,65,False,True,USC,ARIZ
2024,2024-03-09T19:00Z,Kansas State Wildcats,Iowa State Cyclones,65,58,False,True,KSU,ISU
2024,2024-03-09T23:30Z,Duke Blue Devils,North Carolina Tar Heels,79,84,False,True,DUKE,UNC
2024,2024-03-09T22:00Z,Xavier Musketeers,Marquette Golden Eagles,80,86,False,True,XAV,MARQ
2024,2024-03-09T19:30Z,Villanova Wildcats,Creighton Bluejays,67,69,False,True,VILL,CREI
2024,2024-03-09T23:00Z,Texas Tech Red Raiders,Baylor Bears,78,68,False,True,TTU,BAY
2024,2024-03-09T23:30Z,Auburn Tigers,Georgia Bulldogs,92,78,False,True,AUB,UGA
2024,2024-03-09T17:00Z,Alabama Crimson Tide,Arkansas Razorbacks,92,88,False,True,ALA,ARK
2024,2024-03-09T19:30Z,Mississippi State Bulldogs,South Carolina Gamecocks,89,93,False,True,MSST,SC
2024,2024-03-10T02:00Z,BYU Cougars,Oklahoma State Cowboys,85,71,False,True,BYU,OKST
2024,2024-03-10T01:30Z,Utah State Aggies,New Mexico Lobos,87,85,False,True,USU,UNM
2024,2024-03-09T20:00Z,Tulsa Golden Hurricane,South Florida Bulls,76,70,False,True,TLSA,USF
2024,2024-03-10T16:30Z,Purdue Boilermakers,Wisconsin Badgers,78,70,False,True,PUR,WIS
2024,2024-03-10T23:00Z,Iowa Hawkeyes,Illinois Fighting Illini,61,73,False,True,IOWA,ILL
2024,2024-03-12T03:30Z,Gonzaga Bulldogs,San Francisco Dons,89,77,True,True,GONZ,SF
2024,2024-03-12T01:00Z,Saint Mary's Gaels,Santa Clara Broncos,79,65,True,True,SMC,SCU
2024,2024-03-13T01:00Z,Saint Mary's Gaels,Gonzaga Bulldogs,69,60,True,True,SMC,GONZ
2024,2024-03-14T01:30Z,Kansas Jayhawks,Cincinnati Bearcats,52,72,True,True,KU,CIN
2024,2024-03-13T16:30Z,BYU Cougars,UCF Knights,87,73,True,True,BYU,UCF
2024,2024-03-14T19:25Z,Houston Cougars,TCU Horned Frogs,60,45,True,True,HOU,TCU
2024,2024-03-14T16:00Z,UConn Huskies,Xavier Musketeers,87,60,True,True,CONN,XAV
2024,2024-03-14T16:00Z,North Carolina Tar Heels,Florida State Seminoles,92,67,True,True,UNC,FSU
2024,2024-03-14T19:00Z,Arizona Wildcats,USC Trojans,70,49,True,True,ARIZ,USC
2024,2024-03-14T23:00Z,Iowa State Cyclones,Kansas State Wildcats,76,57,True,True,ISU,KSU
2024,2024-03-14T23:00Z,Creighton Bluejays,Providence Friars,73,78,True,True,CREI,PROV
2024,2024-03-15T01:30Z,Marquette Golden Eagles,Villanova Wildcats,71,65,True,True,MARQ,VILL
2024,2024-03-14T23:00Z,Duke Blue Devils,NC State Wolfpack,69,74,True,True,DUKE,NCSU
2024,2024-03-15T01:53Z,Baylor Bears,Cincinnati Bearcats,68,56,True,True,BAY,CIN
2024,2024-03-14T19:30Z,South Carolina Gamecocks,Arkansas Razorbacks,80,66,True,True,SC,ARK
2024,2024-03-14T19:00Z,Utah State Aggies,Fresno State Bulldogs,87,75,True,True,USU,FRES
2024,2024-03-14T16:30Z,Texas Tech Red Raiders,BYU Cougars,81,67,True,True,TTU,BYU
2024,2024-03-15T01:00Z,Washington State Cougars,Stanford Cardinal,79,62,True,True,WSU,STAN
2024,2024-03-15T01:12Z,Nevada Wolf Pack,Colorado State Rams,78,85,True,True,NEV,CSU
2024,2024-03-15T00:27Z,Dayton Flyers,Duquesne Dukes,57,65,True,True,DAY,DUQ
2024,2024-03-15T23:00Z,Houston Cougars,Texas Tech Red Raiders,82,59,True,True,HOU,TTU
2024,2024-03-15T21:30Z,UConn Huskies,St. John's Red Storm,95,90,False,True,CONN,SJU
2024,2024-03-15T16:00Z,Purdue Boilermakers,Michigan State Spartans,67,62,True,True,PUR,MSU
2024,2024-03-15T23:00Z,North Carolina Tar Heels,Pittsburgh Panthers,72,65,True,True,UNC,PITT
2024,2024-03-15T17:00Z,Tennessee Volunteers,Mississippi State Bulldogs,56,73,True,True,TENN,MSST
2024,2024-03-16T00:00Z,Arizona Wildcats,Oregon Ducks,59,67,True,True,ARIZ,ORE
2024,2024-03-16T01:30Z,Iowa State Cyclones,Baylor Bears,76,62,True,True,ISU,BAY
2024,2024-03-15T23:00Z,Kentucky Wildcats,Texas A&M Aggies,87,97,True,True,UK,TA&M
2024,2024-03-16T00:23Z,Marquette Golden Eagles,Providence Friars,79,68,True,True,MARQ,PROV
2024,2024-03-15T19:39Z,Auburn Tigers,South Carolina Gamecocks,86,55,True,True,AUB,SC
2024,2024-03-15T22:30Z,Illinois Fighting Illini,Ohio State Buckeyes,77,74,True,True,ILL,OSU
2024,2024-03-16T01:41Z,Utah State Aggies,San Diego State Aztecs,70,86,True,True,USU,SDSU
2024,2024-03-16T01:30Z,Alabama Crimson Tide,Florida Gators,88,102,True,True,ALA,FLA
2024,2024-03-16T02:57Z,Washington State Cougars,Colorado Buffaloes,52,58,True,True,WSU,COLO
2024,2024-03-16T22:15Z,Houston Cougars,Iowa State Cyclones,41,69,True,True,HOU,ISU
2024,2024-03-16T22:30Z,UConn Huskies,Marquette Golden Eagles,73,57,True,True,CONN,MARQ
2024,2024-03-16T17:00Z,Purdue Boilermakers,Wisconsin Badgers,75,76,True,True,PUR,WIS
2024,2024-03-17T00:30Z,North Carolina Tar Heels,NC State Wolfpack,76,84,True,True,UNC,NCSU
2024,2024-03-16T17:00Z,Auburn Tigers,Mississippi State Bulldogs,73,66,True,True,AUB,MSST
2024,2024-03-16T20:00Z,Illinois Fighting Illini,Nebraska Cornhuskers,98,87,True,True,ILL,NEB
2024,2024-03-17T17:00Z,Auburn Tigers,Florida Gators,86,67,True,True,AUB,FLA
2024,2024-03-17T19:30Z,Illinois Fighting Illini,Wisconsin Badgers,93,87,True,True,ILL,WIS
2024,2024-03-20T01:10Z,Virginia Cavaliers,Colorado State Rams,42,67,True,False,UVA,CSU
2024,2024-03-19T22:40Z,Howard Bison,Wagner Seahawks,68,71,True,False,HOW,WAG
2024,2024-03-21T01:28Z,Boise State Broncos,Colorado Buffaloes,53,60,True,False,BOIS,COLO
2024,2024-03-20T22:40Z,Montana State Bobcats,Grambling Tigers,81,88,True,False,MTST,GRAM
2024,2024-03-21T18:45Z,North Carolina Tar Heels,Wagner Seahawks,90,62,True,False,UNC,WAG
2024,2024-03-21T18:00Z,Arizona Wildcats,Long Beach State Beach,85,65,True,False,ARIZ,LBSU
2024,2024-03-21T23:35Z,Iowa State Cyclones,South Dakota State Jackrabbits,82,65,True,False,ISU,SDST
2024,2024-03-22T01:20Z,Tennessee Volunteers,Saint Peter's Peacocks,83,49,True,False,TENN,SPU
2024,2024-03-21T17:30Z,Creighton Bluejays,Akron Zips,77,60,True,False,CREI,AKR
2024,2024-03-21T19:30Z,Illinois Fighting Illini,Morehead State Eagles,85,69,True,False,ILL,MORE
2024,2024-03-21T23:20Z,Kentucky Wildcats,Oakland Golden Grizzlies,76,80,True,False,UK,OAK
2024,2024-03-22T02:20Z,Kansas Jayhawks,Samford Bulldogs,93,89,True,False,KU,SAM
2024,2024-03-21T23:47Z,Gonzaga Bulldogs,McNeese Cowboys,86,65,True,False,GONZ,MCN
2024,2024-03-21T16:40Z,BYU Cougars,Duquesne Dukes,67,71,True,False,BYU,DUQ
2024,2024-03-21T20:00Z,South Carolina Gamecocks,Oregon Ducks,73,87,True,False,SC,ORE
2024,2024-03-22T02:10Z,Texas Tech Red Raiders,NC State Wolfpack,67,80,True,False,TTU,NCSU
2024,2024-03-21T20:45Z,Dayton Flyers,Nevada Wolf Pack,63,60,True,False,DAY,NEV
2024,2024-03-21T22:50Z,Texas Longhorns,Colorado State Rams,56,44,True,False,TEX,CSU
2024,2024-03-22T02:12Z,Washington State Cougars,Drake Bulldogs,66,61,True,False,WSU,DRKE
2024,2024-03-21T16:15Z,Mississippi State Bulldogs,Michigan State Spartans,51,69,True,False,MSST,MSU
2024,2024-03-22T19:22Z,UConn Huskies,Stetson Hatters,91,52,True,False,CONN,STET
2024,2024-03-22T23:59Z,Purdue Boilermakers,Grambling Tigers,78,50,True,False,PUR,GRAM
2024,2024-03-23T01:49Z,Houston Cougars,Longwood Lancers,86,46,True,False,HOU,LONG
2024,2024-03-22T18:00Z,Marquette Golden Eagles,Western Kentucky Hilltoppers,87,69,True,False,MARQ,WKU
2024,2024-03-22T16:40Z,Baylor Bears,Colgate Raiders,92,67,True,False,BAY,COLG
2024,2024-03-22T20:33Z,Auburn Tigers,Yale Bulldogs,76,78,True,False,AUB,YALE
2024,2024-03-22T23:10Z,Duke Blue Devils,Vermont Catamounts,64,47,True,False,DUKE,UVM
2024,2024-03-23T00:03Z,Alabama Crimson Tide,Charleston Cougars,109,96,True,False,ALA,COFC
2024,2024-03-22T17:45Z,San Diego State Aztecs,UAB Blazers,69,65,True,False,SDSU,UAB
2024,2024-03-23T01:50Z,Wisconsin Badgers,James Madison Dukes,61,72,True,False,WIS,JMU
2024,2024-03-23T02:57Z,Saint Mary's Gaels,Grand Canyon Lopes,66,75,True,False,SMC,GCU
2024,2024-03-22T19:10Z,Clemson Tigers,New Mexico Lobos,77,56,True,False,CLEM,UNM
2024,2024-03-22T20:38Z,Florida Gators,Colorado Buffaloes,100,102,True,False,FLA,COLO
2024,2024-03-22T16:15Z,Florida Atlantic Owls,Northwestern Wildcats,65,77,True,False,FAU,NU
2024,2024-03-22T23:00Z,Nebraska Cornhuskers,Texas A&M Aggies,83,98,True,False,NEB,TA&M
2024,2024-03-23T02:30Z,Utah State Aggies,TCU Horned Frogs,88,72,True,False,USU,TCU
2024,2024-03-23T21:45Z,North Carolina Tar Heels,Michigan State Spartans,85,69,True,False,UNC,MSU
2024,2024-03-23T16:45Z,Arizona Wildcats,Dayton Flyers,78,68,True,False,ARIZ,DAY
2024,2024-03-23T22:10Z,Iowa State Cyclones,Washington State Cougars,67,56,True,False,ISU,WSU
2024,2024-03-24T00:25Z,Tennessee Volunteers,Texas Longhorns,62,58,True,False,TENN,TEX
2024,2024-03-24T00:49Z,Illinois Fighting Illini,Duquesne Dukes,89,63,True,False,ILL,DUQ
2024,2024-03-24T02:03Z,Creighton Bluejays,Oregon Ducks,86,73,True,False,CREI,ORE
2024,2024-03-23T19:33Z,Kansas Jayhawks,Gonzaga Bulldogs,68,89,True,False,KU,GONZ
2024,2024-03-23T23:10Z,NC State Wolfpack,Oakland Golden Grizzlies,79,73,True,False,NCSU,OAK
2024,2024-03-24T18:47Z,Purdue Boilermakers,Utah State Aggies,106,67,True,False,PUR,USU
2024,2024-03-24T23:45Z,UConn Huskies,Northwestern Wildcats,75,58,True,False,CONN,NU
2024,2024-03-25T00:40Z,Houston Cougars,Texas A&M Aggies,100,95,True,False,HOU,TA&M
2024,2024-03-24T16:10Z,Marquette Golden Eagles,Colorado Buffaloes,81,77,True,False,MARQ,COLO
2024,2024-03-24T22:10Z,Baylor Bears,Clemson Tigers,64,72,True,False,BAY,CLEM
2024,2024-03-24T21:15Z,Duke Blue Devils,James Madison Dukes,93,55,True,False,DUKE,JMU
2024,2024-03-24T23:10Z,Alabama Crimson Tide,Grand Canyon Lopes,72,61,True,False,ALA,GCU
2024,2024-03-25T02:12Z,San Diego State Aztecs,Yale Bulldogs,85,57,True,False,SDSU,YALE
2024,2024-03-28T23:39Z,UConn Huskies,San Diego State Aztecs,82,52,True,False,CONN,SDSU
2024,2024-03-29T01:54Z,North Carolina Tar Heels,Alabama Crimson Tide,87,89,True,False,UNC,ALA
2024,2024-03-28T23:09Z,Arizona Wildcats,Clemson Tigers,72,77,True,False,ARIZ,CLEM
2024,2024-03-29T02:14Z,Iowa State Cyclones,Illinois Fighting Illini,69,72,True,False,ISU,ILL
2024,2024-03-29T23:39Z,Purdue Boilermakers,Gonzaga Bulldogs,80,68,True,False,PUR,GONZ
2024,2024-03-30T01:59Z,Houston Cougars,Duke Blue Devils,51,54,True,False,HOU,DUKE
2024,2024-03-29T23:09Z,Marquette Golden Eagles,NC State Wolfpack,58,67,True,False,MARQ,NCSU
2024,2024-03-30T02:10Z,Tennessee Volunteers,Creighton Bluejays,82,75,True,False,TENN,CREI
2024,2024-03-30T22:09Z,UConn Huskies,Illinois Fighting Illini,77,52,True,False,CONN,ILL
2024,2024-03-31T00:49Z,Alabama Crimson Tide,Clemson Tigers,89,82,True,False,ALA,CLEM
2024,2024-03-31T18:20Z,Purdue Boilermakers,Tennessee Volunteers,72,66,True,False,PUR,TENN
2024,2024-03-31T21:05Z,Duke Blue Devils,NC State Wolfpack,64,76,True,False,DUKE,NCSU
2024,2024-04-06T22:09Z,Purdue Boilermakers,NC State Wolfpack,63,50,True,False,PUR,NCSU
2024,2024-04-07T00:51Z,UConn Huskies,Alabama Crimson Tide,86,72,True,False,CONN,ALA
2024,2024-04-09T01:20Z,UConn Huskies,Purdue Boilermakers,75,60,True,False,CONN,PUR
2025,2024-11-05T01:00Z,Kansas Jayhawks,Howard Bison,87,57,False,True,KU,HOW
2025,2024-11-05T02:00Z,Alabama Crimson Tide,UNC Asheville Bulldogs,110,54,False,True,ALA,UNCA
2025,2024-11-05T01:00Z,Houston Cougars,Jackson State Tigers,97,40,False,True,HOU,JKST
2025,2024-11-05T01:00Z,Iowa State Cyclones,Mississippi Valley State Delta Devils,83,44,False,True,ISU,MVSU
2025,2024-11-05T04:30Z,Gonzaga Bulldogs,Baylor Bears,101,63,False,True,GONZ,BAY
2025,2024-11-05T00:00Z,Duke Blue Devils,Maine Black Bears,96,62,False,True,DUKE,ME
2025,2024-11-05T02:00Z,North Carolina Tar Heels,Elon Phoenix,90,76,False,True,UNC,ELON
2025,2024-11-05T03:00Z,Arizona Wildcats,Canisius Golden Griffins,93,64,False,True,ARIZ,CAN
2025,2024-11-05T00:00Z,Tennessee Volunteers,Gardner-Webb Runnin' Bulldogs,80,64,False,True,TENN,GWEB
2025,2024-11-05T00:00Z,UCF Knights,Texas A&M Aggies,64,61,False,True,UCF,TA&M
2025,2024-11-04T23:00Z,Purdue Boilermakers,Texas A&M-Corpus Christi Islanders,90,73,False,True,PUR,AMCC
2025,2024-11-05T01:30Z,Marquette Golden Eagles,Stony Brook Seawolves,102,62,False,True,MARQ,STBK
2025,2024-11-05T03:00Z,Texas Longhorns,Ohio State Buckeyes,72,80,True,True,TEX,OSU
2025,2024-11-05T00:00Z,Cincinnati Bearcats,Arkansas-Pine Bluff Golden Lions,109,54,False,True,CIN,UAPB
2025,2024-11-05T01:30Z,Florida Gators,South Florida Bulls,98,83,True,True,FLA,USF
2025,2024-11-05T03:30Z,UCLA Bruins,Rider Broncs,85,50,False,True,UCLA,RID
2025,2024-11-05T00:00Z,Kentucky Wildcats,Wright State Raiders,103,62,False,True,UK,WRST
2025,2024-11-05T01:30Z,Ole Miss Rebels,Long Island University Sharks,90,60,False,True,MISS,LIU
2025,2024-11-06T00:00Z,Rice Owls,Florida International Panthers,77,70,False,True,RICE,FIU
2025,2024-11-06T00:00Z,Colgate Raiders,SUNY-Canton Roos,95,62,False,True,COLG,NYCA
2025,2024-11-06T00:00Z,Kennesaw State Owls,Toccoa Falls Eagles,110,61,False,True,KENN,TF
2025,2024-11-06T01:00Z,North Texas Mean Green,Evansville Purple Aces,80,63,False,True,UNT,EVAN
2025,2024-11-06T01:00Z,Texas Tech Red Raiders,Bethune-Cookman Wildcats,94,61,False,True,TTU,BCU
2025,2024-11-06T01:00Z,Kansas State Wildcats,New Orleans Privateers,89,65,False,True,KSU,UNO
2025,2024-11-06T02:00Z,Arizona State Sun Devils,Idaho State Bengals,55,48,False,True,ASU,IDST
2025,2024-11-06T02:00Z,BYU Cougars,Central Arkansas Bears,88,50,False,True,BYU,CARK
2025,2024-11-06T03:00Z,San Francisco Dons,Cal Poly Mustangs,86,78,False,True,SF,CP
2025,2024-11-06T03:00Z,Sacramento State Hornets,Cal Maritime Keelhaulers,106,44,False,True,SAC,CALMA
2025,2024-11-06T03:00Z,Washington Huskies,UC Davis Aggies,79,73,False,True,WASH,UCD
2025,2024-11-07T00:00Z,UConn Huskies,Sacred Heart Pioneers,92,56,False,True,CONN,SHU
2025,2024-11-07T01:00Z,Auburn Tigers,Vermont Catamounts,94,43,False,True,AUB,UVM
2025,2024-11-07T02:00Z,Creighton Bluejays,UT Rio Grande Valley Vaqueros,99,86,False,True,CREI,RGV
2025,2024-11-07T01:00Z,Arkansas Razorbacks,Lipscomb Bisons,76,60,False,True,ARK,LIP
2025,2024-11-07T01:00Z,Indiana Hoosiers,SIU Edwardsville Cougars,80,61,False,True,IU,SIUE
2025,2024-11-06T23:00Z,Rutgers Scarlet Knights,Wagner Seahawks,75,52,False,True,RUTG,WAG
2025,2024-11-08T01:00Z,Florida Gators,Jacksonville Dolphins,81,60,False,True,FLA,JAX
2025,2024-11-09T00:00Z,Kansas Jayhawks,North Carolina Tar Heels,92,89,False,True,KU,UNC
2025,2024-11-09T01:00Z,Alabama Crimson Tide,Arkansas State Red Wolves,88,79,False,True,ALA,ARST
2025,2024-11-08T23:00Z,Duke Blue Devils,Army Black Knights,100,58,False,True,DUKE,ARMY
2025,2024-11-09T01:00Z,Texas A&M Aggies,East Texas A&M Lions,87,55,False,True,TA&M,ETAM
2025,2024-11-09T00:00Z,Purdue Boilermakers,Northern Kentucky Norse,72,50,False,True,PUR,NKU
2025,2024-11-09T02:00Z,Marquette Golden Eagles,George Mason Patriots,82,63,False,True,MARQ,GMU
2025,2024-11-09T01:00Z,Texas Longhorns,Houston Christian Huskies,90,59,False,True,TEX,HCU
2025,2024-11-09T00:00Z,Cincinnati Bearcats,Morehead State Eagles,83,56,False,True,CIN,MORE
2025,2024-11-09T04:00Z,UCLA Bruins,New Mexico Lobos,64,72,True,True,UCLA,UNM
2025,2024-11-09T00:00Z,Ole Miss Rebels,Grambling Tigers,66,64,False,True,MISS,GRAM
2025,2024-11-10T01:00Z,UConn Huskies,New Hampshire Wildcats,92,53,False,True,CONN,UNH
2025,2024-11-10T02:30Z,Houston Cougars,Auburn Tigers,69,74,True,True,HOU,AUB
2025,2024-11-10T00:30Z,Arkansas Razorbacks,Baylor Bears,67,72,True,True,ARK,BAY
2025,2024-11-09T21:00Z,Arizona Wildcats,Old Dominion Monarchs,102,44,False,True,ARIZ,ODU
2025,2024-11-09T17:00Z,Louisville Cardinals,Tennessee Volunteers,55,77,False,True,LOU,TENN
2025,2024-11-09T21:00Z,Kentucky Wildcats,Bucknell Bison,100,72,False,True,UK,BUCK
2025,2024-11-10T22:00Z,Gonzaga Bulldogs,Arizona State Sun Devils,88,80,False,True,GONZ,ASU
2025,2024-11-10T22:00Z,Creighton Bluejays,Fairleigh Dickinson Knights,96,70,False,True,CREI,FDU
2025,2024-11-10T17:00Z,Indiana Hoosiers,Eastern Illinois Panthers,90,55,False,True,IU,EIU
2025,2024-11-12T00:00Z,Alabama Crimson Tide,McNeese Cowboys,72,64,False,True,ALA,MCN
2025,2024-11-12T01:00Z,Iowa State Cyclones,Kansas City Roos,82,56,False,True,ISU,KC
2025,2024-11-12T01:00Z,Purdue Boilermakers,Yale Bulldogs,92,84,False,True,PUR,YALE
2025,2024-11-12T02:00Z,Marquette Golden Eagles,Central Michigan Chippewas,70,62,False,True,MARQ,CMU
2025,2024-11-12T00:00Z,Florida Gators,Grambling Tigers,86,62,False,True,FLA,GRAM
2025,2024-11-11T23:00Z,Ohio State Buckeyes,Youngstown State Penguins,81,47,False,True,OSU,YSU
2025,2024-11-12T01:00Z,Texas A&M Aggies,Lamar Cardinals,97,71,False,True,TA&M,LAM
2025,2024-11-12T00:00Z,Rutgers Scarlet Knights,Saint Peter's Peacocks,75,65,False,True,RUTG,SPU
2025,2024-11-12T23:30Z,Kansas Jayhawks,Michigan State Spartans,77,69,True,True,KU,MSU
2025,2024-11-13T02:00Z,Kentucky Wildcats,Duke Blue Devils,77,72,True,True,UK,DUKE
2025,2024-11-13T01:00Z,Baylor Bears,Sam Houston Bearkats,104,67,False,True,BAY,SHSU
2025,2024-11-13T01:00Z,Ole Miss Rebels,South Alabama Jaguars,64,54,False,True,MISS,USA
2025,2024-11-14T00:00Z,UConn Huskies,Le Moyne Dolphins,90,49,False,True,CONN,LEM
2025,2024-11-14T01:00Z,Auburn Tigers,Kent State Golden Flashes,79,56,False,True,AUB,KENT
2025,2024-11-14T01:00Z,Houston Cougars,Louisiana Ragin' Cajuns,91,45,False,True,HOU,UL
2025,2024-11-14T00:00Z,Tennessee Volunteers,Montana Grizzlies,92,57,False,True,TENN,MONT
2025,2024-11-14T02:00Z,Creighton Bluejays,Houston Christian Huskies,78,43,False,True,CREI,HCU
2025,2024-11-14T01:00Z,Arkansas Razorbacks,Troy Trojans,65,49,False,True,ARK,TROY
2025,2024-11-13T23:30Z,St. John's Red Storm,Wagner Seahawks,66,45,False,True,SJU,WAG
2025,2024-11-14T18:00Z,North Dakota Fighting Hawks,Utah Valley Wolverines,77,71,False,True,UND,UVU
2025,2024-11-14T21:00Z,New Orleans Privateers,Lindenwood Lions,82,74,True,True,UNO,LIN
2025,2024-11-14T23:30Z,IU Indianapolis Jaguars,Eastern Michigan Eagles,71,74,False,True,IUIN,EMU
2025,2024-11-15T00:00Z,The Citadel Bulldogs,North Greenville Crusaders,79,54,False,True,CIT,NGU
2025,2024-11-15T00:00Z,Florida International Panthers,Florida National Conquistadors,110,55,False,True,FIU,FNU
2025,2024-11-15T00:00Z,South Dakota Coyotes,Dakota Wesleyan Tigers,92,69,False,True,SDAK,DWU
2025,2024-11-15T00:00Z,UMBC Retrievers,Coppin State Eagles,92,67,False,True,UMBC,COPP
2025,2024-11-15T00:00Z,Robert Morris Colonials,Stonehill Skyhawks,63,51,False,True,RMU,STO
2025,2024-11-15T00:00Z,Jacksonville Dolphins,South Carolina State Bulldogs,71,62,False,True,JAX,SCST
2025,2024-11-15T00:00Z,Buffalo Bulls,Bryant Bulldogs,64,87,False,True,BUF,BRY
2025,2024-11-15T00:00Z,Northern Kentucky Norse,Nicholls Colonels,59,61,False,True,NKU,NICH
2025,2024-11-15T00:30Z,UL Monroe Warhawks,Ecclesia Royals,110,48,False,True,ULM,ECCL
2025,2024-11-15T00:30Z,Wichita State Shockers,Northern Iowa Panthers,79,73,False,True,WICH,UNI
2025,2024-11-15T00:30Z,Missouri Tigers,Mississippi Valley State Delta Devils,111,39,False,True,MIZ,MVSU
2025,2024-11-15T01:00Z,Tarleton State Texans,Tabor,88,57,False,True,TAR,TABOR
2025,2024-11-15T01:00Z,Chattanooga Mocs,Morehead State Eagles,76,62,False,True,UTC,MORE
2025,2024-11-15T01:00Z,Oklahoma State Cowboys,Southern Illinois Salukis,85,78,False,True,OKST,SIU
2025,2024-11-15T02:00Z,Denver Pioneers,Colorado Christian Cougars,86,63,False,True,DEN,COCU
2025,2024-11-15T02:00Z,South Dakota State Jackrabbits,Northern Colorado Bears,69,78,True,True,SDST,UNCO
2025,2024-11-15T02:00Z,Arizona State Sun Devils,Grand Canyon Lopes,87,76,True,True,ASU,GCU
2025,2024-11-15T02:00Z,Kansas State Wildcats,LSU Tigers,65,76,False,True,KSU,LSU
2025,2024-11-15T02:30Z,New Mexico State Aggies,Texas A&M-Corpus Christi Islanders,83,82,False,True,NMSU,AMCC
2025,2024-11-15T03:00Z,UC Riverside Highlanders,La Sierra Golden Eagles,79,51,False,True,UCR,LSIU
2025,2024-11-15T03:00Z,Cal Poly Mustangs,Seattle U Redhawks,75,71,False,True,CP,SEA
2025,2024-11-15T03:00Z,UNLV Rebels,Omaha Mavericks,80,69,False,True,UNLV,OMA
2025,2024-11-15T03:00Z,Pacific Tigers,Northern Arizona Lumberjacks,57,60,False,True,PAC,NAU
2025,2024-11-16T00:00Z,Purdue Boilermakers,Alabama Crimson Tide,87,78,False,True,PUR,ALA
2025,2024-11-16T02:00Z,Gonzaga Bulldogs,UMass Lowell River Hawks,113,54,False,True,GONZ,UML
2025,2024-11-16T02:00Z,Wisconsin Badgers,Arizona Wildcats,103,88,False,True,WIS,ARIZ
2025,2024-11-16T01:00Z,North Carolina Tar Heels,American University Eagles,107,55,False,True,UNC,AMER
2025,2024-11-16T01:00Z,Maryland Terrapins,Marquette Golden Eagles,74,78,False,True,MD,MARQ
2025,2024-11-16T00:00Z,Cincinnati Bearcats,Nicholls Colonels,86,49,False,True,CIN,NICH
2025,2024-11-15T23:00Z,Florida State Seminoles,Florida Gators,74,87,False,True,FSU,FLA
2025,2024-11-16T02:00Z,Texas A&M Aggies,Ohio State Buckeyes,78,64,False,True,TA&M,OSU
2025,2024-11-15T23:30Z,Rutgers Scarlet Knights,Monmouth Hawks,98,81,False,True,RUTG,MONM
2025,2024-11-16T23:00Z,Kansas Jayhawks,Oakland Golden Grizzlies,78,57,False,True,KU,OAK
2025,2024-11-16T17:00Z,Duke Blue Devils,Wofford Terriers,86,35,False,True,DUKE,WOF
2025,2024-11-17T00:00Z,Creighton Bluejays,Kansas City Roos,79,56,False,True,CREI,KC
2025,2024-11-16T20:00Z,Indiana Hoosiers,South Carolina Gamecocks,87,71,False,True,IU,SC
2025,2024-11-16T21:00Z,Ole Miss Rebels,Colorado State Rams,84,69,True,True,MISS,CSU
2025,2024-11-17T20:00Z,Tennessee Volunteers,Austin Peay Governors,103,68,False,True,TENN,APSU
2025,2024-11-18T01:00Z,Baylor Bears,Tarleton State Texans,104,41,False,True,BAY,TAR
2025,2024-11-17T17:00Z,St. John's Red Storm,New Mexico Lobos,85,71,False,True,SJU,UNM
2025,2024-11-19T03:00Z,San Diego State Aztecs,Gonzaga Bulldogs,67,80,False,True,SDSU,GONZ
2025,2024-11-19T02:00Z,Auburn Tigers,North Alabama Lions,102,69,False,True,AUB,UNA
2025,2024-11-19T01:00Z,Iowa State Cyclones,IU Indianapolis Jaguars,87,52,False,True,ISU,IUIN
2025,2024-11-19T01:00Z,Wisconsin Badgers,UT Rio Grande Valley Vaqueros,87,84,False,True,WIS,RGV
2025,2024-11-19T01:00Z,Arkansas Razorbacks,Pacific Tigers,91,72,False,True,ARK,PAC
2025,2024-11-20T01:00Z,Kansas Jayhawks,UNC Wilmington Seahawks,84,66,False,True,KU,UNCW
2025,2024-11-20T00:00Z,UConn Huskies,East Texas A&M Lions,81,46,False,True,CONN,ETAM
2025,2024-11-20T02:00Z,Marquette Golden Eagles,Purdue Boilermakers,76,58,False,True,MARQ,PUR
2025,2024-11-20T00:00Z,Kentucky Wildcats,Lipscomb Bisons,97,68,False,True,UK,LIP
2025,2024-11-20T00:00Z,Northern Kentucky Norse,Cincinnati Bearcats,60,76,False,True,NKU,CIN
2025,2024-11-20T00:00Z,Florida Gators,Florida A&M Rattlers,84,60,False,True,FLA,FAMU
2025,2024-11-21T02:00Z,Gonzaga Bulldogs,Long Beach State Beach,84,41,False,True,GONZ,LBSU
2025,2024-11-21T02:00Z,Alabama Crimson Tide,Illinois Fighting Illini,100,87,True,True,ALA,ILL
2025,2024-11-21T01:00Z,Texas A&M Aggies,Southern Jaguars,71,54,False,True,TA&M,SOU
2025,2024-11-21T01:00Z,Rutgers Scarlet Knights,Merrimack Warriors,74,63,False,True,RUTG,MRMK
2025,2024-11-22T03:25Z,Tennessee Volunteers,Virginia Cavaliers,64,42,True,True,TENN,UVA
2025,2024-11-22T00:00Z,St. John's Red Storm,Baylor Bears,98,99,True,True,SJU,BAY
2025,2024-11-21T23:30Z,Indiana Hoosiers,UNC Greensboro Spartans,69,58,False,True,IU,UNCG
2025,2024-11-23T01:00Z,Houston Cougars,Hofstra Pride,80,44,False,True,HOU,HOF
2025,2024-11-23T00:00Z,Kentucky Wildcats,Jackson State Tigers,108,59,False,True,UK,JKST
2025,2024-11-23T05:30Z,Hawai'i Rainbow Warriors,North Carolina Tar Heels,69,87,False,True,HAW,UNC
2025,2024-11-23T02:30Z,Baylor Bears,Tennessee Volunteers,62,77,True,True,BAY,TENN
2025,2024-11-23T03:30Z,Arizona Wildcats,Duke Blue Devils,55,69,False,True,ARIZ,DUKE
2025,2024-11-23T01:00Z,Creighton Bluejays,Nebraska Cornhuskers,63,74,False,True,CREI,NEB
2025,2024-11-22T22:00Z,Wisconsin Badgers,UCF Knights,86,70,True,True,WIS,UCF
2025,2024-11-23T02:00Z,Arkansas Razorbacks,Little Rock Trojans,79,67,False,True,ARK,LR
2025,2024-11-23T00:00Z,Florida Gators,Southern Illinois Salukis,93,68,False,True,FLA,SIU
2025,2024-11-23T00:00Z,St. John's Red Storm,Virginia Cavaliers,80,55,True,True,SJU,UVA
2025,2024-11-23T17:00Z,Purdue Boilermakers,Marshall Thundering Herd,80,45,False,True,PUR,MRSH
2025,2024-11-23T16:00Z,Marquette Golden Eagles,Georgia Bulldogs,80,69,True,True,MARQ,UGA
2025,2024-11-23T19:00Z,Georgia Tech Yellow Jackets,Cincinnati Bearcats,58,81,False,True,GT,CIN
2025,2024-11-23T21:00Z,Illinois Fighting Illini,Maryland Eastern Shore Hawks,87,40,False,True,ILL,UMES
2025,2024-11-24T23:30Z,Pittsburgh Panthers,Wisconsin Badgers,75,81,True,True,PITT,WIS
2025,2024-11-24T16:00Z,Georgia Bulldogs,St. John's Red Storm,66,63,True,True,UGA,SJU
2025,2024-11-24T18:00Z,Kennesaw State Owls,Rutgers Scarlet Knights,79,77,False,True,KENN,RUTG
2025,2024-11-25T19:30Z,UConn Huskies,Memphis Tigers,97,99,True,True,CONN,MEM
2025,2024-11-26T02:00Z,Iowa State Cyclones,Auburn Tigers,81,83,True,True,ISU,AUB
2025,2024-11-26T04:45Z,North Carolina Tar Heels,Dayton Flyers,92,90,True,True,UNC,DAY
2025,2024-11-26T01:00Z,Arkansas Razorbacks,Maryland Eastern Shore Hawks,109,35,False,True,ARK,UMES
2025,2024-11-26T01:30Z,South Carolina Gamecocks,Xavier Musketeers,66,75,True,True,SC,XAV
2025,2024-11-27T02:00Z,Duke Blue Devils,Kansas Jayhawks,72,75,True,True,DUKE,KU
2025,2024-11-26T20:30Z,Colorado Buffaloes,UConn Huskies,73,72,True,True,COLO,CONN
2025,2024-11-27T04:35Z,North Carolina Tar Heels,Auburn Tigers,72,85,True,True,UNC,AUB
2025,2024-11-27T01:50Z,Dayton Flyers,Iowa State Cyclones,84,89,True,True,DAY,ISU
2025,2024-11-27T01:00Z,Houston Cougars,Alabama Crimson Tide,80,85,True,True,HOU,ALA
2025,2024-11-26T23:30Z,Kentucky Wildcats,Western Kentucky Hilltoppers,87,68,False,True,UK,WKU
2025,2024-11-26T21:30Z,Oregon Ducks,Texas A&M Aggies,80,70,True,True,ORE,TA&M
2025,2024-11-26T19:00Z,San Diego State Aztecs,Creighton Bluejays,71,53,True,True,SDSU,CREI
2025,2024-11-28T04:59Z,Dayton Flyers,UConn Huskies,85,67,True,True,DAY,CONN
2025,2024-11-27T19:30Z,West Virginia Mountaineers,Gonzaga Bulldogs,86,78,True,True,WVU,GONZ
2025,2024-11-27T22:00Z,Auburn Tigers,Memphis Tigers,90,76,True,True,AUB,MEM
2025,2024-11-27T19:30Z,Iowa State Cyclones,Colorado Buffaloes,99,71,True,True,ISU,COLO
2025,2024-11-28T05:30Z,Notre Dame Fighting Irish,Houston Cougars,54,65,True,True,ND,HOU
2025,2024-11-27T21:00Z,Tennessee Volunteers,UT Martin Skyhawks,78,35,False,True,TENN,UTM
2025,2024-11-28T03:00Z,Rutgers Scarlet Knights,Alabama Crimson Tide,90,95,True,True,RUTG,ALA
2025,2024-11-28T02:00Z,Marquette Golden Eagles,Stonehill Skyhawks,94,59,False,True,MARQ,STO
2025,2024-11-28T02:30Z,North Carolina Tar Heels,Michigan State Spartans,91,94,True,True,UNC,MSU
2025,2024-11-27T17:00Z,Indiana Hoosiers,Louisville Cardinals,61,89,True,True,IU,LOU
2025,2024-11-28T00:00Z,Cincinnati Bearcats,Alabama State Hornets,77,59,False,True,CIN,ALST
2025,2024-11-27T19:00Z,Baylor Bears,New Orleans Privateers,91,60,False,True,BAY,UNO
2025,2024-11-27T23:30Z,Texas A&M Aggies,Creighton Bluejays,77,73,True,True,TA&M,CREI
2025,2024-11-28T01:30Z,Michigan Wolverines,Xavier Musketeers,78,53,True,True,MICH,XAV
2025,2024-11-28T01:07Z,Davidson Wildcats,Arizona Wildcats,71,104,True,True,DAV,ARIZ
2025,2024-11-28T19:30Z,Indiana Hoosiers,Gonzaga Bulldogs,73,89,True,True,IU,GONZ
2025,2024-11-28T20:00Z,Purdue Boilermakers,NC State Wolfpack,71,61,True,True,PUR,NCSU
2025,2024-11-28T19:30Z,Wake Forest Demon Deacons,Florida Gators,58,75,True,True,WAKE,FLA
2025,2024-11-28T21:00Z,Arkansas Razorbacks,Illinois Fighting Illini,77,90,True,True,ARK,ILL
2025,2024-11-28T22:30Z,Ole Miss Rebels,BYU Cougars,96,85,True,True,MISS,BYU
2025,2024-11-28T22:00Z,Oklahoma Sooners,Arizona Wildcats,82,77,True,True,OU,ARIZ
2025,2024-11-29T02:30Z,UNLV Rebels,Mississippi State Bulldogs,58,80,True,True,UNLV,MSST
2025,2024-11-30T01:38Z,Gonzaga Bulldogs,Davidson Wildcats,90,65,True,True,GONZ,DAV
2025,2024-11-30T00:00Z,Kentucky Wildcats,Georgia State Panthers,105,76,False,True,UK,GAST
2025,2024-11-30T00:00Z,Duke Blue Devils,Seattle U Redhawks,70,48,False,True,DUKE,SEA
2025,2024-11-29T23:00Z,Purdue Boilermakers,Ole Miss Rebels,80,78,True,True,PUR,MISS
2025,2024-11-29T16:00Z,Indiana Hoosiers,Providence Friars,89,73,True,True,IU,PROV
2025,2024-11-29T20:30Z,Florida Gators,Wichita State Shockers,88,51,True,True,FLA,WICH
2025,2024-11-29T20:00Z,West Virginia Mountaineers,Arizona Wildcats,83,76,True,True,WVU,ARIZ
2025,2024-11-30T02:30Z,Mississippi State Bulldogs,Butler Bulldogs,77,87,True,True,MSST,BUT
2025,2024-11-30T23:00Z,Kansas Jayhawks,Furman Paladins,86,51,False,True,KU,FUR
2025,2024-12-01T00:00Z,UConn Huskies,Maryland Eastern Shore Hawks,99,45,False,True,CONN,UMES
2025,2024-12-01T00:00Z,Houston Cougars,San Diego State Aztecs,70,73,True,True,HOU,SDSU
2025,2024-12-01T02:55Z,Alabama Crimson Tide,Oregon Ducks,81,83,True,True,ALA,ORE
2025,2024-11-30T19:00Z,Marquette Golden Eagles,Western Carolina Catamounts,94,62,False,True,MARQ,WCU
2025,2024-11-30T18:00Z,Wisconsin Badgers,Chicago State Cougars,74,53,False,True,WIS,CHST
2025,2024-11-30T20:30Z,Rutgers Scarlet Knights,Texas A&M Aggies,77,81,True,True,RUTG,TA&M
2025,2024-11-30T18:00Z,Notre Dame Fighting Irish,Creighton Bluejays,76,80,True,True,ND,CREI
2025,2024-12-01T21:30Z,Xavier Musketeers,South Carolina State Bulldogs,71,68,False,True,XAV,SCST
2025,2024-12-02T23:30Z,Georgetown Hoyas,UMBC Retrievers,86,62,False,True,GTWN,UMBC
2025,2024-12-03T00:00Z,Jacksonville State Gamecocks,Columbia International Rams,89,59,False,True,JXST,CIU
2025,2024-12-03T00:00Z,Old Dominion Monarchs,William & Mary Tribe,88,83,False,True,ODU,W&M
2025,2024-12-03T00:00Z,Mississippi Valley State Delta Devils,Oakwood Ambassadors,91,71,False,True,MVSU,OAKWO
2025,2024-12-03T00:00Z,Drexel Dragons,Bryant Bulldogs,73,78,False,True,DREX,BRY
2025,2024-12-03T00:00Z,Coppin State Eagles,Loyola Maryland Greyhounds,57,68,False,True,COPP,L-MD
2025,2024-12-03T00:00Z,Miami (OH) RedHawks,Air Force Falcons,73,60,False,True,M-OH,AF
2025,2024-12-03T00:00Z,Rhode Island Rams,Yale Bulldogs,84,78,False,True,URI,YALE
2025,2024-12-03T00:30Z,UL Monroe Warhawks,UT Arlington Mavericks,70,84,False,True,ULM,UTA
2025,2024-12-03T00:30Z,Tulane Green Wave,SE Louisiana Lions,67,71,False,True,TULN,SELA
2025,2024-12-03T01:00Z,South Dakota State Jackrabbits,Dakota Wesleyan Tigers,78,62,False,True,SDST,DWU
2025,2024-12-03T01:00Z,Southern Indiana Screaming Eagles,East-West University Phantoms,104,46,False,True,USI,EAWE
2025,2024-12-03T01:00Z,St. Thomas-Minnesota Tommies,Chicago State Cougars,98,76,False,True,STMN,CHST
2025,2024-12-03T01:00Z,Saint Louis Billikens,Jackson State Tigers,74,66,False,True,SLU,JKST
2025,2024-12-03T02:00Z,Colorado Buffaloes,Pacific Tigers,75,66,False,True,COLO,PAC
2025,2024-12-03T03:00Z,Nevada Wolf Pack,Washington State Cougars,57,68,False,True,NEV,WSU
2025,2024-12-04T00:30Z,Tennessee Volunteers,Syracuse Orange,96,70,False,True,TENN,SYR
2025,2024-12-04T02:30Z,Clemson Tigers,Kentucky Wildcats,70,66,False,True,CLEM,UK
2025,2024-12-04T02:00Z,Wisconsin Badgers,Michigan Wolverines,64,67,False,True,WIS,MICH
2025,2024-12-03T23:30Z,Villanova Wildcats,Cincinnati Bearcats,68,60,False,True,VILL,CIN
2025,2024-12-04T02:00Z,Oklahoma Sooners,Georgia Tech Yellow Jackets,76,61,False,True,OU,GT
2025,2024-12-04T02:00Z,Texas A&M Aggies,Wake Forest Demon Deacons,57,44,False,True,TA&M,WAKE
2025,2024-12-04T02:00Z,Louisville Cardinals,Ole Miss Rebels,63,86,False,True,LOU,MISS
2025,2024-12-05T01:45Z,Creighton Bluejays,Kansas Jayhawks,76,63,False,True,CREI,KU
2025,2024-12-05T02:25Z,Duke Blue Devils,Auburn Tigers,84,78,False,True,DUKE,AUB
2025,2024-12-05T01:00Z,Iowa State Cyclones,Marquette Golden Eagles,81,70,False,True,ISU,MARQ
2025,2024-12-05T00:15Z,North Carolina Tar Heels,Alabama Crimson Tide,79,94,False,True,UNC,ALA
2025,2024-12-05T03:30Z,USC Trojans,Oregon Ducks,60,68,False,True,USC,ORE
2025,2024-12-05T00:15Z,Florida Gators,Virginia Cavaliers,87,69,False,True,FLA,UVA
2025,2024-12-04T23:30Z,UConn Huskies,Baylor Bears,76,72,False,True,CONN,BAY
2025,2024-12-05T01:00Z,Memphis Tigers,Louisiana Tech Bulldogs,81,71,False,True,MEM,LT
2025,2024-12-05T02:15Z,Mississippi State Bulldogs,Pittsburgh Panthers,90,57,False,True,MSST,PITT
2025,2024-12-05T03:30Z,Fresno State Bulldogs,San Diego State Aztecs,62,84,False,True,FRES,SDSU
2025,2024-12-05T23:30Z,Penn State Nittany Lions,Purdue Boilermakers,81,70,False,True,PSU,PUR
2025,2024-12-07T02:00Z,Northwestern Wildcats,Illinois Fighting Illini,70,66,False,True,NU,ILL
2025,2024-12-08T03:00Z,Gonzaga Bulldogs,Kentucky Wildcats,89,90,True,True,GONZ,UK
2025,2024-12-07T18:30Z,Marquette Golden Eagles,Wisconsin Badgers,88,74,False,True,MARQ,WIS
2025,2024-12-07T22:30Z,Houston Cougars,Butler Bulldogs,79,51,False,True,HOU,BUT
2025,2024-12-07T19:00Z,Virginia Tech Hokies,Pittsburgh Panthers,59,64,False,True,VT,PITT
2025,2024-12-07T19:00Z,North Carolina Tar Heels,Georgia Tech Yellow Jackets,68,65,False,True,UNC,GT
2025,2024-12-08T01:00Z,Oklahoma Sooners,Alcorn State Braves,94,78,False,True,OU,ALCN
2025,2024-12-08T01:00Z,Ole Miss Rebels,Lindenwood Lions,86,53,False,True,MISS,LIN
2025,2024-12-08T03:00Z,San Diego State Aztecs,San Diego Toreros,74,57,False,True,SDSU,USD
2025,2024-12-08T18:00Z,Missouri Tigers,Kansas Jayhawks,76,67,False,True,MIZ,KU
2025,2024-12-08T17:00Z,Auburn Tigers,Richmond Spiders,98,54,False,True,AUB,RICH
2025,2024-12-08T23:00Z,Iowa State Cyclones,Jackson State Tigers,100,58,False,True,ISU,JKST
2025,2024-12-08T17:00Z,Purdue Boilermakers,Maryland Terrapins,83,78,False,True,PUR,MD
2025,2024-12-08T23:00Z,Louisville Cardinals,Duke Blue Devils,65,76,False,True,LOU,DUKE
2025,2024-12-08T23:00Z,Oregon Ducks,UCLA Bruins,71,73,False,True,ORE,UCLA
2025,2024-12-08T19:00Z,Cincinnati Bearcats,Howard Bison,84,67,False,True,CIN,HOW
2025,2024-12-08T21:00Z,Memphis Tigers,Arkansas State Red Wolves,72,85,False,True,MEM,ARST
2025,2024-12-08T20:22Z,Texas Tech Red Raiders,Texas A&M Aggies,67,72,True,True,TTU,TA&M
2025,2024-12-08T22:00Z,Texas Longhorns,UConn Huskies,65,76,False,True,TEX,CONN
2025,2024-12-09T23:00Z,Boston University Terriers,Thomas (ME) Terriers,113,75,False,True,BU,THOMA
2025,2024-12-09T23:30Z,Indiana Hoosiers,Minnesota Golden Gophers,82,67,False,True,IU,MINN
2025,2024-12-10T00:00Z,Norfolk State Spartans,Hofstra Pride,67,80,False,True,NORF,HOF
2025,2024-12-10T00:00Z,Columbia Lions,Sarah Lawrence Gryphons,92,46,False,True,COLU,SLC
2025,2024-12-10T00:00Z,South Carolina State Bulldogs,Charleston Southern Buccaneers,82,63,False,True,SCST,CHSO
2025,2024-12-10T00:00Z,VCU Rams,Pennsylvania Quakers,66,47,False,True,VCU,PENN
2025,2024-12-10T01:00Z,Baylor Bears,Abilene Christian Wildcats,88,57,False,True,BAY,ACU
2025,2024-12-10T03:00Z,San José State Spartans,Lincoln University (CA) Oaklanders,117,80,False,True,SJSU,LINCOLNCA
2025,2024-12-10T23:30Z,Tennessee Volunteers,Miami Hurricanes,75,62,True,True,TENN,MIA
2025,2024-12-11T00:00Z,Duke Blue Devils,Incarnate Word Cardinals,72,46,False,True,DUKE,UIW
2025,2024-12-11T02:00Z,Arkansas Razorbacks,Michigan Wolverines,89,87,True,True,ARK,MICH
2025,2024-12-11T01:00Z,Houston Cougars,Troy Trojans,62,42,False,True,HOU,TROY
2025,2024-12-11T02:00Z,Illinois Fighting Illini,Wisconsin Badgers,86,80,False,True,ILL,WIS
2025,2024-12-12T01:00Z,Kentucky Wildcats,Colgate Raiders,78,67,False,True,UK,COLG
2025,2024-12-12T03:00Z,San Diego State Aztecs,California Baptist Lancers,81,75,False,True,SDSU,CBU
2025,2024-12-13T00:30Z,Iowa Hawkeyes,Iowa State Cyclones,80,89,False,True,IOWA,ISU
2025,2024-12-13T18:00Z,North Dakota State Bison,Wisconsin-Stout Blue Devils,91,62,False,True,NDSU,UWST
2025,2024-12-14T00:00Z,Merrimack Warriors,Boston University Terriers,64,61,False,True,MRMK,BU
2025,2024-12-14T00:00Z,George Washington Revolutionaries,Army Black Knights,75,60,False,True,GW,ARMY
2025,2024-12-14T00:30Z,Louisiana Tech Bulldogs,Georgia Southern Eagles,77,63,False,True,LT,GASO
2025,2024-12-14T01:00Z,UTSA Roadrunners,North Dakota Fighting Hawks,80,76,False,True,UTSA,UND
2025,2024-12-14T01:00Z,Nebraska Cornhuskers,Indiana Hoosiers,85,68,False,True,NEB,IU
2025,2024-12-14T01:00Z,Northern Iowa Panthers,Omaha Mavericks,78,58,False,True,UNI,OMA
2025,2024-12-14T02:00Z,St. Thomas-Minnesota Tommies,Western Michigan Broncos,77,71,False,True,STMN,WMU
2025,2024-12-14T02:00Z,Utah Tech Trailblazers,Weber State Wildcats,71,73,False,True,UTU,WEB
2025,2024-12-14T02:00Z,Colorado Buffaloes,South Dakota State Jackrabbits,81,70,False,True,COLO,SDST
2025,2024-12-14T22:30Z,Illinois Fighting Illini,Tennessee Volunteers,64,66,False,True,ILL,TENN
2025,2024-12-14T18:00Z,Auburn Tigers,Ohio State Buckeyes,91,53,True,True,AUB,OSU
2025,2024-12-14T22:15Z,Kentucky Wildcats,Louisville Cardinals,93,85,False,True,UK,LOU
2025,2024-12-15T00:00Z,Dayton Flyers,Marquette Golden Eagles,71,63,False,True,DAY,MARQ
2025,2024-12-15T01:30Z,Alabama Crimson Tide,Creighton Bluejays,83,75,False,True,ALA,CREI
2025,2024-12-15T01:00Z,UConn Huskies,Gonzaga Bulldogs,77,71,True,True,CONN,GONZ
2025,2024-12-14T20:45Z,Florida Gators,Arizona State Sun Devils,83,66,True,True,FLA,ASU
2025,2024-12-14T20:15Z,Kansas Jayhawks,NC State Wolfpack,75,60,False,True,KU,NCSU
2025,2024-12-14T17:00Z,Purdue Boilermakers,Texas A&M Aggies,66,70,True,True,PUR,TA&M
2025,2024-12-15T01:00Z,Oklahoma Sooners,Oklahoma State Cowboys,80,65,True,True,OU,OKST
2025,2024-12-14T16:00Z,Clemson Tigers,Memphis Tigers,82,87,False,True,CLEM,MEM
2025,2024-12-14T21:00Z,Ole Miss Rebels,Southern Miss Golden Eagles,77,46,True,True,MISS,USM
2025,2024-12-14T19:55Z,Butler Bulldogs,Wisconsin Badgers,74,83,True,True,BUT,WIS
2025,2024-12-14T19:00Z,Cincinnati Bearcats,Xavier Musketeers,68,65,False,True,CIN,XAV
2025,2024-12-14T20:00Z,Arizona Wildcats,UCLA Bruins,54,57,True,True,ARIZ,UCLA
2025,2024-12-14T23:00Z,Mississippi State Bulldogs,McNeese Cowboys,66,63,True,True,MSST,MCN
2025,2024-12-15T18:00Z,Iowa State Cyclones,Omaha Mavericks,83,51,False,True,ISU,OMA
2025,2024-12-15T23:00Z,Oregon Ducks,Stephen F. Austin Lumberjacks,79,61,False,True,ORE,SFA
2025,2024-12-17T00:00Z,Marshall Thundering Herd,West Virginia Wesleyan Bobcats,93,63,False,True,MRSH,WVWC
2025,2024-12-17T00:00Z,Charleston Cougars,Wofford Terriers,77,67,False,True,COFC,WOF
2025,2024-12-17T00:00Z,Maryland Eastern Shore Hawks,Cairn University Highlanders,81,64,False,True,UMES,CAIRN
2025,2024-12-17T00:00Z,Central Arkansas Bears,The Citadel Bulldogs,73,71,False,True,CARK,CIT
2025,2024-12-17T00:00Z,Grambling Tigers,SE Louisiana Lions,65,75,False,True,GRAM,SELA
2025,2024-12-17T00:30Z,Sam Houston Bearkats,St. Thomas (TX) Celts,80,54,False,True,SHSU,STTOMTX
2025,2024-12-17T00:30Z,Louisiana Tech Bulldogs,Grand Canyon Lopes,74,66,False,True,LT,GCU
2025,2024-12-17T00:30Z,Middle Tennessee Blue Raiders,California Baptist Lancers,75,64,False,True,MTSU,CBU
2025,2024-12-17T01:00Z,Lipscomb Bisons,Truett-McConnell Bears,99,67,False,True,LIP,TMCN
2025,2024-12-17T01:00Z,Rice Owls,Alcorn State Braves,77,75,False,True,RICE,ALCN
2025,2024-12-17T01:00Z,Northern Colorado Bears,Air Force Falcons,81,76,False,True,UNCO,AF
2025,2024-12-17T01:00Z,Northern Iowa Panthers,Montana Grizzlies,104,76,False,True,UNI,MONT
2025,2024-12-17T01:00Z,Texas Tech Red Raiders,Oral Roberts Golden Eagles,86,50,False,True,TTU,ORU
2025,2024-12-17T01:00Z,TCU Horned Frogs,South Alabama Jaguars,58,49,False,True,TCU,USA
2025,2024-12-17T02:00Z,UTEP Miners,Tarleton State Texans,67,62,False,True,UTEP,TAR
2025,2024-12-17T02:00Z,Utah Tech Trailblazers,Whittier Poets,100,66,False,True,UTU,WHI
2025,2024-12-17T02:00Z,New Mexico State Aggies,Southern Utah Thunderbirds,72,69,False,True,NMSU,SUU
2025,2024-12-17T03:00Z,Portland Pilots,Willamette Bearcats,100,69,False,True,PORT,WLMT
2025,2024-12-18T00:00Z,Tennessee Volunteers,Western Carolina Catamounts,84,36,False,True,TENN,WCU
2025,2024-12-18T01:00Z,Auburn Tigers,Georgia State Panthers,100,59,False,True,AUB,GAST
2025,2024-12-18T00:00Z,Duke Blue Devils,George Mason Patriots,68,47,False,True,DUKE,GMU
2025,2024-12-18T00:00Z,North Carolina Tar Heels,Florida Gators,84,90,True,True,UNC,FLA
2025,2024-12-18T00:00Z,Ole Miss Rebels,Southern Jaguars,74,61,False,True,MISS,SOU
2025,2024-12-18T02:30Z,UCLA Bruins,Prairie View A&M Panthers,111,75,False,True,UCLA,PV
2025,2024-12-18T00:00Z,Oakland Golden Grizzlies,Michigan State Spartans,58,77,True,True,OAK,MSU
2025,2024-12-18T00:00Z,Dayton Flyers,UNLV Rebels,66,65,False,True,DAY,UNLV
2025,2024-12-18T00:00Z,South Carolina Gamecocks,Clemson Tigers,91,88,False,True,SC,CLEM
2025,2024-12-19T02:00Z,North Dakota Fighting Hawks,Alabama Crimson Tide,90,97,False,True,UND,ALA
2025,2024-12-19T02:00Z,Marquette Golden Eagles,Butler Bulldogs,80,70,False,True,MARQ,BUT
2025,2024-12-19T00:00Z,UConn Huskies,Xavier Musketeers,94,89,False,True,CONN,XAV
2025,2024-12-19T02:00Z,Gonzaga Bulldogs,Nicholls Colonels,102,72,False,True,GONZ,NICH
2025,2024-12-19T02:00Z,Oklahoma Sooners,Michigan Wolverines,87,86,True,True,OU,MICH
2025,2024-12-19T01:00Z,Houston Cougars,Toledo Rockets,78,49,False,True,HOU,TOL
2025,2024-12-19T00:00Z,Virginia Cavaliers,Memphis Tigers,62,64,False,True,UVA,MEM
2025,2024-12-19T16:00Z,Western Carolina Catamounts,Milligan Buffaloes,78,69,False,True,WCU,MILLI
2025,2024-12-19T17:15Z,Rice Owls,UNT Dallas Trailblazers,68,69,False,True,RICE,UNTD
2025,2024-12-19T18:00Z,UTSA Roadrunners,Southwestern Adventist Knights,117,58,False,True,UTSA,SOUTH
2025,2024-12-19T22:00Z,Norfolk State Spartans,Alabama State Hornets,71,54,True,True,NORF,ALST
2025,2024-12-19T23:00Z,Incarnate Word Cardinals,Schreiner Mountaineers,101,57,False,True,UIW,SCHRE
2025,2024-12-19T23:30Z,UNC Asheville Bulldogs,Virginia-Lynchburg Dragons,114,60,False,True,UNCA,VUL
2025,2024-12-20T00:00Z,Saint Francis Red Flash,Franciscan University Barons,104,47,False,True,SFPA,FRN
2025,2024-12-20T00:00Z,Georgia Bulldogs,Buffalo Bulls,100,49,False,True,UGA,BUF
2025,2024-12-20T00:00Z,Cleveland State Vikings,Oakland Golden Grizzlies,92,75,False,True,CLE,OAK
2025,2024-12-20T00:00Z,North Alabama Lions,Charleston Southern Buccaneers,86,69,False,True,UNA,CHSO
2025,2024-12-20T00:30Z,Delaware State Hornets,Grambling Tigers,73,60,True,True,DSU,GRAM
2025,2024-12-20T00:30Z,Belmont Bruins,UC Irvine Anteaters,84,92,False,True,BEL,UCI
2025,2024-12-20T00:30Z,Middle Tennessee Blue Raiders,Lipscomb Bisons,67,65,False,True,MTSU,LIP
2025,2024-12-20T00:30Z,Morehead State Eagles,UT Martin Skyhawks,70,69,False,True,MORE,UTM
2025,2024-12-20T01:00Z,South Dakota State Jackrabbits,Chadron State Eagles,87,72,False,True,SDST,CHAD
2025,2024-12-20T01:00Z,Texas Longhorns,New Orleans Privateers,98,62,False,True,TEX,UNO
2025,2024-12-20T01:00Z,Little Rock Trojans,SIU Edwardsville Cougars,60,56,False,True,LR,SIUE
2025,2024-12-20T01:30Z,Wyoming Cowboys,Bellarmine Knights,92,55,False,True,WYO,BELL
2025,2024-12-20T01:30Z,Southern Indiana Screaming Eagles,Tennessee State Tigers,77,75,False,True,USI,TNST
2025,2024-12-20T01:30Z,Lindenwood Lions,Tennessee Tech Golden Eagles,73,79,False,True,LIN,TNTC
2025,2024-12-20T01:30Z,Southeast Missouri State Redhawks,Eastern Illinois Panthers,79,72,False,True,SEMO,EIU
2025,2024-12-20T02:00Z,New Mexico State Aggies,Northern New Mexico Eagles,87,50,False,True,NMSU,NNMC
2025,2024-12-20T02:00Z,Utah Tech Trailblazers,South Dakota Coyotes,92,87,False,True,UTU,SDAK
2025,2024-12-20T02:00Z,Grand Canyon Lopes,Chicago State Cougars,74,51,False,True,GCU,CHST
2025,2024-12-20T02:00Z,Pepperdine Waves,Long Beach State Beach,76,79,False,True,PEPP,LBSU
2025,2024-12-20T03:00Z,Saint Mary's Gaels,Merrimack Warriors,73,68,False,True,SMC,MRMK
2025,2024-12-20T19:00Z,Texas A&M Aggies,Houston Christian Huskies,77,45,False,True,TA&M,HCU
2025,2024-12-21T01:30Z,Dayton Flyers,Cincinnati Bearcats,59,66,True,True,DAY,CIN
2025,2024-12-21T21:30Z,Auburn Tigers,Purdue Boilermakers,87,69,True,True,AUB,PUR
2025,2024-12-21T22:30Z,Ohio State Buckeyes,Kentucky Wildcats,85,65,True,True,OSU,UK
2025,2024-12-21T17:00Z,Georgia Tech Yellow Jackets,Duke Blue Devils,56,82,False,True,GT,DUKE
2025,2024-12-21T17:00Z,Florida Gators,North Florida Ospreys,99,45,False,True,FLA,UNF
2025,2024-12-21T17:00Z,Xavier Musketeers,Marquette Golden Eagles,70,72,False,True,XAV,MARQ
2025,2024-12-22T01:00Z,Stanford Cardinal,Oregon Ducks,61,76,True,True,STAN,ORE
2025,2024-12-21T17:00Z,Butler Bulldogs,UConn Huskies,74,78,False,True,BUT,CONN
2025,2024-12-22T02:00Z,Gonzaga Bulldogs,Bucknell Bison,86,65,False,True,GONZ,BUCK
2025,2024-12-21T19:00Z,Houston Cougars,Texas A&M-Corpus Christi Islanders,87,51,False,True,HOU,AMCC
2025,2024-12-21T22:00Z,Ole Miss Rebels,Queens University Royals,80,62,False,True,MISS,QUC
2025,2024-12-21T20:00Z,UCLA Bruins,North Carolina Tar Heels,74,76,True,True,UCLA,UNC
2025,2024-12-21T19:00Z,Michigan State Spartans,Florida Atlantic Owls,86,69,False,True,MSU,FAU
2025,2024-12-21T17:30Z,Memphis Tigers,Mississippi State Bulldogs,66,79,False,True,MEM,MSST
2025,2024-12-22T03:30Z,California Golden Bears,San Diego State Aztecs,50,71,True,True,CAL,SDSU
2025,2024-12-21T19:00Z,Clemson Tigers,Wake Forest Demon Deacons,73,62,False,True,CLEM,WAKE
2025,2024-12-22T18:00Z,Iowa State Cyclones,Morgan State Bears,99,72,False,True,ISU,MORG
2025,2024-12-22T18:00Z,Alabama Crimson Tide,Kent State Golden Flashes,81,54,False,True,ALA,KENT
2025,2024-12-22T20:00Z,Kansas Jayhawks,Brown Bears,87,53,False,True,KU,BRWN
2025,2024-12-22T18:00Z,Oklahoma Sooners,Central Arkansas Bears,89,66,False,True,OU,CARK
2025,2024-12-22T21:00Z,Cincinnati Bearcats,Grambling Tigers,84,49,False,True,CIN,GRAM
2025,2024-12-22T18:00Z,Michigan Wolverines,Purdue Fort Wayne Mastodons,89,58,False,True,MICH,PFW
2025,2024-12-24T00:00Z,Tennessee Volunteers,Middle Tennessee Blue Raiders,82,64,False,True,TENN,MTSU
2025,2024-12-25T18:30Z,Murray State Racers,Loyola Chicago Ramblers,71,68,True,True,MUR,LUC
2025,2024-12-25T21:18Z,Charlotte 49ers,Charleston Cougars,81,84,True,True,CLT,COFC
2025,2024-12-26T00:00Z,Hawai'i Rainbow Warriors,Oakland Golden Grizzlies,73,70,False,True,HAW,OAK
2025,2024-12-26T02:45Z,Nebraska Cornhuskers,Oregon State Beavers,78,66,True,True,NEB,ORST
2025,2024-12-28T00:00Z,Baylor Bears,Arlington Baptist Patriots,107,53,False,True,BAY,ABU
2025,2024-12-28T21:00Z,Texas A&M Aggies,Abilene Christian Wildcats,92,54,False,True,TA&M,ACU
2025,2024-12-28T21:00Z,UCLA Bruins,Gonzaga Bulldogs,65,62,True,True,UCLA,GONZ
2025,2024-12-28T19:00Z,Memphis Tigers,Ole Miss Rebels,87,70,False,True,MEM,MISS
2025,2024-12-28T23:00Z,San Diego State Aztecs,Utah State Aggies,66,67,False,True,SDSU,USU
2025,2024-12-29T20:00Z,Alabama Crimson Tide,South Dakota State Jackrabbits,105,82,False,True,ALA,SDST
2025,2024-12-29T18:00Z,Florida Gators,Stetson Hatters,85,45,False,True,FLA,STET
2025,2024-12-29T22:00Z,Oregon Ducks,Weber State Wildcats,89,49,False,True,ORE,WEB
2025,2024-12-29T19:00Z,Oklahoma Sooners,Prairie View A&M Panthers,89,67,False,True,OU,PV
2025,2024-12-29T23:00Z,Purdue Boilermakers,Toledo Rockets,83,64,False,True,PUR,TOL
2025,2024-12-29T19:00Z,Illinois Fighting Illini,Chicago State Cougars,117,64,False,True,ILL,CHST
2025,2024-12-30T23:30Z,Auburn Tigers,Monmouth Hawks,87,58,False,True,AUB,MONM
2025,2024-12-31T02:00Z,Colorado Buffaloes,Iowa State Cyclones,69,79,False,True,COLO,ISU
2025,2024-12-31T01:00Z,Oklahoma State Cowboys,Houston Cougars,47,60,False,True,OKST,HOU
2025,2024-12-31T00:00Z,Kansas State Wildcats,Cincinnati Bearcats,70,67,False,True,KSU,CIN
2025,2024-12-31T02:00Z,Mississippi State Bulldogs,Bethune-Cookman Wildcats,87,73,False,True,MSST,BCU
2025,2024-12-30T20:00Z,Michigan State Spartans,Western Michigan Broncos,80,62,False,True,MSU,WMU
2025,2024-12-31T03:00Z,Pepperdine Waves,Gonzaga Bulldogs,82,89,False,True,PEPP,GONZ
2025,2024-12-31T01:00Z,Arkansas Razorbacks,Oakland Golden Grizzlies,92,62,False,True,ARK,OAK
2025,2024-12-31T20:00Z,Tennessee Volunteers,Norfolk State Spartans,67,52,False,True,TENN,NORF
2025,2024-12-31T21:30Z,Duke Blue Devils,Virginia Tech Hokies,88,65,False,True,DUKE,VT
2025,2024-12-31T19:00Z,Kansas Jayhawks,West Virginia Mountaineers,61,62,False,True,KU,WVU
2025,2024-12-31T23:00Z,Providence Friars,Marquette Golden Eagles,50,78,False,True,PROV,MARQ
2025,2024-12-31T19:00Z,Kentucky Wildcats,Brown Bears,88,54,False,True,UK,BRWN
2025,2024-12-31T19:00Z,Baylor Bears,Utah Utes,81,56,False,True,BAY,UTAH
2025,2025-01-01T19:00Z,DePaul Blue Demons,UConn Huskies,68,81,False,True,DEP,CONN
2025,2025-01-03T03:00Z,Oregon Ducks,Illinois Fighting Illini,77,109,False,True,ORE,ILL
2025,2025-01-03T02:00Z,Gonzaga Bulldogs,Portland Pilots,81,50,False,True,GONZ,PORT
2025,2025-01-03T01:00Z,Minnesota Golden Gophers,Purdue Boilermakers,61,81,False,True,MINN,PUR
2025,2025-01-03T00:00Z,Florida Atlantic Owls,Memphis Tigers,62,90,False,True,FAU,MEM
2025,2025-01-04T02:00Z,Marquette Golden Eagles,Creighton Bluejays,79,71,False,True,MARQ,CREI
2025,2025-01-04T01:00Z,Ohio State Buckeyes,Michigan State Spartans,62,69,False,True,OSU,MSU
2025,2025-01-04T18:00Z,Tennessee Volunteers,Arkansas Razorbacks,76,52,False,True,TENN,ARK
2025,2025-01-04T21:00Z,Auburn Tigers,Missouri Tigers,84,68,False,True,AUB,MIZ
2025,2025-01-04T19:00Z,Iowa State Cyclones,Baylor Bears,74,55,False,True,ISU,BAY
2025,2025-01-04T19:15Z,SMU Mustangs,Duke Blue Devils,62,89,False,True,SMU,DUKE
2025,2025-01-04T23:00Z,Alabama Crimson Tide,Oklahoma Sooners,107,79,False,True,ALA,OU
2025,2025-01-04T16:00Z,Kentucky Wildcats,Florida Gators,106,100,False,True,UK,FLA
2025,2025-01-05T01:00Z,Texas A&M Aggies,Texas Longhorns,80,60,False,True,TA&M,TEX
2025,2025-01-04T19:00Z,Houston Cougars,BYU Cougars,86,55,False,True,HOU,BYU
2025,2025-01-04T19:00Z,Nebraska Cornhuskers,UCLA Bruins,66,58,False,True,NEB,UCLA
2025,2025-01-04T19:30Z,Cincinnati Bearcats,Arizona Wildcats,67,72,False,True,CIN,ARIZ
2025,2025-01-04T19:00Z,Mississippi State Bulldogs,South Carolina Gamecocks,85,50,False,True,MSST,SC
2025,2025-01-05T02:00Z,Loyola Marymount Lions,Gonzaga Bulldogs,68,96,False,True,LMU,GONZ
2025,2025-01-04T17:00Z,Ole Miss Rebels,Georgia Bulldogs,63,51,False,True,MISS,UGA
2025,2025-01-05T21:00Z,UCF Knights,Kansas Jayhawks,48,99,False,True,UCF,KU
2025,2025-01-05T21:00Z,Oregon Ducks,Maryland Terrapins,83,79,False,True,ORE,MD
2025,2025-01-05T19:00Z,UConn Huskies,Providence Friars,87,84,False,True,CONN,PROV
2025,2025-01-05T19:00Z,Purdue Boilermakers,Northwestern Wildcats,79,61,False,True,PUR,NU
2025,2025-01-05T22:00Z,Memphis Tigers,North Texas Mean Green,68,64,False,True,MEM,UNT
2025,2025-01-05T21:00Z,Washington Huskies,Illinois Fighting Illini,77,81,False,True,WASH,ILL
2025,2025-01-07T02:00Z,Houston Cougars,TCU Horned Frogs,65,46,False,True,HOU,TCU
2025,2025-01-08T00:00Z,Florida Gators,Tennessee Volunteers,73,43,False,True,FLA,TENN
2025,2025-01-08T02:00Z,Texas Longhorns,Auburn Tigers,82,87,False,True,TEX,AUB
2025,2025-01-08T01:00Z,Iowa State Cyclones,Utah Utes,82,59,False,True,ISU,UTAH
2025,2025-01-08T00:00Z,Duke Blue Devils,Pittsburgh Panthers,76,47,False,True,DUKE,PITT
2025,2025-01-08T00:00Z,Georgia Bulldogs,Kentucky Wildcats,82,69,False,True,UGA,UK
2025,2025-01-08T01:00Z,Marquette Golden Eagles,Georgetown Hoyas,74,66,False,True,MARQ,GTWN
2025,2025-01-08T02:00Z,Vanderbilt Commodores,Mississippi State Bulldogs,64,76,False,True,VAN,MSST
2025,2025-01-08T00:00Z,West Virginia Mountaineers,Arizona Wildcats,56,75,False,True,WVU,ARIZ
2025,2025-01-08T03:00Z,UCLA Bruins,Michigan Wolverines,75,94,False,True,UCLA,MICH
2025,2025-01-08T03:00Z,San José State Spartans,Utah State Aggies,78,85,False,True,SJSU,USU
2025,2025-01-09T00:00Z,South Carolina Gamecocks,Alabama Crimson Tide,68,88,False,True,SC,ALA
2025,2025-01-08T23:30Z,Villanova Wildcats,UConn Huskies,68,66,False,True,VILL,CONN
2025,2025-01-09T02:00Z,Oklahoma Sooners,Texas A&M Aggies,78,80,False,True,OU,TA&M
2025,2025-01-09T02:00Z,Kansas Jayhawks,Arizona State Sun Devils,74,55,False,True,KU,ASU
2025,2025-01-09T02:00Z,Illinois Fighting Illini,Penn State Nittany Lions,91,52,False,True,ILL,PSU
2025,2025-01-09T02:00Z,Gonzaga Bulldogs,San Diego Toreros,93,80,False,True,GONZ,USD
2025,2025-01-09T00:00Z,Arkansas Razorbacks,Ole Miss Rebels,66,73,False,True,ARK,MISS
2025,2025-01-09T23:00Z,Ohio State Buckeyes,Oregon Ducks,71,73,False,True,OSU,ORE
2025,2025-01-10T01:15Z,Michigan State Spartans,Washington Huskies,88,54,False,True,MSU,WASH
2025,2025-01-09T23:00Z,Rutgers Scarlet Knights,Purdue Boilermakers,50,68,False,True,RUTG,PUR
2025,2025-01-11T01:00Z,Maryland Terrapins,UCLA Bruins,79,61,False,True,MD,UCLA
2025,2025-01-11T23:00Z,Texas Longhorns,Tennessee Volunteers,70,74,False,True,TEX,TENN
2025,2025-01-11T18:00Z,South Carolina Gamecocks,Auburn Tigers,63,66,False,True,SC,AUB
2025,2025-01-11T19:00Z,Texas Tech Red Raiders,Iowa State Cyclones,84,85,False,True,TTU,ISU
2025,2025-01-11T17:00Z,Duke Blue Devils,Notre Dame Fighting Irish,86,78,False,True,DUKE,ND
2025,2025-01-12T01:00Z,Texas A&M Aggies,Alabama Crimson Tide,88,94,False,True,TA&M,ALA
2025,2025-01-12T01:30Z,Mississippi State Bulldogs,Kentucky Wildcats,90,95,False,True,MSST,UK
2025,2025-01-11T21:00Z,Arkansas Razorbacks,Florida Gators,63,71,False,True,ARK,FLA
2025,2025-01-11T19:00Z,Georgetown Hoyas,UConn Huskies,60,68,False,True,GTWN,CONN
2025,2025-01-11T19:00Z,Cincinnati Bearcats,Kansas Jayhawks,40,54,False,True,CIN,KU
2025,2025-01-11T23:00Z,Kansas State Wildcats,Houston Cougars,57,87,False,True,KSU,HOU
2025,2025-01-11T17:00Z,Illinois Fighting Illini,USC Trojans,72,82,False,True,ILL,USC
2025,2025-01-11T23:00Z,Georgia Bulldogs,Oklahoma Sooners,72,62,False,True,UGA,OU
2025,2025-01-12T02:00Z,Gonzaga Bulldogs,Washington State Cougars,88,75,False,True,GONZ,WSU
2025,2025-01-11T19:00Z,Memphis Tigers,East Carolina Pirates,74,70,False,True,MEM,ECU
2025,2025-01-11T23:00Z,Ole Miss Rebels,LSU Tigers,77,65,False,True,MISS,LSU
2025,2025-01-12T02:00Z,Utah State Aggies,Boise State Broncos,81,79,False,True,USU,BOIS
2025,2025-01-12T21:00Z,Penn State Nittany Lions,Oregon Ducks,81,82,False,True,PSU,ORE
2025,2025-01-12T17:00Z,Northwestern Wildcats,Michigan State Spartans,68,78,False,True,NU,MSU
2025,2025-01-12T17:00Z,Purdue Boilermakers,Nebraska Cornhuskers,104,68,False,True,PUR,NEB
2025,2025-01-12T20:00Z,Colorado Buffaloes,West Virginia Mountaineers,70,78,False,True,COLO,WVU
2025,2025-01-12T19:00Z,Michigan Wolverines,Washington Huskies,91,75,False,True,MICH,WASH
2025,2025-01-13T23:30Z,Rutgers Scarlet Knights,UCLA Bruins,75,68,False,True,RUTG,UCLA
2025,2025-01-13T23:30Z,Maryland Terrapins,Minnesota Golden Gophers,77,71,False,True,MD,MINN
2025,2025-01-13T23:40Z,Arkansas-Pine Bluff Golden Lions,Prairie View A&M Panthers,64,75,False,True,UAPB,PV
2025,2025-01-14T00:00Z,Notre Dame Fighting Irish,Boston College Eagles,78,60,False,True,ND,BC
2025,2025-01-14T00:00Z,Mississippi Valley State Delta Devils,Texas Southern Tigers,53,82,False,True,MVSU,TXSO
2025,2025-01-14T00:00Z,Loyola Maryland Greyhounds,American University Eagles,54,73,False,True,L-MD,AMER
2025,2025-01-14T00:00Z,Alcorn State Braves,Alabama State Hornets,67,65,False,True,ALCN,ALST
2025,2025-01-14T00:00Z,Furman Paladins,Wofford Terriers,62,81,False,True,FUR,WOF
2025,2025-01-14T00:30Z,Southern Jaguars,Bethune-Cookman Wildcats,69,53,False,True,SOU,BCU
2025,2025-01-14T00:30Z,UT Rio Grande Valley Vaqueros,East Texas A&M Lions,57,55,False,True,RGV,ETAM
2025,2025-01-14T00:30Z,Incarnate Word Cardinals,Nicholls Colonels,82,88,False,True,UIW,NICH
2025,2025-01-14T00:30Z,Stephen F. Austin Lumberjacks,SE Louisiana Lions,59,66,False,True,SFA,SELA
2025,2025-01-14T00:50Z,Morgan State Bears,Norfolk State Spartans,78,74,False,True,MORG,NORF
2025,2025-01-14T00:55Z,South Carolina State Bulldogs,Maryland Eastern Shore Hawks,78,64,False,True,SCST,UMES
2025,2025-01-14T01:00Z,North Carolina Central Eagles,Delaware State Hornets,75,72,False,True,NCCU,DSU
2025,2025-01-14T01:00Z,Howard Bison,Coppin State Eagles,90,75,False,True,HOW,COPP
2025,2025-01-14T01:00Z,Jackson State Tigers,Alabama A&M Bulldogs,103,93,False,True,JKST,AAMU
2025,2025-01-14T01:00Z,Texas A&M-Corpus Christi Islanders,Northwestern State Demons,73,64,False,True,AMCC,NWST
2025,2025-01-14T01:00Z,Lamar Cardinals,New Orleans Privateers,62,68,False,True,LAM,UNO
2025,2025-01-14T01:00Z,Houston Christian Huskies,McNeese Cowboys,59,75,False,True,HCU,MCN
2025,2025-01-14T02:00Z,Elon Phoenix,Campbell Fighting Camels,81,68,False,True,ELON,CAM
2025,2025-01-14T02:15Z,Grambling Tigers,Florida A&M Rattlers,79,72,False,True,GRAM,FAMU
2025,2025-01-15T00:00Z,Auburn Tigers,Mississippi State Bulldogs,88,66,False,True,AUB,MSST
2025,2025-01-15T02:10Z,Duke Blue Devils,Miami Hurricanes,89,54,False,True,DUKE,MIA
2025,2025-01-15T00:00Z,Alabama Crimson Tide,Ole Miss Rebels,64,74,False,True,ALA,MISS
2025,2025-01-15T02:04Z,Florida Gators,Missouri Tigers,82,83,False,True,FLA,MIZ
2025,2025-01-15T00:00Z,DePaul Blue Demons,Marquette Golden Eagles,83,85,False,True,DEP,MARQ
2025,2025-01-15T00:00Z,Kentucky Wildcats,Texas A&M Aggies,81,69,False,True,UK,TA&M
2025,2025-01-15T00:00Z,Indiana Hoosiers,Illinois Fighting Illini,69,94,False,True,IU,ILL
2025,2025-01-15T02:00Z,Wisconsin Badgers,Ohio State Buckeyes,70,68,False,True,WIS,OSU
2025,2025-01-15T04:00Z,Arizona Wildcats,Baylor Bears,81,70,False,True,ARIZ,BAY
2025,2025-01-16T00:00Z,Iowa State Cyclones,Kansas Jayhawks,74,57,False,True,ISU,KU
2025,2025-01-16T01:00Z,Tennessee Volunteers,Georgia Bulldogs,74,56,False,True,TENN,UGA
2025,2025-01-16T01:00Z,Houston Cougars,West Virginia Mountaineers,70,54,False,True,HOU,WVU
2025,2025-01-16T00:30Z,Michigan State Spartans,Penn State Nittany Lions,90,85,False,True,MSU,PSU
2025,2025-01-16T02:30Z,Washington Huskies,Purdue Boilermakers,58,69,False,True,WASH,PUR
2025,2025-01-16T04:00Z,UNLV Rebels,Utah State Aggies,65,62,False,True,UNLV,USU
2025,2025-01-17T04:00Z,Oregon State Beavers,Gonzaga Bulldogs,97,89,False,True,ORST,GONZ
2025,2025-01-17T00:00Z,Temple Owls,Memphis Tigers,88,81,False,True,TEM,MEM
2025,2025-01-17T00:00Z,Minnesota Golden Gophers,Michigan Wolverines,84,81,False,True,MINN,MICH
2025,2025-01-17T23:00Z,Akron Zips,Ohio Bobcats,92,80,False,True,AKR,OHIO
2025,2025-01-18T00:00Z,Saint Joseph's Hawks,VCU Rams,69,78,False,True,JOES,VCU
2025,2025-01-18T00:00Z,Villanova Wildcats,Providence Friars,75,73,False,True,VILL,PROV
2025,2025-01-18T00:00Z,Green Bay Phoenix,Robert Morris Colonials,67,89,False,True,GB,RMU
2025,2025-01-18T01:00Z,Ohio State Buckeyes,Indiana Hoosiers,76,77,False,True,OSU,IU
2025,2025-01-18T01:00Z,Georgetown Hoyas,DePaul Blue Demons,68,73,False,True,GTWN,DEP
2025,2025-01-18T01:00Z,Milwaukee Panthers,Youngstown State Penguins,79,64,False,True,MILW,YSU
2025,2025-01-18T02:00Z,UCLA Bruins,Iowa Hawkeyes,94,70,False,True,UCLA,IOWA
2025,2025-01-18T03:00Z,Fresno State Bulldogs,Air Force Falcons,74,65,False,True,FRES,AF
2025,2025-01-18T04:00Z,New Mexico Lobos,Boise State Broncos,84,65,False,True,UNM,BOIS
2025,2025-01-18T18:00Z,Georgia Bulldogs,Auburn Tigers,68,70,False,True,UGA,AUB
2025,2025-01-18T22:00Z,West Virginia Mountaineers,Iowa State Cyclones,64,57,False,True,WVU,ISU
2025,2025-01-19T01:00Z,Boston College Eagles,Duke Blue Devils,63,88,False,True,BC,DUKE
2025,2025-01-18T17:00Z,Kentucky Wildcats,Alabama Crimson Tide,97,102,False,True,UK,ALA
2025,2025-01-18T21:00Z,Florida Gators,Texas Longhorns,84,60,False,True,FLA,TEX
2025,2025-01-18T20:30Z,Vanderbilt Commodores,Tennessee Volunteers,76,75,False,True,VAN,TENN
2025,2025-01-18T19:00Z,Marquette Golden Eagles,Xavier Musketeers,57,59,False,True,MARQ,XAV
2025,2025-01-18T18:00Z,Kansas Jayhawks,Kansas State Wildcats,84,74,False,True,KU,KSU
2025,2025-01-18T17:00Z,UCF Knights,Houston Cougars,68,69,False,True,UCF,HOU
2025,2025-01-19T01:30Z,Texas A&M Aggies,LSU Tigers,68,57,False,True,TA&M,LSU
2025,2025-01-18T20:00Z,Oregon Ducks,Purdue Boilermakers,58,65,False,True,ORE,PUR
2025,2025-01-18T17:00Z,UConn Huskies,Creighton Bluejays,63,68,False,True,CONN,CREI
2025,2025-01-18T23:00Z,Mississippi State Bulldogs,Ole Miss Rebels,84,81,False,True,MSST,MISS
2025,2025-01-19T02:00Z,Gonzaga Bulldogs,Santa Clara Broncos,99,103,False,True,GONZ,SCU
2025,2025-01-18T20:00Z,USC Trojans,Wisconsin Badgers,69,84,False,True,USC,WIS
2025,2025-01-19T17:00Z,Michigan State Spartans,Illinois Fighting Illini,80,78,False,True,MSU,ILL
2025,2025-01-19T20:00Z,Charlotte 49ers,Memphis Tigers,68,77,False,True,CLT,MEM
2025,2025-01-19T19:00Z,Michigan Wolverines,Northwestern Wildcats,80,76,False,True,MICH,NU
2025,2025-01-19T22:00Z,Baylor Bears,TCU Horned Frogs,71,74,False,True,BAY,TCU
2025,2025-01-20T18:00Z,Wagner Seahawks,Saint Francis Red Flash,70,68,False,True,WAG,SFPA
2025,2025-01-20T18:00Z,UNC Wilmington Seahawks,William & Mary Tribe,85,74,False,True,UNCW,W&M
2025,2025-01-20T19:00Z,Cornell Big Red,Brown Bears,82,83,False,True,COR,BRWN
2025,2025-01-20T19:00Z,Harvard Crimson,Pennsylvania Quakers,67,82,False,True,HARV,PENN
2025,2025-01-20T19:00Z,Princeton Tigers,Columbia Lions,71,67,False,True,PRIN,COLU
2025,2025-01-20T19:00Z,Prairie View A&M Panthers,Alcorn State Braves,70,78,False,True,PV,ALCN
2025,2025-01-20T19:00Z,Long Island University Sharks,Mercyhurst Lakers,72,63,False,True,LIU,MERC
2025,2025-01-20T19:00Z,Yale Bulldogs,Dartmouth Big Green,83,67,False,True,YALE,DART
2025,2025-01-20T19:00Z,Northwestern State Demons,New Orleans Privateers,73,61,False,True,NWST,UNO
2025,2025-01-20T19:00Z,Nicholls Colonels,Lamar Cardinals,74,78,False,True,NICH,LAM
2025,2025-01-20T19:00Z,East Texas A&M Lions,SE Louisiana Lions,68,76,False,True,ETAM,SELA
2025,2025-01-20T20:00Z,Drexel Dragons,Hofstra Pride,60,55,False,True,DREX,HOF
2025,2025-01-20T21:00Z,Howard Bison,Morehouse Maroon Tigers,76,79,False,True,HOW,MRHO
2025,2025-01-20T21:00Z,Texas Southern Tigers,Jackson State Tigers,81,73,False,True,TXSO,JKST
2025,2025-01-20T21:00Z,McNeese Cowboys,Stephen F. Austin Lumberjacks,79,59,False,True,MCN,SFA
2025,2025-01-20T22:00Z,Norfolk State Spartans,Washington Adventist Shock,105,42,False,True,NORF,WAAD
2025,2025-01-20T22:12Z,New Mexico Lobos,Fresno State Bulldogs,95,67,False,True,UNM,FRES
2025,2025-01-20T22:30Z,Incarnate Word Cardinals,UT Rio Grande Valley Vaqueros,78,85,False,True,UIW,RGV
2025,2025-01-20T23:00Z,Villanova Wildcats,Georgetown Hoyas,63,64,False,True,VILL,GTWN
2025,2025-01-20T23:30Z,Penn State Nittany Lions,Rutgers Scarlet Knights,80,72,False,True,PSU,RUTG
2025,2025-01-21T00:00Z,Florida A&M Rattlers,Mississippi Valley State Delta Devils,83,53,False,True,FAMU,MVSU
2025,2025-01-21T00:00Z,Bethune-Cookman Wildcats,Arkansas-Pine Bluff Golden Lions,73,64,False,True,BCU,UAPB
2025,2025-01-21T00:00Z,Colgate Raiders,Bucknell Bison,87,80,False,True,COLG,BUCK
2025,2025-01-21T00:00Z,Le Moyne Dolphins,Stonehill Skyhawks,73,72,False,True,LEM,STO
2025,2025-01-21T00:00Z,Chicago State Cougars,Fairleigh Dickinson Knights,48,58,False,True,CHST,FDU
2025,2025-01-21T00:00Z,Houston Christian Huskies,Texas A&M-Corpus Christi Islanders,76,72,False,True,HCU,AMCC
2025,2025-01-21T02:00Z,Montana Grizzlies,Idaho Vandals,72,67,False,True,MONT,IDHO
2025,2025-01-21T02:00Z,Montana State Bobcats,Eastern Washington Eagles,74,64,False,True,MTST,EWU
2025,2025-01-21T02:00Z,North Carolina A&T Aggies,Hampton Pirates,73,74,False,True,NCAT,HAMP
2025,2025-01-22T01:00Z,Iowa State Cyclones,UCF Knights,108,83,False,True,ISU,UCF
2025,2025-01-22T00:00Z,Alabama Crimson Tide,Vanderbilt Commodores,103,87,False,True,ALA,VAN
2025,2025-01-22T00:00Z,Tennessee Volunteers,Mississippi State Bulldogs,68,56,False,True,TENN,MSST
2025,2025-01-22T01:00Z,Seton Hall Pirates,Marquette Golden Eagles,59,76,False,True,HALL,MARQ
2025,2025-01-22T00:30Z,Purdue Boilermakers,Ohio State Buckeyes,70,73,False,True,PUR,OSU
2025,2025-01-22T04:00Z,Oregon Ducks,Washington Huskies,82,71,False,True,ORE,WASH
2025,2025-01-22T02:30Z,UCLA Bruins,Wisconsin Badgers,85,83,False,True,UCLA,WIS
2025,2025-01-22T00:00Z,UConn Huskies,Butler Bulldogs,80,78,False,True,CONN,BUT
2025,2025-01-22T02:00Z,Texas Longhorns,Missouri Tigers,61,53,False,True,TEX,MIZ
2025,2025-01-22T02:00Z,West Virginia Mountaineers,Arizona State Sun Devils,57,65,False,True,WVU,ASU
2025,2025-01-22T02:00Z,SMU Mustangs,Louisville Cardinals,73,98,False,True,SMU,LOU
2025,2025-01-23T00:00Z,South Carolina Gamecocks,Florida Gators,69,70,False,True,SC,FLA
2025,2025-01-22T23:00Z,Houston Cougars,Utah Utes,70,36,False,True,HOU,UTAH
2025,2025-01-23T00:00Z,TCU Horned Frogs,Kansas Jayhawks,61,74,False,True,TCU,KU
2025,2025-01-23T02:00Z,Ole Miss Rebels,Texas A&M Aggies,62,63,False,True,MISS,TA&M
2025,2025-01-23T00:00Z,St. John's Red Storm,Xavier Musketeers,79,71,False,True,SJU,XAV
2025,2025-01-24T02:00Z,Illinois Fighting Illini,Maryland Terrapins,70,91,False,True,ILL,MD
2025,2025-01-24T00:00Z,Memphis Tigers,Wichita State Shockers,61,53,False,True,MEM,WICH
2025,2025-01-25T00:00Z,Marquette Golden Eagles,Villanova Wildcats,87,74,False,True,MARQ,VILL
2025,2025-01-25T01:00Z,Purdue Boilermakers,Michigan Wolverines,91,64,False,True,PUR,MICH
2025,2025-01-26T01:30Z,Auburn Tigers,Tennessee Volunteers,53,51,False,True,AUB,TENN
2025,2025-01-25T21:30Z,Wake Forest Demon Deacons,Duke Blue Devils,56,63,False,True,WAKE,DUKE
2025,2025-01-25T19:00Z,Arizona State Sun Devils,Iowa State Cyclones,61,76,False,True,ASU,ISU
2025,2025-01-26T01:30Z,Alabama Crimson Tide,LSU Tigers,80,73,False,True,ALA,LSU
2025,2025-01-25T20:30Z,Florida Gators,Georgia Bulldogs,89,59,False,True,FLA,UGA
2025,2025-01-25T23:30Z,Kansas Jayhawks,Houston Cougars,86,92,False,True,KU,HOU
2025,2025-01-25T18:30Z,Rutgers Scarlet Knights,Michigan State Spartans,74,81,False,True,RUTG,MSU
2025,2025-01-25T19:30Z,Vanderbilt Commodores,Kentucky Wildcats,74,69,False,True,VAN,UK
2025,2025-01-25T19:30Z,Texas Longhorns,Texas A&M Aggies,70,69,False,True,TEX,TA&M
2025,2025-01-25T18:00Z,South Carolina Gamecocks,Mississippi State Bulldogs,60,65,False,True,SC,MSST
2025,2025-01-25T21:00Z,Minnesota Golden Gophers,Oregon Ducks,77,69,False,True,MINN,ORE
2025,2025-01-25T23:00Z,Missouri Tigers,Ole Miss Rebels,83,75,False,True,MIZ,MISS
2025,2025-01-26T01:00Z,Xavier Musketeers,UConn Huskies,76,72,False,True,XAV,CONN
2025,2025-01-25T23:00Z,Kansas State Wildcats,West Virginia Mountaineers,73,60,False,True,KSU,WVU
2025,2025-01-26T20:00Z,Illinois Fighting Illini,Northwestern Wildcats,83,74,False,True,ILL,NU
2025,2025-01-26T18:00Z,Wisconsin Badgers,Nebraska Cornhuskers,83,55,False,True,WIS,NEB
2025,2025-01-26T18:00Z,Memphis Tigers,UAB Blazers,100,77,False,True,MEM,UAB
2025,2025-01-28T01:30Z,Duke Blue Devils,NC State Wolfpack,74,64,False,True,DUKE,NCSU
2025,2025-01-28T03:30Z,Arizona Wildcats,Iowa State Cyclones,86,75,False,True,ARIZ,ISU
2025,2025-01-29T01:00Z,Michigan State Spartans,Minnesota Golden Gophers,73,51,False,True,MSU,MINN
2025,2025-01-29T00:00Z,Tennessee Volunteers,Kentucky Wildcats,73,78,False,True,TENN,UK
2025,2025-01-29T01:30Z,Butler Bulldogs,Marquette Golden Eagles,69,78,False,True,BUT,MARQ
2025,2025-01-29T01:00Z,Kansas Jayhawks,UCF Knights,91,87,False,True,KU,UCF
2025,2025-01-29T02:10Z,Texas A&M Aggies,Oklahoma Sooners,75,68,False,True,TA&M,OU
2025,2025-01-28T23:30Z,Georgetown Hoyas,St. John's Red Storm,41,66,False,True,GTWN,SJU
2025,2025-01-29T00:00Z,Louisville Cardinals,Wake Forest Demon Deacons,72,59,False,True,LOU,WAKE
2025,2025-01-30T00:00Z,LSU Tigers,Auburn Tigers,74,87,False,True,LSU,AUB
2025,2025-01-30T02:00Z,Mississippi State Bulldogs,Alabama Crimson Tide,84,88,False,True,MSST,ALA
2025,2025-01-30T00:00Z,West Virginia Mountaineers,Houston Cougars,49,63,False,True,WVU,HOU
2025,2025-01-30T00:00Z,Maryland Terrapins,Wisconsin Badgers,76,68,False,True,MD,WIS
2025,2025-01-30T00:00Z,Texas Tech Red Raiders,TCU Horned Frogs,71,57,False,True,TTU,TCU
2025,2025-01-30T02:00Z,Ole Miss Rebels,Texas Longhorns,72,69,False,True,MISS,TEX
2025,2025-01-30T01:00Z,UConn Huskies,DePaul Blue Demons,72,61,False,True,CONN,DEP
2025,2025-01-31T03:45Z,UCLA Bruins,Oregon Ducks,78,52,False,True,UCLA,ORE
2025,2025-01-31T01:30Z,Nebraska Cornhuskers,Illinois Fighting Illini,80,74,False,True,NEB,ILL
2025,2025-01-31T02:00Z,Tulane Green Wave,Memphis Tigers,56,68,False,True,TULN,MEM
2025,2025-02-01T01:00Z,Purdue Boilermakers,Indiana Hoosiers,81,76,False,True,PUR,IU
2025,2025-02-01T19:00Z,Ole Miss Rebels,Auburn Tigers,82,92,False,True,MISS,AUB
2025,2025-02-01T23:30Z,Duke Blue Devils,North Carolina Tar Heels,87,70,False,True,DUKE,UNC
2025,2025-02-01T19:00Z,Iowa State Cyclones,Kansas State Wildcats,61,80,False,True,ISU,KSU
2025,2025-02-01T21:00Z,Alabama Crimson Tide,Georgia Bulldogs,90,69,False,True,ALA,UGA
2025,2025-02-01T17:00Z,Tennessee Volunteers,Florida Gators,64,44,False,True,TENN,FLA
2025,2025-02-01T23:00Z,Houston Cougars,Texas Tech Red Raiders,81,82,False,True,HOU,TTU
2025,2025-02-01T21:30Z,USC Trojans,Michigan State Spartans,70,64,False,True,USC,MSU
2025,2025-02-02T01:00Z,Marquette Golden Eagles,UConn Huskies,69,77,False,True,MARQ,CONN
2025,2025-02-01T21:00Z,Baylor Bears,Kansas Jayhawks,81,70,False,True,BAY,KU
2025,2025-02-02T02:00Z,Kentucky Wildcats,Arkansas Razorbacks,79,89,False,True,UK,ARK
2025,2025-02-02T01:30Z,South Carolina Gamecocks,Texas A&M Aggies,72,76,False,True,SC,TA&M
2025,2025-02-01T18:00Z,Mississippi State Bulldogs,Missouri Tigers,61,88,False,True,MSST,MIZ
2025,2025-02-01T17:00Z,St. John's Red Storm,Providence Friars,68,66,False,True,SJU,PROV
2025,2025-02-01T19:00Z,Northwestern Wildcats,Wisconsin Badgers,69,75,False,True,NU,WIS
2025,2025-02-01T20:45Z,Georgia Tech Yellow Jackets,Louisville Cardinals,77,70,False,True,GT,LOU
2025,2025-02-01T20:30Z,Oklahoma Sooners,Vanderbilt Commodores,97,67,False,True,OU,VAN
2025,2025-02-03T00:30Z,Oregon Ducks,Nebraska Cornhuskers,71,77,False,True,ORE,NEB
2025,2025-02-02T18:00Z,Illinois Fighting Illini,Ohio State Buckeyes,87,79,False,True,ILL,OSU
2025,2025-02-02T20:00Z,Rice Owls,Memphis Tigers,83,86,False,True,RICE,MEM
2025,2025-02-04T02:00Z,Kansas Jayhawks,Iowa State Cyclones,69,52,False,True,KU,ISU
2025,2025-02-05T02:00Z,Auburn Tigers,Oklahoma Sooners,98,70,False,True,AUB,OU
2025,2025-02-05T01:00Z,Houston Cougars,Oklahoma State Cowboys,72,63,False,True,HOU,OKST
2025,2025-02-05T00:00Z,Florida Gators,Vanderbilt Commodores,86,75,False,True,FLA,VAN
2025,2025-02-05T00:00Z,Iowa Hawkeyes,Purdue Boilermakers,81,90,False,True,IOWA,PUR
2025,2025-02-05T03:00Z,UCLA Bruins,Michigan State Spartans,63,61,False,True,UCLA,MSU
2025,2025-02-04T23:30Z,St. John's Red Storm,Marquette Golden Eagles,70,64,False,True,SJU,MARQ
2025,2025-02-05T02:00Z,Texas Tech Red Raiders,Baylor Bears,73,59,False,True,TTU,BAY
2025,2025-02-05T00:00Z,Ole Miss Rebels,Kentucky Wildcats,98,84,False,True,MISS,UK
2025,2025-02-05T04:00Z,BYU Cougars,Arizona Wildcats,74,85,False,True,BYU,ARIZ
2025,2025-02-05T02:00Z,Wisconsin Badgers,Indiana Hoosiers,76,64,False,True,WIS,IU
2025,2025-02-06T00:00Z,Syracuse Orange,Duke Blue Devils,54,83,False,True,SYR,DUKE
2025,2025-02-06T00:00Z,Tennessee Volunteers,Missouri Tigers,85,81,False,True,TENN,MIZ
2025,2025-02-06T01:00Z,Memphis Tigers,Tulsa Golden Hurricane,83,71,False,True,MEM,TLSA
2025,2025-02-06T01:30Z,Rutgers Scarlet Knights,Illinois Fighting Illini,82,73,False,True,RUTG,ILL
2025,2025-02-05T23:30Z,Michigan Wolverines,Oregon Ducks,80,76,False,True,MICH,ORE
2025,2025-02-07T00:00Z,Ohio State Buckeyes,Maryland Terrapins,73,70,False,True,OSU,MD
2025,2025-02-08T00:00Z,Purdue Boilermakers,USC Trojans,90,72,False,True,PUR,USC
2025,2025-02-08T01:00Z,UConn Huskies,St. John's Red Storm,62,68,False,True,CONN,SJU
2025,2025-02-08T21:00Z,Auburn Tigers,Florida Gators,81,90,False,True,AUB,FLA
2025,2025-02-08T23:30Z,Clemson Tigers,Duke Blue Devils,77,71,False,True,CLEM,DUKE
2025,2025-02-09T01:30Z,Arkansas Razorbacks,Alabama Crimson Tide,81,85,False,True,ARK,ALA
2025,2025-02-08T17:00Z,Oklahoma Sooners,Tennessee Volunteers,52,70,False,True,OU,TENN
2025,2025-02-08T21:00Z,Colorado Buffaloes,Houston Cougars,59,69,False,True,COLO,HOU
2025,2025-02-08T17:00Z,Iowa State Cyclones,TCU Horned Frogs,82,52,False,True,ISU,TCU
2025,2025-02-08T17:00Z,Michigan State Spartans,Oregon Ducks,86,74,False,True,MSU,ORE
2025,2025-02-08T20:30Z,Missouri Tigers,Texas A&M Aggies,64,67,False,True,MIZ,TA&M
2025,2025-02-08T19:15Z,Creighton Bluejays,Marquette Golden Eagles,77,67,False,True,CREI,MARQ
2025,2025-02-09T03:30Z,Arizona Wildcats,Texas Tech Red Raiders,82,73,False,True,ARIZ,TTU
2025,2025-02-08T17:00Z,Kentucky Wildcats,South Carolina Gamecocks,80,57,False,True,UK,SC
2025,2025-02-08T19:00Z,Kansas State Wildcats,Kansas Jayhawks,81,73,False,True,KSU,KU
2025,2025-02-08T18:00Z,Iowa Hawkeyes,Wisconsin Badgers,63,74,False,True,IOWA,WIS
2025,2025-02-08T23:00Z,Georgia Bulldogs,Mississippi State Bulldogs,75,76,False,True,UGA,MSST
2025,2025-02-08T23:00Z,Minnesota Golden Gophers,Illinois Fighting Illini,74,95,False,True,MINN,ILL
2025,2025-02-08T18:00Z,Indiana Hoosiers,Michigan Wolverines,67,70,False,True,IU,MICH
2025,2025-02-09T01:30Z,LSU Tigers,Ole Miss Rebels,70,72,False,True,LSU,MISS
2025,2025-02-09T19:00Z,Memphis Tigers,Temple Owls,90,82,False,True,MEM,TEM
2025,2025-02-09T17:00Z,Maryland Terrapins,Rutgers Scarlet Knights,90,81,False,True,MD,RUTG
2025,2025-02-11T02:00Z,Houston Cougars,Baylor Bears,76,65,False,True,HOU,BAY
2025,2025-02-11T00:00Z,Clemson Tigers,North Carolina Tar Heels,85,65,False,True,CLEM,UNC
2025,2025-02-12T00:00Z,Vanderbilt Commodores,Auburn Tigers,68,80,False,True,VAN,AUB
2025,2025-02-12T02:00Z,Texas Longhorns,Alabama Crimson Tide,80,103,False,True,TEX,ALA
2025,2025-02-12T00:00Z,Mississippi State Bulldogs,Florida Gators,68,81,False,True,MSST,FLA
2025,2025-02-12T00:00Z,Kentucky Wildcats,Tennessee Volunteers,75,64,False,True,UK,TENN
2025,2025-02-12T00:00Z,Michigan Wolverines,Purdue Boilermakers,75,73,False,True,MICH,PUR
2025,2025-02-12T02:00Z,Texas A&M Aggies,Georgia Bulldogs,69,53,False,True,TA&M,UGA
2025,2025-02-12T00:00Z,UCF Knights,Iowa State Cyclones,65,77,False,True,UCF,ISU
2025,2025-02-12T02:00Z,Michigan State Spartans,Indiana Hoosiers,67,71,False,True,MSU,IU
2025,2025-02-12T01:00Z,Kansas State Wildcats,Arizona Wildcats,73,70,False,True,KSU,ARIZ
2025,2025-02-12T02:00Z,Kansas Jayhawks,Colorado Buffaloes,71,59,False,True,KU,COLO
2025,2025-02-12T01:30Z,Marquette Golden Eagles,DePaul Blue Demons,68,58,False,True,MARQ,DEP
2025,2025-02-12T02:00Z,Creighton Bluejays,UConn Huskies,66,70,False,True,CREI,CONN
2025,2025-02-13T02:05Z,Duke Blue Devils,California Golden Bears,78,57,False,True,DUKE,CAL
2025,2025-02-12T23:00Z,Villanova Wildcats,St. John's Red Storm,73,71,False,True,VILL,SJU
2025,2025-02-13T02:00Z,Texas Tech Red Raiders,Arizona State Sun Devils,111,106,False,True,TTU,ASU
2025,2025-02-13T00:00Z,South Carolina Gamecocks,Ole Miss Rebels,68,72,False,True,SC,MISS
2025,2025-02-13T02:10Z,Missouri Tigers,Oklahoma Sooners,82,58,False,True,MIZ,OU
2025,2025-02-14T02:00Z,South Florida Bulls,Memphis Tigers,65,80,False,True,USF,MEM
2025,2025-02-14T01:30Z,Nebraska Cornhuskers,Maryland Terrapins,75,83,False,True,NEB,MD
2025,2025-02-14T23:00Z,Dartmouth Big Green,Columbia Lions,78,56,False,True,DART,COLU
2025,2025-02-14T23:30Z,Niagara Purple Eagles,Mount St. Mary's Mountaineers,83,84,False,True,NIA,MSM
2025,2025-02-15T00:00Z,Loyola Chicago Ramblers,Saint Louis Billikens,78,69,False,True,LUC,SLU
2025,2025-02-15T00:00Z,Harvard Crimson,Cornell Big Red,75,73,False,True,HARV,COR
2025,2025-02-15T00:00Z,Yale Bulldogs,Pennsylvania Quakers,72,71,False,True,YALE,PENN
2025,2025-02-15T00:00Z,Brown Bears,Princeton Tigers,70,56,False,True,BRWN,PRIN
2025,2025-02-15T00:00Z,Green Bay Phoenix,Northern Kentucky Norse,60,73,False,True,GB,NKU
2025,2025-02-15T00:00Z,Kent State Golden Flashes,Ohio Bobcats,76,75,False,True,KENT,OHIO
2025,2025-02-15T00:00Z,Saint Peter's Peacocks,Fairfield Stags,65,52,False,True,SPU,FAIR
2025,2025-02-15T00:00Z,Siena Saints,Marist Red Foxes,64,65,False,True,SIE,MRST
2025,2025-02-15T00:00Z,Manhattan Jaspers,Merrimack Warriors,79,75,False,True,MAN,MRMK
2025,2025-02-15T00:00Z,Iona Gaels,Rider Broncs,71,74,False,True,IONA,RID
2025,2025-02-15T00:00Z,Sacred Heart Pioneers,Quinnipiac Bobcats,90,99,False,True,SHU,QUIN
2025,2025-02-15T01:00Z,Indiana Hoosiers,UCLA Bruins,68,72,False,True,IU,UCLA
2025,2025-02-15T01:00Z,Milwaukee Panthers,Wright State Raiders,88,80,False,True,MILW,WRST
2025,2025-02-15T03:00Z,San José State Spartans,Nevada Wolf Pack,58,73,False,True,SJSU,NEV
2025,2025-02-15T21:00Z,Alabama Crimson Tide,Auburn Tigers,85,94,False,True,ALA,AUB
2025,2025-02-15T21:00Z,Duke Blue Devils,Stanford Cardinal,106,70,False,True,DUKE,STAN
2025,2025-02-16T01:30Z,Florida Gators,South Carolina Gamecocks,88,67,False,True,FLA,SC
2025,2025-02-15T18:00Z,Tennessee Volunteers,Vanderbilt Commodores,81,76,False,True,TENN,VAN
2025,2025-02-15T19:00Z,Arizona Wildcats,Houston Cougars,58,62,False,True,ARIZ,HOU
2025,2025-02-15T18:00Z,Purdue Boilermakers,Wisconsin Badgers,84,94,False,True,PUR,WIS
2025,2025-02-15T17:00Z,Texas A&M Aggies,Arkansas Razorbacks,69,61,False,True,TA&M,ARK
2025,2025-02-15T21:00Z,Iowa State Cyclones,Cincinnati Bearcats,81,70,False,True,ISU,CIN
2025,2025-02-16T01:00Z,Illinois Fighting Illini,Michigan State Spartans,65,79,False,True,ILL,MSU
2025,2025-02-15T20:00Z,Oklahoma State Cowboys,Texas Tech Red Raiders,55,93,False,True,OKST,TTU
2025,2025-02-16T01:00Z,Texas Longhorns,Kentucky Wildcats,82,78,False,True,TEX,UK
2025,2025-02-16T03:00Z,Utah Utes,Kansas Jayhawks,74,67,False,True,UTAH,KU
2025,2025-02-15T23:00Z,Ole Miss Rebels,Mississippi State Bulldogs,71,81,False,True,MISS,MSST
2025,2025-02-15T20:30Z,Georgia Bulldogs,Missouri Tigers,74,87,False,True,UGA,MIZ
2025,2025-02-15T17:00Z,Florida State Seminoles,Clemson Tigers,46,72,False,True,FSU,CLEM
2025,2025-02-16T20:00Z,St. John's Red Storm,Creighton Bluejays,79,73,False,True,SJU,CREI
2025,2025-02-16T17:00Z,Wichita State Shockers,Memphis Tigers,84,79,False,True,WICH,MEM
2025,2025-02-16T18:00Z,Ohio State Buckeyes,Michigan Wolverines,83,86,False,True,OSU,MICH
2025,2025-02-16T22:00Z,Maryland Terrapins,Iowa Hawkeyes,101,75,False,True,MD,IOWA
2025,2025-02-18T01:00Z,Virginia Cavaliers,Duke Blue Devils,62,80,False,True,UVA,DUKE
2025,2025-02-18T03:00Z,Baylor Bears,Arizona Wildcats,67,74,False,True,BAY,ARIZ
2025,2025-02-19T00:00Z,Florida Gators,Oklahoma Sooners,85,63,False,True,FLA,OU
2025,2025-02-19T02:00Z,Arizona State Sun Devils,Houston Cougars,65,80,False,True,ASU,HOU
2025,2025-02-19T00:00Z,Mississippi State Bulldogs,Texas A&M Aggies,70,54,False,True,MSST,TA&M
2025,2025-02-19T01:00Z,Iowa State Cyclones,Colorado Buffaloes,79,65,False,True,ISU,COLO
2025,2025-02-19T01:00Z,TCU Horned Frogs,Texas Tech Red Raiders,69,66,False,True,TCU,TTU
2025,2025-02-19T01:30Z,Wisconsin Badgers,Illinois Fighting Illini,95,74,False,True,WIS,ILL
2025,2025-02-19T00:00Z,Michigan State Spartans,Purdue Boilermakers,75,66,False,True,MSU,PUR
2025,2025-02-19T02:00Z,Marquette Golden Eagles,Seton Hall Pirates,80,56,False,True,MARQ,HALL
2025,2025-02-19T02:00Z,BYU Cougars,Kansas Jayhawks,91,57,False,True,BYU,KU
2025,2025-02-20T02:00Z,Auburn Tigers,Arkansas Razorbacks,67,60,False,True,AUB,ARK
2025,2025-02-20T02:00Z,Missouri Tigers,Alabama Crimson Tide,110,98,False,True,MIZ,ALA
2025,2025-02-20T02:00Z,DePaul Blue Demons,St. John's Red Storm,58,82,False,True,DEP,SJU
2025,2025-02-20T00:00Z,Kentucky Wildcats,Vanderbilt Commodores,82,61,False,True,UK,VAN
2025,2025-02-21T01:30Z,Maryland Terrapins,USC Trojans,88,71,False,True,MD,USC
2025,2025-02-22T01:00Z,Michigan Wolverines,Michigan State Spartans,62,75,False,True,MICH,MSU
2025,2025-02-22T00:00Z,Villanova Wildcats,Marquette Golden Eagles,81,66,False,True,VILL,MARQ
2025,2025-02-22T21:00Z,Auburn Tigers,Georgia Bulldogs,82,70,False,True,AUB,UGA
2025,2025-02-22T23:00Z,LSU Tigers,Florida Gators,65,79,False,True,LSU,FLA
2025,2025-02-23T01:00Z,Illinois Fighting Illini,Duke Blue Devils,67,110,True,True,ILL,DUKE
2025,2025-02-22T23:10Z,Alabama Crimson Tide,Kentucky Wildcats,96,83,False,True,ALA,UK
2025,2025-02-22T19:00Z,Houston Cougars,Iowa State Cyclones,68,59,False,True,HOU,ISU
2025,2025-02-22T17:00Z,Texas A&M Aggies,Tennessee Volunteers,69,77,False,True,TA&M,TENN
2025,2025-02-22T18:00Z,Texas Tech Red Raiders,West Virginia Mountaineers,73,51,False,True,TTU,WVU
2025,2025-02-22T17:00Z,Wisconsin Badgers,Oregon Ducks,73,77,False,True,WIS,ORE
2025,2025-02-23T01:08Z,Arkansas Razorbacks,Missouri Tigers,92,85,False,True,ARK,MIZ
2025,2025-02-22T21:00Z,SMU Mustangs,Clemson Tigers,69,79,False,True,SMU,CLEM
2025,2025-02-23T03:10Z,Arizona Wildcats,BYU Cougars,95,96,False,True,ARIZ,BYU
2025,2025-02-22T18:00Z,Oklahoma Sooners,Mississippi State Bulldogs,93,87,False,True,OU,MSST
2025,2025-02-22T21:00Z,Kansas Jayhawks,Oklahoma State Cowboys,96,64,False,True,KU,OKST
2025,2025-02-22T20:30Z,Vanderbilt Commodores,Ole Miss Rebels,77,72,False,True,VAN,MISS
2025,2025-02-22T17:00Z,Louisville Cardinals,Florida State Seminoles,89,81,False,True,LOU,FSU
2025,2025-02-23T17:00Z,St. John's Red Storm,UConn Huskies,89,75,False,True,SJU,CONN
2025,2025-02-23T18:30Z,Indiana Hoosiers,Purdue Boilermakers,73,58,False,True,IU,PUR
2025,2025-02-23T19:00Z,Memphis Tigers,Florida Atlantic Owls,84,65,False,True,MEM,FAU
2025,2025-02-25T02:00Z,Texas Tech Red Raiders,Houston Cougars,61,69,False,True,TTU,HOU
2025,2025-02-25T01:00Z,Nebraska Cornhuskers,Michigan Wolverines,46,49,False,True,NEB,MICH
2025,2025-02-26T00:00Z,Miami Hurricanes,Duke Blue Devils,60,97,False,True,MIA,DUKE
2025,2025-02-26T00:00Z,Georgia Bulldogs,Florida Gators,88,83,False,True,UGA,FLA
2025,2025-02-26T02:00Z,LSU Tigers,Tennessee Volunteers,59,65,False,True,LSU,TENN
2025,2025-02-26T02:00Z,Alabama Crimson Tide,Mississippi State Bulldogs,111,73,False,True,ALA,MSST
2025,2025-02-26T01:00Z,Oklahoma State Cowboys,Iowa State Cyclones,74,68,False,True,OKST,ISU
2025,2025-02-26T02:00Z,Wisconsin Badgers,Washington Huskies,88,62,False,True,WIS,WASH
2025,2025-02-26T02:00Z,Missouri Tigers,South Carolina Gamecocks,101,71,False,True,MIZ,SC
2025,2025-02-26T02:00Z,Virginia Tech Hokies,Louisville Cardinals,66,71,False,True,VT,LOU
2025,2025-02-26T00:00Z,Marquette Golden Eagles,Providence Friars,82,52,False,True,MARQ,PROV
2025,2025-02-27T00:00Z,Auburn Tigers,Ole Miss Rebels,106,76,False,True,AUB,MISS
2025,2025-02-27T02:00Z,Butler Bulldogs,St. John's Red Storm,70,76,False,True,BUT,SJU
2025,2025-02-26T23:30Z,Maryland Terrapins,Michigan State Spartans,55,58,False,True,MD,MSU
2025,2025-02-27T00:00Z,Texas A&M Aggies,Vanderbilt Commodores,84,86,False,True,TA&M,VAN
2025,2025-02-27T00:00Z,Clemson Tigers,Notre Dame Fighting Irish,83,68,False,True,CLEM,ND
2025,2025-02-27T02:00Z,Oklahoma Sooners,Kentucky Wildcats,82,83,False,True,OU,UK
2025,2025-02-27T01:00Z,Memphis Tigers,Rice Owls,84,72,False,True,MEM,RICE
2025,2025-02-27T02:00Z,Arizona Wildcats,Utah Utes,83,66,False,True,ARIZ,UTAH
2025,2025-02-27T02:30Z,Arizona State Sun Devils,BYU Cougars,81,91,False,True,ASU,BYU
2025,2025-02-28T02:00Z,Michigan Wolverines,Rutgers Scarlet Knights,84,82,False,True,MICH,RUTG
2025,2025-02-28T04:00Z,Loyola Marymount Lions,Saint Mary's Gaels,55,58,False,True,LMU,SMC
2025,2025-03-01T01:00Z,Purdue Boilermakers,UCLA Bruins,76,66,False,True,PUR,UCLA
2025,2025-03-01T18:00Z,Kentucky Wildcats,Auburn Tigers,78,94,False,True,UK,AUB
2025,2025-03-02T00:00Z,Duke Blue Devils,Florida State Seminoles,100,65,False,True,DUKE,FSU
2025,2025-03-02T01:30Z,Florida Gators,Texas A&M Aggies,89,70,False,True,FLA,TA&M
2025,2025-03-01T21:30Z,Houston Cougars,Cincinnati Bearcats,73,64,False,True,HOU,CIN
2025,2025-03-01T21:00Z,Tennessee Volunteers,Alabama Crimson Tide,79,76,False,True,TENN,ALA
2025,2025-03-01T19:15Z,St. John's Red Storm,Seton Hall Pirates,71,61,False,True,SJU,HALL
2025,2025-03-02T02:00Z,Iowa State Cyclones,Arizona Wildcats,84,67,False,True,ISU,ARIZ
2025,2025-03-01T19:00Z,Kansas Jayhawks,Texas Tech Red Raiders,73,78,False,True,KU,TTU
2025,2025-03-01T17:00Z,Virginia Cavaliers,Clemson Tigers,58,71,False,True,UVA,CLEM
2025,2025-03-01T23:00Z,Vanderbilt Commodores,Missouri Tigers,97,93,False,True,VAN,MIZ
2025,2025-03-01T17:00Z,Penn State Nittany Lions,Maryland Terrapins,64,68,False,True,PSU,MD
2025,2025-03-01T23:00Z,Louisville Cardinals,Pittsburgh Panthers,79,68,False,True,LOU,PITT
2025,2025-03-02T01:00Z,Georgetown Hoyas,Marquette Golden Eagles,61,76,False,True,GTWN,MARQ
2025,2025-03-02T03:00Z,Saint Mary's Gaels,Oregon State Beavers,74,64,False,True,SMC,ORST
2025,2025-03-01T20:30Z,Mississippi State Bulldogs,LSU Tigers,81,69,False,True,MSST,LSU
2025,2025-03-02T03:00Z,BYU Cougars,West Virginia Mountaineers,77,56,False,True,BYU,WVU
2025,2025-03-02T18:30Z,Michigan State Spartans,Wisconsin Badgers,71,62,False,True,MSU,WIS
2025,2025-03-02T20:45Z,Michigan Wolverines,Illinois Fighting Illini,73,93,False,True,MICH,ILL
2025,2025-03-02T21:00Z,UAB Blazers,Memphis Tigers,81,88,False,True,UAB,MEM
2025,2025-03-04T00:00Z,Duke Blue Devils,Wake Forest Demon Deacons,93,60,False,True,DUKE,WAKE
2025,2025-03-04T02:00Z,Houston Cougars,Kansas Jayhawks,65,59,False,True,HOU,KU
2025,2025-03-05T02:00Z,Texas A&M Aggies,Auburn Tigers,83,72,False,True,TA&M,AUB
2025,2025-03-05T02:00Z,Iowa State Cyclones,BYU Cougars,85,88,False,True,ISU,BYU
2025,2025-03-05T00:00Z,UTSA Roadrunners,Memphis Tigers,70,75,False,True,UTSA,MEM
2025,2025-03-05T00:00Z,Purdue Boilermakers,Rutgers Scarlet Knights,100,71,False,True,PUR,RUTG
2025,2025-03-05T00:00Z,Kentucky Wildcats,LSU Tigers,95,64,False,True,UK,LSU
2025,2025-03-05T04:00Z,Arizona Wildcats,Arizona State Sun Devils,113,100,False,True,ARIZ,ASU
2025,2025-03-05T01:00Z,Mississippi State Bulldogs,Texas Longhorns,82,87,False,True,MSST,TEX
2025,2025-03-06T02:00Z,Ole Miss Rebels,Tennessee Volunteers,78,76,False,True,MISS,TENN
2025,2025-03-06T00:00Z,Alabama Crimson Tide,Florida Gators,94,99,False,True,ALA,FLA
2025,2025-03-06T01:00Z,Texas Tech Red Raiders,Colorado Buffaloes,91,75,False,True,TTU,COLO
2025,2025-03-06T00:00Z,Boston College Eagles,Clemson Tigers,69,78,False,True,BC,CLEM
2025,2025-03-06T01:30Z,Minnesota Golden Gophers,Wisconsin Badgers,67,74,False,True,MINN,WIS
2025,2025-03-05T23:30Z,Michigan Wolverines,Maryland Terrapins,65,71,False,True,MICH,MD
2025,2025-03-06T02:00Z,Louisville Cardinals,California Golden Bears,85,68,False,True,LOU,CAL
2025,2025-03-06T01:00Z,Oklahoma Sooners,Missouri Tigers,96,84,False,True,OU,MIZ
2025,2025-03-06T01:30Z,UConn Huskies,Marquette Golden Eagles,72,66,False,True,CONN,MARQ
2025,2025-03-07T01:00Z,Iowa Hawkeyes,Michigan State Spartans,84,91,False,True,IOWA,MSU
2025,2025-03-08T02:00Z,Memphis Tigers,South Florida Bulls,84,68,False,True,MEM,USF
2025,2025-03-08T01:00Z,Illinois Fighting Illini,Purdue Boilermakers,88,80,False,True,ILL,PUR
2025,2025-03-08T19:30Z,Auburn Tigers,Alabama Crimson Tide,91,93,False,True,AUB,ALA
2025,2025-03-08T23:45Z,North Carolina Tar Heels,Duke Blue Devils,69,82,False,True,UNC,DUKE
2025,2025-03-09T03:00Z,Baylor Bears,Houston Cougars,61,65,False,True,BAY,HOU
2025,2025-03-08T19:00Z,Tennessee Volunteers,South Carolina Gamecocks,75,65,False,True,TENN,SC
2025,2025-03-08T23:00Z,Florida Gators,Ole Miss Rebels,90,71,False,True,FLA,MISS
2025,2025-03-08T17:00Z,Marquette Golden Eagles,St. John's Red Storm,84,86,False,True,MARQ,SJU
2025,2025-03-09T01:00Z,Arizona State Sun Devils,Texas Tech Red Raiders,57,85,False,True,ASU,TTU
2025,2025-03-08T18:30Z,Kansas State Wildcats,Iowa State Cyclones,57,73,False,True,KSU,ISU
2025,2025-03-08T23:00Z,Clemson Tigers,Virginia Tech Hokies,65,47,False,True,CLEM,VT
2025,2025-03-08T18:00Z,Wisconsin Badgers,Penn State Nittany Lions,75,86,False,True,WIS,PSU
2025,2025-03-08T20:00Z,Maryland Terrapins,Northwestern Wildcats,74,61,False,True,MD,NU
2025,2025-03-08T19:00Z,Louisville Cardinals,Stanford Cardinal,68,48,False,True,LOU,STAN
2025,2025-03-08T17:00Z,Missouri Tigers,Kentucky Wildcats,83,91,False,True,MIZ,UK
2025,2025-03-08T21:00Z,LSU Tigers,Texas A&M Aggies,52,66,False,True,LSU,TA&M
2025,2025-03-09T03:10Z,BYU Cougars,Utah Utes,85,74,False,True,BYU,UTAH
2025,2025-03-08T21:30Z,Kansas Jayhawks,Arizona Wildcats,83,76,False,True,KU,ARIZ
2025,2025-03-08T17:00Z,Arkansas Razorbacks,Mississippi State Bulldogs,93,92,False,True,ARK,MSST
2025,2025-03-09T16:00Z,Michigan State Spartans,Michigan Wolverines,79,62,False,True,MSU,MICH
2025,2025-03-11T01:00Z,Saint Mary's Gaels,Pepperdine Waves,74,59,True,True,SMC,PEPP
2025,2025-03-12T01:00Z,Saint Mary's Gaels,Gonzaga Bulldogs,51,58,True,True,SMC,GONZ
2025,2025-03-12T16:30Z,Iowa State Cyclones,Cincinnati Bearcats,76,56,True,True,ISU,CIN
2025,2025-03-13T16:00Z,Duke Blue Devils,Georgia Tech Yellow Jackets,78,70,True,True,DUKE,GT
2025,2025-03-13T19:19Z,Houston Cougars,Colorado Buffaloes,77,68,True,True,HOU,COLO
2025,2025-03-13T16:00Z,St. John's Red Storm,Butler Bulldogs,78,57,True,True,SJU,BUT
2025,2025-03-13T23:00Z,Texas Tech Red Raiders,Baylor Bears,76,74,True,True,TTU,BAY
2025,2025-03-14T01:30Z,Clemson Tigers,SMU Mustangs,57,54,True,True,CLEM,SMU
2025,2025-03-13T16:30Z,BYU Cougars,Iowa State Cyclones,96,92,True,True,BYU,ISU
2025,2025-03-13T23:00Z,Louisville Cardinals,Stanford Cardinal,75,73,True,True,LOU,STAN
2025,2025-03-13T19:54Z,Texas A&M Aggies,Texas Longhorns,89,94,True,True,TA&M,TEX
2025,2025-03-14T02:45Z,Kentucky Wildcats,Oklahoma Sooners,85,84,True,True,UK,OU
2025,2025-03-13T18:30Z,Wisconsin Badgers,Northwestern Wildcats,70,63,True,True,WIS,NU
2025,2025-03-14T01:00Z,Purdue Boilermakers,USC Trojans,76,71,True,True,PUR,USC
2025,2025-03-13T23:48Z,Missouri Tigers,Mississippi State Bulldogs,85,73,True,True,MIZ,MSST
2025,2025-03-13T16:00Z,Oregon Ducks,Indiana Hoosiers,72,59,True,True,ORE,IU
2025,2025-03-13T22:30Z,Illinois Fighting Illini,Iowa Hawkeyes,106,94,True,True,ILL,IOWA
2025,2025-03-13T18:30Z,Xavier Musketeers,Marquette Golden Eagles,87,89,True,True,XAV,MARQ
2025,2025-03-14T23:00Z,Duke Blue Devils,North Carolina Tar Heels,74,71,True,True,DUKE,UNC
2025,2025-03-14T23:00Z,Houston Cougars,BYU Cougars,74,54,True,True,HOU,BYU
2025,2025-03-14T17:00Z,Auburn Tigers,Ole Miss Rebels,62,57,True,True,AUB,MISS
2025,2025-03-14T23:00Z,Florida Gators,Missouri Tigers,95,81,True,True,FLA,MIZ
2025,2025-03-15T01:52Z,Alabama Crimson Tide,Kentucky Wildcats,99,70,True,True,ALA,UK
2025,2025-03-14T22:30Z,St. John's Red Storm,Marquette Golden Eagles,79,63,True,True,SJU,MARQ
2025,2025-03-14T16:00Z,Michigan State Spartans,Oregon Ducks,74,64,True,True,MSU,ORE
2025,2025-03-14T19:44Z,Tennessee Volunteers,Texas Longhorns,83,72,True,True,TENN,TEX
2025,2025-03-15T01:30Z,Texas Tech Red Raiders,Arizona Wildcats,80,86,True,True,TTU,ARIZ
2025,2025-03-15T01:30Z,Louisville Cardinals,Clemson Tigers,76,73,True,True,LOU,CLEM
2025,2025-03-14T22:30Z,Maryland Terrapins,Illinois Fighting Illini,88,65,True,True,MD,ILL
2025,2025-03-14T17:00Z,Memphis Tigers,Wichita State Shockers,83,80,True,True,MEM,WICH
2025,2025-03-14T18:42Z,UCLA Bruins,Wisconsin Badgers,70,86,True,True,UCLA,WIS
2025,2025-03-15T01:00Z,Michigan Wolverines,Purdue Boilermakers,86,68,True,True,MICH,PUR
2025,2025-03-16T00:30Z,Duke Blue Devils,Louisville Cardinals,73,62,True,True,DUKE,LOU
2025,2025-03-15T22:17Z,Houston Cougars,Arizona Wildcats,72,64,True,True,HOU,ARIZ
2025,2025-03-15T17:00Z,Auburn Tigers,Tennessee Volunteers,65,70,True,True,AUB,TENN
2025,2025-03-15T19:56Z,Florida Gators,Alabama Crimson Tide,104,82,True,True,FLA,ALA
2025,2025-03-15T22:30Z,St. John's Red Storm,Creighton Bluejays,82,66,False,True,SJU,CREI
2025,2025-03-15T17:00Z,Michigan State Spartans,Wisconsin Badgers,74,77,True,True,MSU,WIS
2025,2025-03-15T19:52Z,Maryland Terrapins,Michigan Wolverines,80,81,True,True,MD,MICH
2025,2025-03-15T19:00Z,Memphis Tigers,Tulane Green Wave,78,77,True,True,MEM,TULN
2025,2025-03-16T17:00Z,Florida Gators,Tennessee Volunteers,86,77,True,True,FLA,TENN
2025,2025-03-16T19:00Z,Memphis Tigers,UAB Blazers,84,72,True,True,MEM,UAB
2025,2025-03-16T19:30Z,Michigan Wolverines,Wisconsin Badgers,59,53,True,True,MICH,WIS
2025,2025-03-19T01:10Z,San Diego State Aztecs,North Carolina Tar Heels,68,95,True,False,SDSU,UNC
2025,2025-03-18T22:40Z,Alabama State Hornets,Saint Francis Red Flash,70,68,True,False,ALST,SFPA
2025,2025-03-20T01:18Z,Texas Longhorns,Xavier Musketeers,80,86,True,False,TEX,XAV
2025,2025-03-19T22:40Z,American University Eagles,Mount St. Mary's Mountaineers,72,83,True,False,AMER,MSM
2025,2025-03-20T18:00Z,Houston Cougars,SIU Edwardsville Cougars,78,40,True,False,HOU,SIUE
2025,2025-03-20T18:50Z,Auburn Tigers,Alabama State Hornets,83,63,True,False,AUB,ALST
2025,2025-03-20T22:50Z,Tennessee Volunteers,Wofford Terriers,77,62,True,False,TENN,WOF
2025,2025-03-21T01:58Z,St. John's Red Storm,Omaha Mavericks,83,53,True,False,SJU,OMA
2025,2025-03-20T17:30Z,Wisconsin Badgers,Montana Grizzlies,85,66,True,False,WIS,MONT
2025,2025-03-21T02:42Z,Texas Tech Red Raiders,UNC Wilmington Seahawks,82,72,True,False,TTU,UNCW
2025,2025-03-20T16:40Z,Purdue Boilermakers,High Point Panthers,75,63,True,False,PUR,HPU
2025,2025-03-20T23:25Z,Texas A&M Aggies,Yale Bulldogs,80,71,True,False,TA&M,YALE
2025,2025-03-20T19:29Z,Clemson Tigers,McNeese Cowboys,67,69,True,False,CLEM,MCN
2025,2025-03-21T02:00Z,Michigan Wolverines,UC San Diego Tritons,68,65,True,False,MICH,UCSD
2025,2025-03-20T20:05Z,BYU Cougars,VCU Rams,80,71,True,False,BYU,VCU
2025,2025-03-20T23:51Z,Missouri Tigers,Drake Bulldogs,57,67,True,False,MIZ,DRKE
2025,2025-03-20T23:10Z,Kansas Jayhawks,Arkansas Razorbacks,72,79,True,False,KU,ARK
2025,2025-03-21T01:25Z,UCLA Bruins,Utah State Aggies,72,47,True,False,UCLA,USU
2025,2025-03-20T16:15Z,Louisville Cardinals,Creighton Bluejays,75,89,True,False,LOU,CREI
2025,2025-03-20T20:35Z,Gonzaga Bulldogs,Georgia Bulldogs,89,68,True,False,GONZ,UGA
2025,2025-03-21T19:09Z,Duke Blue Devils,Mount St. Mary's Mountaineers,93,49,True,False,DUKE,MSM
2025,2025-03-21T22:50Z,Florida Gators,Norfolk State Spartans,95,69,True,False,FLA,NORF
2025,2025-03-21T16:40Z,Alabama Crimson Tide,Robert Morris Colonials,90,81,True,False,ALA,RMU
2025,2025-03-22T02:12Z,Michigan State Spartans,Bryant Bulldogs,87,62,True,False,MSU,BRY
2025,2025-03-21T17:30Z,Iowa State Cyclones,Lipscomb Bisons,82,55,True,False,ISU,LIP
2025,2025-03-21T23:20Z,Kentucky Wildcats,Troy Trojans,76,57,True,False,UK,TROY
2025,2025-03-21T20:35Z,Maryland Terrapins,Grand Canyon Lopes,81,49,True,False,MD,GCU
2025,2025-03-21T23:48Z,Arizona Wildcats,Akron Zips,93,65,True,False,ARIZ,AKR
2025,2025-03-21T18:00Z,Memphis Tigers,Colorado State Rams,70,78,True,False,MEM,CSU
2025,2025-03-22T02:26Z,Oregon Ducks,Liberty Flames,81,52,True,False,ORE,LIB
2025,2025-03-21T20:05Z,Ole Miss Rebels,North Carolina Tar Heels,71,64,True,False,MISS,UNC
2025,2025-03-22T01:57Z,Illinois Fighting Illini,Xavier Musketeers,86,73,True,False,ILL,XAV
2025,2025-03-21T19:30Z,Saint Mary's Gaels,Vanderbilt Commodores,59,56,True,False,SMC,VAN
2025,2025-03-21T23:25Z,Marquette Golden Eagles,New Mexico Lobos,66,75,True,False,MARQ,UNM
2025,2025-03-21T16:15Z,Mississippi State Bulldogs,Baylor Bears,72,75,True,False,MSST,BAY
2025,2025-03-22T01:32Z,UConn Huskies,Oklahoma Sooners,67,59,True,False,CONN,OU
2025,2025-03-22T23:10Z,Auburn Tigers,Creighton Bluejays,82,70,True,False,AUB,CREI
2025,2025-03-23T00:44Z,Houston Cougars,Gonzaga Bulldogs,81,76,True,False,HOU,GONZ
2025,2025-03-22T18:40Z,St. John's Red Storm,Arkansas Razorbacks,66,75,True,False,SJU,ARK
2025,2025-03-23T01:53Z,Tennessee Volunteers,UCLA Bruins,67,58,True,False,TENN,UCLA
2025,2025-03-22T22:10Z,Texas Tech Red Raiders,Drake Bulldogs,77,64,True,False,TTU,DRKE
2025,2025-03-23T00:27Z,Wisconsin Badgers,BYU Cougars,89,91,True,False,WIS,BYU
2025,2025-03-22T16:10Z,Purdue Boilermakers,McNeese Cowboys,76,62,True,False,PUR,MCN
2025,2025-03-22T21:30Z,Texas A&M Aggies,Michigan Wolverines,79,91,True,False,TA&M,MICH
2025,2025-03-23T16:10Z,Florida Gators,UConn Huskies,77,75,True,False,FLA,CONN
2025,2025-03-23T19:04Z,Duke Blue Devils,Baylor Bears,89,66,True,False,DUKE,BAY
2025,2025-03-23T22:10Z,Alabama Crimson Tide,Saint Mary's Gaels,80,66,True,False,ALA,SMC
2025,2025-03-24T00:50Z,Michigan State Spartans,New Mexico Lobos,71,63,True,False,MSU,UNM
2025,2025-03-23T21:30Z,Kentucky Wildcats,Illinois Fighting Illini,84,75,True,False,UK,ILL
2025,2025-03-24T00:20Z,Iowa State Cyclones,Ole Miss Rebels,78,91,True,False,ISU,MISS
2025,2025-03-23T23:10Z,Maryland Terrapins,Colorado State Rams,72,71,True,False,MD,CSU
2025,2025-03-24T01:48Z,Arizona Wildcats,Oregon Ducks,87,83,True,False,ARIZ,ORE
2025,2025-03-27T23:39Z,Florida Gators,Maryland Terrapins,87,71,True,False,FLA,MD
2025,2025-03-28T02:03Z,Duke Blue Devils,Arizona Wildcats,100,93,True,False,DUKE,ARIZ
2025,2025-03-27T23:09Z,Alabama Crimson Tide,BYU Cougars,113,88,True,False,ALA,BYU
2025,2025-03-28T02:20Z,Texas Tech Red Raiders,Arkansas Razorbacks,85,83,True,False,TTU,ARK
2025,2025-03-29T02:00Z,Auburn Tigers,Michigan Wolverines,78,65,True,False,AUB,MICH
2025,2025-03-29T02:28Z,Houston Cougars,Purdue Boilermakers,62,60,True,False,HOU,PUR
2025,2025-03-28T23:09Z,Michigan State Spartans,Ole Miss Rebels,73,70,True,False,MSU,MISS
2025,2025-03-28T23:39Z,Tennessee Volunteers,Kentucky Wildcats,78,65,True,False,TENN,UK
2025,2025-03-29T22:09Z,Florida Gators,Texas Tech Red Raiders,84,79,True,False,FLA,TTU
2025,2025-03-30T00:59Z,Duke Blue Devils,Alabama Crimson Tide,85,65,True,False,DUKE,ALA
2025,2025-03-30T18:20Z,Houston Cougars,Tennessee Volunteers,69,50,True,False,HOU,TENN
2025,2025-03-30T21:05Z,Auburn Tigers,Michigan State Spartans,70,64,True,False,AUB,MSU
2025,2025-04-05T22:09Z,Auburn Tigers,Florida Gators,73,79,True,False,AUB,FLA
2025,2025-04-06T01:28Z,Duke Blue Devils,Houston Cougars,67,70,True,False,DUKE,HOU
2025,2025-04-08T00:50Z,Houston Cougars,Florida Gators,63,65,True,False,HOU,FLA
2026,2025-11-04T01:00Z,Houston Cougars,Lehigh Mountain Hawks,75,57,False,True,HOU,LEH
2026,2025-11-04T00:00Z,Arizona Wildcats,Florida Gators,93,87,True,True,ARIZ,FLA
2026,2025-11-04T00:00Z,UConn Huskies,New Haven Chargers,79,55,False,True,CONN,NHVN
2026,2025-11-03T23:30Z,St. John's Red Storm,Quinnipiac Bobcats,108,74,False,True,SJU,QUIN
2026,2025-11-04T01:30Z,Michigan Wolverines,Oakland Golden Grizzlies,121,78,False,True,MICH,OAK
2026,2025-11-04T02:30Z,BYU Cougars,Villanova Wildcats,71,66,True,True,BYU,VILL
2026,2025-11-04T02:00Z,Louisville Cardinals,South Carolina State Bulldogs,104,45,False,True,LOU,SCST
2026,2025-11-04T03:30Z,UCLA Bruins,Eastern Washington Eagles,80,74,False,True,UCLA,EWU
2026,2025-11-04T00:00Z,Arkansas Razorbacks,Southern Jaguars,109,77,False,True,ARK,SOU
2026,2025-11-04T01:00Z,Alabama Crimson Tide,North Dakota Fighting Hawks,91,62,False,True,ALA,UND
2026,2025-11-04T01:00Z,Iowa State Cyclones,Fairleigh Dickinson Knights,88,50,False,True,ISU,FDU
2026,2025-11-04T01:30Z,Illinois Fighting Illini,Jackson State Tigers,113,55,False,True,ILL,JKST
2026,2025-11-04T00:00Z,Tennessee Volunteers,Mercer Bears,76,61,False,True,TENN,MER
2026,2025-11-04T01:00Z,Kansas Jayhawks,Green Bay Phoenix,94,51,False,True,KU,GB
2026,2025-11-04T01:00Z,Auburn Tigers,Bethune-Cookman Wildcats,95,90,False,True,AUB,BCU
2026,2025-11-04T02:00Z,Gonzaga Bulldogs,Texas Southern Tigers,98,43,False,True,GONZ,TXSO
2026,2025-11-04T00:00Z,Michigan State Spartans,Colgate Raiders,80,69,False,True,MSU,COLG
2026,2025-11-04T01:00Z,Wisconsin Badgers,Campbell Fighting Camels,96,64,False,True,WIS,CAM
2026,2025-11-04T00:00Z,North Carolina Tar Heels,Central Arkansas Bears,94,54,False,True,UNC,CARK
2026,2025-11-04T23:30Z,Purdue Boilermakers,Evansville Purple Aces,82,51,False,True,PUR,EVAN
2026,2025-11-05T01:45Z,Duke Blue Devils,Texas Longhorns,75,60,True,True,DUKE,TEX
2026,2025-11-05T00:00Z,Kentucky Wildcats,Nicholls Colonels,77,51,False,True,UK,NICH
2026,2025-11-05T01:00Z,Texas Tech Red Raiders,Lindenwood Lions,98,60,False,True,TTU,LIN
2026,2025-11-06T01:00Z,Creighton Bluejays,South Dakota Coyotes,92,76,False,True,CREI,SDAK
2026,2025-11-07T01:00Z,Florida Gators,North Florida Ospreys,104,64,False,True,FLA,UNF
2026,2025-11-07T00:00Z,Louisville Cardinals,Jackson State Tigers,106,70,False,True,LOU,JKST
2026,2025-11-07T01:00Z,Iowa State Cyclones,Grambling Tigers,102,62,False,True,ISU,GRAM
2026,2025-11-07T01:00Z,Auburn Tigers,Merrimack Warriors,95,57,False,True,AUB,MRMK
2026,2025-11-08T00:00Z,Purdue Boilermakers,Oakland Golden Grizzlies,87,77,False,True,PUR,OAK
2026,2025-11-08T00:30Z,UConn Huskies,UMass Lowell River Hawks,110,47,False,True,CONN,UML
2026,2025-11-08T00:00Z,Kentucky Wildcats,Valparaiso Beacons,107,59,False,True,UK,VAL
2026,2025-11-08T01:00Z,Texas Tech Red Raiders,Sam Houston Bearkats,98,77,False,True,TTU,SHSU
2026,2025-11-08T03:30Z,UCLA Bruins,Pepperdine Waves,74,63,False,True,UCLA,PEPP
2026,2025-11-08T02:00Z,Arizona Wildcats,Utah Tech Trailblazers,93,67,False,True,ARIZ,UTU
2026,2025-11-08T01:30Z,Illinois Fighting Illini,Florida Gulf Coast Eagles,113,70,False,True,ILL,FGCU
2026,2025-11-08T00:00Z,North Carolina Tar Heels,Kansas Jayhawks,87,74,False,True,UNC,KU
2026,2025-11-08T01:30Z,Wisconsin Badgers,Northern Illinois Huskies,97,72,False,True,WIS,NIU
2026,2025-11-08T20:00Z,Houston Cougars,Towson Tigers,65,48,False,True,HOU,TOW
2026,2025-11-08T17:00Z,St. John's Red Storm,Alabama Crimson Tide,96,103,False,True,SJU,ALA
2026,2025-11-08T18:30Z,Duke Blue Devils,Western Carolina Catamounts,95,54,False,True,DUKE,WCU
2026,2025-11-09T02:00Z,BYU Cougars,Holy Cross Crusaders,98,53,False,True,BYU,HC
2026,2025-11-09T00:00Z,Michigan State Spartans,Arkansas Razorbacks,69,66,False,True,MSU,ARK
2026,2025-11-08T20:00Z,Tennessee Volunteers,Northern Kentucky Norse,95,56,False,True,TENN,NKU
2026,2025-11-09T03:30Z,Gonzaga Bulldogs,Oklahoma Sooners,83,68,False,True,GONZ,OU
2026,2025-11-09T17:00Z,Harvard Crimson,New Hampshire Wildcats,86,75,False,True,HARV,UNH
2026,2025-11-09T17:30Z,Campbell Fighting Camels,Western Michigan Broncos,91,82,False,True,CAM,WMU
2026,2025-11-09T18:00Z,App State Mountaineers,North Carolina Central Eagles,76,54,False,True,APP,NCCU
2026,2025-11-09T18:00Z,Marquette Golden Eagles,Indiana Hoosiers,77,100,True,True,MARQ,IU
2026,2025-11-09T18:00Z,James Madison Dukes,Coppin State Eagles,84,70,False,True,JMU,COPP
2026,2025-11-09T18:00Z,American University Eagles,Pennsylvania Quakers,84,78,False,True,AMER,PENN
2026,2025-11-09T19:00Z,Georgia Bulldogs,Morehead State Eagles,120,81,False,True,UGA,MORE
2026,2025-11-09T19:00Z,Mercer Bears,Lipscomb Bisons,92,77,False,True,MER,LIP
2026,2025-11-09T19:00Z,Bowling Green Falcons,Le Moyne Dolphins,83,60,False,True,BGSU,LEM
2026,2025-11-09T19:00Z,Purdue Fort Wayne Mastodons,Dominican (IL) Dominican,137,56,False,True,PFW,DOM
2026,2025-11-09T19:00Z,North Dakota Fighting Hawks,Cal State Northridge Matadors,85,93,False,True,UND,CSUN
2026,2025-11-09T19:00Z,Northern Iowa Panthers,South Dakota State Jackrabbits,65,58,False,True,UNI,SDST
2026,2025-11-09T19:00Z,Brown Bears,Vermont Catamounts,84,89,False,True,BRWN,UVM
2026,2025-11-09T19:00Z,Dartmouth Big Green,Marist Red Foxes,56,75,False,True,DART,MRST
2026,2025-11-09T19:00Z,Oklahoma State Cowboys,Texas A&M Aggies,87,63,False,True,OKST,TA&M
2026,2025-11-09T19:00Z,Illinois State Redbirds,Cornell Big Red,76,65,False,True,ILST,COR
2026,2025-11-09T19:00Z,South Dakota Coyotes,Ozark Christian Ambassadors,121,65,False,True,SDAK,OCC
2026,2025-11-09T20:00Z,Louisiana Tech Bulldogs,Lyon Scots,93,35,False,True,LT,LYON 
2026,2025-11-09T20:00Z,Montana State Bobcats,Denver Pioneers,73,75,False,True,MTST,DEN
2026,2025-11-09T20:00Z,West Virginia Mountaineers,Lehigh Mountain Hawks,69,47,False,True,WVU,LEH
2026,2025-11-09T20:00Z,Arizona State Sun Devils,Utah Tech Trailblazers,81,66,False,True,ASU,UTU
2026,2025-11-09T21:00Z,Evansville Purple Aces,Oakland City Mighty Oaks,76,47,False,True,EVAN,OCU
2026,2025-11-09T21:30Z,Missouri Tigers,VMI Keydets,106,68,False,True,MIZ,VMI
2026,2025-11-09T22:00Z,Loyola Chicago Ramblers,North Texas Mean Green,62,64,True,True,LUC,UNT
2026,2025-11-09T22:00Z,Portland Pilots,UC Davis Aggies,67,63,False,True,PORT,UCD
2026,2025-11-09T22:00Z,San Diego State Aztecs,Idaho State Bengals,73,57,False,True,SDSU,IDST
2026,2025-11-09T23:00Z,Howard Bison,Grambling Tigers,70,73,False,True,HOW,GRAM
2026,2025-11-09T23:00Z,Liberty Flames,Florida Atlantic Owls,88,68,False,True,LIB,FAU
2026,2025-11-09T23:00Z,USC Trojans,Manhattan Jaspers,114,83,False,True,USC,MAN
2026,2025-11-09T23:00Z,Colorado State Rams,Omaha Mavericks,97,74,False,True,CSU,OMA
2026,2025-11-09T23:30Z,South Carolina Gamecocks,Southern Miss Golden Eagles,83,79,False,True,SC,USM
2026,2025-11-10T00:30Z,UT Martin Skyhawks,Kentucky Christian Knights,97,42,False,True,UTM,KCU
2026,2025-11-10T01:30Z,Baylor Bears,Washington Huskies,78,69,False,True,BAY,WASH
2026,2025-11-10T06:00Z,Hawai'i Rainbow Warriors,East Texas A&M Lions,100,74,False,True,HAW,ETAM
2026,2025-11-10T23:30Z,UConn Huskies,Columbia Lions,89,62,False,True,CONN,COLU
2026,2025-11-11T03:00Z,UCLA Bruins,West Georgia Wolves,83,62,False,True,UCLA,WGA
2026,2025-11-11T01:00Z,Iowa State Cyclones,Mississippi State Bulldogs,96,80,True,True,ISU,MSST
2026,2025-11-12T00:00Z,Army Black Knights,Duke Blue Devils,59,114,False,True,ARMY,DUKE
2026,2025-11-12T02:00Z,Arizona Wildcats,Northern Arizona Lumberjacks,84,49,False,True,ARIZ,NAU
2026,2025-11-11T23:30Z,Michigan Wolverines,Wake Forest Demon Deacons,85,84,True,True,MICH,WAKE
2026,2025-11-12T02:00Z,BYU Cougars,Delaware Blue Hens,85,68,False,True,BYU,DEL
2026,2025-11-12T01:00Z,Louisville Cardinals,Kentucky Wildcats,96,88,False,True,LOU,UK
2026,2025-11-12T00:00Z,Florida Gators,Florida State Seminoles,78,76,False,True,FLA,FSU
2026,2025-11-12T01:30Z,Illinois Fighting Illini,Texas Tech Red Raiders,81,77,False,True,ILL,TTU
2026,2025-11-12T00:00Z,North Carolina Tar Heels,Radford Highlanders,89,74,False,True,UNC,RAD
2026,2025-11-12T03:00Z,Gonzaga Bulldogs,Creighton Bluejays,90,63,False,True,GONZ,CREI
2026,2025-11-12T01:00Z,Arkansas Razorbacks,Central Arkansas Bears,93,56,False,True,ARK,CARK
2026,2025-11-12T01:00Z,Auburn Tigers,Wofford Terriers,93,62,False,True,AUB,WOF
2026,2025-11-12T01:30Z,Wisconsin Badgers,Ball State Cardinals,86,55,False,True,WIS,BALL
2026,2025-11-12T01:00Z,Kansas Jayhawks,Texas A&M-Corpus Christi Islanders,77,46,False,True,KU,AMCC
2026,2025-11-13T01:00Z,Houston Cougars,Oakland Golden Grizzlies,78,45,False,True,HOU,OAK
2026,2025-11-13T00:00Z,Tennessee Volunteers,North Florida Ospreys,99,66,False,True,TENN,UNF
2026,2025-11-14T00:00Z,Alabama Crimson Tide,Purdue Boilermakers,80,87,False,True,ALA,PUR
2026,2025-11-13T23:30Z,Michigan State Spartans,San José State Spartans,79,60,False,True,MSU,SJSU
2026,2025-11-15T00:00Z,Duke Blue Devils,Indiana State Sycamores,100,62,False,True,DUKE,INST
2026,2025-11-15T03:00Z,UCLA Bruins,Arizona Wildcats,65,69,True,True,UCLA,ARIZ
2026,2025-11-15T02:00Z,TCU Horned Frogs,Michigan Wolverines,63,67,False,True,TCU,MICH
2026,2025-11-15T00:00Z,Kentucky Wildcats,Eastern Illinois Panthers,99,53,False,True,UK,EIU
2026,2025-11-15T01:00Z,Texas Tech Red Raiders,Milwaukee Panthers,80,63,False,True,TTU,MILW
2026,2025-11-15T02:00Z,Illinois Fighting Illini,Colgate Raiders,84,65,False,True,ILL,COLG
2026,2025-11-15T02:00Z,North Carolina Tar Heels,North Carolina Central Eagles,97,53,False,True,UNC,NCCU
2026,2025-11-15T04:00Z,Arizona State Sun Devils,Gonzaga Bulldogs,65,77,False,True,ASU,GONZ
2026,2025-11-15T01:00Z,Arkansas Razorbacks,Samford Bulldogs,79,75,False,True,ARK,SAM
2026,2025-11-15T01:00Z,Creighton Bluejays,Maryland Eastern Shore Hawks,84,45,False,True,CREI,UMES
2026,2025-11-16T00:00Z,UConn Huskies,BYU Cougars,86,84,True,True,CONN,BYU
2026,2025-11-15T17:00Z,Louisville Cardinals,Ohio Bobcats,106,81,False,True,LOU,OHIO
2026,2025-11-15T23:00Z,St. John's Red Storm,William & Mary Tribe,93,60,False,True,SJU,W&M
2026,2025-11-15T19:00Z,Kansas Jayhawks,Princeton Tigers,76,57,False,True,KU,PRIN
2026,2025-11-16T20:00Z,Auburn Tigers,Houston Cougars,72,73,True,True,AUB,HOU
2026,2025-11-17T00:30Z,Purdue Boilermakers,Akron Zips,97,79,False,True,PUR,AKR
2026,2025-11-17T01:30Z,Florida Gators,Miami Hurricanes,82,68,True,True,FLA,MIA
2026,2025-11-18T02:00Z,Gonzaga Bulldogs,Southern Utah Thunderbirds,122,50,False,True,GONZ,SUU
2026,2025-11-18T01:00Z,Iowa State Cyclones,Stonehill Skyhawks,96,57,False,True,ISU,STO
2026,2025-11-18T01:30Z,Tennessee Volunteers,Rice Owls,91,66,False,True,TENN,RICE
2026,2025-11-18T01:00Z,Wisconsin Badgers,SIU Edwardsville Cougars,94,69,False,True,WIS,SIUE
2026,2025-11-18T00:00Z,NC State Wolfpack,VCU Rams,85,79,False,True,NCSU,VCU
2026,2025-11-19T02:00Z,Duke Blue Devils,Kansas Jayhawks,78,66,True,True,DUKE,KU
2026,2025-11-18T23:30Z,Kentucky Wildcats,Michigan State Spartans,66,83,True,True,UK,MSU
2026,2025-11-19T00:00Z,North Carolina Tar Heels,Navy Midshipmen,73,61,False,True,UNC,NAVY
2026,2025-11-19T03:30Z,UCLA Bruins,Sacramento State Hornets,79,48,False,True,UCLA,SAC
2026,2025-11-19T01:00Z,Arkansas Razorbacks,Winthrop Eagles,84,83,False,True,ARK,WIN
2026,2025-11-20T00:00Z,UConn Huskies,Arizona Wildcats,67,71,False,True,CONN,ARIZ
2026,2025-11-19T23:30Z,Michigan Wolverines,Middle Tennessee Blue Raiders,86,61,False,True,MICH,MTSU
2026,2025-11-20T02:15Z,Illinois Fighting Illini,Alabama Crimson Tide,86,90,True,True,ILL,ALA
2026,2025-11-20T02:00Z,Auburn Tigers,Jackson State Tigers,112,66,False,True,AUB,JKST
2026,2025-11-20T23:00Z,Purdue Boilermakers,Memphis Tigers,80,71,True,True,PUR,MEM
2026,2025-11-21T02:00Z,Houston Cougars,Rider Broncs,91,45,False,True,HOU,RID
2026,2025-11-21T00:00Z,St. John's Red Storm,Bucknell Bison,97,49,False,True,SJU,BUCK
2026,2025-11-21T01:59Z,Texas Tech Red Raiders,Wake Forest Demon Deacons,84,83,True,True,TTU,WAKE
2026,2025-11-21T00:00Z,Tennessee Volunteers,Tennessee State Tigers,89,60,False,True,TENN,TNST
2026,2025-11-22T02:30Z,Purdue Boilermakers,Texas Tech Red Raiders,86,56,True,True,PUR,TTU
2026,2025-11-22T00:00Z,Duke Blue Devils,Niagara Purple Eagles,100,42,False,True,DUKE,NIA
2026,2025-11-21T23:30Z,Cincinnati Bearcats,Louisville Cardinals,64,74,True,True,CIN,LOU
2026,2025-11-21T21:00Z,BYU Cougars,Wisconsin Badgers,98,70,False,True,BYU,WIS
2026,2025-11-22T00:00Z,Florida Gators,Merrimack Warriors,80,45,False,True,FLA,MRMK
2026,2025-11-22T00:00Z,Kentucky Wildcats,Loyola Maryland Greyhounds,88,46,False,True,UK,L-MD
2026,2025-11-21T23:30Z,Michigan State Spartans,Detroit Mercy Titans,84,56,False,True,MSU,DETM
2026,2025-11-22T03:30Z,UCLA Bruins,Presbyterian Blue Hose,86,46,False,True,UCLA,PRES
2026,2025-11-22T01:00Z,Arkansas Razorbacks,Jackson State Tigers,115,61,False,True,ARK,JKST
2026,2025-11-22T19:00Z,Illinois Fighting Illini,Long Island University Sharks,98,58,False,True,ILL,LIU
2026,2025-11-23T23:00Z,UConn Huskies,Bryant Bulldogs,72,49,False,True,CONN,BRY
2026,2025-11-23T21:00Z,Duke Blue Devils,Howard Bison,93,56,False,True,DUKE,HOW
2026,2025-11-25T03:30Z,Arizona Wildcats,Denver Pioneers,103,73,False,True,ARIZ,DEN
2026,2025-11-24T23:00Z,Houston Cougars,Syracuse Orange,78,74,True,True,HOU,SYR
2026,2025-11-25T00:00Z,Louisville Cardinals,Eastern Michigan Eagles,87,46,False,True,LOU,EMU
2026,2025-11-25T03:30Z,Michigan Wolverines,San Diego State Aztecs,94,54,True,True,MICH,SDSU
2026,2025-11-25T02:30Z,Alabama Crimson Tide,Gonzaga Bulldogs,85,95,True,True,ALA,GONZ
2026,2025-11-25T01:00Z,Illinois Fighting Illini,UT Rio Grande Valley Vaqueros,87,73,False,True,ILL,RGV
2026,2025-11-24T21:30Z,St. John's Red Storm,Iowa State Cyclones,82,83,True,True,SJU,ISU
2026,2025-11-24T18:00Z,Tennessee Volunteers,Rutgers Scarlet Knights,85,60,True,True,TENN,RUTG
2026,2025-11-25T01:00Z,Oregon Ducks,Auburn Tigers,73,84,True,True,ORE,AUB
2026,2025-11-24T19:30Z,NC State Wolfpack,Seton Hall Pirates,74,85,True,True,NCSU,HALL
2026,2025-11-25T23:00Z,Houston Cougars,Tennessee Volunteers,73,76,True,True,HOU,TENN
2026,2025-11-26T01:30Z,Michigan Wolverines,Auburn Tigers,102,72,True,True,MICH,AUB
2026,2025-11-26T04:59Z,Alabama Crimson Tide,UNLV Rebels,115,76,True,True,ALA,UNLV
2026,2025-11-25T18:00Z,East Carolina Pirates,Michigan State Spartans,56,89,True,True,ECU,MSU
2026,2025-11-26T02:30Z,Gonzaga Bulldogs,Maryland Terrapins,100,61,True,True,GONZ,MD
2026,2025-11-25T21:30Z,Baylor Bears,St. John's Red Storm,81,96,True,True,BAY,SJU
2026,2025-11-25T19:00Z,Iowa State Cyclones,Creighton Bluejays,78,60,True,True,ISU,CREI
2026,2025-11-25T23:00Z,North Carolina Tar Heels,St. Bonaventure Bonnies,85,70,True,True,UNC,SBU
2026,2025-11-26T03:00Z,California Golden Bears,UCLA Bruins,80,72,True,True,CAL,UCLA
2026,2025-11-25T19:30Z,Boise State Broncos,NC State Wolfpack,70,81,True,True,BOIS,NCSU
2026,2025-11-26T01:00Z,Indiana Hoosiers,Kansas State Wildcats,86,69,False,True,IU,KSU
2026,2025-11-26T20:30Z,Houston Cougars,Notre Dame Fighting Irish,66,56,True,True,HOU,ND
2026,2025-11-27T02:00Z,Louisville Cardinals,NJIT Highlanders,104,47,False,True,LOU,NJIT
2026,2025-11-27T02:30Z,Michigan Wolverines,Gonzaga Bulldogs,101,61,True,True,MICH,GONZ
2026,2025-11-27T04:59Z,Alabama Crimson Tide,Maryland Terrapins,105,72,True,True,ALA,MD
2026,2025-11-27T01:00Z,Auburn Tigers,St. John's Red Storm,85,74,True,True,AUB,SJU
2026,2025-11-26T18:00Z,Iowa State Cyclones,Syracuse Orange,95,64,True,True,ISU,SYR
2026,2025-11-27T00:00Z,Tennessee Volunteers,Kansas Jayhawks,76,81,True,True,TENN,KU
2026,2025-11-27T00:00Z,Kentucky Wildcats,Tennessee Tech Golden Eagles,104,54,False,True,UK,TNTC
2026,2025-11-26T18:00Z,Texas Tech Red Raiders,New Orleans Privateers,82,50,False,True,TTU,UNO
2026,2025-11-27T02:30Z,Texas Longhorns,NC State Wolfpack,102,97,True,True,TEX,NCSU
2026,2025-11-26T17:00Z,Western Kentucky Hilltoppers,Vanderbilt Commodores,78,83,True,True,WKU,VAN
2026,2025-11-28T01:00Z,Arkansas Razorbacks,Duke Blue Devils,71,80,True,True,ARK,DUKE
2026,2025-11-27T22:00Z,Miami Hurricanes,BYU Cougars,62,72,True,True,MIA,BYU
2026,2025-11-27T20:00Z,Florida Gators,TCU Horned Frogs,80,84,True,True,FLA,TCU
2026,2025-11-27T21:30Z,North Carolina Tar Heels,Michigan State Spartans,58,74,True,True,UNC,MSU
2026,2025-11-27T17:00Z,Vanderbilt Commodores,VCU Rams,89,74,True,True,VAN,VCU
2026,2025-11-28T17:00Z,Purdue Boilermakers,Eastern Illinois Panthers,109,62,False,True,PUR,EIU
2026,2025-11-28T17:30Z,UConn Huskies,Illinois Fighting Illini,74,61,True,True,CONN,ILL
2026,2025-11-29T02:30Z,Dayton Flyers,BYU Cougars,79,83,True,True,DAY,BYU
2026,2025-11-28T20:00Z,Florida Gators,Providence Friars,90,78,True,True,FLA,PROV
2026,2025-11-28T18:00Z,Vanderbilt Commodores,Saint Mary's Gaels,96,71,True,True,VAN,SMC
2026,2025-11-29T21:00Z,Arizona Wildcats,Norfolk State Spartans,98,61,False,True,ARIZ,NORF
2026,2025-11-29T17:00Z,Indiana Hoosiers,Bethune-Cookman Wildcats,100,56,False,True,IU,BCU
2026,2025-11-30T20:00Z,Texas Tech Red Raiders,Wyoming Cowboys,76,72,False,True,TTU,WYO
2026,2025-12-01T17:00Z,Chicago State Cougars,St. Xavier  (IL) Cougars,85,62,False,True,CHST,STX
2026,2025-12-01T17:00Z,Southern Jaguars,Louisiana Christian Wildcats,101,48,False,True,SOU,LCHR
2026,2025-12-01T23:30Z,Villanova Wildcats,Temple Owls,74,56,False,True,VILL,TEM
2026,2025-12-01T23:30Z,Toledo Rockets,Central State (OH) Marauders,102,58,False,True,TOL,CSO
2026,2025-12-02T00:00Z,Hampton Pirates,Apprentice School Builders,94,58,False,True,HAMP,APPRE
2026,2025-12-02T00:00Z,Troy Trojans,West Georgia Wolves,89,93,False,True,TROY,WGA
2026,2025-12-02T00:00Z,Delaware Blue Hens,Iona Gaels,66,89,False,True,DEL,IONA
2026,2025-12-02T00:00Z,Jacksonville State Gamecocks,North Alabama Lions,66,73,False,True,JXST,UNA
2026,2025-12-02T00:00Z,Cincinnati Bearcats,Tarleton State Texans,76,58,False,True,CIN,TAR
2026,2025-12-02T00:00Z,Xavier Musketeers,Saint Francis Red Flash,96,74,False,True,XAV,SFPA
2026,2025-12-02T00:30Z,Middle Tennessee Blue Raiders,UAB Blazers,76,61,False,True,MTSU,UAB
2026,2025-12-02T00:30Z,Incarnate Word Cardinals,McNeese Cowboys,71,67,False,True,UIW,MCN
2026,2025-12-02T01:00Z,Northern Iowa Panthers,Coe Kohawks,99,34,False,True,UNI,COE
2026,2025-12-02T01:00Z,Kansas State Wildcats,Bowling Green Falcons,66,82,False,True,KSU,BGSU
2026,2025-12-02T01:30Z,Southern Utah Thunderbirds,West Coast Baptist Eagles,124,59,False,True,SUU,WCBC
2026,2025-12-02T02:00Z,New Mexico Lobos,New Mexico Highlands Cowboys,97,47,False,True,UNM,NMHU
2026,2025-12-02T02:00Z,Colorado Buffaloes,California Baptist Lancers,78,70,False,True,COLO,CBU
2026,2025-12-02T03:00Z,Stanford Cardinal,Portland Pilots,94,72,False,True,STAN,PORT
2026,2025-12-03T01:00Z,Rutgers Scarlet Knights,Purdue Boilermakers,65,81,False,True,RUTG,PUR
2026,2025-12-03T00:30Z,Duke Blue Devils,Florida Gators,67,66,False,True,DUKE,FLA
2026,2025-12-03T02:00Z,Kansas Jayhawks,UConn Huskies,56,61,False,True,KU,CONN
2026,2025-12-03T00:00Z,Michigan State Spartans,Iowa Hawkeyes,71,52,False,True,MSU,IOWA
2026,2025-12-03T00:00Z,Syracuse Orange,Tennessee Volunteers,62,60,False,True,SYR,TENN
2026,2025-12-03T02:30Z,Kentucky Wildcats,North Carolina Tar Heels,64,67,False,True,UK,UNC
2026,2025-12-03T03:00Z,Oregon Ducks,USC Trojans,77,82,False,True,ORE,USC
2026,2025-12-04T00:15Z,Arkansas Razorbacks,Louisville Cardinals,89,80,False,True,ARK,LOU
2026,2025-12-04T02:00Z,BYU Cougars,California Baptist Lancers,91,60,False,True,BYU,CBU
2026,2025-12-04T01:00Z,Iowa State Cyclones,Alcorn State Braves,132,68,False,True,ISU,ALCN
2026,2025-12-04T00:15Z,Alabama Crimson Tide,Clemson Tigers,90,84,False,True,ALA,CLEM
2026,2025-12-04T02:15Z,Vanderbilt Commodores,SMU Mustangs,88,69,False,True,VAN,SMU
2026,2025-12-04T02:25Z,Auburn Tigers,NC State Wolfpack,83,73,False,True,AUB,NCSU
2026,2025-12-04T00:00Z,Minnesota Golden Gophers,Indiana Hoosiers,73,64,False,True,MINN,IU
2026,2025-12-04T21:00Z,Fairleigh Dickinson Knights,Manor College Blue Jays,86,38,False,True,FDU,MANR
2026,2025-12-05T00:00Z,Davidson Wildcats,The Citadel Bulldogs,79,63,False,True,DAV,CIT
2026,2025-12-05T00:00Z,South Florida Bulls,Utah State Aggies,74,61,False,True,USF,USU
2026,2025-12-05T00:00Z,Merrimack Warriors,Rider Broncs,68,66,False,True,MRMK,RID
2026,2025-12-05T00:00Z,Charleston Southern Buccaneers,Warren Wilson Owls,124,63,False,True,CHSO,WNWL
2026,2025-12-05T00:00Z,Green Bay Phoenix,Robert Morris Colonials,78,80,False,True,GB,RMU
2026,2025-12-05T02:00Z,UC Santa Barbara Gauchos,Long Beach State Beach,84,77,False,True,UCSB,LBSU
2026,2025-12-05T03:00Z,Cal State Northridge Matadors,Cal State Bakersfield Roadrunners,87,66,False,True,CSUN,CSUB
2026,2025-12-05T03:00Z,Cal State Fullerton Titans,Cal Poly Mustangs,91,94,False,True,CSUF,CP
2026,2025-12-05T03:00Z,UC Irvine Anteaters,UC Riverside Highlanders,73,60,False,True,UCI,UCR
2026,2025-12-05T04:59Z,Hawai'i Rainbow Warriors,UC Davis Aggies,75,69,False,True,HAW,UCD
2026,2025-12-06T00:30Z,UConn Huskies,East Texas A&M Lions,83,59,False,True,CONN,ETAM
2026,2025-12-06T00:00Z,Kentucky Wildcats,Gonzaga Bulldogs,59,94,True,True,UK,GONZ
2026,2025-12-06T17:00Z,Purdue Boilermakers,Iowa State Cyclones,58,81,False,True,PUR,ISU
2026,2025-12-07T03:00Z,Arizona Wildcats,Auburn Tigers,97,68,False,True,ARIZ,AUB
2026,2025-12-06T21:00Z,Michigan Wolverines,Rutgers Scarlet Knights,101,60,False,True,MICH,RUTG
2026,2025-12-06T17:00Z,Michigan State Spartans,Duke Blue Devils,60,66,False,True,MSU,DUKE
2026,2025-12-06T19:15Z,Louisville Cardinals,Indiana Hoosiers,87,78,True,True,LOU,IU
2026,2025-12-07T01:00Z,Houston Cougars,Florida State Seminoles,82,67,True,True,HOU,FSU
2026,2025-12-07T01:00Z,Tennessee Volunteers,Illinois Fighting Illini,62,75,True,True,TENN,ILL
2026,2025-12-07T01:00Z,St. John's Red Storm,Ole Miss Rebels,63,58,False,True,SJU,MISS
2026,2025-12-06T23:00Z,USC Trojans,Washington Huskies,76,84,False,True,USC,WASH
2026,2025-12-06T21:00Z,Arkansas Razorbacks,Fresno State Bulldogs,82,58,False,True,ARK,FRES
2026,2025-12-08T02:00Z,Gonzaga Bulldogs,North Florida Ospreys,109,58,False,True,GONZ,UNF
2026,2025-12-07T19:00Z,Alabama Crimson Tide,UTSA Roadrunners,97,55,False,True,ALA,UTSA
2026,2025-12-07T22:00Z,North Carolina Tar Heels,Georgetown Hoyas,81,61,False,True,UNC,GTWN
2026,2025-12-07T20:00Z,Texas Tech Red Raiders,LSU Tigers,82,58,True,True,TTU,LSU
2026,2025-12-07T18:00Z,Kansas Jayhawks,Missouri Tigers,80,60,True,True,KU,MIZ
2026,2025-12-08T17:00Z,Kennesaw State Owls,Southern Wesleyan Warriors,121,66,False,True,KENN,SWES
2026,2025-12-08T23:00Z,Pennsylvania Quakers,Lafayette Leopards,74,72,False,True,PENN,LAF
2026,2025-12-09T00:00Z,Charleston Southern Buccaneers,South Carolina State Bulldogs,84,44,False,True,CHSO,SCST
2026,2025-12-09T01:00Z,Southern Miss Golden Eagles,Grambling Tigers,68,60,False,True,USM,GRAM
2026,2025-12-09T01:00Z,Texas Longhorns,Southern Jaguars,95,69,False,True,TEX,SOU
2026,2025-12-09T01:00Z,Kansas State Wildcats,Mississippi Valley State Delta Devils,108,49,False,True,KSU,MVSU
2026,2025-12-09T01:00Z,New Orleans Privateers,Incarnate Word Cardinals,84,83,False,True,UNO,UIW
2026,2025-12-09T23:30Z,Michigan Wolverines,Villanova Wildcats,89,61,False,True,MICH,VILL
2026,2025-12-10T02:31Z,UConn Huskies,Florida Gators,77,73,True,True,CONN,FLA
2026,2025-12-09T23:30Z,BYU Cougars,Clemson Tigers,67,64,True,True,BYU,CLEM
2026,2025-12-10T00:30Z,Ohio State Buckeyes,Illinois Fighting Illini,80,88,False,True,OSU,ILL
2026,2025-12-10T00:00Z,Virginia Cavaliers,Maryland Eastern Shore Hawks,84,60,False,True,UVA,UMES
2026,2025-12-11T00:00Z,Purdue Boilermakers,Minnesota Golden Gophers,85,57,False,True,PUR,MINN
2026,2025-12-11T01:00Z,Houston Cougars,Jackson State Tigers,80,38,False,True,HOU,JKST
2026,2025-12-11T02:00Z,Nebraska Cornhuskers,Wisconsin Badgers,90,60,False,True,NEB,WIS
2026,2025-12-12T01:00Z,Iowa State Cyclones,Iowa Hawkeyes,66,62,False,True,ISU,IOWA
2026,2025-12-13T01:00Z,UConn Huskies,Texas Longhorns,71,63,False,True,CONN,TEX
2026,2025-12-14T02:30Z,Alabama Crimson Tide,Arizona Wildcats,75,96,True,True,ALA,ARIZ
2026,2025-12-14T01:00Z,Maryland Terrapins,Michigan Wolverines,83,101,False,True,MD,MICH
2026,2025-12-13T19:00Z,Purdue Boilermakers,Marquette Golden Eagles,79,59,False,True,PUR,MARQ
2026,2025-12-13T20:00Z,Houston Cougars,New Orleans Privateers,99,57,False,True,HOU,UNO
2026,2025-12-14T04:45Z,Gonzaga Bulldogs,UCLA Bruins,82,72,True,True,GONZ,UCLA
2026,2025-12-13T17:00Z,Penn State Nittany Lions,Michigan State Spartans,72,76,False,True,PSU,MSU
2026,2025-12-14T02:00Z,BYU Cougars,UC Riverside Highlanders,100,53,False,True,BYU,UCR
2026,2025-12-13T20:30Z,Louisville Cardinals,Memphis Tigers,99,73,False,True,LOU,MEM
2026,2025-12-13T21:00Z,Illinois Fighting Illini,Nebraska Cornhuskers,80,83,False,True,ILL,NEB
2026,2025-12-13T19:00Z,North Carolina Tar Heels,South Carolina Upstate Spartans,80,62,False,True,UNC,UPST
2026,2025-12-13T23:30Z,Vanderbilt Commodores,Central Arkansas Bears,83,72,False,True,VAN,CARK
2026,2025-12-13T17:00Z,Arkansas Razorbacks,Texas Tech Red Raiders,93,86,True,True,ARK,TTU
2026,2025-12-13T19:52Z,Florida Gators,George Washington Revolutionaries,80,70,True,True,FLA,GW
2026,2025-12-13T22:30Z,NC State Wolfpack,Kansas Jayhawks,76,77,False,True,NCSU,KU
2026,2025-12-13T21:50Z,Auburn Tigers,Chattanooga Mocs,92,78,True,True,AUB,UTC
2026,2025-12-13T17:00Z,St. John's Red Storm,Iona Gaels,91,64,False,True,SJU,IONA
2026,2025-12-14T18:00Z,Iowa State Cyclones,Eastern Illinois Panthers,78,53,False,True,ISU,EIU
2026,2025-12-15T18:00Z,Samford Bulldogs,Bryan (TN) Lions,106,51,False,True,SAM,BRTN
2026,2025-12-16T00:00Z,Florida A&M Rattlers,Albany St (GA) Golden Rams,93,77,False,True,FAMU,ABSU
2026,2025-12-16T00:00Z,Arkansas-Pine Bluff Golden Lions,Ecclesia Royals,114,64,False,True,UAPB,ECCL
2026,2025-12-16T00:00Z,Gardner-Webb Runnin' Bulldogs,Wofford Terriers,57,83,False,True,GWEB,WOF
2026,2025-12-16T00:00Z,Stetson Hatters,Rhodes Lynx,95,76,False,True,STET,RHO
2026,2025-12-16T00:00Z,VCU Rams,Niagara Purple Eagles,84,58,False,True,VCU,NIA
2026,2025-12-16T00:00Z,SE Louisiana Lions,East Texas A&M Lions,69,70,False,True,SELA,ETAM
2026,2025-12-16T00:30Z,Western Kentucky Hilltoppers,Campbellsville Tigers,102,59,False,True,WKU,CBVU
2026,2025-12-16T01:00Z,North Dakota State Bison,Minnesota Crookston Golden Eagles,101,67,False,True,NDSU,MNCR
2026,2025-12-16T01:00Z,South Dakota State Jackrabbits,Wyoming Cowboys,72,87,True,True,SDST,WYO
2026,2025-12-16T01:00Z,Alabama A&M Bulldogs,North Alabama Lions,68,60,False,True,AAMU,UNA
2026,2025-12-16T01:00Z,Houston Christian Huskies,McNeese Cowboys,68,78,False,True,HCU,MCN
2026,2025-12-16T01:00Z,TCU Horned Frogs,Incarnate Word Cardinals,69,65,False,True,TCU,UIW
2026,2025-12-17T02:00Z,Arizona Wildcats,Abilene Christian Wildcats,96,62,False,True,ARIZ,ACU
2026,2025-12-16T23:00Z,Duke Blue Devils,Lipscomb Bisons,97,73,False,True,DUKE,LIP
2026,2025-12-17T01:30Z,UConn Huskies,Butler Bulldogs,79,60,False,True,CONN,BUT
2026,2025-12-16T23:30Z,Michigan State Spartans,Toledo Rockets,92,69,False,True,MSU,TOL
2026,2025-12-17T02:00Z,BYU Cougars,Pacific Tigers,93,57,False,True,BYU,PAC
2026,2025-12-17T00:00Z,Tennessee Volunteers,Louisville Cardinals,83,62,False,True,TENN,LOU
2026,2025-12-17T01:00Z,North Carolina Tar Heels,East Tennessee State Buccaneers,77,58,False,True,UNC,ETSU
2026,2025-12-17T02:00Z,Arkansas Razorbacks,Queens University Royals,108,80,False,True,ARK,QUC
2026,2025-12-17T02:00Z,Kansas Jayhawks,Towson Tigers,73,49,False,True,KU,TOW
2026,2025-12-17T01:00Z,Texas Tech Red Raiders,Northern Colorado Bears,101,90,False,True,TTU,UNCO
2026,2025-12-17T00:00Z,St. John's Red Storm,DePaul Blue Demons,79,66,False,True,SJU,DEP
2026,2025-12-18T02:00Z,Gonzaga Bulldogs,Campbell Fighting Camels,98,70,False,True,GONZ,CAM
2026,2025-12-18T00:00Z,Memphis Tigers,Vanderbilt Commodores,70,77,False,True,MEM,VAN
2026,2025-12-18T01:00Z,Alabama Crimson Tide,South Florida Bulls,104,93,False,True,ALA,USF
2026,2025-12-17T23:30Z,Florida Gators,Saint Francis Red Flash,102,61,False,True,FLA,SFPA
2026,2025-12-19T00:00Z,Georgia Bulldogs,Western Carolina Catamounts,112,82,False,True,UGA,WCU
2026,2025-12-20T02:30Z,BYU Cougars,Abilene Christian Wildcats,85,67,False,True,BYU,ACU
2026,2025-12-21T03:30Z,Arizona Wildcats,San Diego State Aztecs,68,45,True,True,ARIZ,SDSU
2026,2025-12-21T01:10Z,Duke Blue Devils,Texas Tech Red Raiders,81,82,True,True,DUKE,TTU
2026,2025-12-20T23:30Z,Purdue Boilermakers,Auburn Tigers,88,60,True,True,PUR,AUB
2026,2025-12-20T22:30Z,Arkansas Razorbacks,Houston Cougars,85,94,True,True,ARK,HOU
2026,2025-12-20T17:00Z,Michigan State Spartans,Oakland Golden Grizzlies,79,70,True,True,MSU,OAK
2026,2025-12-20T17:00Z,Louisville Cardinals,Montana Grizzlies,94,54,False,True,LOU,MONT
2026,2025-12-20T20:26Z,Ohio State Buckeyes,North Carolina Tar Heels,70,71,True,True,OSU,UNC
2026,2025-12-20T17:30Z,Kentucky Wildcats,St. John's Red Storm,78,66,True,True,UK,SJU
2026,2025-12-20T23:00Z,Virginia Cavaliers,Maryland Terrapins,80,72,False,True,UVA,MD
2026,2025-12-21T21:00Z,Michigan Wolverines,La Salle Explorers,102,50,False,True,MICH,LAS
2026,2025-12-21T23:00Z,Iowa State Cyclones,Long Beach State Beach,91,60,False,True,ISU,LBSU
2026,2025-12-21T21:30Z,DePaul Blue Demons,UConn Huskies,54,72,False,True,DEP,CONN
2026,2025-12-21T23:00Z,Oregon Ducks,Gonzaga Bulldogs,82,91,True,True,ORE,GONZ
2026,2025-12-21T18:00Z,Wake Forest Demon Deacons,Vanderbilt Commodores,67,98,False,True,WAKE,VAN
2026,2025-12-22T01:00Z,Nebraska Cornhuskers,North Dakota Fighting Hawks,78,55,False,True,NEB,UND
2026,2025-12-21T19:00Z,Alabama Crimson Tide,Kennesaw State Owls,92,81,True,True,ALA,KENN
2026,2025-12-21T20:00Z,Tennessee Volunteers,Gardner-Webb Runnin' Bulldogs,94,52,False,True,TENN,GWEB
2026,2025-12-21T17:00Z,Florida Gators,Colgate Raiders,90,60,False,True,FLA,COLG
2026,2025-12-23T02:00Z,Arizona Wildcats,Bethune-Cookman Wildcats,107,71,False,True,ARIZ,BCU
2026,2025-12-23T02:00Z,BYU Cougars,Eastern Washington Eagles,109,81,False,True,BYU,EWU
2026,2025-12-23T01:00Z,North Carolina Tar Heels,East Carolina Pirates,99,51,False,True,UNC,ECU
2026,2025-12-23T01:00Z,Kansas Jayhawks,Davidson Wildcats,90,61,False,True,KU,DAV
2026,2025-12-23T01:00Z,Illinois Fighting Illini,Missouri Tigers,91,48,True,True,ILL,MIZ
2026,2025-12-22T23:00Z,Virginia Cavaliers,American University Eagles,95,51,False,True,UVA,AMER
2026,2025-12-22T19:00Z,Georgia Bulldogs,West Georgia Wolves,103,74,False,True,UGA,WGA
2026,2025-12-23T17:00Z,Campbell Fighting Camels,Green Bay Phoenix,102,79,False,True,CAM,GB
2026,2025-12-23T17:00Z,Army Black Knights,Binghamton Bearcats,95,85,False,True,ARMY,BING
2026,2025-12-23T18:00Z,Kentucky Wildcats,Bellarmine Knights,99,85,False,True,UK,BELL
2026,2025-12-23T19:00Z,Ohio State Buckeyes,Grambling Tigers,89,63,False,True,OSU,GRAM
2026,2025-12-23T19:00Z,UCF Knights,Florida Atlantic Owls,85,80,False,True,UCF,FAU
2026,2025-12-23T20:00Z,Missouri State Bears,Lindenwood Lions,70,65,False,True,MOST,LIN
2026,2025-12-23T21:00Z,UCLA Bruins,UC Riverside Highlanders,97,65,False,True,UCLA,UCR
2026,2025-12-23T22:00Z,Cal State Bakersfield Roadrunners,Idaho Vandals,64,63,False,True,CSUB,IDHO
2026,2025-12-23T23:00Z,Loyola Marymount Lions,Morgan State Bears,83,56,False,True,LMU,MORG
2026,2025-12-23T23:00Z,St. John's Red Storm,Harvard Crimson,85,59,False,True,SJU,HARV
2026,2025-12-24T00:00Z,Marshall Thundering Herd,WVU Tech Golden Bears,102,52,False,True,MRSH,WVUT
2026,2025-12-24T00:00Z,Seton Hall Pirates,Villanova Wildcats,56,64,False,True,HALL,VILL
2026,2025-12-27T17:00Z,UNC Wilmington Seahawks,Columbia College (SC) Fighting Koalas,100,56,False,True,UNCW,CCSC
2026,2025-12-27T19:00Z,Duquesne Dukes,Cleary University Cougars,99,49,False,True,DUQ,CLRY
2026,2025-12-28T01:00Z,Stanford Cardinal,Cal State Northridge Matadors,88,80,False,True,STAN,CSUN
2026,2025-12-29T01:00Z,Pepperdine Waves,Gonzaga Bulldogs,56,96,False,True,PEPP,GONZ
2026,2025-12-28T19:00Z,Texas Tech Red Raiders,Winthrop Eagles,87,57,False,True,TTU,WIN
2026,2025-12-30T02:00Z,Arizona Wildcats,South Dakota State Jackrabbits,99,71,False,True,ARIZ,SDST
2026,2025-12-30T00:00Z,Michigan Wolverines,McNeese Cowboys,112,71,False,True,MICH,MCN
2026,2025-12-30T01:00Z,Iowa State Cyclones,Houston Christian Huskies,89,61,False,True,ISU,HCU
2026,2025-12-30T00:00Z,Purdue Boilermakers,Kent State Golden Flashes,101,60,False,True,PUR,KENT
2026,2025-12-30T01:00Z,Houston Cougars,Middle Tennessee Blue Raiders,69,60,False,True,HOU,MTSU
2026,2025-12-30T00:00Z,Michigan State Spartans,Cornell Big Red,114,97,False,True,MSU,COR
2026,2025-12-30T00:00Z,Vanderbilt Commodores,New Haven Chargers,96,53,False,True,VAN,NHVN
2026,2025-12-30T01:00Z,Alabama Crimson Tide,Yale Bulldogs,102,78,False,True,ALA,YALE
2026,2025-12-30T01:00Z,Arkansas Razorbacks,James Madison Dukes,103,74,False,True,ARK,JMU
2026,2025-12-29T20:00Z,Illinois Fighting Illini,Southern Jaguars,90,55,False,True,ILL,SOU
2026,2025-12-29T23:00Z,Florida Gators,Dartmouth Big Green,94,72,False,True,FLA,DART
2026,2025-12-30T00:00Z,Georgia Bulldogs,Long Island University Sharks,89,74,False,True,UGA,LIU
2026,2025-12-29T22:00Z,Iowa Hawkeyes,UMass Lowell River Hawks,90,62,False,True,IOWA,UML
2026,2025-12-31T02:30Z,San Diego Toreros,Gonzaga Bulldogs,93,99,False,True,USD,GONZ
2026,2025-12-31T00:00Z,North Carolina Tar Heels,Florida State Seminoles,79,66,False,True,UNC,FSU
2026,2025-12-31T02:00Z,Nebraska Cornhuskers,New Hampshire Wildcats,86,55,False,True,NEB,UNH
2026,2025-12-31T02:00Z,California Golden Bears,Louisville Cardinals,70,90,False,True,CAL,LOU
2026,2025-12-31T01:00Z,Tennessee Volunteers,South Carolina State Bulldogs,105,54,False,True,TENN,SCST
2026,2025-12-31T22:00Z,Xavier Musketeers,UConn Huskies,67,90,False,True,XAV,CONN
2026,2025-12-31T21:00Z,Duke Blue Devils,Georgia Tech Yellow Jackets,85,79,False,True,DUKE,GT
2026,2025-12-31T19:00Z,Virginia Tech Hokies,Virginia Cavaliers,95,85,False,True,VT,UVA
2026,2026-01-01T18:00Z,Dartmouth Big Green,Elms College Blazers,107,43,False,True,DART,ELMS
2026,2026-01-01T18:00Z,Youngstown State Penguins,Oakland Golden Grizzlies,83,85,False,True,YSU,OAK
2026,2026-01-01T18:00Z,VMI Keydets,Samford Bulldogs,58,78,False,True,VMI,SAM
2026,2026-01-01T18:00Z,Coastal Carolina Chanticleers,Georgia Southern Eagles,81,82,False,True,CCU,GASO
2026,2026-01-01T18:00Z,North Alabama Lions,Stetson Hatters,67,70,False,True,UNA,STET
2026,2026-01-01T19:00Z,North Dakota Fighting Hawks,Oral Roberts Golden Eagles,72,61,False,True,UND,ORU
2026,2026-01-01T19:00Z,Northern Kentucky Norse,IU Indianapolis Jaguars,81,72,False,True,NKU,IUIN
2026,2026-01-01T19:00Z,Wright State Raiders,Milwaukee Panthers,76,70,False,True,WRST,MILW
2026,2026-01-01T19:00Z,Purdue Fort Wayne Mastodons,Green Bay Phoenix,54,72,False,True,PFW,GB
2026,2026-01-01T19:00Z,Lipscomb Bisons,Jacksonville Dolphins,76,57,False,True,LIP,JAX
2026,2026-01-01T19:00Z,Central Arkansas Bears,Florida Gulf Coast Eagles,85,83,False,True,CARK,FGCU
2026,2026-01-01T20:00Z,Southern Illinois Salukis,Valparaiso Beacons,75,70,False,True,SIU,VAL
2026,2026-01-01T20:00Z,Illinois State Redbirds,Evansville Purple Aces,73,47,False,True,ILST,EVAN
2026,2026-01-01T20:00Z,UT Arlington Mavericks,California Baptist Lancers,63,51,False,True,UTA,CBU
2026,2026-01-01T21:00Z,UNC Greensboro Spartans,Chattanooga Mocs,77,72,False,True,UNCG,UTC
2026,2026-01-01T21:00Z,Weber State Wildcats,Portland State Vikings,90,95,False,True,WEB,PRST
2026,2026-01-01T21:30Z,UT Martin Skyhawks,Western Illinois Leathernecks,67,60,False,True,UTM,WIU
2026,2026-01-01T21:30Z,SIU Edwardsville Cougars,Southern Indiana Screaming Eagles,59,55,False,True,SIUE,USI
2026,2026-01-01T21:30Z,Lindenwood Lions,Morehead State Eagles,77,64,False,True,LIN,MORE
2026,2026-01-01T22:00Z,UC Davis Aggies,Cal State Northridge Matadors,89,80,False,True,UCD,CSUN
2026,2026-01-01T22:00Z,Cal State Bakersfield Roadrunners,UC Irvine Anteaters,77,81,False,True,CSUB,UCI
2026,2026-01-01T22:00Z,UL Monroe Warhawks,Southern Miss Golden Eagles,73,87,False,True,ULM,USM
2026,2026-01-01T22:15Z,South Dakota State Jackrabbits,Omaha Mavericks,84,69,False,True,SDST,OMA
2026,2026-01-01T23:00Z,Montana Grizzlies,Northern Arizona Lumberjacks,78,64,False,True,MONT,NAU
2026,2026-01-01T23:00Z,Little Rock Trojans,Tennessee Tech Golden Eagles,77,58,False,True,LR,TNTC
2026,2026-01-02T00:00Z,Belmont Bruins,Bradley Braves,88,78,False,True,BEL,BRAD
2026,2026-01-02T00:00Z,Queens University Royals,Eastern Kentucky Colonels,91,89,False,True,QUC,EKU
2026,2026-01-02T00:00Z,West Georgia Wolves,Bellarmine Knights,87,85,False,True,WGA,BELL
2026,2026-01-02T01:00Z,Northern Iowa Panthers,Indiana State Sycamores,75,66,False,True,UNI,INST
2026,2026-01-02T01:00Z,UC Riverside Highlanders,Hawai'i Rainbow Warriors,45,88,False,True,UCR,HAW
2026,2026-01-02T01:00Z,Austin Peay Governors,North Florida Ospreys,102,83,False,True,APSU,UNF
2026,2026-01-02T01:00Z,Tarleton State Texans,Utah Valley Wolverines,85,91,False,True,TAR,UVU
2026,2026-01-02T01:00Z,Abilene Christian Wildcats,Utah Tech Trailblazers,64,79,False,True,ACU,UTU
2026,2026-01-02T01:30Z,Southeast Missouri State Redhawks,Eastern Illinois Panthers,68,59,False,True,SEMO,EIU
2026,2026-01-02T02:00Z,UIC Flames,Murray State Racers,77,81,False,True,UIC,MUR
2026,2026-01-02T02:00Z,Montana State Bobcats,Northern Colorado Bears,89,75,False,True,MTST,UNCO
2026,2026-01-02T02:00Z,Idaho State Bengals,Sacramento State Hornets,97,84,False,True,IDST,SAC
2026,2026-01-02T03:00Z,Cal State Fullerton Titans,UC Santa Barbara Gauchos,95,84,False,True,CSUF,UCSB
2026,2026-01-02T03:00Z,Cal Poly Mustangs,UC San Diego Tritons,67,65,False,True,CP,UCSD
2026,2026-01-03T00:00Z,Michigan Wolverines,USC Trojans,96,66,False,True,MICH,USC
2026,2026-01-03T02:00Z,Iowa State Cyclones,West Virginia Mountaineers,80,59,False,True,ISU,WVU
2026,2026-01-03T02:00Z,Gonzaga Bulldogs,Seattle U Redhawks,80,72,False,True,GONZ,SEA
2026,2026-01-03T02:00Z,Nebraska Cornhuskers,Michigan State Spartans,58,56,False,True,NEB,MSU
2026,2026-01-03T01:00Z,Stanford Cardinal,Louisville Cardinals,80,76,False,True,STAN,LOU
2026,2026-01-03T21:00Z,Utah Utes,Arizona Wildcats,78,97,False,True,UTAH,ARIZ
2026,2026-01-04T01:00Z,Wisconsin Badgers,Purdue Boilermakers,73,89,False,True,WIS,PUR
2026,2026-01-03T20:45Z,Florida State Seminoles,Duke Blue Devils,87,91,False,True,FSU,DUKE
2026,2026-01-03T19:00Z,Cincinnati Bearcats,Houston Cougars,60,67,False,True,CIN,HOU
2026,2026-01-03T18:30Z,Kansas State Wildcats,BYU Cougars,73,83,False,True,KSU,BYU
2026,2026-01-03T19:00Z,South Carolina Gamecocks,Vanderbilt Commodores,71,83,False,True,SC,VAN
2026,2026-01-03T19:15Z,SMU Mustangs,North Carolina Tar Heels,97,83,False,True,SMU,UNC
2026,2026-01-03T17:00Z,Alabama Crimson Tide,Kentucky Wildcats,89,74,False,True,ALA,UK
2026,2026-01-03T18:00Z,Texas Tech Red Raiders,Oklahoma State Cowboys,102,80,False,True,TTU,OKST
2026,2026-01-03T19:00Z,UCF Knights,Kansas Jayhawks,81,75,False,True,UCF,KU
2026,2026-01-03T20:10Z,Arkansas Razorbacks,Tennessee Volunteers,86,75,False,True,ARK,TENN
2026,2026-01-04T00:00Z,Penn State Nittany Lions,Illinois Fighting Illini,65,73,False,True,PSU,ILL
2026,2026-01-03T16:00Z,NC State Wolfpack,Virginia Cavaliers,61,76,False,True,NCSU,UVA
2026,2026-01-04T01:30Z,Missouri Tigers,Florida Gators,76,74,False,True,MIZ,FLA
2026,2026-01-03T18:00Z,Georgia Bulldogs,Auburn Tigers,104,100,False,True,UGA,AUB
2026,2026-01-03T23:00Z,Iowa Hawkeyes,UCLA Bruins,74,61,False,True,IOWA,UCLA
2026,2026-01-04T19:00Z,UConn Huskies,Marquette Golden Eagles,73,57,False,True,CONN,MARQ
2026,2026-01-05T02:00Z,Gonzaga Bulldogs,Loyola Marymount Lions,82,47,False,True,GONZ,LMU
2026,2026-01-05T23:30Z,Ohio State Buckeyes,Nebraska Cornhuskers,69,72,False,True,OSU,NEB
2026,2026-01-06T01:30Z,Michigan State Spartans,USC Trojans,80,51,False,True,MSU,USC
2026,2026-01-07T00:00Z,Penn State Nittany Lions,Michigan Wolverines,72,74,False,True,PSU,MICH
2026,2026-01-07T00:00Z,Louisville Cardinals,Duke Blue Devils,73,84,False,True,LOU,DUKE
2026,2026-01-07T02:00Z,Houston Cougars,Texas Tech Red Raiders,69,65,False,True,HOU,TTU
2026,2026-01-07T00:00Z,Florida Gators,Georgia Bulldogs,92,77,False,True,FLA,UGA
2026,2026-01-07T01:00Z,Minnesota Golden Gophers,Iowa Hawkeyes,70,67,False,True,MINN,IOWA
2026,2026-01-07T02:00Z,Tennessee Volunteers,Texas Longhorns,85,71,False,True,TENN,TEX
2026,2026-01-07T02:00Z,Kansas Jayhawks,TCU Horned Frogs,104,100,False,True,KU,TCU
2026,2026-01-07T01:00Z,Oklahoma State Cowboys,UCF Knights,87,76,False,True,OKST,UCF
2026,2026-01-08T02:00Z,Arizona Wildcats,Kansas State Wildcats,101,76,False,True,ARIZ,KSU
2026,2026-01-08T01:00Z,Baylor Bears,Iowa State Cyclones,60,70,False,True,BAY,ISU
2026,2026-01-08T00:00Z,Providence Friars,UConn Huskies,98,103,False,True,PROV,CONN
2026,2026-01-08T01:30Z,Purdue Boilermakers,Washington Huskies,81,73,False,True,PUR,WASH
2026,2026-01-08T02:00Z,BYU Cougars,Arizona State Sun Devils,104,76,False,True,BYU,ASU
2026,2026-01-08T02:00Z,Vanderbilt Commodores,Alabama Crimson Tide,96,90,False,True,VAN,ALA
2026,2026-01-08T02:00Z,Ole Miss Rebels,Arkansas Razorbacks,87,94,False,True,MISS,ARK
2026,2026-01-08T02:00Z,Virginia Cavaliers,California Golden Bears,84,60,False,True,UVA,CAL
2026,2026-01-08T02:00Z,Clemson Tigers,SMU Mustangs,74,70,False,True,CLEM,SMU
2026,2026-01-09T04:30Z,Gonzaga Bulldogs,Santa Clara Broncos,89,77,False,True,GONZ,SCU
2026,2026-01-08T23:30Z,Michigan State Spartans,Northwestern Wildcats,76,66,False,True,MSU,NU
2026,2026-01-09T01:30Z,Illinois Fighting Illini,Rutgers Scarlet Knights,81,55,False,True,ILL,RUTG
2026,2026-01-09T16:00Z,Youngstown State Penguins,Bryant & Stratton (Ohio) Bobcats,99,61,False,True,YSU,B&SO
2026,2026-01-09T23:00Z,Toledo Rockets,Miami (OH) RedHawks,73,87,False,True,TOL,M-OH
2026,2026-01-10T00:00Z,Fairfield Stags,Rider Broncs,68,62,False,True,FAIR,RID
2026,2026-01-10T00:00Z,Oakland Golden Grizzlies,Cleveland State Vikings,97,74,False,True,OAK,CLE
2026,2026-01-10T00:00Z,Detroit Mercy Titans,Wright State Raiders,82,84,False,True,DETM,WRST
2026,2026-01-10T00:00Z,Green Bay Phoenix,IU Indianapolis Jaguars,75,59,False,True,GB,IUIN
2026,2026-01-10T00:00Z,Siena Saints,Merrimack Warriors,59,63,False,True,SIE,MRMK
2026,2026-01-10T00:00Z,Mount St. Mary's Mountaineers,Saint Peter's Peacocks,70,65,False,True,MSM,SPU
2026,2026-01-10T00:00Z,Iona Gaels,Niagara Purple Eagles,71,53,False,True,IONA,NIA
2026,2026-01-10T00:00Z,Sacred Heart Pioneers,Marist Red Foxes,72,76,False,True,SHU,MRST
2026,2026-01-10T00:00Z,Manhattan Jaspers,Canisius Golden Griffins,64,70,False,True,MAN,CAN
2026,2026-01-10T01:00Z,Milwaukee Panthers,Northern Kentucky Norse,67,85,False,True,MILW,NKU
2026,2026-01-10T01:00Z,Bowling Green Falcons,Akron Zips,67,77,False,True,BGSU,AKR
2026,2026-01-10T01:30Z,Minnesota Golden Gophers,USC Trojans,69,70,False,True,MINN,USC
2026,2026-01-10T03:00Z,Colorado State Rams,UNLV Rebels,70,62,False,True,CSU,UNLV
2026,2026-01-10T21:00Z,TCU Horned Frogs,Arizona Wildcats,73,86,False,True,TCU,ARIZ
2026,2026-01-10T18:00Z,Michigan Wolverines,Wisconsin Badgers,88,91,False,True,MICH,WIS
2026,2026-01-10T21:00Z,Iowa State Cyclones,Oklahoma State Cowboys,83,71,False,True,ISU,OKST
2026,2026-01-10T17:30Z,UConn Huskies,DePaul Blue Demons,72,60,False,True,CONN,DEP
2026,2026-01-10T19:00Z,Purdue Boilermakers,Penn State Nittany Lions,93,85,False,True,PUR,PSU
2026,2026-01-10T19:00Z,Duke Blue Devils,SMU Mustangs,82,75,False,True,DUKE,SMU
2026,2026-01-10T18:00Z,Baylor Bears,Houston Cougars,55,77,False,True,BAY,HOU
2026,2026-01-11T03:10Z,Utah Utes,BYU Cougars,84,89,False,True,UTAH,BYU
2026,2026-01-10T17:00Z,Indiana Hoosiers,Nebraska Cornhuskers,77,83,False,True,IU,NEB
2026,2026-01-10T18:00Z,Vanderbilt Commodores,LSU Tigers,84,73,False,True,VAN,LSU
2026,2026-01-11T01:00Z,Alabama Crimson Tide,Texas Longhorns,88,92,False,True,ALA,TEX
2026,2026-01-11T00:00Z,Colorado Buffaloes,Texas Tech Red Raiders,71,73,False,True,COLO,TTU
2026,2026-01-10T23:00Z,Auburn Tigers,Arkansas Razorbacks,95,73,False,True,AUB,ARK
2026,2026-01-10T23:00Z,North Carolina Tar Heels,Wake Forest Demon Deacons,87,84,False,True,UNC,WAKE
2026,2026-01-10T19:00Z,South Carolina Gamecocks,Georgia Bulldogs,70,75,False,True,SC,UGA
2026,2026-01-10T17:00Z,Louisville Cardinals,Boston College Eagles,75,62,False,True,LOU,BC
2026,2026-01-10T17:00Z,Florida Gators,Tennessee Volunteers,91,67,False,True,FLA,TENN
2026,2026-01-10T17:00Z,West Virginia Mountaineers,Kansas Jayhawks,86,75,False,True,WVU,KU
2026,2026-01-10T19:15Z,Virginia Cavaliers,Stanford Cardinal,70,55,False,True,UVA,STAN
2026,2026-01-11T17:00Z,Iowa Hawkeyes,Illinois Fighting Illini,69,75,False,True,IOWA,ILL
2026,2026-01-11T22:00Z,UCF Knights,Cincinnati Bearcats,73,72,False,True,UCF,CIN
2026,2026-01-12T23:00Z,Morgan State Bears,North Carolina Central Eagles,78,89,False,True,MORG,NCCU
2026,2026-01-13T00:00Z,Howard Bison,Delaware State Hornets,84,58,False,True,HOW,DSU
2026,2026-01-13T00:00Z,Alabama State Hornets,Alcorn State Braves,81,66,False,True,ALST,ALCN
2026,2026-01-13T00:00Z,Florida A&M Rattlers,Grambling Tigers,91,84,False,True,FAMU,GRAM
2026,2026-01-13T00:00Z,Prairie View A&M Panthers,Arkansas-Pine Bluff Golden Lions,73,61,False,True,PV,UAPB
2026,2026-01-13T00:00Z,Bethune-Cookman Wildcats,Southern Jaguars,73,77,False,True,BCU,SOU
2026,2026-01-13T00:00Z,Norfolk State Spartans,Maryland Eastern Shore Hawks,70,74,False,True,NORF,UMES
2026,2026-01-13T00:00Z,Coppin State Eagles,South Carolina State Bulldogs,72,74,False,True,COPP,SCST
2026,2026-01-13T00:00Z,Lamar Cardinals,Houston Christian Huskies,64,56,False,True,LAM,HCU
2026,2026-01-13T00:00Z,American University Eagles,Navy Midshipmen,65,51,False,True,AMER,NAVY
2026,2026-01-13T00:00Z,Stephen F. Austin Lumberjacks,Incarnate Word Cardinals,56,46,False,True,SFA,UIW
2026,2026-01-13T00:00Z,SE Louisiana Lions,New Orleans Privateers,76,79,False,True,SELA,UNO
2026,2026-01-13T00:30Z,Northwestern State Demons,UT Rio Grande Valley Vaqueros,64,63,False,True,NWST,RGV
2026,2026-01-13T00:30Z,McNeese Cowboys,Nicholls Colonels,94,68,False,True,MCN,NICH
2026,2026-01-13T00:30Z,East Texas A&M Lions,Texas A&M-Corpus Christi Islanders,50,61,False,True,ETAM,AMCC
2026,2026-01-13T01:00Z,Texas Southern Tigers,Mississippi Valley State Delta Devils,84,51,False,True,TXSO,MVSU
2026,2026-01-13T01:00Z,Alabama A&M Bulldogs,Jackson State Tigers,100,91,False,True,AAMU,JKST
2026,2026-01-14T02:00Z,Kansas Jayhawks,Iowa State Cyclones,84,63,False,True,KU,ISU
2026,2026-01-14T01:00Z,Seton Hall Pirates,UConn Huskies,64,69,False,True,HALL,CONN
2026,2026-01-14T01:30Z,Houston Cougars,West Virginia Mountaineers,77,48,False,True,HOU,WVU
2026,2026-01-14T02:00Z,Nebraska Cornhuskers,Oregon Ducks,90,55,False,True,NEB,ORE
2026,2026-01-14T00:00Z,Michigan State Spartans,Indiana Hoosiers,81,60,False,True,MSU,IU
2026,2026-01-14T00:00Z,Louisville Cardinals,Virginia Cavaliers,70,79,False,True,LOU,UVA
2026,2026-01-14T02:00Z,Mississippi State Bulldogs,Alabama Crimson Tide,82,97,False,True,MSST,ALA
2026,2026-01-14T02:00Z,Oklahoma Sooners,Florida Gators,79,96,False,True,OU,FLA
2026,2026-01-14T00:00Z,Clemson Tigers,Boston College Eagles,74,50,False,True,CLEM,BC
2026,2026-01-14T00:00Z,Tennessee Volunteers,Texas A&M Aggies,87,82,False,True,TENN,TA&M
2026,2026-01-15T03:30Z,Arizona Wildcats,Arizona State Sun Devils,89,82,False,True,ARIZ,ASU
2026,2026-01-15T03:30Z,Washington Huskies,Michigan Wolverines,72,82,False,True,WASH,MICH
2026,2026-01-14T23:30Z,Purdue Boilermakers,Iowa Hawkeyes,79,72,False,True,PUR,IOWA
2026,2026-01-15T04:10Z,California Golden Bears,Duke Blue Devils,56,71,False,True,CAL,DUKE
2026,2026-01-15T02:00Z,Texas Longhorns,Vanderbilt Commodores,80,64,False,True,TEX,VAN
2026,2026-01-15T04:10Z,BYU Cougars,TCU Horned Frogs,76,70,False,True,BYU,TCU
2026,2026-01-15T01:30Z,Northwestern Wildcats,Illinois Fighting Illini,68,79,False,True,NU,ILL
2026,2026-01-15T02:00Z,Stanford Cardinal,North Carolina Tar Heels,95,90,False,True,STAN,UNC
2026,2026-01-15T02:00Z,Texas Tech Red Raiders,Utah Utes,88,74,False,True,TTU,UTAH
2026,2026-01-15T02:00Z,Arkansas Razorbacks,South Carolina Gamecocks,108,74,False,True,ARK,SC
2026,2026-01-15T00:00Z,Georgia Bulldogs,Ole Miss Rebels,95,97,False,True,UGA,MISS
2026,2026-01-15T03:00Z,Utah State Aggies,Nevada Wolf Pack,71,62,False,True,USU,NEV
2026,2026-01-16T03:15Z,Washington State Cougars,Gonzaga Bulldogs,65,86,False,True,WSU,GONZ
2026,2026-01-16T23:30Z,Providence Friars,Creighton Bluejays,93,88,False,True,PROV,CREI
2026,2026-01-16T23:30Z,Kent State Golden Flashes,Toledo Rockets,87,84,False,True,KENT,TOL
2026,2026-01-17T01:00Z,Kansas Jayhawks,Baylor Bears,80,62,False,True,KU,BAY
2026,2026-01-17T01:30Z,Dayton Flyers,Loyola Chicago Ramblers,78,51,False,True,DAY,LUC
2026,2026-01-17T01:30Z,DePaul Blue Demons,Marquette Golden Eagles,80,75,False,True,DEP,MARQ
2026,2026-01-17T01:30Z,Ball State Cardinals,Ohio Bobcats,76,71,False,True,BALL,OHIO
2026,2026-01-17T03:45Z,Boise State Broncos,Colorado State Rams,79,73,False,True,BOIS,CSU
2026,2026-01-17T21:00Z,UCF Knights,Arizona Wildcats,77,84,False,True,UCF,ARIZ
2026,2026-01-17T19:00Z,Cincinnati Bearcats,Iowa State Cyclones,79,70,False,True,CIN,ISU
2026,2026-01-17T17:00Z,Georgetown Hoyas,UConn Huskies,62,64,False,True,GTWN,CONN
2026,2026-01-17T21:00Z,Oregon Ducks,Michigan Wolverines,71,81,False,True,ORE,MICH
2026,2026-01-17T23:00Z,USC Trojans,Purdue Boilermakers,64,69,False,True,USC,PUR
2026,2026-01-17T23:00Z,Stanford Cardinal,Duke Blue Devils,50,80,False,True,STAN,DUKE
2026,2026-01-17T21:00Z,Northwestern Wildcats,Nebraska Cornhuskers,58,77,False,True,NU,NEB
2026,2026-01-18T03:00Z,Seattle U Redhawks,Gonzaga Bulldogs,50,71,False,True,SEA,GONZ
2026,2026-01-17T19:00Z,Vanderbilt Commodores,Florida Gators,94,98,False,True,VAN,FLA
2026,2026-01-18T01:00Z,Texas Tech Red Raiders,BYU Cougars,84,71,False,True,TTU,BYU
2026,2026-01-17T23:00Z,Washington Huskies,Michigan State Spartans,63,80,False,True,WASH,MSU
2026,2026-01-17T17:00Z,Illinois Fighting Illini,Minnesota Golden Gophers,77,67,False,True,ILL,MINN
2026,2026-01-17T21:00Z,California Golden Bears,North Carolina Tar Heels,84,78,False,True,CAL,UNC
2026,2026-01-17T17:00Z,SMU Mustangs,Virginia Cavaliers,68,72,False,True,SMU,UVA
2026,2026-01-17T21:00Z,Georgia Bulldogs,Arkansas Razorbacks,90,76,False,True,UGA,ARK
2026,2026-01-17T18:00Z,Oklahoma Sooners,Alabama Crimson Tide,81,83,False,True,OU,ALA
2026,2026-01-18T01:00Z,Pittsburgh Panthers,Louisville Cardinals,59,100,False,True,PITT,LOU
2026,2026-01-17T19:15Z,Clemson Tigers,Miami Hurricanes,69,59,False,True,CLEM,MIA
2026,2026-01-17T19:30Z,Grand Canyon Lopes,Utah State Aggies,84,74,False,True,GCU,USU
2026,2026-01-17T17:00Z,Tennessee Volunteers,Kentucky Wildcats,78,80,False,True,TENN,UK
2026,2026-01-17T17:00Z,Seton Hall Pirates,Butler Bulldogs,66,77,False,True,HALL,BUT
2026,2026-01-18T23:30Z,Houston Cougars,Arizona State Sun Devils,103,73,False,True,HOU,ASU
2026,2026-01-19T16:00Z,Monmouth Hawks,Northeastern Huskies,81,68,False,True,MONM,NE
2026,2026-01-19T17:00Z,Saint Francis Red Flash,Stonehill Skyhawks,63,61,False,True,SFPA,STO
2026,2026-01-19T18:00Z,UAlbany Great Danes,Vermont Catamounts,75,68,False,True,UALB,UVM
2026,2026-01-19T18:00Z,Towson Tigers,Drexel Dragons,59,58,False,True,TOW,DREX
2026,2026-01-19T19:00Z,Saint Peter's Peacocks,Iona Gaels,77,63,False,True,SPU,IONA
2026,2026-01-19T19:00Z,Rider Broncs,Sacred Heart Pioneers,85,105,False,True,RID,SHU
2026,2026-01-19T19:00Z,Brown Bears,Cornell Big Red,67,89,False,True,BRWN,COR
2026,2026-01-19T19:00Z,Yale Bulldogs,Columbia Lions,91,74,False,True,YALE,COLU
2026,2026-01-19T19:00Z,Siena Saints,Fairfield Stags,85,77,False,True,SIE,FAIR
2026,2026-01-19T19:00Z,Niagara Purple Eagles,Mount St. Mary's Mountaineers,58,68,False,True,NIA,MSM
2026,2026-01-19T19:00Z,Marist Red Foxes,Merrimack Warriors,55,68,False,True,MRST,MRMK
2026,2026-01-19T19:00Z,Quinnipiac Bobcats,Manhattan Jaspers,98,92,False,True,QUIN,MAN
2026,2026-01-19T19:00Z,Mercyhurst Lakers,Central Connecticut Blue Devils,79,61,False,True,MERC,CCSU
2026,2026-01-19T19:00Z,Harvard Crimson,Pennsylvania Quakers,64,63,False,True,HARV,PENN
2026,2026-01-19T19:00Z,Fairleigh Dickinson Knights,Wagner Seahawks,68,61,False,True,FDU,WAG
2026,2026-01-19T19:00Z,Maine Black Bears,New Hampshire Wildcats,48,65,False,True,ME,UNH
2026,2026-01-19T19:00Z,Binghamton Bearcats,UMBC Retrievers,60,78,False,True,BING,UMBC
2026,2026-01-19T19:00Z,NJIT Highlanders,Bryant Bulldogs,79,55,False,True,NJIT,BRY
2026,2026-01-19T20:00Z,VCU Rams,Saint Joseph's Hawks,79,72,False,True,VCU,JOES
2026,2026-01-19T20:00Z,Alcorn State Braves,Prairie View A&M Panthers,76,75,False,True,ALCN,PV
2026,2026-01-19T20:00Z,Le Moyne Dolphins,Long Island University Sharks,83,77,False,True,LEM,LIU
2026,2026-01-19T21:00Z,Howard Bison,Morehouse Maroon Tigers,78,69,False,True,HOW,MRHO
2026,2026-01-19T21:00Z,Texas A&M-Corpus Christi Islanders,McNeese Cowboys,53,69,False,True,AMCC,MCN
2026,2026-01-19T22:00Z,George Mason Patriots,George Washington Revolutionaries,69,64,False,True,GMU,GW
2026,2026-01-19T22:00Z,Alabama State Hornets,Alabama A&M Bulldogs,69,73,True,True,ALST,AAMU
2026,2026-01-19T23:00Z,Dartmouth Big Green,Princeton Tigers,71,69,False,True,DART,PRIN
2026,2026-01-19T23:00Z,Marquette Golden Eagles,Providence Friars,105,104,False,True,MARQ,PROV
2026,2026-01-19T23:00Z,Incarnate Word Cardinals,East Texas A&M Lions,58,80,False,True,UIW,ETAM
2026,2026-01-19T23:30Z,Arkansas-Pine Bluff Golden Lions,Bethune-Cookman Wildcats,82,87,False,True,UAPB,BCU
2026,2026-01-20T00:00Z,Norfolk State Spartans,Elizabeth City State Vikings,86,61,False,True,NORF,ECSU
2026,2026-01-20T00:00Z,Chicago State Cougars,New Haven Chargers,56,62,False,True,CHST,NHVN
2026,2026-01-20T00:00Z,Lehigh Mountain Hawks,Loyola Maryland Greyhounds,88,81,False,True,LEH,L-MD
2026,2026-01-20T00:30Z,UT Rio Grande Valley Vaqueros,SE Louisiana Lions,68,65,False,True,RGV,SELA
2026,2026-01-20T00:30Z,Nicholls Colonels,Stephen F. Austin Lumberjacks,62,79,False,True,NICH,SFA
2026,2026-01-20T01:00Z,Mississippi Valley State Delta Devils,Florida A&M Rattlers,48,62,False,True,MVSU,FAMU
2026,2026-01-20T01:00Z,Jackson State Tigers,Texas Southern Tigers,94,89,False,True,JKST,TXSO
2026,2026-01-20T01:00Z,Houston Christian Huskies,Northwestern State Demons,82,80,False,True,HCU,NWST
2026,2026-01-20T01:00Z,New Orleans Privateers,Lamar Cardinals,89,76,False,True,UNO,LAM
2026,2026-01-20T01:00Z,Northern Colorado Bears,Montana State Bobcats,68,73,False,True,UNCO,MTST
2026,2026-01-20T01:00Z,Northern Arizona Lumberjacks,Montana Grizzlies,72,98,False,True,NAU,MONT
2026,2026-01-20T02:00Z,Hampton Pirates,North Carolina A&T Aggies,82,61,False,True,HAMP,NCAT
2026,2026-01-21T00:00Z,Michigan Wolverines,Indiana Hoosiers,86,72,False,True,MICH,IU
2026,2026-01-21T03:00Z,UCLA Bruins,Purdue Boilermakers,69,67,False,True,UCLA,PUR
2026,2026-01-21T00:00Z,Iowa State Cyclones,UCF Knights,87,57,False,True,ISU,UCF
2026,2026-01-21T02:00Z,Oregon Ducks,Michigan State Spartans,52,68,False,True,ORE,MSU
2026,2026-01-21T02:00Z,Baylor Bears,Texas Tech Red Raiders,73,92,False,True,BAY,TTU
2026,2026-01-21T02:10Z,Arkansas Razorbacks,Vanderbilt Commodores,93,68,False,True,ARK,VAN
2026,2026-01-21T00:00Z,Florida Gators,LSU Tigers,79,61,False,True,FLA,LSU
2026,2026-01-21T00:00Z,Clemson Tigers,NC State Wolfpack,76,80,False,True,CLEM,NCSU
2026,2026-01-21T04:10Z,Colorado Buffaloes,Kansas Jayhawks,69,75,False,True,COLO,KU
2026,2026-01-21T02:00Z,Missouri Tigers,Georgia Bulldogs,72,74,False,True,MIZ,UGA
2026,2026-01-21T00:00Z,Duquesne Dukes,Saint Louis Billikens,77,81,False,True,DUQ,SLU
2026,2026-01-21T00:00Z,Kent State Golden Flashes,Miami (OH) RedHawks,101,107,False,True,KENT,M-OH
2026,2026-01-22T02:00Z,Arizona Wildcats,Cincinnati Bearcats,77,51,False,True,ARIZ,CIN
2026,2026-01-22T02:00Z,Nebraska Cornhuskers,Washington Huskies,76,66,False,True,NEB,WASH
2026,2026-01-22T02:00Z,Gonzaga Bulldogs,Pepperdine Waves,84,60,False,True,GONZ,PEPP
2026,2026-01-22T00:00Z,Illinois Fighting Illini,Maryland Terrapins,89,70,False,True,ILL,MD
2026,2026-01-22T00:00Z,North Carolina Tar Heels,Notre Dame Fighting Irish,91,69,False,True,UNC,ND
2026,2026-01-22T17:00Z,Marshall Thundering Herd,UL Monroe Warhawks,115,60,False,True,MRSH,ULM
2026,2026-01-22T17:00Z,App State Mountaineers,Louisiana Ragin' Cajuns,72,58,False,True,APP,UL
2026,2026-01-22T18:00Z,Lipscomb Bisons,Stetson Hatters,79,74,False,True,LIP,STET
2026,2026-01-22T18:00Z,Austin Peay Governors,Florida Gulf Coast Eagles,83,62,False,True,APSU,FGCU
2026,2026-01-22T22:30Z,West Georgia Wolves,Central Arkansas Bears,65,86,False,True,WGA,CARK
2026,2026-01-22T23:00Z,UMass Lowell River Hawks,Vermont Catamounts,68,77,False,True,UML,UVM
2026,2026-01-22T23:00Z,UMBC Retrievers,NJIT Highlanders,87,74,False,True,UMBC,NJIT
2026,2026-01-22T23:00Z,New Hampshire Wildcats,Binghamton Bearcats,88,82,False,True,UNH,BING
2026,2026-01-22T23:00Z,Maine Black Bears,UAlbany Great Danes,52,49,False,True,ME,UALB
2026,2026-01-22T23:30Z,Youngstown State Penguins,Green Bay Phoenix,88,81,False,True,YSU,GB
2026,2026-01-23T00:00Z,UAB Blazers,South Florida Bulls,69,82,False,True,UAB,USF
2026,2026-01-23T00:00Z,Penn State Nittany Lions,Wisconsin Badgers,71,98,False,True,PSU,WIS
2026,2026-01-23T00:00Z,Iona Gaels,Merrimack Warriors,61,60,False,True,IONA,MRMK
2026,2026-01-23T00:00Z,Robert Morris Colonials,Milwaukee Panthers,88,76,False,True,RMU,MILW
2026,2026-01-23T00:00Z,Mount St. Mary's Mountaineers,Quinnipiac Bobcats,62,77,False,True,MSM,QUIN
2026,2026-01-23T00:00Z,Fairfield Stags,Niagara Purple Eagles,62,61,False,True,FAIR,NIA
2026,2026-01-23T00:00Z,Sacred Heart Pioneers,Canisius Golden Griffins,69,66,False,True,SHU,CAN
2026,2026-01-23T00:00Z,Siena Saints,Marist Red Foxes,69,50,False,True,SIE,MRST
2026,2026-01-23T00:00Z,William & Mary Tribe,UNC Wilmington Seahawks,77,70,False,True,W&M,UNCW
2026,2026-01-23T00:00Z,Charleston Cougars,Campbell Fighting Camels,87,83,False,True,COFC,CAM
2026,2026-01-23T00:00Z,Elon Phoenix,Towson Tigers,59,72,False,True,ELON,TOW
2026,2026-01-23T00:00Z,Hampton Pirates,Monmouth Hawks,65,63,False,True,HAMP,MONM
2026,2026-01-23T00:00Z,North Carolina A&T Aggies,Hofstra Pride,79,78,False,True,NCAT,HOF
2026,2026-01-23T00:00Z,Northeastern Huskies,Stony Brook Seawolves,80,95,False,True,NE,STBK
2026,2026-01-23T00:00Z,James Madison Dukes,South Alabama Jaguars,83,90,False,True,JMU,USA
2026,2026-01-23T00:00Z,Georgia State Panthers,Southern Miss Golden Eagles,69,62,False,True,GAST,USM
2026,2026-01-23T00:00Z,Georgia Southern Eagles,Arkansas State Red Wolves,68,85,False,True,GASO,ARST
2026,2026-01-23T00:00Z,Coastal Carolina Chanticleers,Texas State Bobcats,72,70,False,True,CCU,TXST
2026,2026-01-23T00:00Z,North Florida Ospreys,Eastern Kentucky Colonels,87,85,False,True,UNF,EKU
2026,2026-01-23T00:00Z,Jacksonville Dolphins,Bellarmine Knights,70,77,False,True,JAX,BELL
2026,2026-01-23T00:30Z,Morehead State Eagles,Western Illinois Leathernecks,71,66,False,True,MORE,WIU
2026,2026-01-23T01:00Z,Oral Roberts Golden Eagles,North Dakota Fighting Hawks,62,79,False,True,ORU,UND
2026,2026-01-23T01:30Z,Southeast Missouri State Redhawks,Little Rock Trojans,70,65,False,True,SEMO,LR
2026,2026-01-23T01:30Z,Lindenwood Lions,Tennessee Tech Golden Eagles,89,68,False,True,LIN,TNTC
2026,2026-01-23T01:30Z,Southern Indiana Screaming Eagles,Eastern Illinois Panthers,51,59,False,True,USI,EIU
2026,2026-01-23T02:00Z,St. Thomas-Minnesota Tommies,South Dakota State Jackrabbits,74,69,False,True,STMN,SDST
2026,2026-01-23T02:00Z,Denver Pioneers,North Dakota State Bison,77,82,False,True,DEN,NDSU
2026,2026-01-23T02:00Z,UC Santa Barbara Gauchos,Cal Poly Mustangs,107,67,False,True,UCSB,CP
2026,2026-01-23T02:00Z,UC Davis Aggies,UC San Diego Tritons,74,80,False,True,UCD,UCSD
2026,2026-01-23T02:00Z,Montana Grizzlies,Weber State Wildcats,81,65,False,True,MONT,WEB
2026,2026-01-23T02:00Z,Montana State Bobcats,Idaho State Bengals,74,62,False,True,MTST,IDST
2026,2026-01-23T02:00Z,Idaho Vandals,Sacramento State Hornets,86,76,False,True,IDHO,SAC
2026,2026-01-23T02:00Z,Eastern Washington Eagles,Portland State Vikings,61,65,False,True,EWU,PRST
2026,2026-01-23T02:00Z,SIU Edwardsville Cougars,Tennessee State Tigers,74,66,False,True,SIUE,TNST
2026,2026-01-23T02:00Z,New Mexico State Aggies,Missouri State Bears,75,84,False,True,NMSU,MOST
2026,2026-01-23T02:00Z,UTEP Miners,Florida International Panthers,83,77,False,True,UTEP,FIU
2026,2026-01-23T03:00Z,Cal State Fullerton Titans,Long Beach State Beach,71,61,False,True,CSUF,LBSU
2026,2026-01-23T03:00Z,UC Riverside Highlanders,UC Irvine Anteaters,66,80,False,True,UCR,UCI
2026,2026-01-23T04:59Z,Hawai'i Rainbow Warriors,Cal State Bakersfield Roadrunners,98,71,False,True,HAW,CSUB
2026,2026-01-24T01:00Z,Michigan Wolverines,Ohio State Buckeyes,74,62,False,True,MICH,OSU
2026,2026-01-23T22:30Z,St. Bonaventure Bonnies,Saint Louis Billikens,62,97,False,True,SBU,SLU
2026,2026-01-24T19:00Z,Arizona Wildcats,West Virginia Mountaineers,88,53,False,True,ARIZ,WVU
2026,2026-01-24T17:30Z,UConn Huskies,Villanova Wildcats,75,67,False,True,CONN,VILL
2026,2026-01-24T20:00Z,Purdue Boilermakers,Illinois Fighting Illini,82,88,False,True,PUR,ILL
2026,2026-01-24T17:00Z,Duke Blue Devils,Wake Forest Demon Deacons,90,69,False,True,DUKE,WAKE
2026,2026-01-24T19:00Z,Texas Tech Red Raiders,Houston Cougars,90,86,False,True,TTU,HOU
2026,2026-01-24T17:00Z,Minnesota Golden Gophers,Nebraska Cornhuskers,57,76,False,True,MINN,NEB
2026,2026-01-25T01:00Z,Gonzaga Bulldogs,San Francisco Dons,68,66,False,True,GONZ,SF
2026,2026-01-24T20:00Z,Oklahoma State Cowboys,Iowa State Cyclones,71,84,False,True,OKST,ISU
2026,2026-01-24T17:00Z,Michigan State Spartans,Maryland Terrapins,91,48,False,True,MSU,MD
2026,2026-01-24T22:30Z,BYU Cougars,Utah Utes,91,78,False,True,BYU,UTAH
2026,2026-01-24T17:00Z,Virginia Cavaliers,North Carolina Tar Heels,80,85,False,True,UVA,UNC
2026,2026-01-24T17:00Z,Mississippi State Bulldogs,Vanderbilt Commodores,56,88,False,True,MSST,VAN
2026,2026-01-24T21:00Z,Florida Gators,Auburn Tigers,67,76,False,True,FLA,AUB
2026,2026-01-25T01:30Z,Alabama Crimson Tide,Tennessee Volunteers,73,79,False,True,ALA,TENN
2026,2026-01-24T17:00Z,Georgia Tech Yellow Jackets,Clemson Tigers,63,77,False,True,GT,CLEM
2026,2026-01-25T01:00Z,Kansas State Wildcats,Kansas Jayhawks,62,86,False,True,KSU,KU
2026,2026-01-24T22:00Z,Arkansas Razorbacks,LSU Tigers,85,81,False,True,ARK,LSU
2026,2026-01-24T18:00Z,Texas Longhorns,Georgia Bulldogs,87,67,False,True,TEX,UGA
2026,2026-01-24T19:15Z,Louisville Cardinals,Virginia Tech Hokies,85,71,False,True,LOU,VT
2026,2026-01-25T18:00Z,South Florida Bulls,Florida Atlantic Owls,89,75,False,True,USF,FAU
2026,2026-01-25T20:00Z,Washington Huskies,Oregon Ducks,72,57,False,True,WASH,ORE
2026,2026-01-25T20:00Z,Mercyhurst Lakers,Chicago State Cougars,61,59,False,True,MERC,CHST
2026,2026-01-25T21:00Z,Wisconsin Badgers,USC Trojans,71,73,False,True,WIS,USC
2026,2026-01-27T02:00Z,BYU Cougars,Arizona Wildcats,83,86,False,True,BYU,ARIZ
2026,2026-01-27T00:00Z,Duke Blue Devils,Louisville Cardinals,83,52,False,True,DUKE,LOU
2026,2026-01-28T00:30Z,UConn Huskies,Providence Friars,87,81,False,True,CONN,PROV
2026,2026-01-28T00:00Z,Michigan Wolverines,Nebraska Cornhuskers,75,72,False,True,MICH,NEB
2026,2026-01-27T23:30Z,Rutgers Scarlet Knights,Michigan State Spartans,79,88,False,True,RUTG,MSU
2026,2026-01-28T02:00Z,Indiana Hoosiers,Purdue Boilermakers,72,67,False,True,IU,PUR
2026,2026-01-28T00:00Z,Oklahoma Sooners,Arkansas Razorbacks,79,83,False,True,OU,ARK
2026,2026-01-28T00:00Z,Notre Dame Fighting Irish,Virginia Cavaliers,97,100,False,True,ND,UVA
2026,2026-01-28T02:00Z,Vanderbilt Commodores,Kentucky Wildcats,80,55,False,True,VAN,UK
2026,2026-01-28T01:00Z,Saint Louis Billikens,George Washington Revolutionaries,79,76,False,True,SLU,GW
2026,2026-01-28T01:00Z,Alabama Crimson Tide,Missouri Tigers,90,64,False,True,ALA,MIZ
2026,2026-01-28T02:00Z,Miami (OH) RedHawks,Massachusetts Minutemen,86,84,False,True,M-OH,MASS
2026,2026-01-29T02:10Z,TCU Horned Frogs,Houston Cougars,70,79,False,True,TCU,HOU
2026,2026-01-29T02:00Z,South Carolina Gamecocks,Florida Gators,48,95,False,True,SC,FLA
2026,2026-01-29T00:00Z,St. John's Red Storm,Butler Bulldogs,92,70,False,True,SJU,BUT
2026,2026-01-30T00:00Z,Iowa State Cyclones,Colorado Buffaloes,97,67,False,True,ISU,COLO
2026,2026-01-30T02:00Z,Illinois Fighting Illini,Washington Huskies,75,66,False,True,ILL,WASH
2026,2026-01-31T01:00Z,Michigan State Spartans,Michigan Wolverines,71,83,False,True,MSU,MICH
2026,2026-01-31T01:00Z,Saint Louis Billikens,Dayton Flyers,102,71,False,True,SLU,DAY
2026,2026-01-31T19:00Z,Arizona State Sun Devils,Arizona Wildcats,74,87,False,True,ASU,ARIZ
2026,2026-02-01T01:00Z,Creighton Bluejays,UConn Huskies,58,85,False,True,CREI,CONN
2026,2026-01-31T17:00Z,Virginia Tech Hokies,Duke Blue Devils,58,72,False,True,VT,DUKE
2026,2026-02-01T03:40Z,Gonzaga Bulldogs,Saint Mary's Gaels,73,65,False,True,GONZ,SMC
2026,2026-01-31T17:00Z,Houston Cougars,Cincinnati Bearcats,76,54,False,True,HOU,CIN
2026,2026-01-31T17:00Z,UCF Knights,Texas Tech Red Raiders,88,80,False,True,UCF,TTU
2026,2026-01-31T21:30Z,Kansas Jayhawks,BYU Cougars,90,82,False,True,KU,BYU
2026,2026-01-31T23:35Z,Arkansas Razorbacks,Kentucky Wildcats,77,85,False,True,ARK,UK
2026,2026-01-31T19:00Z,Georgia Tech Yellow Jackets,North Carolina Tar Heels,75,91,False,True,GT,UNC
2026,2026-01-31T18:30Z,Boston College Eagles,Virginia Cavaliers,66,73,False,True,BC,UVA
2026,2026-01-31T23:00Z,Vanderbilt Commodores,Ole Miss Rebels,71,68,False,True,VAN,MISS
2026,2026-01-31T19:00Z,Louisville Cardinals,SMU Mustangs,88,74,False,True,LOU,SMU
2026,2026-01-31T17:00Z,Clemson Tigers,Pittsburgh Panthers,63,52,False,True,CLEM,PITT
2026,2026-01-31T20:30Z,Miami (OH) RedHawks,Northern Illinois Huskies,85,61,False,True,M-OH,NIU
2026,2026-02-01T21:00Z,Nebraska Cornhuskers,Illinois Fighting Illini,69,78,False,True,NEB,ILL
2026,2026-02-01T19:00Z,Kansas State Wildcats,Iowa State Cyclones,61,95,False,True,KSU,ISU
2026,2026-02-01T18:00Z,Maryland Terrapins,Purdue Boilermakers,63,93,False,True,MD,PUR
2026,2026-02-01T18:00Z,Florida Gators,Alabama Crimson Tide,100,77,False,True,FLA,ALA
2026,2026-02-03T02:00Z,Texas Tech Red Raiders,Kansas Jayhawks,61,64,False,True,TTU,KU
2026,2026-02-03T00:00Z,North Carolina Tar Heels,Syracuse Orange,87,77,False,True,UNC,SYR
2026,2026-02-04T00:00Z,UConn Huskies,Xavier Musketeers,92,60,False,True,CONN,XAV
2026,2026-02-04T00:00Z,Duke Blue Devils,Boston College Eagles,67,49,False,True,DUKE,BC
2026,2026-02-04T02:00Z,Virginia Cavaliers,Pittsburgh Panthers,67,47,False,True,UVA,PITT
2026,2026-02-04T02:00Z,Davidson Wildcats,Saint Louis Billikens,82,91,False,True,DAV,SLU
2026,2026-02-04T01:00Z,DePaul Blue Demons,St. John's Red Storm,56,68,False,True,DEP,SJU
2026,2026-02-03T23:30Z,Buffalo Bulls,Miami (OH) RedHawks,71,73,False,True,BUF,M-OH
2026,2026-02-04T00:00Z,Tennessee Volunteers,Ole Miss Rebels,84,66,False,True,TENN,MISS
2026,2026-02-05T02:00Z,Illinois Fighting Illini,Northwestern Wildcats,84,44,False,True,ILL,NU
2026,2026-02-05T03:00Z,Portland Pilots,Gonzaga Bulldogs,87,80,False,True,PORT,GONZ
2026,2026-02-05T00:00Z,Houston Cougars,UCF Knights,79,55,False,True,HOU,UCF
2026,2026-02-05T00:00Z,Minnesota Golden Gophers,Michigan State Spartans,76,73,False,True,MINN,MSU
2026,2026-02-05T02:00Z,Oklahoma State Cowboys,BYU Cougars,99,92,False,True,OKST,BYU
2026,2026-02-05T03:00Z,Stanford Cardinal,Clemson Tigers,64,66,False,True,STAN,CLEM
2026,2026-02-05T00:00Z,Louisville Cardinals,Notre Dame Fighting Irish,76,65,False,True,LOU,ND
2026,2026-02-05T23:30Z,Michigan Wolverines,Penn State Nittany Lions,110,69,False,True,MICH,PSU
2026,2026-02-07T01:00Z,St. John's Red Storm,UConn Huskies,81,72,False,True,SJU,CONN
2026,2026-02-07T21:00Z,Arizona Wildcats,Oklahoma State Cowboys,84,47,False,True,ARIZ,OKST
2026,2026-02-07T23:30Z,North Carolina Tar Heels,Duke Blue Devils,71,68,False,True,UNC,DUKE
2026,2026-02-08T01:00Z,Michigan State Spartans,Illinois Fighting Illini,85,82,False,True,MSU,ILL
2026,2026-02-07T23:00Z,Oregon State Beavers,Gonzaga Bulldogs,61,81,False,True,ORST,GONZ
2026,2026-02-07T19:00Z,Iowa State Cyclones,Baylor Bears,72,69,False,True,ISU,BAY
2026,2026-02-08T03:30Z,BYU Cougars,Houston Cougars,66,77,False,True,BYU,HOU
2026,2026-02-07T17:00Z,Rutgers Scarlet Knights,Nebraska Cornhuskers,68,80,False,True,RUTG,NEB
2026,2026-02-07T19:30Z,Kansas Jayhawks,Utah Utes,71,59,False,True,KU,UTAH
2026,2026-02-07T18:00Z,Purdue Boilermakers,Oregon Ducks,68,64,False,True,PUR,ORE
2026,2026-02-07T20:30Z,Vanderbilt Commodores,Oklahoma Sooners,91,92,False,True,VAN,OU
2026,2026-02-08T01:30Z,Texas A&M Aggies,Florida Gators,67,86,False,True,TA&M,FLA
2026,2026-02-07T17:00Z,Virginia Cavaliers,Syracuse Orange,72,59,False,True,UVA,SYR
2026,2026-02-07T20:00Z,Saint Louis Billikens,La Salle Explorers,82,58,False,True,SLU,LAS
2026,2026-02-08T01:00Z,California Golden Bears,Clemson Tigers,55,77,False,True,CAL,CLEM
2026,2026-02-07T17:00Z,Mississippi State Bulldogs,Arkansas Razorbacks,68,88,False,True,MSST,ARK
2026,2026-02-07T21:00Z,Marshall Thundering Herd,Miami (OH) RedHawks,74,90,False,True,MRSH,M-OH
2026,2026-02-07T17:00Z,Wake Forest Demon Deacons,Louisville Cardinals,80,88,False,True,WAKE,LOU
2026,2026-02-08T01:30Z,Kentucky Wildcats,Tennessee Volunteers,74,71,False,True,UK,TENN
2026,2026-02-08T18:00Z,Ohio State Buckeyes,Michigan Wolverines,61,82,False,True,OSU,MICH
2026,2026-02-08T18:00Z,West Virginia Mountaineers,Texas Tech Red Raiders,63,70,False,True,WVU,TTU
2026,2026-02-10T02:00Z,Kansas Jayhawks,Arizona Wildcats,82,78,False,True,KU,ARIZ
2026,2026-02-09T23:30Z,St. John's Red Storm,Xavier Musketeers,87,82,False,True,SJU,XAV
2026,2026-02-10T00:00Z,Louisville Cardinals,NC State Wolfpack,118,77,False,True,LOU,NCSU
2026,2026-02-11T02:00Z,Utah Utes,Houston Cougars,52,66,False,True,UTAH,HOU
2026,2026-02-11T02:00Z,Pittsburgh Panthers,Duke Blue Devils,54,70,False,True,PITT,DUKE
2026,2026-02-11T02:00Z,TCU Horned Frogs,Iowa State Cyclones,62,55,False,True,TCU,ISU
2026,2026-02-11T00:00Z,Nebraska Cornhuskers,Purdue Boilermakers,77,80,False,True,NEB,PUR
2026,2026-02-11T01:00Z,Illinois Fighting Illini,Wisconsin Badgers,90,92,False,True,ILL,WIS
2026,2026-02-11T00:00Z,Miami Hurricanes,North Carolina Tar Heels,75,66,False,True,MIA,UNC
2026,2026-02-11T04:00Z,Gonzaga Bulldogs,Washington State Cougars,83,53,False,True,GONZ,WSU
2026,2026-02-11T00:00Z,Florida State Seminoles,Virginia Cavaliers,58,61,False,True,FSU,UVA
2026,2026-02-11T00:00Z,Auburn Tigers,Vanderbilt Commodores,76,84,False,True,AUB,VAN
2026,2026-02-11T02:00Z,LSU Tigers,Arkansas Razorbacks,62,91,False,True,LSU,ARK
2026,2026-02-11T00:00Z,Baylor Bears,BYU Cougars,94,99,False,True,BAY,BYU
2026,2026-02-12T01:30Z,Northwestern Wildcats,Michigan Wolverines,75,87,False,True,NU,MICH
2026,2026-02-12T00:30Z,Butler Bulldogs,UConn Huskies,70,80,False,True,BUT,CONN
2026,2026-02-12T00:00Z,Georgia Bulldogs,Florida Gators,66,86,False,True,UGA,FLA
2026,2026-02-12T01:00Z,Texas Tech Red Raiders,Colorado Buffaloes,78,44,False,True,TTU,COLO
2026,2026-02-12T00:00Z,Clemson Tigers,Virginia Tech Hokies,66,76,False,True,CLEM,VT
2026,2026-02-12T23:00Z,New Hampshire Wildcats,NJIT Highlanders,70,76,False,True,UNH,NJIT
2026,2026-02-12T23:00Z,Maine Black Bears,UMBC Retrievers,62,78,False,True,ME,UMBC
2026,2026-02-12T23:00Z,UMass Lowell River Hawks,Bryant Bulldogs,88,69,False,True,UML,BRY
2026,2026-02-12T23:30Z,IU Indianapolis Jaguars,Northern Kentucky Norse,81,84,False,True,IUIN,NKU
2026,2026-02-12T23:30Z,Binghamton Bearcats,Vermont Catamounts,65,73,False,True,BING,UVM
2026,2026-02-12T23:30Z,Kennesaw State Owls,Middle Tennessee Blue Raiders,87,90,False,True,KENN,MTSU
2026,2026-02-13T00:00Z,Illinois State Redbirds,Valparaiso Beacons,86,64,False,True,ILST,VAL
2026,2026-02-13T00:00Z,Indiana State Sycamores,Murray State Racers,72,74,False,True,INST,MUR
2026,2026-02-13T00:00Z,Merrimack Warriors,Marist Red Foxes,81,56,False,True,MRMK,MRST
2026,2026-02-13T00:00Z,Gardner-Webb Runnin' Bulldogs,Winthrop Eagles,85,103,False,True,GWEB,WIN
2026,2026-02-13T00:00Z,Longwood Lancers,UNC Asheville Bulldogs,74,79,False,True,LONG,UNCA
2026,2026-02-13T00:00Z,Charleston Southern Buccaneers,Presbyterian Blue Hose,84,67,False,True,CHSO,PRES
2026,2026-02-13T00:00Z,South Carolina Upstate Spartans,High Point Panthers,70,95,False,True,UPST,HPU
2026,2026-02-13T00:00Z,Cleveland State Vikings,Robert Morris Colonials,68,85,False,True,CLE,RMU
2026,2026-02-13T00:00Z,Oakland Golden Grizzlies,Youngstown State Penguins,82,86,False,True,OAK,YSU
2026,2026-02-13T00:00Z,Wright State Raiders,Detroit Mercy Titans,74,77,False,True,WRST,DETM
2026,2026-02-13T00:00Z,Green Bay Phoenix,Purdue Fort Wayne Mastodons,76,59,False,True,GB,PFW
2026,2026-02-13T00:00Z,New Haven Chargers,Central Connecticut Blue Devils,76,81,False,True,NHVN,CCSU
2026,2026-02-13T00:00Z,Chicago State Cougars,Stonehill Skyhawks,68,55,False,True,CHST,STO
2026,2026-02-13T00:00Z,Wagner Seahawks,Long Island University Sharks,57,67,False,True,WAG,LIU
2026,2026-02-13T00:00Z,Le Moyne Dolphins,Mercyhurst Lakers,58,57,False,True,LEM,MERC
2026,2026-02-13T00:00Z,Fairleigh Dickinson Knights,Saint Francis Red Flash,66,59,False,True,FDU,SFPA
2026,2026-02-13T00:00Z,Towson Tigers,Stony Brook Seawolves,69,57,False,True,TOW,STBK
2026,2026-02-13T00:00Z,Charleston Cougars,Hofstra Pride,62,66,False,True,COFC,HOF
2026,2026-02-13T00:00Z,Drexel Dragons,Monmouth Hawks,73,93,False,True,DREX,MONM
2026,2026-02-13T00:00Z,Northeastern Huskies,William & Mary Tribe,67,94,False,True,NE,W&M
2026,2026-02-13T00:00Z,UNC Wilmington Seahawks,Elon Phoenix,65,54,False,True,UNCW,ELON
2026,2026-02-13T00:00Z,James Madison Dukes,Georgia State Panthers,81,79,False,True,JMU,GAST
2026,2026-02-13T00:00Z,Florida International Panthers,Delaware Blue Hens,66,68,False,True,FIU,DEL
2026,2026-02-13T00:30Z,Drake Bulldogs,UIC Flames,70,80,False,True,DRKE,UIC
2026,2026-02-13T00:30Z,Morehead State Eagles,Tennessee Tech Golden Eagles,73,66,False,True,MORE,TNTC
2026,2026-02-13T01:00Z,Southern Illinois Salukis,Evansville Purple Aces,86,60,False,True,SIU,EVAN
2026,2026-02-13T01:00Z,Oral Roberts Golden Eagles,Kansas City Roos,69,60,False,True,ORU,KC
2026,2026-02-13T01:00Z,Omaha Mavericks,St. Thomas-Minnesota Tommies,98,94,False,True,OMA,STMN
2026,2026-02-13T01:00Z,Louisiana Ragin' Cajuns,Coastal Carolina Chanticleers,65,69,False,True,UL,CCU
2026,2026-02-13T01:00Z,Northern Colorado Bears,Sacramento State Hornets,95,79,False,True,UNCO,SAC
2026,2026-02-13T01:00Z,Northern Arizona Lumberjacks,Portland State Vikings,68,77,False,True,NAU,PRST
2026,2026-02-13T01:30Z,Southern Miss Golden Eagles,South Alabama Jaguars,78,84,False,True,USM,USA
2026,2026-02-13T01:30Z,SIU Edwardsville Cougars,Southeast Missouri State Redhawks,74,56,False,True,SIUE,SEMO
2026,2026-02-13T01:30Z,Western Illinois Leathernecks,Little Rock Trojans,58,77,False,True,WIU,LR
2026,2026-02-13T01:30Z,Lindenwood Lions,UT Martin Skyhawks,75,74,False,True,LIN,UTM
2026,2026-02-13T01:30Z,Southern Utah Thunderbirds,California Baptist Lancers,66,83,False,True,SUU,CBU
2026,2026-02-13T01:30Z,Missouri State Bears,Louisiana Tech Bulldogs,78,79,False,True,MOST,LT
2026,2026-02-13T02:00Z,Belmont Bruins,Northern Iowa Panthers,91,86,False,True,BEL,UNI
2026,2026-02-13T02:00Z,San Francisco Dons,Oregon State Beavers,63,90,False,True,SF,ORST
2026,2026-02-13T02:00Z,North Texas Mean Green,Memphis Tigers,76,69,False,True,UNT,MEM
2026,2026-02-13T02:00Z,Denver Pioneers,South Dakota State Jackrabbits,79,61,False,True,DEN,SDST
2026,2026-02-13T02:00Z,Idaho Vandals,Weber State Wildcats,72,83,False,True,IDHO,WEB
2026,2026-02-13T02:00Z,Eastern Washington Eagles,Idaho State Bengals,88,75,False,True,EWU,IDST
2026,2026-02-13T02:00Z,Southern Indiana Screaming Eagles,Tennessee State Tigers,71,73,False,True,USI,TNST
2026,2026-02-13T02:00Z,Utah Tech Trailblazers,Utah Valley Wolverines,81,77,False,True,UTU,UVU
2026,2026-02-13T02:00Z,Abilene Christian Wildcats,UT Arlington Mavericks,67,63,False,True,ACU,UTA
2026,2026-02-13T02:30Z,Cal State Bakersfield Roadrunners,Hawai'i Rainbow Warriors,74,89,False,True,CSUB,HAW
2026,2026-02-13T03:00Z,UC Riverside Highlanders,UC Santa Barbara Gauchos,68,76,False,True,UCR,UCSB
2026,2026-02-13T03:00Z,Long Beach State Beach,Cal State Fullerton Titans,82,86,False,True,LBSU,CSUF
2026,2026-02-13T03:00Z,Cal Poly Mustangs,UC Irvine Anteaters,79,73,False,True,CP,UCI
2026,2026-02-13T03:00Z,UC San Diego Tritons,UC Davis Aggies,68,51,False,True,UCSD,UCD
2026,2026-02-14T01:00Z,Wisconsin Badgers,Michigan State Spartans,92,71,False,True,WIS,MSU
2026,2026-02-14T01:40Z,Loyola Chicago Ramblers,Saint Louis Billikens,59,86,False,True,LUC,SLU
2026,2026-02-14T02:10Z,Miami (OH) RedHawks,Ohio Bobcats,90,74,False,True,M-OH,OHIO
2026,2026-02-14T23:30Z,Arizona Wildcats,Texas Tech Red Raiders,75,78,False,True,ARIZ,TTU
2026,2026-02-14T17:45Z,Michigan Wolverines,UCLA Bruins,86,56,False,True,MICH,UCLA
2026,2026-02-14T21:00Z,Houston Cougars,Kansas State Wildcats,78,64,False,True,HOU,KSU
2026,2026-02-14T17:00Z,Duke Blue Devils,Clemson Tigers,67,54,False,True,DUKE,CLEM
2026,2026-02-14T18:00Z,Iowa State Cyclones,Kansas Jayhawks,74,56,False,True,ISU,KU
2026,2026-02-15T01:00Z,UConn Huskies,Georgetown Hoyas,79,75,False,True,CONN,GTWN
2026,2026-02-14T18:00Z,Nebraska Cornhuskers,Northwestern Wildcats,68,49,False,True,NEB,NU
2026,2026-02-14T19:00Z,North Carolina Tar Heels,Pittsburgh Panthers,79,65,False,True,UNC,PITT
2026,2026-02-15T03:40Z,Santa Clara Broncos,Gonzaga Bulldogs,86,94,False,True,SCU,GONZ
2026,2026-02-14T22:00Z,Iowa Hawkeyes,Purdue Boilermakers,57,78,False,True,IOWA,PUR
2026,2026-02-14T20:00Z,Florida Gators,Kentucky Wildcats,92,83,False,True,FLA,UK
2026,2026-02-15T01:00Z,Ohio State Buckeyes,Virginia Cavaliers,66,70,True,True,OSU,UVA
2026,2026-02-14T18:00Z,Providence Friars,St. John's Red Storm,69,79,False,True,PROV,SJU
2026,2026-02-14T18:00Z,Vanderbilt Commodores,Texas A&M Aggies,82,69,False,True,VAN,TA&M
2026,2026-02-15T01:40Z,Arkansas Razorbacks,Auburn Tigers,88,75,False,True,ARK,AUB
2026,2026-02-14T21:00Z,BYU Cougars,Colorado Buffaloes,90,86,False,True,BYU,COLO
2026,2026-02-14T21:00Z,Baylor Bears,Louisville Cardinals,71,82,True,True,BAY,LOU
2026,2026-02-15T18:00Z,Illinois Fighting Illini,Indiana Hoosiers,71,51,False,True,ILL,IU
2026,2026-02-17T02:00Z,Iowa State Cyclones,Houston Cougars,70,67,False,True,ISU,HOU
2026,2026-02-17T00:00Z,Duke Blue Devils,Syracuse Orange,101,64,False,True,DUKE,SYR
2026,2026-02-17T23:30Z,Purdue Boilermakers,Michigan Wolverines,80,91,False,True,PUR,MICH
2026,2026-02-18T02:00Z,Iowa Hawkeyes,Nebraska Cornhuskers,57,52,False,True,IOWA,NEB
2026,2026-02-18T00:00Z,Florida Gators,South Carolina Gamecocks,76,62,False,True,FLA,SC
2026,2026-02-18T04:10Z,Arizona State Sun Devils,Texas Tech Red Raiders,72,67,False,True,ASU,TTU
2026,2026-02-18T01:30Z,Michigan State Spartans,UCLA Bruins,82,59,False,True,MSU,UCLA
2026,2026-02-18T00:00Z,NC State Wolfpack,North Carolina Tar Heels,82,58,False,True,NCSU,UNC
2026,2026-02-18T00:00Z,Rhode Island Rams,Saint Louis Billikens,81,76,False,True,URI,SLU
2026,2026-02-18T00:00Z,SMU Mustangs,Louisville Cardinals,95,85,False,True,SMU,LOU
2026,2026-02-18T00:00Z,Massachusetts Minutemen,Miami (OH) RedHawks,77,86,False,True,MASS,M-OH
2026,2026-02-18T01:30Z,Ohio State Buckeyes,Wisconsin Badgers,86,69,False,True,OSU,WIS
2026,2026-02-19T02:00Z,Arizona Wildcats,BYU Cougars,75,68,False,True,ARIZ,BYU
2026,2026-02-19T00:00Z,UConn Huskies,Creighton Bluejays,84,91,False,True,CONN,CREI
2026,2026-02-19T02:00Z,Oklahoma State Cowboys,Kansas Jayhawks,69,81,False,True,OKST,KU
2026,2026-02-19T03:00Z,USC Trojans,Illinois Fighting Illini,65,101,False,True,USC,ILL
2026,2026-02-19T04:00Z,San Francisco Dons,Gonzaga Bulldogs,59,80,False,True,SF,GONZ
2026,2026-02-19T02:00Z,Georgia Tech Yellow Jackets,Virginia Cavaliers,68,94,False,True,GT,UVA
2026,2026-02-19T02:00Z,Marquette Golden Eagles,St. John's Red Storm,70,76,False,True,MARQ,SJU
2026,2026-02-19T02:00Z,Missouri Tigers,Vanderbilt Commodores,81,80,False,True,MIZ,VAN
2026,2026-02-19T00:00Z,Alabama Crimson Tide,Arkansas Razorbacks,117,115,False,True,ALA,ARK
2026,2026-02-19T23:00Z,UMBC Retrievers,Vermont Catamounts,75,62,False,True,UMBC,UVM
2026,2026-02-19T23:00Z,UMass Lowell River Hawks,New Hampshire Wildcats,78,56,False,True,UML,UNH
2026,2026-02-19T23:00Z,Bryant Bulldogs,Binghamton Bearcats,67,79,False,True,BRY,BING
2026,2026-02-19T23:00Z,Liberty Flames,Florida International Panthers,90,89,False,True,LIB,FIU
2026,2026-02-19T23:30Z,Winthrop Eagles,South Carolina Upstate Spartans,68,64,False,True,WIN,UPST
2026,2026-02-19T23:30Z,App State Mountaineers,Marshall Thundering Herd,93,94,False,True,APP,MRSH
2026,2026-02-20T00:00Z,South Florida Bulls,Memphis Tigers,87,66,False,True,USF,MEM
2026,2026-02-20T00:00Z,High Point Panthers,UNC Asheville Bulldogs,74,48,False,True,HPU,UNCA
2026,2026-02-20T00:00Z,Presbyterian Blue Hose,Longwood Lancers,72,65,False,True,PRES,LONG
2026,2026-02-20T00:00Z,Radford Highlanders,Gardner-Webb Runnin' Bulldogs,82,70,False,True,RAD,GWEB
2026,2026-02-20T00:00Z,Wright State Raiders,IU Indianapolis Jaguars,85,73,False,True,WRST,IUIN
2026,2026-02-20T00:00Z,Mercyhurst Lakers,Wagner Seahawks,80,83,False,True,MERC,WAG
2026,2026-02-20T00:00Z,New Haven Chargers,Stonehill Skyhawks,64,51,False,True,NHVN,STO
2026,2026-02-20T00:00Z,Saint Francis Red Flash,Long Island University Sharks,89,91,False,True,SFPA,LIU
2026,2026-02-20T00:00Z,Central Connecticut Blue Devils,Le Moyne Dolphins,78,77,False,True,CCSU,LEM
2026,2026-02-20T00:00Z,Chicago State Cougars,Fairleigh Dickinson Knights,59,60,False,True,CHST,FDU
2026,2026-02-20T00:00Z,NJIT Highlanders,UAlbany Great Danes,63,81,False,True,NJIT,UALB
2026,2026-02-20T00:00Z,UNC Wilmington Seahawks,Monmouth Hawks,79,69,False,True,UNCW,MONM
2026,2026-02-20T00:00Z,Northeastern Huskies,Drexel Dragons,61,70,False,True,NE,DREX
2026,2026-02-20T00:00Z,Campbell Fighting Camels,William & Mary Tribe,84,83,False,True,CAM,W&M
2026,2026-02-20T00:00Z,North Carolina A&T Aggies,Charleston Cougars,61,74,False,True,NCAT,COFC
2026,2026-02-20T00:00Z,The Citadel Bulldogs,Samford Bulldogs,75,78,False,True,CIT,SAM
2026,2026-02-20T00:00Z,Mercer Bears,Chattanooga Mocs,90,94,False,True,MER,UTC
2026,2026-02-20T00:00Z,North Florida Ospreys,Austin Peay Governors,76,77,False,True,UNF,APSU
2026,2026-02-20T00:30Z,Bethune-Cookman Wildcats,Alabama State Hornets,82,71,False,True,BCU,ALST
2026,2026-02-20T01:00Z,North Dakota Fighting Hawks,Kansas City Roos,85,70,False,True,UND,KC
2026,2026-02-20T01:00Z,Hofstra Pride,Hampton Pirates,79,43,False,True,HOF,HAMP
2026,2026-02-20T01:00Z,South Alabama Jaguars,Texas State Bobcats,82,90,False,True,USA,TXST
2026,2026-02-20T01:00Z,Louisiana Ragin' Cajuns,Arkansas State Red Wolves,62,79,False,True,UL,ARST
2026,2026-02-20T01:00Z,Georgia State Panthers,Georgia Southern Eagles,66,64,False,True,GAST,GASO
2026,2026-02-20T01:00Z,Stetson Hatters,Central Arkansas Bears,76,88,False,True,STET,CARK
2026,2026-02-20T01:00Z,Utah Valley Wolverines,California Baptist Lancers,65,46,False,True,UVU,CBU
2026,2026-02-20T01:00Z,UT Arlington Mavericks,Utah Tech Trailblazers,63,50,False,True,UTA,UTU
2026,2026-02-20T01:00Z,Tarleton State Texans,Southern Utah Thunderbirds,78,74,False,True,TAR,SUU
2026,2026-02-20T01:20Z,Little Rock Trojans,UT Martin Skyhawks,67,65,False,True,LR,UTM
2026,2026-02-20T01:30Z,Western Illinois Leathernecks,Southern Indiana Screaming Eagles,70,77,False,True,WIU,USI
2026,2026-02-20T01:30Z,Tennessee State Tigers,Lindenwood Lions,89,80,False,True,TNST,LIN
2026,2026-02-20T01:30Z,Eastern Illinois Panthers,Morehead State Eagles,70,73,False,True,EIU,MORE
2026,2026-02-20T01:50Z,Mississippi Valley State Delta Devils,Prairie View A&M Panthers,62,72,False,True,MVSU,PV
2026,2026-02-20T01:50Z,Tennessee Tech Golden Eagles,SIU Edwardsville Cougars,62,52,False,True,TNTC,SIUE
2026,2026-02-20T02:00Z,Arkansas-Pine Bluff Golden Lions,Texas Southern Tigers,64,83,False,True,UAPB,TXSO
2026,2026-02-20T02:00Z,UC Santa Barbara Gauchos,Cal State Northridge Matadors,83,85,False,True,UCSB,CSUN
2026,2026-02-20T02:00Z,Denver Pioneers,South Dakota Coyotes,90,70,False,True,DEN,SDAK
2026,2026-02-20T02:00Z,Weber State Wildcats,Montana State Bobcats,82,79,False,True,WEB,MTST
2026,2026-02-20T02:00Z,Idaho State Bengals,Montana Grizzlies,73,69,False,True,IDST,MONT
2026,2026-02-20T02:00Z,Portland State Vikings,Idaho Vandals,77,67,False,True,PRST,IDHO
2026,2026-02-20T02:10Z,North Texas Mean Green,Tulane Green Wave,71,77,False,True,UNT,TULN
2026,2026-02-20T02:15Z,Florida A&M Rattlers,Alabama A&M Bulldogs,61,63,False,True,FAMU,AAMU
2026,2026-02-20T03:00Z,UC Riverside Highlanders,Cal State Bakersfield Roadrunners,93,65,False,True,UCR,CSUB
2026,2026-02-20T03:00Z,Cal State Fullerton Titans,UC Davis Aggies,93,92,False,True,CSUF,UCD
2026,2026-02-20T03:00Z,Long Beach State Beach,UC Irvine Anteaters,58,69,False,True,LBSU,UCI
2026,2026-02-20T03:00Z,Sacramento State Hornets,Eastern Washington Eagles,94,102,False,True,SAC,EWU
2026,2026-02-20T04:59Z,Hawai'i Rainbow Warriors,Cal Poly Mustangs,75,86,False,True,HAW,CP
2026,2026-02-21T01:00Z,Purdue Boilermakers,Indiana Hoosiers,93,64,False,True,PUR,IU
2026,2026-02-21T00:00Z,Saint Louis Billikens,VCU Rams,88,75,False,True,SLU,VCU
2026,2026-02-21T01:30Z,Miami (OH) RedHawks,Bowling Green Falcons,91,77,False,True,M-OH,BGSU
2026,2026-02-21T23:30Z,Duke Blue Devils,Michigan Wolverines,68,63,True,True,DUKE,MICH
2026,2026-02-21T20:00Z,Houston Cougars,Arizona Wildcats,66,73,False,True,HOU,ARIZ
2026,2026-02-21T22:30Z,Villanova Wildcats,UConn Huskies,63,73,False,True,VILL,CONN
2026,2026-02-22T03:38Z,BYU Cougars,Iowa State Cyclones,79,69,False,True,BYU,ISU
2026,2026-02-21T18:00Z,Kansas Jayhawks,Cincinnati Bearcats,68,84,False,True,KU,CIN
2026,2026-02-21T19:00Z,Nebraska Cornhuskers,Penn State Nittany Lions,87,64,False,True,NEB,PSU
2026,2026-02-22T01:00Z,UCLA Bruins,Illinois Fighting Illini,95,94,False,True,UCLA,ILL
2026,2026-02-22T02:00Z,Gonzaga Bulldogs,Pacific Tigers,71,62,False,True,GONZ,PAC
2026,2026-02-21T17:00Z,Ole Miss Rebels,Florida Gators,75,94,False,True,MISS,FLA
2026,2026-02-21T19:30Z,Texas Tech Red Raiders,Kansas State Wildcats,100,72,False,True,TTU,KSU
2026,2026-02-21T19:00Z,Virginia Cavaliers,Miami Hurricanes,86,83,False,True,UVA,MIA
2026,2026-02-21T18:00Z,Syracuse Orange,North Carolina Tar Heels,64,77,False,True,SYR,UNC
2026,2026-02-21T17:00Z,St. John's Red Storm,Creighton Bluejays,81,52,False,True,SJU,CREI
2026,2026-02-21T19:00Z,Vanderbilt Commodores,Tennessee Volunteers,65,69,False,True,VAN,TENN
2026,2026-02-21T21:00Z,Arkansas Razorbacks,Missouri Tigers,94,86,False,True,ARK,MIZ
2026,2026-02-21T19:15Z,Louisville Cardinals,Georgia Tech Yellow Jackets,87,70,False,True,LOU,GT
2026,2026-02-21T23:00Z,LSU Tigers,Alabama Crimson Tide,83,90,False,True,LSU,ALA
2026,2026-02-22T18:00Z,Michigan State Spartans,Ohio State Buckeyes,66,60,False,True,MSU,OSU
2026,2026-02-22T21:00Z,Wisconsin Badgers,Iowa Hawkeyes,84,71,False,True,WIS,IOWA
2026,2026-02-24T02:00Z,Kansas Jayhawks,Houston Cougars,69,56,False,True,KU,HOU
2026,2026-02-24T00:00Z,North Carolina Tar Heels,Louisville Cardinals,77,74,False,True,UNC,LOU
2026,2026-02-25T00:00Z,Notre Dame Fighting Irish,Duke Blue Devils,56,100,False,True,ND,DUKE
2026,2026-02-25T02:00Z,Baylor Bears,Arizona Wildcats,80,87,False,True,BAY,ARIZ
2026,2026-02-25T01:30Z,Michigan Wolverines,Minnesota Golden Gophers,77,67,False,True,MICH,MINN
2026,2026-02-25T02:00Z,Utah Utes,Iowa State Cyclones,59,75,False,True,UTAH,ISU
2026,2026-02-25T00:00Z,Virginia Cavaliers,NC State Wolfpack,90,61,False,True,UVA,NCSU
2026,2026-02-25T00:00Z,Texas Tech Red Raiders,Cincinnati Bearcats,80,68,False,True,TTU,CIN
2026,2026-02-25T04:00Z,BYU Cougars,UCF Knights,84,97,False,True,BYU,UCF
2026,2026-02-24T23:30Z,Eastern Michigan Eagles,Miami (OH) RedHawks,64,74,False,True,EMU,M-OH
2026,2026-02-25T02:00Z,Missouri Tigers,Tennessee Volunteers,73,69,False,True,MIZ,TENN
2026,2026-02-25T00:00Z,Dayton Flyers,Saint Louis Billikens,77,62,False,True,DAY,SLU
2026,2026-02-26T00:00Z,UConn Huskies,St. John's Red Storm,72,40,False,True,CONN,SJU
2026,2026-02-26T00:00Z,Texas Longhorns,Florida Gators,71,84,False,True,TEX,FLA
2026,2026-02-26T02:00Z,Gonzaga Bulldogs,Portland Pilots,89,48,False,True,GONZ,PORT
2026,2026-02-26T00:00Z,Nebraska Cornhuskers,Maryland Terrapins,74,61,False,True,NEB,MD
2026,2026-02-26T02:00Z,Alabama Crimson Tide,Mississippi State Bulldogs,100,75,False,True,ALA,MSST
2026,2026-02-26T02:10Z,Arkansas Razorbacks,Texas A&M Aggies,99,84,False,True,ARK,TA&M
2026,2026-02-26T00:00Z,Vanderbilt Commodores,Georgia Bulldogs,88,80,False,True,VAN,UGA
2026,2026-02-27T01:00Z,Purdue Boilermakers,Michigan State Spartans,74,76,False,True,PUR,MSU
2026,2026-02-28T01:00Z,Illinois Fighting Illini,Michigan Wolverines,70,84,False,True,ILL,MICH
2026,2026-02-27T23:00Z,Western Michigan Broncos,Miami (OH) RedHawks,67,69,False,True,WMU,M-OH
2026,2026-02-28T17:00Z,Duke Blue Devils,Virginia Cavaliers,77,51,False,True,DUKE,UVA
2026,2026-02-28T21:05Z,Arizona Wildcats,Kansas Jayhawks,84,61,False,True,ARIZ,KU
2026,2026-02-28T21:00Z,Iowa State Cyclones,Texas Tech Red Raiders,73,82,False,True,ISU,TTU
2026,2026-02-28T17:00Z,Houston Cougars,Colorado Buffaloes,102,62,False,True,HOU,COLO
2026,2026-02-28T17:00Z,UConn Huskies,Seton Hall Pirates,71,67,False,True,CONN,HALL
2026,2026-03-01T01:30Z,Florida Gators,Arkansas Razorbacks,111,77,False,True,FLA,ARK
2026,2026-03-01T03:30Z,Saint Mary's Gaels,Gonzaga Bulldogs,70,59,False,True,SMC,GONZ
2026,2026-02-28T21:00Z,USC Trojans,Nebraska Cornhuskers,67,82,False,True,USC,NEB
2026,2026-03-01T01:00Z,St. John's Red Storm,Villanova Wildcats,89,57,False,True,SJU,VILL
2026,2026-02-28T23:10Z,Tennessee Volunteers,Alabama Crimson Tide,69,71,False,True,TENN,ALA
2026,2026-03-01T01:30Z,North Carolina Tar Heels,Virginia Tech Hokies,89,82,False,True,UNC,VT
2026,2026-02-28T22:30Z,West Virginia Mountaineers,BYU Cougars,79,71,False,True,WVU,BYU
2026,2026-03-01T01:00Z,Saint Louis Billikens,Duquesne Dukes,91,76,False,True,SLU,DUQ
2026,2026-02-28T19:00Z,Clemson Tigers,Louisville Cardinals,80,75,False,True,CLEM,LOU
2026,2026-02-28T19:05Z,Kentucky Wildcats,Vanderbilt Commodores,91,77,False,True,UK,VAN
2026,2026-03-01T18:30Z,Ohio State Buckeyes,Purdue Boilermakers,82,74,False,True,OSU,PUR
2026,2026-03-01T20:45Z,Indiana Hoosiers,Michigan State Spartans,64,77,False,True,IU,MSU
2026,2026-03-03T00:00Z,NC State Wolfpack,Duke Blue Devils,64,93,False,True,NCSU,DUKE
2026,2026-03-03T02:00Z,Arizona Wildcats,Iowa State Cyclones,73,57,False,True,ARIZ,ISU
2026,2026-03-04T01:00Z,Florida Gators,Mississippi State Bulldogs,108,74,False,True,FLA,MSST
2026,2026-03-04T04:00Z,UCLA Bruins,Nebraska Cornhuskers,72,52,False,True,UCLA,NEB
2026,2026-03-04T00:00Z,Texas Tech Red Raiders,TCU Horned Frogs,65,73,False,True,TTU,TCU
2026,2026-03-04T02:00Z,Illinois Fighting Illini,Oregon Ducks,80,54,False,True,ILL,ORE
2026,2026-03-04T00:00Z,Virginia Cavaliers,Wake Forest Demon Deacons,75,70,False,True,UVA,WAKE
2026,2026-03-04T02:00Z,Arizona State Sun Devils,Kansas Jayhawks,70,60,False,True,ASU,KU
2026,2026-03-03T23:30Z,Georgia Bulldogs,Alabama Crimson Tide,98,88,False,True,UGA,ALA
2026,2026-03-04T00:00Z,North Carolina Tar Heels,Clemson Tigers,67,63,False,True,UNC,CLEM
2026,2026-03-04T00:00Z,St. John's Red Storm,Georgetown Hoyas,72,69,False,True,SJU,GTWN
2026,2026-03-04T00:00Z,Miami (OH) RedHawks,Toledo Rockets,74,72,False,True,M-OH,TOL
2026,2026-03-03T23:00Z,South Carolina Gamecocks,Tennessee Volunteers,59,78,False,True,SC,TENN
2026,2026-03-04T02:00Z,Ole Miss Rebels,Vanderbilt Commodores,86,89,False,True,MISS,VAN
2026,2026-03-05T02:00Z,Houston Cougars,Baylor Bears,77,64,False,True,HOU,BAY
2026,2026-03-05T01:30Z,Northwestern Wildcats,Purdue Boilermakers,66,70,False,True,NU,PUR
2026,2026-03-05T00:00Z,Arkansas Razorbacks,Texas Longhorns,105,85,False,True,ARK,TEX
2026,2026-03-05T00:00Z,SMU Mustangs,Miami Hurricanes,69,77,False,True,SMU,MIA
2026,2026-03-05T01:00Z,Saint Louis Billikens,Loyola Chicago Ramblers,79,65,False,True,SLU,LUC
2026,2026-03-06T01:00Z,Iowa Hawkeyes,Michigan Wolverines,68,71,False,True,IOWA,MICH
2026,2026-03-06T01:00Z,Michigan State Spartans,Rutgers Scarlet Knights,91,87,False,True,MSU,RUTG
2026,2026-03-07T02:00Z,Seton Hall Pirates,St. John's Red Storm,65,72,False,True,HALL,SJU
2026,2026-03-07T02:10Z,Ohio Bobcats,Miami (OH) RedHawks,108,110,False,True,OHIO,M-OH
2026,2026-03-07T23:30Z,Duke Blue Devils,North Carolina Tar Heels,76,61,False,True,DUKE,UNC
2026,2026-03-08T04:00Z,Colorado Buffaloes,Arizona Wildcats,79,89,False,True,COLO,ARIZ
2026,2026-03-07T17:30Z,Marquette Golden Eagles,UConn Huskies,68,62,False,True,MARQ,CONN
2026,2026-03-07T21:00Z,Kentucky Wildcats,Florida Gators,77,84,False,True,UK,FLA
2026,2026-03-07T19:00Z,Iowa State Cyclones,Arizona State Sun Devils,86,65,False,True,ISU,ASU
2026,2026-03-07T17:00Z,Oklahoma State Cowboys,Houston Cougars,75,82,False,True,OKST,HOU
2026,2026-03-08T03:30Z,BYU Cougars,Texas Tech Red Raiders,82,76,False,True,BYU,TTU
2026,2026-03-07T17:00Z,Virginia Cavaliers,Virginia Tech Hokies,76,72,False,True,UVA,VT
2026,2026-03-07T19:00Z,Kansas Jayhawks,Kansas State Wildcats,104,85,False,True,KU,KSU
2026,2026-03-07T21:00Z,Purdue Boilermakers,Wisconsin Badgers,93,97,False,True,PUR,WIS
2026,2026-03-08T01:30Z,Alabama Crimson Tide,Auburn Tigers,96,84,False,True,ALA,AUB
2026,2026-03-07T17:00Z,Missouri Tigers,Arkansas Razorbacks,84,88,False,True,MIZ,ARK
2026,2026-03-07T19:00Z,Miami Hurricanes,Louisville Cardinals,89,92,False,True,MIA,LOU
2026,2026-03-07T19:00Z,Tennessee Volunteers,Vanderbilt Commodores,82,86,False,True,TENN,VAN
2026,2026-03-07T21:00Z,George Mason Patriots,Saint Louis Billikens,86,57,False,True,GMU,SLU
2026,2026-03-08T20:30Z,Michigan Wolverines,Michigan State Spartans,90,80,False,True,MICH,MSU
2026,2026-03-08T21:00Z,Nebraska Cornhuskers,Iowa Hawkeyes,84,75,False,True,NEB,IOWA
2026,2026-03-08T19:00Z,Maryland Terrapins,Illinois Fighting Illini,72,78,False,True,MD,ILL
