game_id,gameday,home_team,away_team,home_win,point_diff,home_rolling_ppg,home_rolling_papg,home_rolling_diff,away_rolling_ppg,away_rolling_papg,away_rolling_diff,ppg_differential,papg_differential,overall_differential,home_advantage,week,is_divisional,spread_line,home_moneyline,away_moneyline
2019_02_TB_CAR,2019-09-12,CAR,TB,0,-6.0,27.0,30.0,-3.0,17.0,31.0,-14.0,10.0,-1.0,11.0,1,2,1,6.5,-277.0,240.0
2019_02_IND_TEN,2019-09-15,TEN,IND,0,-2.0,43.0,13.0,30.0,24.0,30.0,-6.0,19.0,-17.0,36.0,1,2,1,3.0,-178.0,160.0
2019_02_PHI_ATL,2019-09-15,ATL,PHI,1,4.0,12.0,28.0,-16.0,32.0,27.0,5.0,-20.0,1.0,-21.0,1,2,0,-1.0,-105.0,-105.0
2019_02_NO_LA,2019-09-15,LA,NO,1,18.0,30.0,27.0,3.0,30.0,28.0,2.0,0.0,-1.0,1.0,1,2,0,2.0,-118.0,107.0
2019_02_CHI_DEN,2019-09-15,DEN,CHI,0,-2.0,16.0,24.0,-8.0,3.0,10.0,-7.0,13.0,14.0,-1.0,1,2,0,-3.0,132.0,-147.0
2019_02_DAL_WAS,2019-09-15,WAS,DAL,0,-10.0,27.0,32.0,-5.0,35.0,17.0,18.0,-8.0,15.0,-23.0,1,2,1,-6.0,233.0,-268.0
2019_02_SEA_PIT,2019-09-15,PIT,SEA,0,-2.0,3.0,33.0,-30.0,21.0,20.0,1.0,-18.0,13.0,-31.0,1,2,0,4.0,-197.0,175.0
2019_02_KC_OAK,2019-09-15,OAK,KC,0,-18.0,24.0,16.0,8.0,40.0,26.0,14.0,-16.0,-10.0,-6.0,1,2,1,-7.0,252.0,-293.0
2019_02_NE_MIA,2019-09-15,MIA,NE,0,-43.0,10.0,59.0,-49.0,33.0,3.0,30.0,-23.0,56.0,-79.0,1,2,1,-18.0,880.0,-1300.0
2019_02_JAX_HOU,2019-09-15,HOU,JAX,1,1.0,28.0,30.0,-2.0,26.0,40.0,-14.0,2.0,-10.0,12.0,1,2,1,7.5,-336.0,286.0
2019_02_MIN_GB,2019-09-15,GB,MIN,1,5.0,10.0,3.0,7.0,28.0,12.0,16.0,-18.0,-9.0,-9.0,1,2,1,3.0,-165.0,148.0
2019_02_LAC_DET,2019-09-15,DET,LAC,1,3.0,27.0,27.0,0.0,30.0,24.0,6.0,-3.0,3.0,-6.0,1,2,0,-1.0,-103.0,-107.0
2019_02_SF_CIN,2019-09-15,CIN,SF,0,-24.0,20.0,21.0,-1.0,31.0,17.0,14.0,-11.0,4.0,-15.0,1,2,0,1.0,-107.0,-103.0
2019_02_ARI_BAL,2019-09-15,BAL,ARI,1,6.0,59.0,10.0,49.0,27.0,27.0,0.0,32.0,-17.0,49.0,1,2,0,13.0,-665.0,513.0
2019_02_BUF_NYG,2019-09-15,NYG,BUF,0,-14.0,17.0,35.0,-18.0,17.0,16.0,1.0,0.0,19.0,-19.0,1,2,0,-1.0,102.0,-113.0
2019_02_CLE_NYJ,2019-09-16,NYJ,CLE,0,-20.0,16.0,17.0,-1.0,13.0,43.0,-30.0,3.0,-26.0,29.0,1,2,0,-6.5,241.0,-278.0
2019_03_TEN_JAX,2019-09-19,JAX,TEN,1,13.0,19.0,26.5,-7.5,30.0,16.0,14.0,-11.0,10.5,-21.5,1,3,1,-1.5,113.0,-125.0
2019_03_LA_CLE,2019-09-22,CLE,LA,0,-7.0,18.0,23.0,-5.0,28.5,18.0,10.5,-10.5,5.0,-15.5,1,3,0,-4.0,190.0,-215.0
2019_03_PIT_SF,2019-09-22,SF,PIT,1,4.0,36.0,17.0,19.0,14.5,30.5,-16.0,21.5,-13.5,35.0,1,3,0,6.0,-276.0,239.0
2019_03_NO_SEA,2019-09-22,SEA,NO,0,-6.0,24.5,23.0,1.5,19.5,27.5,-8.0,5.0,-4.5,9.5,1,3,0,5.0,-225.0,199.0
2019_03_HOU_LAC,2019-09-22,LAC,HOU,0,-7.0,20.0,18.5,1.5,20.5,21.0,-0.5,-0.5,-2.5,2.0,1,3,0,3.0,-168.0,151.0
2019_03_NYG_TB,2019-09-22,TB,NYG,0,-1.0,18.5,22.5,-4.0,15.5,31.5,-16.0,3.0,-9.0,12.0,1,3,0,5.0,-230.0,202.0
2019_03_CAR_ARI,2019-09-22,ARI,CAR,0,-18.0,22.0,25.0,-3.0,20.5,25.0,-4.5,1.5,0.0,1.5,1,3,0,2.5,-131.0,118.0
2019_03_DET_PHI,2019-09-22,PHI,DET,0,-3.0,26.0,25.5,0.5,20.0,18.5,1.5,6.0,7.0,-1.0,1,3,0,4.0,-212.0,188.0
2019_03_NYJ_NE,2019-09-22,NE,NYJ,1,16.0,38.0,1.5,36.5,9.5,20.0,-10.5,28.5,-18.5,47.0,1,3,1,20.5,-1962.0,1203.0
2019_03_BAL_KC,2019-09-22,KC,BAL,1,5.0,34.0,18.0,16.0,41.0,13.5,27.5,-7.0,4.5,-11.5,1,3,0,4.5,-216.0,191.0
2019_03_ATL_IND,2019-09-22,IND,ATL,1,3.0,21.5,23.5,-2.0,18.0,24.0,-6.0,3.5,-0.5,4.0,1,3,0,1.0,-116.0,105.0
2019_03_DEN_GB,2019-09-22,GB,DEN,1,11.0,15.5,9.5,6.0,15.0,20.0,-5.0,0.5,-10.5,11.0,1,3,0,7.0,-327.0,278.0
2019_03_MIA_DAL,2019-09-22,DAL,MIA,1,25.0,33.0,19.0,14.0,5.0,51.0,-46.0,28.0,-32.0,60.0,1,3,0,22.0,-2540.0,1454.0
2019_03_CIN_BUF,2019-09-22,BUF,CIN,1,4.0,22.5,15.0,7.5,18.5,31.0,-12.5,4.0,-16.0,20.0,1,3,0,5.5,-252.0,220.0
2019_03_OAK_MIN,2019-09-22,MIN,OAK,1,20.0,22.0,16.5,5.5,17.0,22.0,-5.0,5.0,-5.5,10.5,1,3,0,8.5,-405.0,337.0
2019_03_CHI_WAS,2019-09-23,WAS,CHI,0,-16.0,24.0,31.5,-7.5,9.5,12.0,-2.5,14.5,19.5,-5.0,1,3,0,-5.0,204.0,-232.0
2019_04_PHI_GB,2019-09-26,GB,PHI,0,-7.0,19.333333333333332,11.666666666666666,7.666666666666666,25.333333333333332,26.0,-0.6666666666666679,-6.0,-14.333333333333334,8.333333333333334,1,4,0,3.5,-190.0,169.0
2019_04_SEA_ARI,2019-09-29,ARI,SEA,0,-17.0,21.333333333333332,29.333333333333332,-8.0,25.333333333333332,26.333333333333332,-1.0,-4.0,3.0,-7.0,1,4,1,-5.5,209.0,-238.0
2019_04_DAL_NO,2019-09-29,NO,DAL,1,2.0,24.0,27.333333333333332,-3.333333333333332,32.333333333333336,14.666666666666666,17.66666666666667,-8.333333333333336,12.666666666666666,-21.000000000000004,1,4,0,-2.5,127.0,-140.0
2019_04_JAX_DEN,2019-09-29,DEN,JAX,0,-2.0,15.333333333333334,22.333333333333332,-6.999999999999998,19.333333333333332,20.0,-0.6666666666666679,-3.9999999999999982,2.333333333333332,-6.33333333333333,1,4,0,2.5,-137.0,124.0
2019_04_MIN_CHI,2019-09-29,CHI,MIN,1,10.0,16.666666666666668,13.0,3.666666666666668,26.0,15.666666666666666,10.333333333333334,-9.333333333333332,-2.666666666666666,-6.666666666666666,1,4,1,-1.0,-102.0,-108.0
2019_04_TB_LA,2019-09-29,LA,TB,0,-15.0,25.666666666666668,16.333333333333332,9.333333333333336,22.666666666666668,25.666666666666668,-3.0,3.0,-9.333333333333336,12.333333333333336,1,4,0,9.0,-473.0,385.0
2019_04_LAC_MIA,2019-09-29,MIA,LAC,0,-20.0,5.333333333333333,44.333333333333336,-39.0,20.0,21.333333333333332,-1.3333333333333321,-14.666666666666668,23.000000000000004,-37.66666666666667,1,4,0,-15.0,602.0,-806.0
2019_04_WAS_NYG,2019-09-29,NYG,WAS,1,21.0,21.0,31.333333333333332,-10.333333333333332,21.0,31.333333333333332,-10.333333333333332,0.0,0.0,0.0,1,4,1,3.0,-163.0,146.0
2019_04_OAK_IND,2019-09-29,IND,OAK,0,-7.0,23.333333333333332,23.666666666666668,-0.3333333333333357,16.0,26.0,-10.0,7.333333333333332,-2.333333333333332,9.666666666666664,1,4,0,5.5,-242.0,212.0
2019_04_CAR_HOU,2019-09-29,HOU,CAR,0,-6.0,22.666666666666668,20.666666666666668,2.0,26.333333333333332,23.333333333333332,3.0,-3.6666666666666643,-2.6666666666666643,-1.0,1,4,0,5.5,-257.0,224.0
2019_04_KC_DET,2019-09-29,DET,KC,0,-4.0,22.333333333333332,20.333333333333332,2.0,33.666666666666664,21.333333333333332,12.333333333333332,-11.333333333333332,-1.0,-10.333333333333332,1,4,0,-7.5,307.0,-364.0
2019_04_NE_BUF,2019-09-29,BUF,NE,0,-6.0,22.0,15.666666666666666,6.333333333333334,35.333333333333336,5.666666666666667,29.666666666666668,-13.333333333333336,10.0,-23.333333333333336,1,4,1,-7.0,274.0,-321.0
2019_04_CLE_BAL,2019-09-29,BAL,CLE,0,-15.0,36.666666666666664,20.0,16.666666666666664,16.333333333333332,22.0,-5.666666666666668,20.333333333333332,-2.0,22.333333333333332,1,4,1,7.5,-327.0,279.0
2019_04_TEN_ATL,2019-09-29,ATL,TEN,0,-14.0,20.0,25.0,-5.0,22.333333333333332,17.333333333333332,5.0,-2.333333333333332,7.666666666666668,-10.0,1,4,0,3.5,-174.0,156.0
2019_04_CIN_PIT,2019-09-30,PIT,CIN,1,24.0,16.333333333333332,28.333333333333332,-12.0,18.0,27.666666666666668,-9.666666666666668,-1.6666666666666679,0.6666666666666643,-2.333333333333332,1,4,1,3.5,-179.0,160.0
2019_05_LA_SEA,2019-10-03,SEA,LA,1,1.0,25.75,22.25,3.5,29.25,26.0,3.25,-3.5,-3.75,0.25,1,5,1,1.5,-122.0,111.0
2019_05_IND_KC,2019-10-06,KC,IND,0,-6.0,33.75,23.5,10.25,23.5,25.5,-2.0,10.25,-2.0,12.25,1,5,0,10.5,-504.0,407.0
2019_05_GB_DAL,2019-10-06,DAL,GB,0,-10.0,26.75,14.0,12.75,21.25,17.25,4.0,5.5,-3.25,8.75,1,5,0,3.5,-181.0,162.0
2019_05_DEN_LAC,2019-10-06,LAC,DEN,0,-7.0,22.5,18.5,4.0,17.5,23.25,-5.75,5.0,-4.75,9.75,1,5,1,4.0,-226.0,199.0
2019_05_NE_WAS,2019-10-06,WAS,NE,0,-26.0,16.5,29.5,-13.0,30.5,6.75,23.75,-14.0,22.75,-36.75,1,5,0,-15.5,695.0,-963.0
2019_05_BUF_TEN,2019-10-06,TEN,BUF,0,-7.0,22.75,15.5,7.25,19.0,15.75,3.25,3.75,-0.25,4.0,1,5,0,3.5,-182.0,162.0
2019_05_BAL_PIT,2019-10-06,PIT,BAL,0,-3.0,19.0,22.0,-3.0,33.75,25.0,8.75,-14.75,-3.0,-11.75,1,5,1,-3.5,160.0,-179.0
2019_05_NYJ_PHI,2019-10-06,PHI,NYJ,1,25.0,27.5,26.25,1.25,11.0,23.333333333333332,-12.333333333333332,16.5,2.916666666666668,13.583333333333332,1,5,0,14.0,-782.0,587.0
2019_05_CHI_OAK,2019-10-06,OAK,CHI,1,3.0,19.75,25.5,-5.75,16.5,11.25,5.25,3.25,14.25,-11.0,1,5,0,-6.5,232.0,-266.0
2019_05_MIN_NYG,2019-10-06,NYG,MIN,0,-18.0,21.75,24.25,-2.5,21.0,15.75,5.25,0.75,8.5,-7.75,1,5,0,-5.5,213.0,-243.0
2019_05_TB_NO,2019-10-06,NO,TB,1,7.0,21.0,23.0,-2.0,30.75,29.25,1.5,-9.75,-6.25,-3.5,1,5,1,3.0,-148.0,133.0
2019_05_ATL_HOU,2019-10-06,HOU,ATL,1,21.0,19.5,19.5,0.0,17.5,24.75,-7.25,2.0,-5.25,7.25,1,5,0,4.0,-207.0,184.0
2019_05_ARI_CIN,2019-10-06,CIN,ARI,0,-3.0,14.25,27.5,-13.25,18.5,28.75,-10.25,-4.25,-1.25,-3.0,1,5,0,3.0,-154.0,139.0
2019_05_JAX_CAR,2019-10-06,CAR,JAX,1,7.0,23.75,20.0,3.75,21.0,21.0,0.0,2.75,-1.0,3.75,1,5,0,3.0,-189.0,169.0
2019_05_CLE_SF,2019-10-07,SF,CLE,1,28.0,32.0,18.0,14.0,22.25,22.75,-0.5,9.75,-4.75,14.5,1,5,0,5.0,-226.0,199.0
2019_06_NYG_NE,2019-10-10,NE,NYG,1,21.0,31.0,6.8,24.2,19.4,25.0,-5.600000000000001,11.600000000000001,-18.2,29.8,1,6,0,16.5,-1071.0,756.0
2019_06_PIT_LAC,2019-10-13,LAC,PIT,0,-7.0,20.6,18.8,1.8000000000000007,19.8,22.8,-3.0,0.8000000000000007,-4.0,4.800000000000001,1,6,0,6.0,-252.0,220.0
2019_06_DAL_NYJ,2019-10-13,NYJ,DAL,1,2.0,9.75,25.25,-15.5,26.2,18.0,8.2,-16.45,7.25,-23.7,1,6,0,-7.0,270.0,-316.0
2019_06_TEN_DEN,2019-10-13,DEN,TEN,1,16.0,18.0,21.2,-3.1999999999999993,19.6,15.2,4.400000000000002,-1.6000000000000014,6.0,-7.600000000000001,1,6,0,1.0,-121.0,109.0
2019_06_SF_LA,2019-10-13,LA,SF,0,-13.0,29.2,26.8,2.3999999999999986,31.75,14.25,17.5,-2.5500000000000007,12.55,-15.100000000000001,1,6,1,3.0,-148.0,133.0
2019_06_ATL_ARI,2019-10-13,ARI,ATL,1,1.0,20.0,27.6,-7.600000000000001,20.4,30.4,-10.0,-0.3999999999999986,-2.799999999999997,2.3999999999999986,1,6,0,-3.0,145.0,-161.0
2019_06_WAS_MIA,2019-10-13,MIA,WAS,0,-1.0,6.5,40.75,-34.25,14.6,30.2,-15.6,-8.1,10.55,-18.65,1,6,0,-6.0,210.0,-240.0
2019_06_NO_JAX,2019-10-13,JAX,NO,0,-7.0,22.2,23.6,-1.4000000000000021,23.0,23.2,-0.1999999999999993,-0.8000000000000007,0.40000000000000213,-1.2000000000000028,1,6,0,2.5,-139.0,126.0
2019_06_HOU_KC,2019-10-13,KC,HOU,0,-7.0,29.6,22.6,7.0,26.2,22.0,4.199999999999999,3.400000000000002,0.6000000000000014,2.8000000000000007,1,6,0,3.5,-186.0,166.0
2019_06_SEA_CLE,2019-10-13,CLE,SEA,0,-4.0,18.4,24.4,-6.0,26.6,23.6,3.0,-8.200000000000003,0.7999999999999972,-9.0,1,6,0,1.0,-113.0,102.0
2019_06_CIN_BAL,2019-10-13,BAL,CIN,1,6.0,32.2,24.6,7.600000000000001,16.0,27.2,-11.2,16.200000000000003,-2.599999999999998,18.8,1,6,1,10.5,-531.0,425.0
2019_06_CAR_TB,2019-10-13,TB,CAR,0,-11.0,29.4,29.6,-0.20000000000000284,25.8,21.4,4.400000000000002,3.599999999999998,8.200000000000003,-4.600000000000005,1,6,1,-2.0,113.0,-125.0
2019_06_PHI_MIN,2019-10-13,MIN,PHI,1,18.0,22.4,14.6,7.799999999999999,28.2,22.2,6.0,-5.800000000000001,-7.6,1.799999999999999,1,6,0,3.5,-176.0,157.0
2019_06_DET_GB,2019-10-14,GB,DET,1,1.0,23.8,18.6,5.199999999999999,24.25,23.75,0.5,-0.4499999999999993,-5.149999999999999,4.699999999999999,1,6,1,3.5,-198.0,176.0
2019_07_KC_DEN,2019-10-17,DEN,KC,0,-24.0,18.0,16.4,1.6000000000000014,26.4,23.6,2.799999999999997,-8.399999999999999,-7.200000000000003,-1.1999999999999957,1,7,1,-3.0,134.0,-149.0
2019_07_PHI_DAL,2019-10-20,DAL,PHI,1,27.0,23.6,19.4,4.200000000000003,25.8,24.4,1.4000000000000021,-2.1999999999999993,-5.0,2.8000000000000007,1,7,1,3.0,-165.0,148.0
2019_07_BAL_SEA,2019-10-20,SEA,BAL,0,-14.0,28.8,25.2,3.6000000000000014,25.0,26.0,-1.0,3.8000000000000007,-0.8000000000000007,4.600000000000001,1,7,0,3.0,-157.0,141.0
2019_07_NO_CHI,2019-10-20,CHI,NO,0,-11.0,17.4,13.8,3.599999999999998,19.6,18.8,0.8000000000000007,-2.200000000000003,-5.0,2.799999999999997,1,7,0,4.0,-213.0,188.0
2019_07_LAC_TEN,2019-10-20,TEN,LAC,1,3.0,11.0,15.8,-4.800000000000001,18.0,18.8,-0.8000000000000007,-7.0,-3.0,-4.0,1,7,0,3.0,-157.0,141.0
2019_07_SF_WAS,2019-10-20,WAS,SF,0,-9.0,12.6,27.0,-14.4,29.4,12.8,16.599999999999998,-16.799999999999997,14.2,-31.0,1,7,0,-10.0,350.0,-424.0
2019_07_ARI_NYG,2019-10-20,NYG,ARI,0,-6.0,18.8,25.0,-6.199999999999999,21.4,28.8,-7.400000000000002,-2.599999999999998,-3.8000000000000007,1.2000000000000028,1,7,0,3.5,-188.0,168.0
2019_07_OAK_GB,2019-10-20,GB,OAK,1,18.0,26.4,22.4,4.0,20.6,24.6,-4.0,5.799999999999997,-2.200000000000003,8.0,1,7,0,5.5,-241.0,211.0
2019_07_MIN_DET,2019-10-20,DET,MIN,0,-12.0,23.8,23.6,0.1999999999999993,24.4,16.2,8.2,-0.5999999999999979,7.400000000000002,-8.0,1,7,1,-2.5,124.0,-137.0
2019_07_JAX_CIN,2019-10-20,CIN,JAX,0,-10.0,15.4,27.6,-12.200000000000001,18.2,18.2,0.0,-2.799999999999999,9.400000000000002,-12.200000000000001,1,7,0,-4.0,189.0,-214.0
2019_07_MIA_BUF,2019-10-20,BUF,MIA,1,10.0,18.0,14.0,4.0,8.4,36.0,-27.6,9.6,-22.0,31.6,1,7,1,17.0,-1137.0,793.0
2019_07_LA_ATL,2019-10-20,ATL,LA,0,-27.0,24.6,31.6,-7.0,24.6,25.4,-0.7999999999999972,0.0,6.200000000000003,-6.200000000000003,1,7,0,-3.0,139.0,-154.0
2019_07_HOU_IND,2019-10-20,IND,HOU,1,7.0,22.6,23.0,-0.3999999999999986,26.8,20.8,6.0,-4.199999999999999,2.1999999999999993,-6.399999999999999,1,7,1,1.5,-120.0,109.0
2019_07_NE_NYJ,2019-10-21,NYJ,NE,0,-33.0,12.6,24.6,-12.000000000000002,31.4,9.0,22.4,-18.799999999999997,15.600000000000001,-34.4,1,7,1,-9.5,311.0,-371.0
2019_08_WAS_MIN,2019-10-24,MIN,WAS,1,10.0,29.6,18.0,11.600000000000001,8.4,22.6,-14.200000000000001,21.200000000000003,-4.600000000000001,25.800000000000004,1,8,0,16.5,-1023.0,729.0
2019_08_CAR_SF,2019-10-27,SF,CAR,1,38.0,25.0,9.4,15.6,27.8,20.6,7.199999999999999,-2.8000000000000007,-11.200000000000001,8.4,1,8,0,4.5,-208.0,184.0
2019_08_OAK_HOU,2019-10-27,HOU,OAK,1,3.0,28.8,24.4,4.400000000000002,20.6,29.8,-9.2,8.2,-5.400000000000002,13.600000000000001,1,8,0,5.0,-236.0,207.0
2019_08_TB_TEN,2019-10-27,TEN,TB,1,4.0,12.2,16.0,-3.8000000000000007,31.2,30.8,0.3999999999999986,-19.0,-14.8,-4.199999999999999,1,8,0,2.0,-122.0,110.0
2019_08_GB_KC,2019-10-27,KC,GB,0,-7.0,26.8,22.8,4.0,30.6,24.0,6.600000000000001,-3.8000000000000007,-1.1999999999999993,-2.6000000000000014,1,8,0,-5.0,202.0,-230.0
2019_08_CLE_NE,2019-10-27,NE,CLE,1,14.0,29.4,9.0,20.4,21.4,22.2,-0.8000000000000007,8.0,-13.2,21.2,1,8,0,9.5,-367.0,309.0
2019_08_ARI_NO,2019-10-27,NO,ARI,1,22.0,25.0,18.4,6.600000000000001,23.4,28.4,-5.0,1.6000000000000014,-10.0,11.600000000000001,1,8,0,12.5,-625.0,467.0
2019_08_SEA_ATL,2019-10-27,ATL,SEA,0,-7.0,21.8,35.0,-13.2,26.4,26.0,0.3999999999999986,-4.599999999999998,9.0,-13.599999999999998,1,8,0,-7.5,275.0,-323.0
2019_08_NYJ_JAX,2019-10-27,JAX,NYJ,1,14.0,21.2,19.0,2.1999999999999993,9.4,27.8,-18.4,11.799999999999999,-8.8,20.599999999999998,1,8,0,7.0,-295.0,254.0
2019_08_DEN_IND,2019-10-27,IND,DEN,1,2.0,23.8,21.6,2.1999999999999993,16.4,19.2,-2.8000000000000007,7.400000000000002,2.400000000000002,5.0,1,8,0,6.0,-238.0,209.0
2019_08_NYG_DET,2019-10-27,DET,NYG,1,5.0,24.4,26.6,-2.200000000000003,20.2,24.8,-4.600000000000001,4.199999999999999,1.8000000000000007,2.3999999999999986,1,8,0,6.5,-267.0,232.0
2019_08_LAC_CHI,2019-10-27,CHI,LAC,0,-1.0,21.8,19.0,2.8000000000000007,20.0,20.8,-0.8000000000000007,1.8000000000000007,-1.8000000000000007,3.6000000000000014,1,8,0,3.5,-182.0,163.0
2019_08_PHI_BUF,2019-10-27,BUF,PHI,0,-18.0,20.8,15.0,5.800000000000001,23.8,27.0,-3.1999999999999993,-3.0,-12.0,9.0,1,8,0,1.0,-122.0,111.0
2019_08_CIN_LA,2019-10-27,LA,CIN,1,14.0,26.6,25.6,1.0,15.4,24.8,-9.4,11.200000000000001,0.8000000000000007,10.4,1,8,0,12.0,-594.0,467.0
2019_08_MIA_PIT,2019-10-28,PIT,MIA,1,13.0,24.0,19.6,4.399999999999999,10.6,30.4,-19.799999999999997,13.4,-10.799999999999997,24.199999999999996,1,8,0,14.0,-630.0,491.0
2019_09_SF_ARI,2019-10-31,ARI,SF,0,-3.0,21.2,27.0,-5.800000000000001,27.0,8.6,18.4,-5.800000000000001,18.4,-24.2,1,9,1,-10.5,365.0,-445.0
2019_09_NE_BAL,2019-11-03,BAL,NE,1,17.0,26.4,25.8,0.5999999999999979,28.8,8.8,20.0,-2.400000000000002,17.0,-19.400000000000002,1,9,0,-3.0,135.0,-150.0
2019_09_GB_LAC,2019-11-03,LAC,GB,1,15.0,19.4,18.6,0.7999999999999972,31.4,25.6,5.799999999999997,-12.0,-7.0,-5.0,1,9,0,-4.0,184.0,-208.0
2019_09_CLE_DEN,2019-11-03,DEN,CLE,1,5.0,15.8,16.8,-1.0,19.4,27.0,-7.600000000000001,-3.599999999999998,-10.2,6.600000000000001,1,9,0,-4.0,173.0,-194.0
2019_09_TB_SEA,2019-11-03,SEA,TB,1,6.0,26.4,23.4,3.0,31.8,33.4,-1.5999999999999979,-5.400000000000002,-10.0,4.599999999999998,1,9,0,4.0,-209.0,185.0
2019_09_DET_OAK,2019-11-03,OAK,DET,1,7.0,23.4,29.6,-6.200000000000003,28.0,29.8,-1.8000000000000007,-4.600000000000001,-0.1999999999999993,-4.400000000000002,1,9,0,2.5,-143.0,129.0
2019_09_IND_PIT,2019-11-03,PIT,IND,1,2.0,24.2,16.8,7.399999999999999,23.0,20.8,2.1999999999999993,1.1999999999999993,-4.0,5.199999999999999,1,9,0,1.0,-117.0,107.0
2019_09_CHI_PHI,2019-11-03,PHI,CHI,1,8.0,25.2,24.2,1.0,21.8,19.6,2.1999999999999993,3.3999999999999986,4.599999999999998,-1.1999999999999993,1,9,0,5.0,-226.0,199.0
2019_09_NYJ_MIA,2019-11-03,MIA,NYJ,1,8.0,13.4,27.2,-13.799999999999999,11.8,29.0,-17.2,1.5999999999999996,-1.8000000000000007,3.4000000000000004,1,9,1,-3.5,167.0,-187.0
2019_09_MIN_KC,2019-11-03,KC,MIN,1,3.0,25.0,23.4,1.6000000000000014,26.6,17.0,9.600000000000001,-1.6000000000000014,6.399999999999999,-8.0,1,9,0,-5.5,198.0,-225.0
2019_09_TEN_CAR,2019-11-03,CAR,TEN,1,10.0,27.6,26.8,0.8000000000000007,16.2,16.6,-0.40000000000000213,11.400000000000002,10.2,1.2000000000000028,1,9,0,3.5,-179.0,160.0
2019_09_WAS_BUF,2019-11-03,BUF,WAS,1,15.0,17.8,18.4,-0.5999999999999979,7.2,20.2,-13.0,10.600000000000001,-1.8000000000000007,12.400000000000002,1,9,0,10.5,-449.0,368.0
2019_09_HOU_JAX,2019-11-03,JAX,HOU,0,-23.0,23.0,20.6,2.3999999999999986,28.8,25.2,3.6000000000000014,-5.800000000000001,-4.599999999999998,-1.2000000000000028,1,9,1,1.0,-113.0,103.0
2019_09_DAL_NYG,2019-11-04,NYG,DAL,0,-19.0,19.0,24.8,-5.800000000000001,24.8,17.2,7.600000000000001,-5.800000000000001,7.600000000000001,-13.400000000000002,1,9,1,-6.5,255.0,-297.0
2019_10_LAC_OAK,2019-11-07,OAK,LAC,1,2.0,26.8,27.6,-0.8000000000000007,18.6,18.8,-0.1999999999999993,8.2,8.8,-0.6000000000000014,1,10,1,-1.0,106.0,-117.0
2019_10_MIN_DAL,2019-11-10,DAL,MIN,0,-4.0,26.0,19.6,6.399999999999999,30.0,19.0,11.0,-4.0,0.6000000000000014,-4.600000000000001,1,10,0,3.5,-179.0,160.0
2019_10_LA_PIT,2019-11-10,PIT,LA,1,5.0,25.4,16.8,8.599999999999998,27.4,25.0,2.3999999999999986,-2.0,-8.2,6.199999999999999,1,10,0,-4.0,189.0,-214.0
2019_10_CAR_GB,2019-11-10,GB,CAR,1,8.0,28.2,24.0,4.199999999999999,26.0,26.8,-0.8000000000000007,2.1999999999999993,-2.8000000000000007,5.0,1,10,0,5.0,-227.0,200.0
2019_10_MIA_IND,2019-11-10,IND,MIA,0,-4.0,22.4,21.2,1.1999999999999993,17.4,24.6,-7.200000000000003,5.0,-3.400000000000002,8.400000000000002,1,10,0,11.0,-481.0,390.0
2019_10_KC_TEN,2019-11-10,TEN,KC,1,3.0,15.4,20.6,-5.200000000000001,23.4,22.0,1.3999999999999986,-7.999999999999998,-1.3999999999999986,-6.6,1,10,0,-5.0,205.0,-233.0
2019_10_ARI_TB,2019-11-10,TB,ARI,1,3.0,32.4,35.0,-2.6000000000000014,24.2,27.2,-3.0,8.2,7.800000000000001,0.3999999999999986,1,10,0,5.5,-235.0,207.0
2019_10_NYG_NYJ,2019-11-10,NYJ,NYG,1,7.0,12.6,28.2,-15.6,17.8,31.6,-13.8,-5.200000000000001,-3.400000000000002,-1.799999999999999,1,10,0,-3.0,133.0,-147.0
2019_10_ATL_NO,2019-11-10,NO,ATL,0,-17.0,24.6,14.8,9.8,21.0,35.0,-14.0,3.6000000000000014,-20.2,23.8,1,10,1,14.0,-649.0,503.0
2019_10_BUF_CLE,2019-11-10,CLE,BUF,1,3.0,20.6,27.8,-7.199999999999999,18.4,16.8,1.5999999999999979,2.200000000000003,11.0,-8.799999999999997,1,10,0,3.0,-151.0,136.0
2019_10_BAL_CIN,2019-11-10,CIN,BAL,0,-36.0,14.0,25.4,-11.399999999999999,28.2,23.2,5.0,-14.2,2.1999999999999993,-16.4,1,10,1,-10.5,358.0,-435.0
2019_10_DET_CHI,2019-11-10,CHI,DET,1,7.0,18.4,21.0,-2.6000000000000014,27.4,31.2,-3.8000000000000007,-9.0,-10.2,1.1999999999999993,1,10,1,6.0,-270.0,235.0
2019_10_SEA_SF,2019-11-11,SF,SEA,0,-3.0,27.8,9.6,18.200000000000003,29.0,28.2,0.8000000000000007,-1.1999999999999993,-18.6,17.400000000000002,1,10,1,6.5,-268.0,233.0
2019_11_PIT_CLE,2019-11-14,CLE,PIT,1,14.0,16.4,26.0,-9.600000000000001,23.4,18.6,4.799999999999997,-7.0,7.399999999999999,-14.399999999999999,1,11,1,3.0,-163.0,146.0
2019_11_CHI_LA,2019-11-17,LA,CHI,1,10.0,21.8,17.4,4.400000000000002,19.2,22.4,-3.1999999999999993,2.6000000000000014,-5.0,7.600000000000001,1,11,0,5.0,-233.0,204.0
2019_11_NE_PHI,2019-11-17,PHI,NE,0,-7.0,22.8,21.6,1.1999999999999993,29.6,14.2,15.400000000000002,-6.800000000000001,7.400000000000002,-14.200000000000003,1,11,0,-4.5,186.0,-210.0
2019_11_CIN_OAK,2019-11-17,OAK,CIN,1,7.0,25.8,27.6,-1.8000000000000007,16.0,29.8,-13.8,9.8,-2.1999999999999993,12.0,1,11,0,13.0,-605.0,474.0
2019_11_ARI_SF,2019-11-17,SF,ARI,1,10.0,26.4,14.4,11.999999999999998,24.4,28.6,-4.200000000000003,2.0,-14.200000000000001,16.200000000000003,1,11,1,10.0,-429.0,353.0
2019_11_NYJ_WAS,2019-11-17,WAS,NYJ,0,-17.0,8.4,20.2,-11.799999999999999,18.2,27.4,-9.2,-9.799999999999999,-7.199999999999999,-2.5999999999999996,1,11,0,1.0,-122.0,111.0
2019_11_NO_TB,2019-11-17,TB,NO,0,-17.0,27.4,32.4,-5.0,24.0,18.0,6.0,3.3999999999999986,14.399999999999999,-11.0,1,11,1,-5.0,202.0,-230.0
2019_11_BUF_MIA,2019-11-17,MIA,BUF,0,-17.0,18.6,21.0,-2.3999999999999986,19.6,17.4,2.200000000000003,-1.0,3.6000000000000014,-4.600000000000001,1,11,1,-7.0,263.0,-307.0
2019_11_JAX_IND,2019-11-17,IND,JAX,1,20.0,20.0,18.2,1.8000000000000007,18.4,21.0,-2.6000000000000014,1.6000000000000014,-2.8000000000000007,4.400000000000002,1,11,1,2.5,-134.0,121.0
2019_11_DAL_DET,2019-11-17,DET,DAL,0,-8.0,24.0,28.4,-4.399999999999999,28.8,22.8,6.0,-4.800000000000001,5.599999999999998,-10.399999999999999,1,11,0,-7.5,310.0,-369.0
2019_11_ATL_CAR,2019-11-17,CAR,ATL,0,-26.0,26.0,29.6,-3.6000000000000014,24.2,32.0,-7.800000000000001,1.8000000000000007,-2.3999999999999986,4.199999999999999,1,11,1,3.5,-199.0,177.0
2019_11_HOU_BAL,2019-11-17,BAL,HOU,1,34.0,33.0,17.8,15.2,32.0,22.6,9.399999999999999,1.0,-4.800000000000001,5.800000000000001,1,11,0,4.0,-217.0,192.0
2019_11_DEN_MIN,2019-11-17,MIN,DEN,1,4.0,30.0,21.8,8.2,15.8,15.4,0.40000000000000036,14.2,6.4,7.799999999999999,1,11,0,10.0,-412.0,341.0
2019_11_KC_LAC,2019-11-18,LAC,KC,0,-7.0,20.8,20.0,0.8000000000000007,27.2,25.2,2.0,-6.399999999999999,-5.199999999999999,-1.1999999999999993,1,11,1,-5.5,213.0,-243.0
2019_12_IND_HOU,2019-11-21,HOU,IND,1,3.0,22.8,24.4,-1.5999999999999979,22.8,18.2,4.600000000000001,0.0,6.199999999999999,-6.199999999999999,1,12,1,3.5,-183.0,164.0
2019_12_SEA_PHI,2019-11-24,PHI,SEA,0,-8.0,18.6,23.8,-5.199999999999999,28.4,27.2,1.1999999999999993,-9.799999999999997,-3.3999999999999986,-6.399999999999999,1,12,0,-1.0,-105.0,-105.0
2019_12_DAL_NE,2019-11-24,NE,DAL,1,4.0,26.4,14.8,11.599999999999998,31.0,21.4,9.600000000000001,-4.600000000000001,-6.599999999999998,1.9999999999999964,1,12,0,5.5,-231.0,203.0
2019_12_GB_SF,2019-11-24,SF,GB,1,29.0,29.6,18.2,11.400000000000002,26.2,22.4,3.8000000000000007,3.400000000000002,-4.199999999999999,7.600000000000001,1,12,0,3.0,-175.0,156.0
2019_12_JAX_TEN,2019-11-24,TEN,JAX,1,22.0,21.0,24.2,-3.1999999999999993,15.6,20.8,-5.200000000000001,5.4,3.3999999999999986,2.0000000000000018,1,12,1,4.5,-225.0,198.0
2019_12_DET_WAS,2019-11-24,WAS,DET,1,3.0,10.4,20.4,-9.999999999999998,25.0,30.8,-5.800000000000001,-14.6,-10.400000000000002,-4.1999999999999975,1,12,0,-4.0,169.0,-190.0
2019_12_OAK_NYJ,2019-11-24,NYJ,OAK,1,31.0,20.2,26.4,-6.199999999999999,24.4,25.4,-1.0,-4.199999999999999,1.0,-5.199999999999999,1,12,0,-3.5,158.0,-177.0
2019_12_DEN_BUF,2019-11-24,BUF,DEN,1,17.0,24.2,20.0,4.199999999999999,16.4,18.2,-1.8000000000000007,7.800000000000001,1.8000000000000007,6.0,1,12,0,3.5,-190.0,170.0
2019_12_MIA_CLE,2019-11-24,CLE,MIA,1,17.0,20.0,21.2,-1.1999999999999993,19.4,25.0,-5.600000000000001,0.6000000000000014,-3.8000000000000007,4.400000000000002,1,12,0,11.0,-446.0,365.0
2019_12_PIT_CIN,2019-11-24,CIN,PIT,0,-6.0,13.4,28.0,-14.6,20.2,17.6,2.599999999999998,-6.799999999999999,10.399999999999999,-17.199999999999996,1,12,1,-5.5,199.0,-225.0
2019_12_NYG_CHI,2019-11-24,CHI,NYG,1,5.0,16.4,21.0,-4.600000000000001,21.2,32.8,-11.599999999999998,-4.800000000000001,-11.799999999999997,6.9999999999999964,1,12,0,6.0,-252.0,220.0
2019_12_TB_ATL,2019-11-24,ATL,TB,0,-13.0,23.6,22.0,1.6000000000000014,26.0,33.0,-7.0,-2.3999999999999986,-11.0,8.600000000000001,1,12,1,3.5,-183.0,163.0
2019_12_CAR_NO,2019-11-24,NO,CAR,1,3.0,24.6,16.6,8.0,19.8,30.0,-10.2,4.800000000000001,-13.399999999999999,18.2,1,12,1,10.0,-457.0,374.0
2019_12_BAL_LA,2019-11-25,LA,BAL,0,-39.0,19.4,12.8,6.599999999999998,36.0,14.6,21.4,-16.6,-1.799999999999999,-14.8,1,12,0,-3.5,145.0,-162.0
2019_13_CHI_DET,2019-11-28,DET,CHI,0,-4.0,22.2,26.2,-4.0,15.2,16.6,-1.4000000000000021,7.0,9.599999999999998,-2.599999999999998,1,13,1,-5.5,203.0,-230.0
2019_13_BUF_DAL,2019-11-28,DAL,BUF,0,-11.0,28.4,19.2,9.2,22.0,16.4,5.600000000000001,6.399999999999999,2.8000000000000007,3.599999999999998,1,13,0,6.5,-298.0,256.0
2019_13_NO_ATL,2019-11-28,ATL,NO,0,-8.0,21.4,22.2,-0.8000000000000007,28.8,21.6,7.199999999999999,-7.400000000000002,0.5999999999999979,-8.0,1,13,1,-7.0,272.0,-319.0
2019_13_OAK_KC,2019-12-01,KC,OAK,1,31.0,27.2,22.4,4.800000000000001,20.2,23.8,-3.6000000000000014,7.0,-1.4000000000000021,8.400000000000002,1,13,1,11.5,-451.0,369.0
2019_13_LAC_DEN,2019-12-01,DEN,LAC,1,3.0,13.8,22.2,-8.399999999999999,20.8,20.0,0.8000000000000007,-7.0,2.1999999999999993,-9.2,1,13,1,-4.5,183.0,-207.0
2019_13_LA_ARI,2019-12-01,ARI,LA,0,-27.0,22.8,29.2,-6.399999999999999,19.2,17.8,1.3999999999999986,3.6000000000000014,11.399999999999999,-7.799999999999997,1,13,1,-2.5,125.0,-139.0
2019_13_CLE_PIT,2019-12-01,PIT,CLE,1,7.0,18.6,16.2,2.400000000000002,22.6,19.6,3.0,-4.0,-3.400000000000002,-0.5999999999999979,1,13,1,-1.0,103.0,-113.0
2019_13_GB_NYG,2019-12-01,NYG,GB,0,-18.0,21.2,29.6,-8.400000000000002,23.2,25.4,-2.1999999999999993,-2.0,4.200000000000003,-6.200000000000003,1,13,0,-6.5,223.0,-256.0
2019_13_WAS_CAR,2019-12-01,CAR,WAS,0,-8.0,18.6,31.6,-13.0,10.8,20.4,-9.599999999999998,7.800000000000001,11.200000000000003,-3.400000000000002,1,13,0,10.5,-482.0,391.0
2019_13_TB_JAX,2019-12-01,JAX,TB,0,-17.0,18.4,26.6,-8.200000000000003,27.8,30.0,-2.1999999999999993,-9.400000000000002,-3.3999999999999986,-6.0000000000000036,1,13,0,-3.0,140.0,-155.0
2019_13_TEN_IND,2019-12-01,IND,TEN,0,-14.0,20.2,17.6,2.599999999999998,29.4,25.0,4.399999999999999,-9.2,-7.399999999999999,-1.8000000000000007,1,13,1,-1.0,-101.0,-109.0
2019_13_NYJ_CIN,2019-12-01,CIN,NYJ,1,16.0,12.0,26.6,-14.600000000000001,27.0,20.4,6.600000000000001,-15.0,6.200000000000003,-21.200000000000003,1,13,0,-2.5,111.0,-123.0
2019_13_NE_HOU,2019-12-01,HOU,NE,1,6.0,20.6,23.0,-2.3999999999999986,22.0,13.8,8.2,-1.3999999999999986,9.2,-10.599999999999998,1,13,0,-3.5,154.0,-172.0
2019_13_SF_BAL,2019-12-01,BAL,SF,1,3.0,40.4,12.4,28.0,35.2,19.8,15.400000000000002,5.199999999999996,-7.4,12.599999999999998,1,13,0,5.5,-242.0,212.0
2019_13_PHI_MIA,2019-12-01,MIA,PHI,1,6.0,20.0,27.0,-7.0,16.4,19.6,-3.200000000000003,3.6000000000000014,7.399999999999999,-3.799999999999997,1,13,0,-10.5,382.0,-469.0
2019_13_MIN_SEA,2019-12-02,SEA,MIN,1,7.0,25.4,23.4,2.0,27.8,22.4,5.400000000000002,-2.400000000000002,1.0,-3.400000000000002,1,13,0,2.5,-154.0,138.0
2019_14_DAL_CHI,2019-12-05,CHI,DAL,1,7.0,16.8,17.2,-0.3999999999999986,24.0,22.4,1.6000000000000014,-7.199999999999999,-5.199999999999999,-2.0,1,14,0,-3.0,150.0,-167.0
2019_14_CAR_ATL,2019-12-08,ATL,CAR,1,20.0,23.0,20.0,3.0,20.2,27.2,-7.0,2.8000000000000007,-7.199999999999999,10.0,1,14,1,3.5,-180.0,161.0
2019_14_SEA_LA,2019-12-08,LA,SEA,1,16.0,18.6,17.2,1.4000000000000021,29.6,23.4,6.200000000000003,-11.0,-6.199999999999999,-4.800000000000001,1,14,1,1.0,-120.0,109.0
2019_14_TEN_OAK,2019-12-08,OAK,TEN,0,-21.0,17.2,26.4,-9.2,31.0,24.4,6.600000000000001,-13.8,2.0,-15.8,1,14,0,-3.0,137.0,-152.0
2019_14_PIT_ARI,2019-12-08,ARI,PIT,0,-6.0,18.8,31.8,-13.0,17.2,16.0,1.1999999999999993,1.6000000000000014,15.8,-14.2,1,14,0,-2.5,117.0,-130.0
2019_14_LAC_JAX,2019-12-08,JAX,LAC,0,-35.0,15.2,28.8,-13.600000000000001,20.8,20.0,0.8000000000000007,-5.600000000000001,8.8,-14.400000000000002,1,14,0,-3.5,160.0,-179.0
2019_14_IND_TB,2019-12-08,TB,IND,1,3.0,28.8,26.8,2.0,20.6,21.2,-0.5999999999999979,8.2,5.600000000000001,2.599999999999998,1,14,0,3.0,-166.0,149.0
2019_14_MIA_NYJ,2019-12-08,NYJ,MIA,1,1.0,25.2,19.0,6.199999999999999,24.6,27.8,-3.1999999999999993,0.5999999999999979,-8.8,9.399999999999999,1,14,1,5.0,-213.0,189.0
2019_14_KC_NE,2019-12-08,NE,KC,0,-7.0,19.8,19.4,0.40000000000000213,29.2,23.0,6.199999999999999,-9.399999999999999,-3.6000000000000014,-5.799999999999997,1,14,0,3.0,-150.0,135.0
2019_14_DET_MIN,2019-12-08,MIN,DET,1,13.0,25.4,23.8,1.5999999999999979,20.0,25.8,-5.800000000000001,5.399999999999999,-2.0,7.399999999999999,1,14,1,12.0,-587.0,463.0
2019_14_DEN_HOU,2019-12-08,HOU,DEN,0,-14.0,21.6,21.4,0.20000000000000284,17.2,20.2,-3.0,4.400000000000002,1.1999999999999993,3.200000000000003,1,14,0,8.0,-389.0,325.0
2019_14_WAS_GB,2019-12-08,GB,WAS,1,5.0,21.0,23.2,-2.1999999999999993,16.6,22.8,-6.199999999999999,4.399999999999999,0.3999999999999986,4.0,1,14,0,13.0,-752.0,568.0
2019_14_CIN_CLE,2019-12-08,CLE,CIN,1,8.0,22.6,18.2,4.400000000000002,13.0,22.4,-9.399999999999999,9.600000000000001,-4.199999999999999,13.8,1,14,1,6.5,-269.0,234.0
2019_14_BAL_BUF,2019-12-08,BUF,BAL,0,-7.0,24.6,13.2,11.400000000000002,38.4,12.6,25.799999999999997,-13.799999999999997,0.5999999999999996,-14.399999999999995,1,14,0,-6.5,230.0,-264.0
2019_14_SF_NO,2019-12-08,NO,SF,0,-2.0,26.8,20.2,6.600000000000001,28.4,21.2,7.199999999999999,-1.5999999999999979,-1.0,-0.5999999999999979,1,14,0,1.0,-116.0,105.0
2019_14_NYG_PHI,2019-12-09,PHI,NYG,1,6.0,20.6,19.6,1.0,19.6,30.4,-10.799999999999997,1.0,-10.799999999999997,11.799999999999997,1,14,1,9.5,-411.0,341.0
2019_15_NYJ_BAL,2019-12-12,BAL,NYJ,1,21.0,35.8,12.0,23.799999999999997,26.0,18.0,8.0,9.799999999999997,-6.0,15.799999999999997,1,15,0,17.0,-1105.0,775.0
2019_15_CLE_ARI,2019-12-15,ARI,CLE,1,14.0,20.4,30.2,-9.8,24.2,17.2,7.0,-3.8000000000000007,13.0,-16.8,1,15,0,-3.0,140.0,-156.0
2019_15_BUF_PIT,2019-12-15,PIT,BUF,0,-7.0,16.6,14.6,2.0000000000000018,23.2,16.2,7.0,-6.599999999999998,-1.5999999999999996,-4.999999999999998,1,15,0,1.0,-112.0,101.0
2019_15_ATL_SF,2019-12-15,SF,ATL,0,-7.0,32.4,25.4,7.0,27.0,18.6,8.399999999999999,5.399999999999999,6.799999999999997,-1.3999999999999986,1,15,0,10.5,-460.0,376.0
2019_15_LA_DAL,2019-12-15,DAL,LA,1,23.0,21.4,25.0,-3.6000000000000014,19.4,17.6,1.7999999999999972,2.0,7.399999999999999,-5.399999999999999,1,15,0,-1.0,104.0,-115.0
2019_15_JAX_OAK,2019-12-15,OAK,JAX,0,-4.0,15.2,30.0,-14.8,11.4,34.8,-23.4,3.799999999999999,-4.799999999999997,8.599999999999998,1,15,0,7.0,-297.0,255.0
2019_15_MIN_LAC,2019-12-15,LAC,MIN,0,-29.0,26.4,18.8,7.599999999999998,25.6,23.4,2.200000000000003,0.7999999999999972,-4.599999999999998,5.399999999999995,1,15,0,-1.0,107.0,-118.0
2019_15_PHI_WAS,2019-12-15,WAS,PHI,0,-10.0,17.8,23.0,-5.199999999999999,19.0,20.4,-1.3999999999999986,-1.1999999999999993,2.6000000000000014,-3.8000000000000007,1,15,1,-7.0,247.0,-286.0
2019_15_NE_CIN,2019-12-15,CIN,NE,0,-21.0,14.8,23.0,-8.2,17.6,21.4,-3.799999999999997,-2.8000000000000007,1.6000000000000014,-4.400000000000002,1,15,0,-10.5,381.0,-468.0
2019_15_MIA_NYG,2019-12-15,NYG,MIA,1,16.0,17.8,28.8,-11.0,23.6,28.6,-5.0,-5.800000000000001,0.1999999999999993,-6.0,1,15,0,3.5,-185.0,165.0
2019_15_DEN_KC,2019-12-15,KC,DEN,1,20.0,29.0,20.0,9.0,22.2,22.0,0.1999999999999993,6.800000000000001,-2.0,8.8,1,15,1,10.0,-426.0,352.0
2019_15_CHI_GB,2019-12-15,GB,CHI,1,8.0,18.8,21.4,-2.599999999999998,20.2,17.6,2.599999999999998,-1.3999999999999986,3.799999999999997,-5.199999999999996,1,15,1,4.0,-218.0,192.0
2019_15_TB_DET,2019-12-15,DET,TB,0,-21.0,16.6,23.6,-7.0,29.6,25.8,3.8000000000000007,-13.0,-2.1999999999999993,-10.8,1,15,0,-5.5,210.0,-239.0
2019_15_HOU_TEN,2019-12-15,TEN,HOU,0,-3.0,34.0,24.0,10.0,21.0,24.2,-3.1999999999999993,13.0,-0.1999999999999993,13.2,1,15,1,3.0,-165.0,148.0
2019_15_SEA_CAR,2019-12-15,CAR,SEA,0,-6.0,18.2,31.2,-13.0,26.6,25.0,1.6000000000000014,-8.400000000000002,6.199999999999999,-14.600000000000001,1,15,0,-6.0,218.0,-250.0
2019_15_IND_NO,2019-12-16,NO,IND,1,27.0,29.8,28.0,1.8000000000000007,22.8,23.6,-0.8000000000000007,7.0,4.399999999999999,2.6000000000000014,1,15,0,8.0,-376.0,315.0
2019_16_HOU_TB,2019-12-21,TB,HOU,0,-3.0,31.2,23.8,7.399999999999999,20.6,27.8,-7.199999999999999,10.599999999999998,-4.0,14.599999999999998,1,16,0,-3.0,135.0,-150.0
2019_16_BUF_NE,2019-12-21,NE,BUF,1,7.0,20.4,16.6,3.799999999999997,23.4,14.4,8.999999999999998,-3.0,2.200000000000001,-5.200000000000001,1,16,1,7.0,-289.0,250.0
2019_16_LA_SF,2019-12-21,SF,LA,1,3.0,32.0,25.8,6.199999999999999,21.2,23.0,-1.8000000000000007,10.8,2.8000000000000007,8.0,1,16,1,7.0,-320.0,274.0
2019_16_KC_CHI,2019-12-22,CHI,KC,0,-23.0,18.8,19.2,-0.3999999999999986,28.4,16.0,12.399999999999999,-9.599999999999998,3.1999999999999993,-12.799999999999997,1,16,0,-6.5,254.0,-295.0
2019_16_ARI_SEA,2019-12-22,SEA,ARI,0,-14.0,24.6,23.0,1.6000000000000014,23.0,29.4,-6.399999999999999,1.6000000000000014,-6.399999999999999,8.0,1,16,1,8.0,-385.0,322.0
2019_16_DAL_PHI,2019-12-22,PHI,DAL,1,8.0,22.0,23.0,-1.0,25.4,23.6,1.7999999999999972,-3.3999999999999986,-0.6000000000000014,-2.799999999999997,1,16,1,-2.0,109.0,-120.0
2019_16_OAK_LAC,2019-12-22,LAC,OAK,0,-7.0,23.2,24.4,-1.1999999999999993,13.2,29.2,-16.0,10.0,-4.800000000000001,14.8,1,16,1,7.5,-321.0,274.0
2019_16_DET_DEN,2019-12-22,DEN,DET,1,10.0,18.0,22.8,-4.800000000000001,17.4,27.2,-9.8,0.6000000000000014,-4.399999999999999,5.0,1,16,0,9.5,-400.0,333.0
2019_16_NYG_WAS,2019-12-22,WAS,NYG,0,-6.0,21.4,25.6,-4.200000000000003,21.4,25.4,-4.0,0.0,0.20000000000000284,-0.20000000000000284,1,16,1,-1.0,102.0,-112.0
2019_16_NO_TEN,2019-12-22,TEN,NO,0,-10.0,34.2,22.8,11.400000000000002,34.8,24.2,10.599999999999998,-0.5999999999999943,-1.3999999999999986,0.8000000000000043,1,16,0,-3.5,159.0,-178.0
2019_16_PIT_NYJ,2019-12-22,NYJ,PIT,1,6.0,23.4,21.0,2.3999999999999986,15.2,15.6,-0.40000000000000036,8.2,5.4,2.799999999999999,1,16,0,-3.0,153.0,-171.0
2019_16_CIN_MIA,2019-12-22,MIA,CIN,1,3.0,24.4,33.4,-9.0,14.8,20.0,-5.199999999999999,9.599999999999998,13.399999999999999,-3.8000000000000007,1,16,0,-1.5,107.0,-118.0
2019_16_CAR_IND,2019-12-22,IND,CAR,1,32.0,21.8,27.2,-5.399999999999999,19.8,32.4,-12.599999999999998,2.0,-5.199999999999999,7.199999999999999,1,16,0,7.5,-308.0,264.0
2019_16_BAL_CLE,2019-12-22,CLE,BAL,0,-16.0,25.2,21.6,3.599999999999998,34.4,13.6,20.799999999999997,-9.2,8.000000000000002,-17.2,1,16,1,-9.5,311.0,-370.0
2019_16_JAX_ATL,2019-12-22,ATL,JAX,1,12.0,27.6,21.2,6.400000000000002,14.8,32.8,-17.999999999999996,12.8,-11.599999999999998,24.4,1,16,0,7.5,-313.0,268.0
2019_16_GB_MIN,2019-12-23,MIN,GB,0,-13.0,28.8,20.2,8.600000000000001,20.8,18.8,2.0,8.0,1.3999999999999986,6.600000000000001,1,16,1,4.0,-202.0,179.0
2019_17_SF_SEA,2019-12-29,SEA,SF,0,-5.0,21.8,23.6,-1.8000000000000007,31.6,26.8,4.800000000000001,-9.8,-3.1999999999999993,-6.600000000000001,1,17,1,-3.5,159.0,-177.0
2019_17_PHI_NYG,2019-12-29,NYG,PHI,0,-17.0,24.2,25.6,-1.4000000000000021,23.4,21.4,2.0,0.8000000000000007,4.200000000000003,-3.400000000000002,1,17,1,-4.0,176.0,-198.0
2019_17_ARI_LA,2019-12-29,LA,ARI,1,7.0,24.0,28.4,-4.399999999999999,23.0,26.0,-3.0,1.0,2.3999999999999986,-1.3999999999999986,1,17,1,7.0,-271.0,235.0
2019_17_IND_JAX,2019-12-29,JAX,IND,1,18.0,14.6,31.0,-16.4,22.8,25.8,-3.0,-8.200000000000001,5.199999999999999,-13.399999999999999,1,17,1,-5.0,204.0,-232.0
2019_17_TEN_HOU,2019-12-29,HOU,TEN,0,-21.0,23.8,23.6,0.1999999999999993,32.8,24.0,8.799999999999997,-8.999999999999996,-0.3999999999999986,-8.599999999999998,1,17,1,-10.0,308.0,-366.0
2019_17_OAK_DEN,2019-12-29,DEN,OAK,1,1.0,18.8,20.8,-2.0,14.6,30.6,-16.0,4.200000000000001,-9.8,14.0,1,17,1,5.5,-221.0,195.0
2019_17_WAS_DAL,2019-12-29,DAL,WAS,1,31.0,20.2,21.6,-1.4000000000000021,25.0,27.0,-2.0,-4.800000000000001,-5.399999999999999,0.5999999999999979,1,17,1,13.0,-621.0,485.0
2019_17_PIT_BAL,2019-12-29,BAL,PIT,1,18.0,32.4,15.2,17.2,15.8,14.6,1.200000000000001,16.599999999999998,0.5999999999999996,15.999999999999998,1,17,1,-2.0,122.0,-135.0
2019_17_CHI_MIN,2019-12-29,MIN,CHI,0,-2.0,25.2,20.0,5.199999999999999,18.0,21.0,-3.0,7.199999999999999,-1.0,8.2,1,17,1,-5.5,203.0,-230.0
2019_17_MIA_NE,2019-12-29,NE,MIA,0,-3.0,21.8,18.0,3.8000000000000007,28.0,33.0,-5.0,-6.199999999999999,-15.0,8.8,1,17,1,17.5,-1117.0,781.0
2019_17_ATL_TB,2019-12-29,TB,ATL,0,-6.0,31.8,21.6,10.2,26.6,23.0,3.6000000000000014,5.199999999999999,-1.3999999999999986,6.599999999999998,1,17,1,1.0,-120.0,109.0
2019_17_LAC_KC,2019-12-29,KC,LAC,1,10.0,27.2,9.6,17.6,21.8,24.0,-2.1999999999999993,5.399999999999999,-14.4,19.8,1,17,1,10.0,-389.0,325.0
2019_17_GB_DET,2019-12-29,DET,GB,0,-3.0,15.4,25.6,-10.200000000000001,20.6,17.6,3.0,-5.200000000000001,8.0,-13.200000000000001,1,17,1,-13.5,508.0,-656.0
2019_17_CLE_CIN,2019-12-29,CIN,CLE,1,10.0,19.8,24.2,-4.399999999999999,24.0,26.4,-2.3999999999999986,-4.199999999999999,-2.1999999999999993,-2.0,1,17,1,-2.5,124.0,-137.0
2019_17_NO_CAR,2019-12-29,CAR,NO,0,-32.0,20.4,34.2,-13.800000000000004,35.6,26.4,9.200000000000003,-15.200000000000003,7.800000000000004,-23.000000000000007,1,17,1,-13.5,510.0,-660.0
2019_17_NYJ_BUF,2019-12-29,BUF,NYJ,0,-7.0,19.4,15.2,4.199999999999999,19.8,19.6,0.1999999999999993,-0.40000000000000213,-4.400000000000002,4.0,1,17,1,-1.5,112.0,-124.0
2019_18_BUF_HOU,2020-01-04,HOU,BUF,1,3.0,22.6,27.2,-4.599999999999998,16.6,17.2,-0.5999999999999979,6.0,10.0,-4.0,1,18,0,2.5,-144.0,130.0
2019_18_TEN_NE,2020-01-04,NE,TEN,0,-7.0,24.0,21.6,2.3999999999999986,31.4,22.8,8.599999999999998,-7.399999999999999,-1.1999999999999993,-6.199999999999999,1,18,0,4.5,-214.0,190.0
2019_18_MIN_NO,2020-01-05,NO,MIN,0,-6.0,37.2,22.2,15.000000000000004,23.6,19.6,4.0,13.600000000000001,2.599999999999998,11.000000000000004,1,18,0,7.5,-355.0,300.0
2019_18_SEA_PHI,2020-01-05,PHI,SEA,0,-8.0,28.4,21.4,7.0,22.6,27.0,-4.399999999999999,5.799999999999997,-5.600000000000001,11.399999999999999,1,18,0,1.0,-119.0,108.0
2019_19_TEN_BAL,2020-01-11,BAL,TEN,0,-16.0,29.0,16.0,13.0,29.2,22.0,7.199999999999999,-0.1999999999999993,-6.0,5.800000000000001,1,19,0,10.0,-439.0,361.0
2019_19_MIN_SF,2020-01-11,SF,MIN,1,17.0,29.4,29.4,0.0,22.8,16.2,6.600000000000001,6.599999999999998,13.2,-6.600000000000001,1,19,0,7.0,-323.0,276.0
2019_19_HOU_KC,2020-01-12,KC,HOU,1,20.0,28.6,10.4,18.200000000000003,21.4,26.6,-5.200000000000003,7.200000000000003,-16.200000000000003,23.400000000000006,1,19,0,10.0,-461.0,376.0
2019_19_SEA_GB,2020-01-12,GB,SEA,1,5.0,23.6,14.2,9.400000000000002,18.6,22.8,-4.199999999999999,5.0,-8.600000000000001,13.600000000000001,1,19,0,4.5,-224.0,197.0
2019_20_TEN_KC,2020-01-19,KC,TEN,1,11.0,30.8,14.8,16.0,26.4,20.2,6.199999999999999,4.400000000000002,-5.399999999999999,9.8,1,20,0,7.5,-337.0,286.0
2019_20_GB_SF,2020-01-19,SF,GB,1,17.0,31.4,27.4,4.0,23.0,16.2,6.800000000000001,8.399999999999999,11.2,-2.8000000000000007,1,20,0,8.0,-375.0,315.0
2019_21_SF_KC,2020-02-02,KC,SF,1,11.0,33.2,16.4,16.800000000000004,29.2,22.2,7.0,4.0000000000000036,-5.800000000000001,9.800000000000004,1,21,0,1.5,-125.0,113.0
2020_01_HOU_KC,2020-09-10,KC,HOU,1,14.0,34.8,19.8,14.999999999999996,22.8,29.2,-6.399999999999999,11.999999999999996,-9.399999999999999,21.399999999999995,1,1,0,9.5,-423.0,349.0
2020_01_PHI_WAS,2020-09-13,WAS,PHI,1,10.0,24.4,33.2,-8.800000000000004,24.0,17.4,6.600000000000001,0.3999999999999986,15.800000000000004,-15.400000000000006,1,1,1,-5.5,200.0,-227.0
2020_01_DAL_LA,2020-09-13,LA,DAL,1,3.0,29.0,24.2,4.800000000000001,27.8,22.2,5.600000000000001,1.1999999999999993,2.0,-0.8000000000000007,1,1,0,1.0,-114.0,103.0
2020_01_ARI_SF,2020-09-13,SF,ARI,0,-4.0,28.8,22.6,6.199999999999999,22.6,25.0,-2.3999999999999986,6.199999999999999,-2.3999999999999986,8.599999999999998,1,1,1,7.0,-280.0,242.0
2020_01_TB_NO,2020-09-13,NO,TB,1,11.0,36.0,23.8,12.2,29.2,22.8,6.399999999999999,6.800000000000001,1.0,5.800000000000001,1,1,1,4.0,-196.0,174.0
2020_01_LAC_CIN,2020-09-13,CIN,LAC,0,-3.0,24.4,25.6,-1.2000000000000028,22.6,25.4,-2.799999999999997,1.7999999999999972,0.20000000000000284,1.5999999999999943,1,1,0,-2.5,117.0,-129.0
2020_01_MIA_NE,2020-09-13,NE,MIA,1,10.0,22.2,20.0,2.1999999999999993,28.6,29.6,-1.0,-6.400000000000002,-9.600000000000001,3.1999999999999993,1,1,1,7.5,-327.0,278.0
2020_01_CLE_BAL,2020-09-13,BAL,CLE,1,32.0,27.4,18.2,9.2,20.4,28.2,-7.800000000000001,7.0,-10.0,17.0,1,1,1,7.0,-302.0,260.0
2020_01_IND_JAX,2020-09-13,JAX,IND,1,7.0,18.2,26.6,-8.400000000000002,23.4,29.4,-6.0,-5.199999999999999,-2.799999999999997,-2.400000000000002,1,1,1,-7.0,265.0,-309.0
2020_01_CHI_DET,2020-09-13,DET,CHI,0,-4.0,16.2,26.4,-10.2,18.4,22.0,-3.6000000000000014,-2.1999999999999993,4.399999999999999,-6.599999999999998,1,1,1,2.5,-128.0,116.0
2020_01_NYJ_BUF,2020-09-13,BUF,NYJ,1,10.0,15.2,18.6,-3.400000000000002,15.6,20.2,-4.6,-0.40000000000000036,-1.5999999999999979,1.1999999999999975,1,1,1,6.5,-279.0,242.0
2020_01_GB_MIN,2020-09-13,MIN,GB,0,-9.0,20.8,20.2,0.6000000000000014,23.0,20.6,2.3999999999999986,-2.1999999999999993,-0.40000000000000213,-1.7999999999999972,1,1,1,1.0,-114.0,103.0
2020_01_SEA_ATL,2020-09-13,ATL,SEA,0,-13.0,27.8,20.4,7.400000000000002,20.8,22.8,-2.0,7.0,-2.400000000000002,9.400000000000002,1,1,0,1.0,-112.0,102.0
2020_01_PIT_NYG,2020-09-14,NYG,PIT,0,-10.0,24.8,28.6,-3.8000000000000007,14.6,18.2,-3.5999999999999996,10.200000000000001,10.400000000000002,-0.20000000000000107,1,1,0,-6.0,221.0,-253.0
2020_01_TEN_DEN,2020-09-14,DEN,TEN,0,-2.0,21.4,19.8,1.5999999999999979,27.0,22.4,4.600000000000001,-5.600000000000001,-2.599999999999998,-3.0000000000000036,1,1,0,-3.0,157.0,-175.0
2020_02_CIN_CLE,2020-09-17,CLE,CIN,1,5.0,19.0,31.8,-12.8,22.6,27.6,-5.0,-3.6000000000000014,4.199999999999999,-7.800000000000001,1,2,1,6.0,-243.0,213.0
2020_02_BAL_HOU,2020-09-20,HOU,BAL,0,-17.0,22.0,31.8,-9.8,30.2,16.0,14.2,-8.2,15.8,-24.0,1,2,0,-7.5,292.0,-344.0
2020_02_WAS_ARI,2020-09-20,ARI,WAS,1,15.0,26.0,22.2,3.8000000000000007,24.0,32.4,-8.399999999999999,2.0,-10.2,12.2,1,2,0,7.5,-313.0,268.0
2020_02_JAX_TEN,2020-09-20,TEN,JAX,1,3.0,24.6,17.6,7.0,21.4,25.0,-3.6000000000000014,3.200000000000003,-7.399999999999999,10.600000000000001,1,2,1,7.0,-295.0,254.0
2020_02_CAR_TB,2020-09-20,TB,CAR,1,14.0,28.2,27.4,0.8000000000000007,18.0,36.8,-18.799999999999997,10.2,-9.399999999999999,19.599999999999998,1,2,1,7.5,-342.0,290.0
2020_02_DEN_PIT,2020-09-20,PIT,DEN,1,5.0,15.8,18.8,-3.0,19.6,19.0,0.6000000000000014,-3.8000000000000007,-0.1999999999999993,-3.6000000000000014,1,2,0,6.0,-267.0,232.0
2020_02_LA_PHI,2020-09-20,PHI,LA,0,-18.0,22.8,19.4,3.400000000000002,26.2,26.2,0.0,-3.3999999999999986,-6.800000000000001,3.400000000000002,1,2,0,2.0,-123.0,111.0
2020_02_DET_GB,2020-09-20,GB,DET,1,21.0,27.4,24.8,2.599999999999998,16.8,27.0,-10.2,10.599999999999998,-2.1999999999999993,12.799999999999997,1,2,1,7.0,-284.0,245.0
2020_02_BUF_MIA,2020-09-20,MIA,BUF,0,-3.0,23.4,27.6,-4.200000000000003,17.2,17.2,0.0,6.199999999999999,10.400000000000002,-4.200000000000003,1,2,1,-5.5,214.0,-244.0
2020_02_MIN_IND,2020-09-20,IND,MIN,1,17.0,24.0,28.6,-4.600000000000001,19.8,26.8,-7.0,4.199999999999999,1.8000000000000007,2.3999999999999986,1,2,0,3.5,-176.0,158.0
2020_02_KC_LAC,2020-09-20,LAC,KC,0,-3.0,21.8,23.4,-1.5999999999999979,36.4,23.2,13.2,-14.599999999999998,0.1999999999999993,-14.799999999999997,1,2,1,-8.5,311.0,-370.0
2020_02_ATL_DAL,2020-09-20,DAL,ATL,1,1.0,28.2,21.0,7.199999999999999,29.2,22.8,6.399999999999999,-1.0,-1.8000000000000007,0.8000000000000007,1,2,0,3.0,-145.0,131.0
2020_02_NYG_CHI,2020-09-20,CHI,NYG,1,4.0,19.0,22.6,-3.6000000000000014,25.4,27.6,-2.200000000000003,-6.399999999999999,-5.0,-1.3999999999999986,1,2,0,4.5,-222.0,196.0
2020_02_SF_NYJ,2020-09-20,NYJ,SF,0,-18.0,17.8,21.2,-3.3999999999999986,26.0,21.2,4.800000000000001,-8.2,0.0,-8.2,1,2,0,-7.0,259.0,-301.0
2020_02_NE_SEA,2020-09-20,SEA,NE,1,5.0,22.4,23.0,-0.6000000000000014,23.2,17.6,5.599999999999998,-0.8000000000000007,5.399999999999999,-6.199999999999999,1,2,0,4.0,-199.0,177.0
2020_02_NO_LV,2020-09-21,LV,NO,1,10.0,34.0,30.0,4.0,33.6,18.8,14.8,0.3999999999999986,11.2,-10.8,1,2,0,-4.0,180.0,-201.0
2020_03_MIA_JAX,2020-09-24,JAX,MIA,0,-18.0,25.4,22.6,2.799999999999997,24.8,29.4,-4.599999999999998,0.5999999999999979,-6.799999999999997,7.399999999999995,1,3,0,3.0,-138.0,124.0
2020_03_GB_NO,2020-09-27,NO,GB,0,-7.0,31.6,24.2,7.400000000000002,31.2,27.0,4.199999999999999,0.40000000000000213,-2.8000000000000007,3.200000000000003,1,3,0,3.5,-172.0,154.0
2020_03_DAL_SEA,2020-09-27,SEA,DAL,1,7.0,26.8,23.6,3.1999999999999993,31.4,22.6,8.799999999999997,-4.599999999999998,1.0,-5.599999999999998,1,3,0,5.5,-237.0,208.0
2020_03_TB_DEN,2020-09-27,DEN,TB,0,-18.0,16.2,19.4,-3.1999999999999993,26.8,23.8,3.0,-10.600000000000001,-4.400000000000002,-6.199999999999999,1,3,0,-6.0,230.0,-264.0
2020_03_CAR_LAC,2020-09-27,LAC,CAR,0,-5.0,16.8,26.0,-9.2,17.4,35.0,-17.6,-0.5999999999999979,-9.0,8.400000000000002,1,3,0,6.0,-265.0,230.0
2020_03_NYJ_IND,2020-09-27,IND,NYJ,1,29.0,22.6,23.2,-0.5999999999999979,16.0,23.2,-7.199999999999999,6.600000000000001,0.0,6.600000000000001,1,3,0,12.5,-630.0,491.0
2020_03_HOU_PIT,2020-09-27,PIT,HOU,1,7.0,16.4,19.6,-3.200000000000003,20.6,34.4,-13.799999999999997,-4.200000000000003,-14.799999999999997,10.599999999999994,1,3,0,4.0,-196.0,174.0
2020_03_DET_ARI,2020-09-27,ARI,DET,0,-3.0,28.6,20.6,8.0,19.6,31.4,-11.799999999999997,9.0,-10.799999999999997,19.799999999999997,1,3,0,4.5,-218.0,193.0
2020_03_SF_NYG,2020-09-27,NYG,SF,0,-27.0,24.6,26.4,-1.7999999999999972,27.0,19.6,7.399999999999999,-2.3999999999999986,6.799999999999997,-9.199999999999996,1,3,0,-3.0,134.0,-149.0
2020_03_LV_NE,2020-09-27,NE,LV,1,16.0,22.4,22.0,0.3999999999999986,34.0,27.0,7.0,-11.600000000000001,-5.0,-6.600000000000001,1,3,0,7.0,-311.0,266.0
2020_03_TEN_MIN,2020-09-27,MIN,TEN,0,-1.0,20.0,27.8,-7.800000000000001,24.2,20.8,3.3999999999999986,-4.199999999999999,7.0,-11.2,1,3,0,-3.0,139.0,-155.0
2020_03_WAS_CLE,2020-09-27,CLE,WAS,1,14.0,20.6,34.0,-13.399999999999999,24.0,34.4,-10.399999999999999,-3.3999999999999986,-0.3999999999999986,-3.0,1,3,0,7.5,-331.0,282.0
2020_03_LA_BUF,2020-09-27,BUF,LA,1,3.0,20.0,20.8,-0.8000000000000007,28.0,27.6,0.3999999999999986,-8.0,-6.800000000000001,-1.1999999999999993,1,3,0,1.5,-126.0,114.0
2020_03_CHI_ATL,2020-09-27,ATL,CHI,0,-4.0,29.0,26.8,2.1999999999999993,16.2,20.4,-4.199999999999999,12.8,6.400000000000002,6.399999999999999,1,3,0,2.5,-135.0,122.0
2020_03_CIN_PHI,2020-09-27,PHI,CIN,0,0.0,19.2,21.4,-2.1999999999999993,24.8,29.2,-4.399999999999999,-5.600000000000001,-7.800000000000001,2.1999999999999993,1,3,0,5.5,-233.0,205.0
2020_03_KC_BAL,2020-09-28,BAL,KC,0,-14.0,28.4,15.0,13.399999999999999,34.8,23.0,11.799999999999997,-6.399999999999999,-8.0,1.6000000000000014,1,3,0,3.5,-174.0,156.0
2020_04_DEN_NYJ,2020-10-01,NYJ,DEN,0,-9.0,13.2,22.0,-8.8,17.6,20.4,-2.799999999999997,-4.400000000000002,1.6000000000000014,-6.0000000000000036,1,4,0,1.0,-114.0,104.0
2020_04_BAL_WAS,2020-10-04,WAS,BAL,0,-14.0,22.6,33.8,-11.199999999999996,26.2,18.8,7.399999999999999,-3.599999999999998,14.999999999999996,-18.599999999999994,1,4,0,-14.5,692.0,-958.0
2020_04_BUF_LV,2020-10-04,LV,BUF,0,-7.0,29.333333333333332,30.0,-0.6666666666666679,23.6,22.4,1.2000000000000028,5.733333333333331,7.600000000000001,-1.8666666666666707,1,4,0,-3.0,154.0,-172.0
2020_04_IND_CHI,2020-10-04,CHI,IND,0,-8.0,19.6,21.4,-1.7999999999999972,28.4,17.8,10.599999999999998,-8.799999999999997,3.599999999999998,-12.399999999999995,1,4,0,-3.5,156.0,-174.0
2020_04_PHI_SF,2020-10-04,SF,PHI,0,-5.0,28.8,19.4,9.400000000000002,20.4,24.2,-3.8000000000000007,8.400000000000002,-4.800000000000001,13.200000000000003,1,4,0,8.5,-320.0,273.0
2020_04_NYG_LA,2020-10-04,LA,NYG,1,8.0,30.2,25.8,4.399999999999999,19.2,29.6,-10.400000000000002,11.0,-3.8000000000000007,14.8,1,4,0,13.5,-890.0,652.0
2020_04_LAC_TB,2020-10-04,TB,LAC,1,7.0,24.8,22.4,2.400000000000002,18.0,22.4,-4.399999999999999,6.800000000000001,0.0,6.800000000000001,1,4,0,7.5,-331.0,282.0
2020_04_CLE_DAL,2020-10-04,DAL,CLE,0,-11.0,28.8,26.0,2.8000000000000007,22.6,30.4,-7.799999999999997,6.199999999999999,-4.399999999999999,10.599999999999998,1,4,0,3.5,-175.0,157.0
2020_04_MIN_HOU,2020-10-04,HOU,MIN,0,-8.0,22.0,33.0,-11.0,22.2,29.8,-7.600000000000001,-0.1999999999999993,3.1999999999999993,-3.3999999999999986,1,4,0,3.5,-172.0,154.0
2020_04_NO_DET,2020-10-04,DET,NO,0,-6.0,21.4,28.4,-7.0,30.0,26.0,4.0,-8.600000000000001,2.3999999999999986,-11.0,1,4,0,-3.0,139.0,-155.0
2020_04_JAX_CIN,2020-10-04,CIN,JAX,1,8.0,26.8,27.0,-0.1999999999999993,24.0,25.6,-1.6000000000000014,2.8000000000000007,1.3999999999999986,1.4000000000000021,1,4,0,1.0,-112.0,101.0
2020_04_ARI_CAR,2020-10-04,CAR,ARI,1,10.0,16.8,32.2,-15.400000000000002,25.6,21.0,4.600000000000001,-8.8,11.200000000000003,-20.000000000000004,1,4,0,-3.0,141.0,-157.0
2020_04_SEA_MIA,2020-10-04,MIA,SEA,0,-8.0,27.0,24.8,2.1999999999999993,30.2,24.6,5.599999999999998,-3.1999999999999993,0.1999999999999993,-3.3999999999999986,1,4,0,-4.5,196.0,-223.0
2020_04_NE_KC,2020-10-05,KC,NE,1,16.0,31.4,20.8,10.599999999999998,24.8,22.6,2.1999999999999993,6.599999999999998,-1.8000000000000007,8.399999999999999,1,4,0,7.0,-299.0,257.0
2020_04_ATL_GB,2020-10-05,GB,ATL,1,14.0,34.0,29.0,5.0,28.4,28.4,0.0,5.600000000000001,0.6000000000000014,5.0,1,4,0,5.0,-221.0,195.0
2020_05_TB_CHI,2020-10-08,CHI,TB,1,1.0,21.2,20.0,1.1999999999999993,28.4,24.0,4.399999999999999,-7.199999999999999,-4.0,-3.1999999999999993,1,5,0,-3.5,164.0,-184.0
2020_05_MIN_SEA,2020-10-11,SEA,MIN,1,1.0,33.0,27.4,5.600000000000001,23.2,30.4,-7.199999999999999,9.8,-3.0,12.8,1,5,0,6.5,-284.0,245.0
2020_05_NYG_DAL,2020-10-11,DAL,NYG,1,3.0,34.6,32.4,2.200000000000003,12.8,26.0,-13.2,21.8,6.399999999999999,15.400000000000002,1,5,1,7.5,-347.0,293.0
2020_05_IND_CLE,2020-10-11,CLE,IND,1,9.0,29.4,31.8,-2.400000000000002,24.6,18.8,5.800000000000001,4.799999999999997,13.0,-8.200000000000003,1,5,0,1.0,-110.0,-101.0
2020_05_MIA_SF,2020-10-11,SF,MIA,0,-26.0,25.4,20.4,5.0,24.0,24.0,0.0,1.3999999999999986,-3.6000000000000014,5.0,1,5,0,8.5,-357.0,301.0
2020_05_LA_WAS,2020-10-11,WAS,LA,0,-20.0,19.0,31.8,-12.8,27.4,20.8,6.599999999999998,-8.399999999999999,11.0,-19.4,1,5,0,-7.0,262.0,-305.0
2020_05_PHI_PIT,2020-10-11,PIT,PHI,1,9.0,20.0,20.4,-0.3999999999999986,18.6,24.8,-6.199999999999999,1.3999999999999986,-4.400000000000002,5.800000000000001,1,5,0,7.5,-372.0,312.0
2020_05_ARI_NYJ,2020-10-11,NYJ,ARI,0,-20.0,15.6,27.4,-11.799999999999999,24.4,24.6,-0.20000000000000284,-8.799999999999999,2.799999999999997,-11.599999999999996,1,5,0,-7.0,254.0,-295.0
2020_05_LV_KC,2020-10-11,KC,LV,0,-8.0,29.6,18.0,11.600000000000001,27.75,30.0,-2.25,1.8500000000000014,-12.0,13.850000000000001,1,5,1,11.0,-476.0,387.0
2020_05_JAX_HOU,2020-10-11,HOU,JAX,1,16.0,22.2,35.4,-13.2,26.6,27.4,-0.7999999999999972,-4.400000000000002,8.0,-12.400000000000002,1,5,1,6.5,-281.0,243.0
2020_05_CIN_BAL,2020-10-11,BAL,CIN,1,24.0,26.8,20.2,6.600000000000001,26.4,24.4,2.0,0.40000000000000213,-4.199999999999999,4.600000000000001,1,5,1,12.5,-718.0,547.0
2020_05_CAR_ATL,2020-10-11,ATL,CAR,0,-7.0,26.8,32.0,-5.199999999999999,21.8,28.8,-7.0,5.0,3.1999999999999993,1.8000000000000007,1,5,1,2.5,-139.0,125.0
2020_05_LAC_NO,2020-10-12,NO,LAC,1,3.0,28.6,29.8,-1.1999999999999993,20.8,25.2,-4.399999999999999,7.800000000000001,4.600000000000001,3.1999999999999993,1,5,0,7.0,-339.0,288.0
2020_05_BUF_TEN,2020-10-13,TEN,BUF,1,26.0,26.4,24.2,2.1999999999999993,28.4,24.4,4.0,-2.0,-0.1999999999999993,-1.8000000000000007,1,5,0,-3.0,150.0,-168.0
2020_06_LA_SF,2020-10-18,SF,LA,1,8.0,24.8,22.8,2.0,27.2,18.0,9.2,-2.3999999999999986,4.800000000000001,-7.199999999999999,1,6,1,-2.0,112.0,-124.0
2020_06_GB_TB,2020-10-18,TB,GB,1,28.0,27.8,22.4,5.400000000000002,34.4,27.6,6.799999999999997,-6.599999999999998,-5.200000000000003,-1.399999999999995,1,6,0,-3.0,131.0,-145.0
2020_06_NYJ_MIA,2020-10-18,MIA,NYJ,1,24.0,27.2,22.6,4.599999999999998,15.0,32.2,-17.200000000000003,12.2,-9.600000000000001,21.8,1,6,1,9.5,-410.0,340.0
2020_06_HOU_TEN,2020-10-18,TEN,HOU,1,6.0,29.2,25.0,4.199999999999999,22.0,28.0,-6.0,7.199999999999999,-3.0,10.2,1,6,1,4.0,-190.0,169.0
2020_06_CLE_PIT,2020-10-18,PIT,CLE,1,31.0,25.6,23.0,2.6000000000000014,31.2,29.8,1.3999999999999986,-5.599999999999998,-6.800000000000001,1.2000000000000028,1,6,1,3.0,-159.0,143.0
2020_06_BAL_PHI,2020-10-18,PHI,BAL,0,-2.0,22.6,29.0,-6.399999999999999,29.8,15.2,14.600000000000001,-7.199999999999999,13.8,-21.0,1,6,0,-10.5,348.0,-422.0
2020_06_DET_JAX,2020-10-18,JAX,DET,0,-18.0,21.8,29.4,-7.599999999999998,23.8,30.0,-6.199999999999999,-2.0,-0.6000000000000014,-1.3999999999999986,1,6,0,-3.0,139.0,-154.0
2020_06_DEN_NE,2020-10-18,NE,DEN,0,-6.0,22.0,22.4,-0.3999999999999986,19.6,22.6,-3.0,2.3999999999999986,-0.20000000000000284,2.6000000000000014,1,6,0,7.0,-328.0,280.0
2020_06_ATL_MIN,2020-10-18,MIN,ATL,0,-17.0,26.4,30.4,-4.0,24.4,32.2,-7.800000000000004,2.0,-1.8000000000000043,3.8000000000000043,1,6,0,3.5,-188.0,167.0
2020_06_CIN_IND,2020-10-18,IND,CIN,1,4.0,25.2,17.6,7.599999999999998,20.4,25.2,-4.800000000000001,4.800000000000001,-7.599999999999998,12.399999999999999,1,6,0,7.5,-340.0,288.0
2020_06_CHI_CAR,2020-10-18,CAR,CHI,0,-7.0,24.4,23.6,0.7999999999999972,21.0,20.0,1.0,3.3999999999999986,3.6000000000000014,-0.20000000000000284,1,6,0,2.0,-124.0,112.0
2020_06_WAS_NYG,2020-10-18,NYG,WAS,1,1.0,16.2,26.6,-10.400000000000002,17.8,28.4,-10.599999999999998,-1.6000000000000014,-1.7999999999999972,0.19999999999999574,1,6,1,2.0,-128.0,116.0
2020_06_KC_BUF,2020-10-19,BUF,KC,0,-9.0,27.8,28.4,-0.5999999999999979,29.8,22.0,7.800000000000001,-2.0,6.399999999999999,-8.399999999999999,1,6,0,-5.5,203.0,-230.0
2020_06_ARI_DAL,2020-10-19,DAL,ARI,0,-28.0,32.6,36.0,-3.3999999999999986,25.6,20.4,5.200000000000003,7.0,15.600000000000001,-8.600000000000001,1,6,0,1.0,-114.0,103.0
2020_07_NYG_PHI,2020-10-22,PHI,NYG,1,1.0,24.8,29.6,-4.800000000000001,17.0,25.2,-8.2,7.800000000000001,4.400000000000002,3.3999999999999986,1,7,1,5.0,-223.0,197.0
2020_07_JAX_LAC,2020-10-25,LAC,JAX,1,10.0,22.0,25.0,-3.0,19.6,32.2,-12.600000000000001,2.3999999999999986,-7.200000000000003,9.600000000000001,1,7,0,8.0,-389.0,325.0
2020_07_KC_DEN,2020-10-25,DEN,KC,0,-27.0,20.0,22.0,-2.0,28.2,21.4,6.800000000000001,-8.2,0.6000000000000014,-8.8,1,7,1,-7.0,260.0,-302.0
2020_07_TB_LV,2020-10-25,LV,TB,0,-25.0,30.2,30.4,-0.1999999999999993,30.8,17.6,13.2,-0.6000000000000014,12.799999999999997,-13.399999999999999,1,7,0,-3.5,171.0,-192.0
2020_07_DAL_WAS,2020-10-25,WAS,DAL,1,22.0,16.2,29.0,-12.8,31.2,39.6,-8.400000000000002,-15.0,-10.600000000000001,-4.399999999999999,1,7,1,-1.0,100.0,-110.0
2020_07_PIT_TEN,2020-10-25,TEN,PIT,0,-3.0,32.8,25.2,7.599999999999998,31.2,18.8,12.399999999999999,1.5999999999999979,6.399999999999999,-4.800000000000001,1,7,0,1.0,-114.0,103.0
2020_07_CLE_CIN,2020-10-25,CIN,CLE,0,-3.0,23.2,28.2,-5.0,31.4,29.8,1.5999999999999979,-8.2,-1.6000000000000014,-6.599999999999998,1,7,1,-4.5,179.0,-201.0
2020_07_CAR_NO,2020-10-25,NO,CAR,1,3.0,30.6,30.0,0.6000000000000014,21.6,21.4,0.20000000000000284,9.0,8.600000000000001,0.3999999999999986,1,7,1,7.0,-317.0,271.0
2020_07_GB_HOU,2020-10-25,HOU,GB,0,-15.0,25.2,29.6,-4.400000000000002,32.4,27.8,4.599999999999998,-7.199999999999999,1.8000000000000007,-9.0,1,7,0,-2.5,127.0,-140.0
2020_07_DET_ATL,2020-10-25,ATL,DET,0,-1.0,27.4,29.2,-1.8000000000000007,26.6,28.6,-2.0,0.7999999999999972,0.5999999999999979,0.1999999999999993,1,7,0,1.0,-113.0,102.0
2020_07_SF_NE,2020-10-25,NE,SF,0,-27.0,21.8,22.0,-0.1999999999999993,25.6,21.2,4.400000000000002,-3.8000000000000007,0.8000000000000007,-4.600000000000001,1,7,0,3.0,-167.0,150.0
2020_07_BUF_NYJ,2020-10-25,NYJ,BUF,0,-8.0,11.6,31.6,-20.0,25.8,30.2,-4.399999999999999,-14.200000000000001,1.4000000000000021,-15.600000000000001,1,7,1,-9.5,327.0,-391.0
2020_07_SEA_ARI,2020-10-25,ARI,SEA,1,3.0,28.4,18.4,10.0,33.8,27.0,6.799999999999997,-5.399999999999999,-8.600000000000001,3.200000000000003,1,7,1,-3.5,166.0,-186.0
2020_07_CHI_LA,2020-10-26,LA,CHI,1,14.0,26.4,19.4,7.0,20.2,18.6,1.5999999999999979,6.199999999999999,0.7999999999999972,5.400000000000002,1,7,0,6.5,-291.0,251.0
2020_08_ATL_CAR,2020-10-29,CAR,ATL,0,-8.0,23.0,20.6,2.3999999999999986,24.0,25.8,-1.8000000000000007,-1.0,-5.199999999999999,4.199999999999999,1,8,1,1.5,-115.0,104.0
2020_08_DAL_PHI,2020-11-01,PHI,DAL,1,14.0,25.4,26.4,-1.0,23.8,36.8,-12.999999999999996,1.5999999999999979,-10.399999999999999,11.999999999999996,1,8,1,10.0,-403.0,335.0
2020_08_SF_SEA,2020-11-01,SEA,SF,1,10.0,33.0,29.4,3.6000000000000014,26.0,19.8,6.199999999999999,7.0,9.599999999999998,-2.599999999999998,1,8,1,1.0,-110.0,-100.0
2020_08_NO_CHI,2020-11-01,CHI,NO,0,-3.0,18.8,20.8,-2.0,29.2,30.2,-1.0,-10.399999999999999,-9.399999999999999,-1.0,1,8,0,-5.5,202.0,-229.0
2020_08_LA_MIA,2020-11-01,MIA,LA,1,11.0,29.8,18.4,11.400000000000002,23.8,17.6,6.199999999999999,6.0,0.7999999999999972,5.200000000000003,1,8,0,-3.5,157.0,-176.0
2020_08_NYJ_KC,2020-11-01,KC,NYJ,1,26.0,32.2,20.6,11.600000000000001,11.0,29.0,-18.0,21.200000000000003,-8.399999999999999,29.6,1,8,0,20.0,-1965.0,1204.0
2020_08_LAC_DEN,2020-11-01,DEN,LAC,1,1.0,20.4,27.4,-7.0,26.6,28.2,-1.5999999999999979,-6.200000000000003,-0.8000000000000007,-5.400000000000002,1,8,1,-3.0,132.0,-146.0
2020_08_IND_DET,2020-11-01,DET,IND,0,-20.0,26.6,27.6,-1.0,27.4,17.6,9.799999999999997,-0.7999999999999972,10.0,-10.799999999999997,1,8,0,-3.5,165.0,-185.0
2020_08_LV_CLE,2020-11-01,CLE,LV,0,-10.0,31.8,30.6,1.1999999999999993,27.4,33.4,-6.0,4.400000000000002,-2.799999999999997,7.199999999999999,1,8,0,1.0,-130.0,117.0
2020_08_TEN_CIN,2020-11-01,CIN,TEN,1,11.0,24.0,28.6,-4.600000000000001,34.4,27.8,6.599999999999998,-10.399999999999999,0.8000000000000007,-11.2,1,8,0,-7.5,274.0,-321.0
2020_08_NE_BUF,2020-11-01,BUF,NE,1,3.0,23.2,26.6,-3.400000000000002,18.8,26.4,-7.599999999999998,4.399999999999999,0.20000000000000284,4.199999999999996,1,8,1,4.0,-197.0,175.0
2020_08_PIT_BAL,2020-11-01,BAL,PIT,0,-4.0,28.2,19.6,8.599999999999998,31.4,20.4,11.0,-3.1999999999999993,-0.7999999999999972,-2.400000000000002,1,8,1,4.0,-200.0,178.0
2020_08_MIN_GB,2020-11-01,GB,MIN,0,-6.0,30.8,25.0,5.800000000000001,24.2,29.8,-5.600000000000001,6.600000000000001,-4.800000000000001,11.400000000000002,1,8,1,5.5,-249.0,218.0
2020_08_TB_NYG,2020-11-02,NYG,TB,0,-2.0,18.6,26.2,-7.599999999999998,33.6,18.2,15.400000000000002,-15.0,8.0,-23.0,1,8,0,-13.0,470.0,-598.0
2020_09_GB_SF,2020-11-05,SF,GB,0,-17.0,24.2,25.4,-1.1999999999999993,26.8,26.4,0.40000000000000213,-2.6000000000000014,-1.0,-1.6000000000000014,1,9,0,-6.0,215.0,-246.0
2020_09_NYG_WAS,2020-11-08,WAS,NYG,0,-3.0,18.2,23.6,-5.400000000000002,21.4,24.0,-2.6000000000000014,-3.1999999999999993,-0.3999999999999986,-2.8000000000000007,1,9,1,3.0,-162.0,145.0
2020_09_NO_TB,2020-11-08,TB,NO,0,-35.0,33.0,20.8,12.2,29.6,28.0,1.6000000000000014,3.3999999999999986,-7.199999999999999,10.599999999999998,1,9,1,3.0,-179.0,160.0
2020_09_PIT_DAL,2020-11-08,DAL,PIT,0,-5.0,19.4,33.8,-14.399999999999999,31.8,21.0,10.8,-12.400000000000002,12.799999999999997,-25.2,1,9,0,-14.0,591.0,-789.0
2020_09_LV_LAC,2020-11-08,LAC,LV,0,-5.0,28.6,29.8,-1.1999999999999993,23.8,29.8,-6.0,4.800000000000001,0.0,4.800000000000001,1,9,1,-1.0,102.0,-112.0
2020_09_CHI_TEN,2020-11-08,TEN,CHI,1,7.0,31.8,28.0,3.8000000000000007,17.4,20.8,-3.400000000000002,14.400000000000002,7.199999999999999,7.200000000000003,1,9,0,6.5,-280.0,243.0
2020_09_MIA_ARI,2020-11-08,ARI,MIA,0,-3.0,29.8,22.2,7.600000000000001,29.8,15.6,14.200000000000001,0.0,6.6,-6.6,1,9,0,6.0,-241.0,211.0
2020_09_CAR_KC,2020-11-08,KC,CAR,1,2.0,32.4,18.4,14.0,22.2,22.4,-0.1999999999999993,10.2,-4.0,14.2,1,9,0,10.0,-445.0,365.0
2020_09_HOU_JAX,2020-11-08,JAX,HOU,0,-2.0,19.4,33.4,-14.0,26.0,30.0,-4.0,-6.600000000000001,3.3999999999999986,-10.0,1,9,1,-7.0,249.0,-289.0
2020_09_BAL_IND,2020-11-08,IND,BAL,0,-14.0,30.0,19.6,10.399999999999999,26.4,22.0,4.399999999999999,3.6000000000000014,-2.3999999999999986,6.0,1,9,0,1.0,-104.0,-106.0
2020_09_SEA_BUF,2020-11-08,BUF,SEA,1,10.0,21.0,24.4,-3.3999999999999986,33.4,28.8,4.599999999999998,-12.399999999999999,-4.400000000000002,-7.9999999999999964,1,9,0,-3.0,147.0,-164.0
2020_09_DEN_ATL,2020-11-08,ATL,DEN,1,7.0,23.8,23.2,0.6000000000000014,22.4,28.2,-5.800000000000001,1.4000000000000021,-5.0,6.400000000000002,1,9,0,4.5,-218.0,193.0
2020_09_DET_MIN,2020-11-08,MIN,DET,1,14.0,27.6,28.6,-1.0,26.6,27.4,-0.7999999999999972,1.0,1.2000000000000028,-0.20000000000000284,1,9,1,3.0,-173.0,155.0
2020_09_NE_NYJ,2020-11-09,NYJ,NE,0,-3.0,11.4,28.8,-17.4,17.0,24.2,-7.199999999999999,-5.6,4.600000000000001,-10.2,1,9,1,-9.5,312.0,-372.0
2020_10_IND_TEN,2020-11-12,TEN,IND,0,-17.0,30.4,25.4,5.0,24.8,23.0,1.8000000000000007,5.599999999999998,2.3999999999999986,3.1999999999999993,1,10,1,-1.0,105.0,-115.0
2020_10_BAL_NE,2020-11-15,NE,BAL,1,6.0,15.8,25.6,-9.8,27.2,17.2,10.0,-11.399999999999999,8.400000000000002,-19.8,1,10,0,-7.0,272.0,-318.0
2020_10_CIN_PIT,2020-11-15,PIT,CIN,1,26.0,31.0,20.6,10.399999999999999,25.6,28.0,-2.3999999999999986,5.399999999999999,-7.399999999999999,12.799999999999997,1,10,1,6.5,-297.0,255.0
2020_10_SF_NO,2020-11-15,NO,SF,1,14.0,31.2,21.2,10.0,23.6,27.2,-3.599999999999998,7.599999999999998,-6.0,13.599999999999998,1,10,0,9.5,-387.0,323.0
2020_10_SEA_LA,2020-11-15,LA,SEA,1,7.0,20.8,16.2,4.600000000000001,32.6,31.4,1.2000000000000028,-11.8,-15.2,3.3999999999999986,1,10,1,3.0,-146.0,132.0
2020_10_LAC_MIA,2020-11-15,MIA,LAC,1,8.0,30.4,19.2,11.2,30.6,31.8,-1.1999999999999993,-0.20000000000000284,-12.600000000000001,12.399999999999999,1,10,0,1.0,-115.0,104.0
2020_10_DEN_LV,2020-11-15,LV,DEN,1,25.0,26.0,27.8,-1.8000000000000007,25.8,29.4,-3.599999999999998,0.1999999999999993,-1.5999999999999979,1.7999999999999972,1,10,1,3.5,-188.0,168.0
2020_10_BUF_ARI,2020-11-15,ARI,BUF,1,2.0,31.4,23.8,7.599999999999998,23.8,26.6,-2.8000000000000007,7.599999999999998,-2.8000000000000007,10.399999999999999,1,10,0,3.0,-153.0,138.0
2020_10_JAX_GB,2020-11-15,GB,JAX,1,4.0,26.2,23.8,2.3999999999999986,21.8,32.6,-10.8,4.399999999999999,-8.8,13.2,1,10,0,13.5,-893.0,653.0
2020_10_WAS_DET,2020-11-15,DET,WAS,1,3.0,25.4,29.6,-4.200000000000003,18.2,21.4,-3.1999999999999993,7.199999999999999,8.200000000000003,-1.0000000000000036,1,10,0,2.5,-136.0,123.0
2020_10_HOU_CLE,2020-11-15,CLE,HOU,1,3.0,26.2,29.8,-3.6000000000000014,27.2,29.4,-2.1999999999999993,-1.0,0.40000000000000213,-1.4000000000000021,1,10,0,4.5,-217.0,192.0
2020_10_TB_CAR,2020-11-15,CAR,TB,0,-23.0,22.2,24.8,-2.6000000000000014,26.0,22.2,3.8000000000000007,-3.8000000000000007,2.6000000000000014,-6.400000000000002,1,10,1,-6.0,226.0,-259.0
2020_10_PHI_NYG,2020-11-15,NYG,PHI,1,10.0,24.2,24.6,-0.40000000000000213,25.4,23.6,1.7999999999999972,-1.1999999999999993,1.0,-2.1999999999999993,1,10,1,-4.5,194.0,-219.0
2020_10_MIN_CHI,2020-11-16,CHI,MIN,0,-6.0,18.6,21.8,-3.1999999999999993,28.4,26.4,2.0,-9.799999999999997,-4.599999999999998,-5.199999999999999,1,10,1,-3.5,152.0,-170.0
2020_11_ARI_SEA,2020-11-19,SEA,ARI,1,7.0,29.6,31.4,-1.7999999999999972,33.6,23.6,10.0,-4.0,7.799999999999997,-11.799999999999997,1,11,1,3.0,-164.0,147.0
2020_11_MIA_DEN,2020-11-22,DEN,MIA,1,7.0,20.8,31.2,-10.399999999999999,31.6,17.2,14.400000000000002,-10.8,14.0,-24.8,1,11,0,-4.0,174.0,-196.0
2020_11_KC_LV,2020-11-22,LV,KC,0,-4.0,28.8,24.2,4.600000000000001,33.8,22.6,11.199999999999996,-4.9999999999999964,1.5999999999999979,-6.599999999999994,1,11,1,-7.5,296.0,-351.0
2020_11_DAL_MIN,2020-11-22,MIN,DAL,0,-3.0,26.0,24.4,1.6000000000000014,15.6,28.8,-13.200000000000001,10.4,-4.400000000000002,14.800000000000002,1,11,0,7.0,-304.0,261.0
2020_11_GB_IND,2020-11-22,IND,GB,1,3.0,27.8,24.2,3.6000000000000014,25.0,24.6,0.3999999999999986,2.8000000000000007,-0.40000000000000213,3.200000000000003,1,11,0,1.5,-120.0,109.0
2020_11_NYJ_LAC,2020-11-22,LAC,NYJ,1,6.0,28.6,30.0,-1.3999999999999986,11.2,27.4,-16.2,17.400000000000002,2.6000000000000014,14.8,1,11,0,10.0,-425.0,351.0
2020_11_CIN_WAS,2020-11-22,WAS,CIN,1,11.0,20.2,21.2,-1.0,21.0,30.2,-9.2,-0.8000000000000007,-9.0,8.2,1,11,0,2.0,-121.0,110.0
2020_11_NE_HOU,2020-11-22,HOU,NE,1,7.0,24.0,25.2,-1.1999999999999993,18.4,23.8,-5.400000000000002,5.600000000000001,1.3999999999999986,4.200000000000003,1,11,0,-2.5,132.0,-147.0
2020_11_PIT_JAX,2020-11-22,JAX,PIT,0,-24.0,20.8,30.8,-10.0,30.6,16.8,13.8,-9.8,14.0,-23.8,1,11,0,-11.0,386.0,-475.0
2020_11_ATL_NO,2020-11-22,NO,ATL,1,15.0,29.6,18.0,11.600000000000001,27.4,22.6,4.799999999999997,2.200000000000003,-4.600000000000001,6.800000000000004,1,11,1,3.5,-181.0,162.0
2020_11_PHI_CLE,2020-11-22,CLE,PHI,1,5.0,18.4,23.6,-5.200000000000003,23.8,25.0,-1.1999999999999993,-5.400000000000002,-1.3999999999999986,-4.0000000000000036,1,11,0,2.5,-135.0,122.0
2020_11_DET_CAR,2020-11-22,CAR,DET,1,20.0,22.2,30.8,-8.600000000000001,25.6,28.0,-2.3999999999999986,-3.400000000000002,2.8000000000000007,-6.200000000000003,1,11,0,-3.0,152.0,-169.0
2020_11_TEN_BAL,2020-11-22,BAL,TEN,0,-6.0,24.4,18.4,6.0,25.4,29.0,-3.6000000000000014,-1.0,-10.600000000000001,9.600000000000001,1,11,0,6.0,-253.0,221.0
2020_11_LA_TB,2020-11-23,TB,LA,0,-3.0,31.4,22.8,8.599999999999998,22.0,17.6,4.399999999999999,9.399999999999999,5.199999999999999,4.199999999999999,1,11,0,4.0,-195.0,173.0
2020_12_HOU_DET,2020-11-26,DET,HOU,0,-16.0,18.8,28.8,-10.0,23.4,26.4,-3.0,-4.599999999999998,2.400000000000002,-7.0,1,12,0,-3.0,139.0,-155.0
2020_12_WAS_DAL,2020-11-26,DAL,WAS,0,-25.0,14.4,27.6,-13.200000000000001,22.2,17.0,5.199999999999999,-7.799999999999999,10.600000000000001,-18.4,1,12,1,2.5,-135.0,122.0
2020_12_KC_TB,2020-11-29,TB,KC,0,-3.0,28.6,26.2,2.400000000000002,34.4,20.8,13.599999999999998,-5.799999999999997,5.399999999999999,-11.199999999999996,1,12,0,-3.5,149.0,-166.0
2020_12_SF_LA,2020-11-29,LA,SF,0,-3.0,21.4,20.4,1.0,22.8,24.0,-1.1999999999999993,-1.4000000000000021,-3.6000000000000014,2.1999999999999993,1,12,1,5.0,-215.0,190.0
2020_12_NO_DEN,2020-11-29,DEN,NO,0,-28.0,21.2,31.4,-10.2,28.4,14.4,13.999999999999998,-7.199999999999999,17.0,-24.199999999999996,1,12,0,-17.0,906.0,-1350.0
2020_12_MIA_NYJ,2020-11-29,NYJ,MIA,0,-17.0,14.8,28.2,-13.399999999999999,25.6,17.8,7.800000000000001,-10.8,10.399999999999999,-21.2,1,12,1,-7.5,296.0,-350.0
2020_12_ARI_NE,2020-11-29,NE,ARI,1,3.0,20.0,25.6,-5.600000000000001,31.8,27.2,4.600000000000001,-11.8,-1.5999999999999979,-10.200000000000003,1,12,0,-1.0,104.0,-115.0
2020_12_NYG_CIN,2020-11-29,CIN,NYG,0,-2.0,22.2,28.8,-6.600000000000001,22.8,20.6,2.1999999999999993,-0.6000000000000014,8.2,-8.8,1,12,0,-6.5,227.0,-260.0
2020_12_CLE_JAX,2020-11-29,JAX,CLE,0,-2.0,18.6,30.2,-11.599999999999998,16.4,22.4,-6.0,2.200000000000003,7.800000000000001,-5.599999999999998,1,12,0,-7.5,284.0,-334.0
2020_12_TEN_IND,2020-11-29,IND,TEN,0,-19.0,30.0,24.0,6.0,23.0,26.6,-3.6000000000000014,7.0,-2.6000000000000014,9.600000000000001,1,12,1,3.0,-147.0,133.0
2020_12_CHI_GB,2020-11-29,GB,CHI,1,16.0,29.2,23.8,5.399999999999999,17.2,21.8,-4.600000000000001,12.0,2.0,10.0,1,12,1,7.5,-346.0,293.0
2020_12_LAC_BUF,2020-11-29,BUF,LAC,1,10.0,26.6,24.6,2.0,30.0,29.6,0.3999999999999986,-3.3999999999999986,-5.0,1.6000000000000014,1,12,0,4.5,-214.0,189.0
2020_12_LV_ATL,2020-11-29,ATL,LV,1,37.0,26.0,22.8,3.1999999999999993,27.0,24.8,2.1999999999999993,-1.0,-2.0,1.0,1,12,0,-3.5,164.0,-184.0
2020_12_CAR_MIN,2020-11-29,MIN,CAR,1,1.0,26.4,25.2,1.1999999999999993,23.0,26.2,-3.1999999999999993,3.3999999999999986,-1.0,4.399999999999999,1,12,0,3.0,-145.0,131.0
2020_12_SEA_PHI,2020-11-30,PHI,SEA,0,-6.0,21.4,21.8,-0.40000000000000213,29.8,30.4,-0.5999999999999979,-8.400000000000002,-8.599999999999998,0.19999999999999574,1,12,0,-6.5,237.0,-274.0
2020_12_BAL_PIT,2020-12-02,PIT,BAL,1,5.0,28.4,16.0,12.399999999999999,23.8,23.8,0.0,4.599999999999998,-7.800000000000001,12.399999999999999,1,12,1,10.5,-518.0,416.0
2020_13_NO_ATL,2020-12-06,ATL,NO,0,-5.0,26.6,19.4,7.200000000000003,29.2,10.2,19.0,-2.599999999999998,9.2,-11.799999999999997,1,13,1,-2.5,127.0,-141.0
2020_13_DEN_KC,2020-12-06,KC,DEN,1,6.0,34.6,22.2,12.400000000000002,18.6,29.0,-10.399999999999999,16.0,-6.800000000000001,22.8,1,13,1,13.0,-660.0,510.0
2020_13_PHI_GB,2020-12-06,GB,PHI,1,14.0,30.4,24.8,5.599999999999998,19.2,20.4,-1.1999999999999993,11.2,4.400000000000002,6.799999999999997,1,13,0,8.0,-393.0,328.0
2020_13_NYG_SEA,2020-12-06,SEA,NYG,0,-5.0,27.6,26.4,1.2000000000000028,22.6,20.2,2.400000000000002,5.0,6.199999999999999,-1.1999999999999993,1,13,0,11.0,-514.0,413.0
2020_13_LA_ARI,2020-12-06,ARI,LA,0,-10.0,27.6,29.2,-1.5999999999999979,22.2,20.2,2.0,5.400000000000002,9.0,-3.599999999999998,1,13,1,-2.5,130.0,-144.0
2020_13_CLE_TEN,2020-12-06,TEN,CLE,0,-6.0,27.2,26.4,0.8000000000000007,20.4,19.8,0.5999999999999979,6.800000000000001,6.599999999999998,0.20000000000000284,1,13,0,4.0,-200.0,178.0
2020_13_NE_LAC,2020-12-06,LAC,NE,0,-45.0,25.6,29.2,-3.599999999999998,22.8,22.4,0.40000000000000213,2.8000000000000007,6.800000000000001,-4.0,1,13,0,2.5,-129.0,117.0
2020_13_JAX_MIN,2020-12-06,MIN,JAX,1,3.0,27.4,22.6,4.799999999999997,20.4,28.8,-8.400000000000002,7.0,-6.199999999999999,13.2,1,13,0,10.5,-445.0,365.0
2020_13_CIN_MIA,2020-12-06,MIA,CIN,1,12.0,24.8,18.4,6.400000000000002,20.2,26.4,-6.199999999999999,4.600000000000001,-8.0,12.600000000000001,1,13,0,10.5,-491.0,397.0
2020_13_IND_HOU,2020-12-06,HOU,IND,0,-6.0,24.4,23.0,1.3999999999999986,29.0,27.6,1.3999999999999986,-4.600000000000001,-4.600000000000001,0.0,1,13,1,-3.5,157.0,-176.0
2020_13_DET_CHI,2020-12-06,CHI,DET,0,-4.0,17.6,26.8,-9.2,19.2,32.6,-13.400000000000002,-1.5999999999999979,-5.800000000000001,4.200000000000003,1,13,1,3.0,-161.0,145.0
2020_13_LV_NYJ,2020-12-06,NYJ,LV,0,-3.0,15.4,27.4,-11.999999999999998,24.2,24.4,-0.1999999999999993,-8.799999999999999,3.0,-11.799999999999999,1,13,0,-7.5,295.0,-349.0
2020_13_WAS_PIT,2020-12-07,PIT,WAS,0,-6.0,26.8,14.0,12.8,26.6,16.2,10.400000000000002,0.1999999999999993,-2.1999999999999993,2.3999999999999986,1,13,0,5.5,-265.0,231.0
2020_13_BUF_SF,2020-12-07,SF,BUF,0,-10.0,22.6,24.8,-2.1999999999999993,28.6,22.8,5.800000000000001,-6.0,2.0,-8.0,1,13,0,1.5,-122.0,110.0
2020_13_DAL_BAL,2020-12-08,BAL,DAL,1,17.0,20.6,22.0,-1.3999999999999986,15.6,28.2,-12.6,5.000000000000002,-6.199999999999999,11.200000000000001,1,13,0,8.5,-390.0,326.0
2020_14_NE_LA,2020-12-10,LA,NE,1,21.0,25.0,23.8,1.1999999999999993,27.6,17.6,10.0,-2.6000000000000014,6.199999999999999,-8.8,1,14,0,5.0,-228.0,201.0
2020_14_NYJ_SEA,2020-12-13,SEA,NYJ,1,37.0,22.6,24.4,-1.7999999999999972,19.0,30.0,-11.0,3.6000000000000014,-5.600000000000001,9.200000000000003,1,14,0,16.5,-1032.0,734.0
2020_14_PIT_BUF,2020-12-13,BUF,PIT,1,11.0,31.8,25.6,6.199999999999999,24.6,13.8,10.8,7.199999999999999,11.8,-4.600000000000001,1,14,0,2.0,-124.0,112.0
2020_14_NO_PHI,2020-12-13,PHI,NO,1,3.0,18.0,22.2,-4.199999999999999,28.2,8.8,19.4,-10.2,13.399999999999999,-23.599999999999998,1,14,0,-7.5,284.0,-335.0
2020_14_ATL_LAC,2020-12-13,LAC,ATL,1,3.0,19.6,32.0,-12.399999999999999,25.4,19.0,6.399999999999999,-5.799999999999997,13.0,-18.799999999999997,1,14,0,1.0,-118.0,107.0
2020_14_GB_DET,2020-12-13,DET,GB,0,-7.0,21.8,30.4,-8.599999999999998,32.0,22.4,9.600000000000001,-10.2,8.0,-18.2,1,14,1,-9.5,292.0,-345.0
2020_14_IND_LV,2020-12-13,LV,IND,0,-17.0,27.2,28.8,-1.6000000000000014,26.0,27.4,-1.3999999999999986,1.1999999999999993,1.4000000000000021,-0.20000000000000284,1,14,0,-2.5,118.0,-130.0
2020_14_WAS_SF,2020-12-13,SF,WAS,0,-8.0,20.8,30.4,-9.599999999999998,26.2,19.0,7.199999999999999,-5.399999999999999,11.399999999999999,-16.799999999999997,1,14,0,3.0,-149.0,134.0
2020_14_ARI_NYG,2020-12-13,NYG,ARI,0,-19.0,21.8,18.2,3.6000000000000014,25.8,30.0,-4.199999999999999,-4.0,-11.8,7.800000000000001,1,14,0,-3.0,139.0,-154.0
2020_14_KC_MIA,2020-12-13,MIA,KC,0,-6.0,23.0,16.4,6.600000000000001,30.4,22.2,8.2,-7.399999999999999,-5.800000000000001,-1.5999999999999979,1,14,0,-7.5,281.0,-330.0
2020_14_TEN_JAX,2020-12-13,JAX,TEN,0,-21.0,19.4,26.4,-7.0,30.2,28.4,1.8000000000000007,-10.8,-2.0,-8.8,1,14,1,-7.5,307.0,-364.0
2020_14_DAL_CIN,2020-12-13,CIN,DAL,0,-23.0,14.8,22.8,-8.0,18.4,30.0,-11.600000000000001,-3.599999999999998,-7.199999999999999,3.6000000000000014,1,14,0,-3.0,148.0,-164.0
2020_14_HOU_CHI,2020-12-13,CHI,HOU,1,29.0,21.6,28.8,-7.199999999999999,24.4,21.2,3.1999999999999993,-2.799999999999997,7.600000000000001,-10.399999999999999,1,14,0,-1.0,104.0,-114.0
2020_14_MIN_TB,2020-12-13,TB,MIN,1,12.0,24.4,27.6,-3.200000000000003,27.2,23.0,4.199999999999999,-2.8000000000000007,4.600000000000001,-7.400000000000002,1,14,0,7.0,-317.0,271.0
2020_14_DEN_CAR,2020-12-13,CAR,DEN,0,-5.0,23.6,26.4,-2.799999999999997,15.6,27.4,-11.799999999999999,8.000000000000002,-1.0,9.000000000000002,1,14,0,4.0,-199.0,177.0
2020_14_BAL_CLE,2020-12-14,CLE,BAL,0,-5.0,21.2,20.0,1.1999999999999993,22.6,19.8,2.8000000000000007,-1.4000000000000021,0.1999999999999993,-1.6000000000000014,1,14,1,-3.0,156.0,-174.0
2020_15_LAC_LV,2020-12-17,LV,LAC,0,-3.0,26.4,32.4,-6.0,18.4,29.2,-10.8,8.0,3.1999999999999993,4.800000000000001,1,15,1,3.5,-174.0,156.0
2020_15_BUF_DEN,2020-12-19,DEN,BUF,0,-29.0,16.6,26.0,-9.399999999999999,32.2,24.4,7.800000000000004,-15.600000000000001,1.6000000000000014,-17.200000000000003,1,15,0,-5.5,212.0,-242.0
2020_15_CAR_GB,2020-12-19,GB,CAR,1,8.0,31.4,23.8,7.599999999999998,25.6,27.8,-2.1999999999999993,5.799999999999997,-4.0,9.799999999999997,1,15,0,9.5,-419.0,346.0
2020_15_CLE_NYG,2020-12-20,NYG,CLE,0,-14.0,18.6,18.4,0.20000000000000284,28.4,26.2,2.1999999999999993,-9.799999999999997,-7.800000000000001,-1.9999999999999964,1,15,0,-6.0,235.0,-271.0
2020_15_KC_NO,2020-12-20,NO,KC,0,-3.0,24.8,13.0,11.8,30.0,25.8,4.199999999999999,-5.199999999999999,-12.8,7.600000000000001,1,15,0,-2.5,124.0,-137.0
2020_15_NYJ_LA,2020-12-20,LA,NYJ,0,-3.0,26.4,18.8,7.599999999999998,17.8,31.0,-13.2,8.599999999999998,-12.2,20.799999999999997,1,15,0,17.5,-1601.0,957.0
2020_15_PHI_ARI,2020-12-20,ARI,PHI,1,7.0,24.8,24.6,0.1999999999999993,18.2,24.6,-6.400000000000002,6.600000000000001,0.0,6.600000000000001,1,15,0,6.5,-259.0,226.0
2020_15_SEA_WAS,2020-12-20,WAS,SEA,0,-5.0,26.8,17.4,9.400000000000002,23.8,16.2,7.600000000000001,3.0,1.1999999999999993,1.8000000000000007,1,15,0,-6.0,219.0,-251.0
2020_15_DET_TEN,2020-12-20,TEN,DET,1,21.0,31.6,27.0,4.600000000000001,22.6,29.8,-7.199999999999999,9.0,-2.8000000000000007,11.8,1,15,0,9.5,-389.0,325.0
2020_15_CHI_MIN,2020-12-20,MIN,CHI,0,-6.0,23.2,24.2,-1.0,24.2,25.0,-0.8000000000000007,-1.0,-0.8000000000000007,-0.1999999999999993,1,15,1,2.5,-152.0,137.0
2020_15_NE_MIA,2020-12-20,MIA,NE,1,10.0,21.6,16.8,4.800000000000001,22.2,17.0,5.199999999999999,-0.5999999999999979,-0.1999999999999993,-0.3999999999999986,1,15,1,-1.5,109.0,-120.0
2020_15_HOU_IND,2020-12-20,IND,HOU,1,7.0,32.8,28.0,4.799999999999997,20.4,23.4,-3.0,12.399999999999999,4.600000000000001,7.799999999999997,1,15,1,7.5,-370.0,311.0
2020_15_SF_DAL,2020-12-20,DAL,SF,1,8.0,22.6,26.8,-4.199999999999999,18.4,27.6,-9.200000000000003,4.200000000000003,-0.8000000000000007,5.0000000000000036,1,15,0,-4.0,180.0,-202.0
2020_15_JAX_BAL,2020-12-20,BAL,JAX,1,26.0,27.2,26.2,1.0,16.4,27.2,-10.8,10.8,-1.0,11.8,1,15,0,13.0,-746.0,564.0
2020_15_TB_ATL,2020-12-20,ATL,TB,0,-4.0,23.8,19.6,4.199999999999999,24.6,25.8,-1.1999999999999993,-0.8000000000000007,-6.199999999999999,5.399999999999999,1,15,1,-6.0,225.0,-258.0
2020_15_PIT_CIN,2020-12-21,CIN,PIT,1,10.0,10.0,24.8,-14.8,22.8,15.2,7.600000000000001,-12.8,9.600000000000001,-22.400000000000002,1,15,1,-14.5,682.0,-942.0
2020_16_MIN_NO,2020-12-25,NO,MIN,1,19.0,25.2,16.8,8.399999999999999,24.8,28.2,-3.3999999999999986,0.3999999999999986,-11.399999999999999,11.799999999999997,1,16,0,6.5,-302.0,260.0
2020_16_TB_DET,2020-12-26,DET,TB,0,-40.0,21.6,33.6,-12.0,30.2,23.6,6.599999999999998,-8.599999999999998,10.0,-18.599999999999998,1,16,0,-12.0,455.0,-591.0
2020_16_SF_ARI,2020-12-26,ARI,SF,0,-8.0,25.0,23.8,1.1999999999999993,21.6,29.0,-7.399999999999999,3.3999999999999986,-5.199999999999999,8.599999999999998,1,16,1,6.0,-280.0,242.0
2020_16_MIA_LV,2020-12-26,LV,MIA,0,-1.0,24.4,36.0,-11.600000000000001,20.2,15.0,5.199999999999999,4.199999999999999,21.0,-16.8,1,16,0,-2.0,113.0,-125.0
2020_16_TEN_GB,2020-12-27,GB,TEN,1,26.0,31.4,23.0,8.399999999999999,37.4,25.2,12.2,-6.0,-2.1999999999999993,-3.8000000000000007,1,16,0,3.0,-177.0,159.0
2020_16_LA_SEA,2020-12-27,SEA,LA,1,11.0,24.6,14.6,10.000000000000002,25.8,20.2,5.600000000000001,-1.1999999999999993,-5.6,4.4,1,16,1,1.5,-127.0,115.0
2020_16_PHI_DAL,2020-12-27,DAL,PHI,1,20.0,27.0,28.6,-1.6000000000000014,20.0,25.8,-5.800000000000001,7.0,2.8000000000000007,4.199999999999999,1,16,1,-3.0,149.0,-166.0
2020_16_CAR_WAS,2020-12-27,WAS,CAR,0,-7.0,24.4,15.4,8.999999999999998,22.6,26.0,-3.3999999999999986,1.7999999999999972,-10.6,12.399999999999997,1,16,0,-1.0,102.0,-112.0
2020_16_DEN_LAC,2020-12-27,LAC,DEN,1,3.0,20.2,28.8,-8.600000000000001,18.0,28.2,-10.2,2.1999999999999993,0.6000000000000014,1.5999999999999979,1,16,1,2.5,-125.0,113.0
2020_16_NYG_BAL,2020-12-27,BAL,NYG,1,14.0,31.8,24.4,7.400000000000002,15.2,18.4,-3.1999999999999993,16.6,6.0,10.600000000000001,1,16,0,10.0,-420.0,348.0
2020_16_CLE_NYJ,2020-12-27,NYJ,CLE,1,7.0,17.0,29.0,-12.0,30.4,26.0,4.399999999999999,-13.399999999999999,3.0,-16.4,1,16,0,-6.5,260.0,-303.0
2020_16_ATL_KC,2020-12-27,KC,ATL,1,3.0,29.8,25.4,4.400000000000002,22.4,20.4,2.0,7.400000000000002,5.0,2.400000000000002,1,16,0,11.0,-508.0,409.0
2020_16_CHI_JAX,2020-12-27,JAX,CHI,0,-24.0,15.2,30.4,-15.2,27.4,25.6,1.7999999999999972,-12.2,4.799999999999997,-16.999999999999996,1,16,0,-9.5,370.0,-452.0
2020_16_CIN_HOU,2020-12-27,HOU,CIN,0,-6.0,23.0,26.8,-3.8000000000000007,13.4,21.0,-7.6,9.6,5.800000000000001,3.799999999999999,1,16,0,7.5,-324.0,276.0
2020_16_IND_PIT,2020-12-27,PIT,IND,1,4.0,19.0,18.6,0.3999999999999986,31.4,28.6,2.799999999999997,-12.399999999999999,-10.0,-2.3999999999999986,1,16,0,-1.0,-104.0,-106.0
2020_16_BUF_NE,2020-12-28,NE,BUF,0,-29.0,20.0,18.0,2.0,33.0,21.4,11.600000000000001,-13.0,-3.3999999999999986,-9.600000000000001,1,16,1,-7.0,268.0,-313.0
2020_17_SEA_SF,2021-01-03,SF,SEA,0,-3.0,23.0,26.0,-3.0,23.0,12.2,10.8,0.0,13.8,-13.8,1,17,1,-7.0,266.0,-310.0
2020_17_ARI_LA,2021-01-03,LA,ARI,1,11.0,22.2,19.4,2.8000000000000007,23.2,22.2,1.0,-1.0,-2.8000000000000007,1.8000000000000007,1,17,1,1.0,-125.0,113.0
2020_17_LAC_KC,2021-01-03,KC,LAC,0,-17.0,26.2,22.0,4.199999999999999,17.2,26.4,-9.2,9.0,-4.399999999999999,13.399999999999999,1,17,1,-7.0,244.0,-282.0
2020_17_JAX_IND,2021-01-03,IND,JAX,1,14.0,29.4,28.0,1.3999999999999986,18.0,33.2,-15.200000000000003,11.399999999999999,-5.200000000000003,16.6,1,17,1,15.5,-1350.0,906.0
2020_17_TEN_HOU,2021-01-03,HOU,TEN,0,-3.0,23.8,30.2,-6.399999999999999,34.2,28.4,5.800000000000004,-10.400000000000002,1.8000000000000007,-12.200000000000003,1,17,1,-7.0,259.0,-301.0
2020_17_LV_DEN,2021-01-03,DEN,LV,0,-1.0,17.2,29.4,-12.2,23.2,34.2,-11.000000000000004,-6.0,-4.800000000000004,-1.1999999999999957,1,17,1,-2.5,130.0,-144.0
2020_17_GB_CHI,2021-01-03,CHI,GB,0,-19.0,33.0,25.2,7.800000000000001,33.2,19.0,14.200000000000003,-0.20000000000000284,6.199999999999999,-6.400000000000002,1,17,1,-4.5,184.0,-207.0
2020_17_DAL_NYG,2021-01-03,NYG,DAL,1,4.0,12.4,20.4,-7.999999999999998,28.2,26.4,1.8000000000000007,-15.799999999999999,-6.0,-9.799999999999999,1,17,1,-1.5,109.0,-121.0
2020_17_ATL_TB,2021-01-03,TB,ATL,1,17.0,30.4,20.4,10.0,23.4,19.0,4.399999999999999,7.0,1.3999999999999986,5.600000000000001,1,17,1,7.5,-323.0,276.0
2020_17_NYJ_NE,2021-01-03,NE,NYJ,1,14.0,17.8,20.2,-2.3999999999999986,16.0,25.4,-9.399999999999999,1.8000000000000007,-5.199999999999999,7.0,1,17,1,3.0,-161.0,145.0
2020_17_MIN_DET,2021-01-03,DET,MIN,0,-2.0,23.0,39.0,-16.0,25.8,32.4,-6.599999999999998,-2.8000000000000007,6.600000000000001,-9.400000000000002,1,17,1,-3.0,145.0,-161.0
2020_17_PIT_CLE,2021-01-03,CLE,PIT,1,2.0,29.2,27.2,2.0,19.2,22.8,-3.6000000000000014,10.0,4.399999999999999,5.600000000000001,1,17,1,10.5,-460.0,376.0
2020_17_BAL_CIN,2021-01-03,CIN,BAL,0,-35.0,19.0,23.2,-4.199999999999999,32.4,21.0,11.399999999999999,-13.399999999999999,2.1999999999999993,-15.599999999999998,1,17,1,-13.5,597.0,-799.0
2020_17_MIA_BUF,2021-01-03,BUF,MIA,1,30.0,34.6,16.8,17.8,22.8,16.0,6.800000000000001,11.8,0.8000000000000007,11.0,1,17,1,-3.5,138.0,-153.0
2020_17_WAS_PHI,2021-01-03,PHI,WAS,0,-6.0,20.0,28.8,-8.8,23.0,17.6,5.399999999999999,-3.0,11.2,-14.2,1,17,1,-6.5,245.0,-283.0
2020_17_NO_CAR,2021-01-03,CAR,NO,0,-26.0,22.0,19.4,2.6000000000000014,30.8,21.6,9.2,-8.8,-2.200000000000003,-6.599999999999998,1,17,1,-6.0,219.0,-250.0
2020_18_LA_SEA,2021-01-09,SEA,LA,0,-10.0,23.6,13.4,10.200000000000001,21.8,16.2,5.600000000000001,1.8000000000000007,-2.799999999999999,4.6,1,18,1,3.0,-172.0,154.0
2020_18_TB_WAS,2021-01-09,WAS,TB,0,-8.0,18.8,17.2,1.6000000000000014,34.4,20.4,14.0,-15.599999999999998,-3.1999999999999993,-12.399999999999999,1,18,0,-10.0,373.0,-456.0
2020_18_IND_BUF,2021-01-09,BUF,IND,1,3.0,40.4,18.6,21.799999999999997,29.8,21.8,8.0,10.599999999999998,-3.1999999999999993,13.799999999999997,1,18,0,7.0,-325.0,277.0
2020_18_BAL_TEN,2021-01-10,TEN,BAL,0,-7.0,33.4,30.8,2.599999999999998,37.2,17.8,19.400000000000002,-3.8000000000000043,13.0,-16.800000000000004,1,18,0,-3.5,163.0,-182.0
2020_18_CHI_NO,2021-01-10,NO,CHI,1,12.0,31.2,22.4,8.8,31.2,24.0,7.199999999999999,0.0,-1.6000000000000014,1.6000000000000014,1,18,0,11.0,-558.0,443.0
2020_18_CLE_PIT,2021-01-10,PIT,CLE,0,-11.0,19.8,24.8,-5.0,28.6,26.6,2.0,-8.8,-1.8000000000000007,-7.0,1,18,1,5.0,-239.0,210.0
2020_19_LA_GB,2021-01-16,GB,LA,1,14.0,32.0,17.2,14.8,20.2,14.6,5.6,11.8,2.5999999999999996,9.200000000000001,1,19,0,7.0,-351.0,296.0
2020_19_BAL_BUF,2021-01-16,BUF,BAL,1,14.0,39.0,18.6,20.4,34.4,17.0,17.4,4.600000000000001,1.6000000000000014,3.0,1,19,0,2.5,-137.0,124.0
2020_19_CLE_KC,2021-01-17,KC,CLE,1,5.0,25.0,24.8,0.1999999999999993,30.0,27.0,3.0,-5.0,-2.1999999999999993,-2.8000000000000007,1,19,0,7.5,-376.0,316.0
2020_19_TB_NO,2021-01-17,NO,TB,0,-10.0,31.2,21.0,10.2,35.8,19.6,16.199999999999996,-4.599999999999998,1.3999999999999986,-5.9999999999999964,1,19,1,2.5,-133.0,120.0
2020_20_BUF_KC,2021-01-24,KC,BUF,1,14.0,25.0,25.0,0.0,37.2,16.2,21.000000000000004,-12.200000000000003,8.8,-21.000000000000004,1,20,0,3.0,-158.0,142.0
2020_20_TB_GB,2021-01-24,GB,TB,0,-5.0,32.4,17.6,14.799999999999997,36.6,20.8,15.8,-4.200000000000003,-3.1999999999999993,-1.0000000000000036,1,20,0,3.0,-176.0,157.0
2020_21_KC_TB,2021-02-07,TB,KC,1,22.0,36.6,20.6,16.0,26.0,24.4,1.6000000000000014,10.600000000000001,-3.799999999999997,14.399999999999999,1,21,0,-3.0,145.0,-161.0
2021_01_DAL_TB,2021-09-09,TB,DAL,1,2.0,33.4,21.0,12.399999999999999,28.8,22.8,6.0,4.599999999999998,-1.8000000000000007,6.399999999999999,1,1,0,10.0,-425.0,351.0
2021_01_DEN_NYG,2021-09-12,NYG,DEN,0,-14.0,13.2,20.8,-7.600000000000001,22.8,29.6,-6.800000000000001,-9.600000000000001,-8.8,-0.8000000000000007,1,1,0,-3.0,125.0,-139.0
2021_01_GB_NO,2021-09-12,NO,GB,1,35.0,31.0,22.2,8.8,31.4,19.0,12.399999999999999,-0.3999999999999986,3.1999999999999993,-3.599999999999998,1,1,0,-4.0,162.0,-181.0
2021_01_MIA_NE,2021-09-12,NE,MIA,0,-1.0,19.4,19.6,-0.20000000000000284,24.0,26.6,-2.6000000000000014,-4.600000000000001,-7.0,2.3999999999999986,1,1,1,3.5,-173.0,155.0
2021_01_CLE_KC,2021-09-12,KC,CLE,1,4.0,21.4,24.8,-3.400000000000002,25.0,22.0,3.0,-3.6000000000000014,2.8000000000000007,-6.400000000000002,1,1,0,5.5,-241.0,211.0
2021_01_LAC_WAS,2021-09-12,WAS,LAC,0,-4.0,18.8,20.0,-1.1999999999999993,21.4,25.2,-3.8000000000000007,-2.599999999999998,-5.199999999999999,2.6000000000000014,1,1,0,2.5,-129.0,117.0
2021_01_ARI_TEN,2021-09-12,TEN,ARI,0,-25.0,29.0,26.6,2.3999999999999986,21.2,21.8,-0.6000000000000014,7.800000000000001,4.800000000000001,3.0,1,1,0,2.5,-146.0,131.0
2021_01_CHI_LA,2021-09-12,LA,CHI,1,20.0,19.0,20.4,-1.3999999999999986,27.0,21.4,5.600000000000001,-8.0,-1.0,-7.0,1,1,0,9.5,-387.0,324.0
2021_01_JAX_HOU,2021-09-12,HOU,JAX,1,16.0,23.2,33.4,-10.2,15.8,33.4,-17.599999999999998,7.399999999999999,0.0,7.399999999999999,1,1,1,-3.5,154.0,-172.0
2021_01_SF_DET,2021-09-12,DET,SF,0,-8.0,25.0,38.2,-13.200000000000003,23.0,27.2,-4.199999999999999,2.0,11.000000000000004,-9.000000000000004,1,1,0,-9.5,344.0,-415.0
2021_01_MIN_CIN,2021-09-12,CIN,MIN,1,3.0,16.2,27.0,-10.8,27.6,34.0,-6.399999999999999,-11.400000000000002,-7.0,-4.400000000000002,1,1,0,-3.0,122.0,-135.0
2021_01_NYJ_CAR,2021-09-12,CAR,NYJ,1,5.0,19.4,26.0,-6.600000000000001,18.2,27.0,-8.8,1.1999999999999993,-1.0,2.1999999999999993,1,1,0,3.5,-184.0,164.0
2021_01_PIT_BUF,2021-09-12,BUF,PIT,0,-7.0,32.4,20.0,12.399999999999999,23.8,29.8,-6.0,8.599999999999998,-9.8,18.4,1,1,0,6.5,-267.0,232.0
2021_01_PHI_ATL,2021-09-12,ATL,PHI,0,-26.0,20.2,26.6,-6.400000000000002,19.4,28.2,-8.8,0.8000000000000007,-1.5999999999999979,2.3999999999999986,1,1,0,3.5,-180.0,161.0
2021_01_SEA_IND,2021-09-12,IND,SEA,0,-12.0,29.4,23.2,6.199999999999999,25.2,16.0,9.2,4.199999999999999,7.199999999999999,-3.0,1,1,0,-3.0,132.0,-146.0
2021_01_BAL_LV,2021-09-13,LV,BAL,1,6.0,28.4,31.8,-3.400000000000002,25.6,12.0,13.600000000000001,2.799999999999997,19.8,-17.000000000000004,1,1,0,-3.0,149.0,-167.0
2021_02_NYG_WAS,2021-09-16,WAS,NYG,1,1.0,17.4,21.0,-3.6000000000000014,12.4,23.8,-11.4,4.999999999999998,-2.8000000000000007,7.799999999999999,1,2,1,4.0,-198.0,176.0
2021_02_KC_BAL,2021-09-19,BAL,KC,1,1.0,23.0,15.8,7.199999999999999,24.6,27.8,-3.1999999999999993,-1.6000000000000014,-12.0,10.399999999999999,1,2,0,-3.5,153.0,-171.0
2021_02_TEN_SEA,2021-09-19,SEA,TEN,0,-3.0,22.8,18.6,4.199999999999999,25.4,32.2,-6.800000000000004,-2.599999999999998,-13.600000000000001,11.000000000000004,1,2,0,6.5,-286.0,247.0
2021_02_DAL_LAC,2021-09-19,LAC,DAL,0,-3.0,25.4,19.4,6.0,31.2,22.2,9.0,-5.800000000000001,-2.8000000000000007,-3.0,1,2,0,3.0,-150.0,135.0
2021_02_ATL_TB,2021-09-19,TB,ATL,1,23.0,30.8,21.4,9.400000000000002,18.2,28.8,-10.600000000000001,12.600000000000001,-7.400000000000002,20.000000000000004,1,2,1,13.5,-772.0,582.0
2021_02_MIN_ARI,2021-09-19,ARI,MIN,1,1.0,23.2,16.8,6.399999999999999,27.0,34.6,-7.600000000000001,-3.8000000000000007,-17.8,14.0,1,2,0,4.0,-191.0,170.0
2021_02_LV_PIT,2021-09-19,PIT,LV,0,-9.0,25.4,27.8,-2.400000000000002,28.8,31.6,-2.8000000000000007,-3.400000000000002,-3.8000000000000007,0.3999999999999986,1,2,0,5.5,-228.0,201.0
2021_02_SF_PHI,2021-09-19,PHI,SF,0,-6.0,22.6,23.4,-0.7999999999999972,26.4,27.0,-0.6000000000000014,-3.799999999999997,-3.6000000000000014,-0.19999999999999574,1,2,0,-3.0,130.0,-144.0
2021_02_NE_NYJ,2021-09-19,NYJ,NE,0,-19.0,15.4,24.6,-9.200000000000001,13.6,23.0,-9.4,1.8000000000000007,1.6000000000000014,0.1999999999999993,1,2,1,-5.5,207.0,-235.0
2021_02_DEN_JAX,2021-09-19,JAX,DEN,0,-10.0,15.2,35.4,-20.2,25.0,27.8,-2.8000000000000007,-9.8,7.599999999999998,-17.4,1,2,0,-6.0,211.0,-241.0
2021_02_LA_IND,2021-09-19,IND,LA,0,-3.0,23.8,23.4,0.40000000000000213,21.8,18.6,3.1999999999999993,2.0,4.799999999999997,-2.799999999999997,1,2,0,-4.0,182.0,-205.0
2021_02_HOU_CLE,2021-09-19,CLE,HOU,1,10.0,26.8,27.4,-0.5999999999999979,26.6,32.4,-5.799999999999997,0.1999999999999993,-5.0,5.199999999999999,1,2,0,13.5,-675.0,521.0
2021_02_CIN_CHI,2021-09-19,CHI,CIN,1,3.0,22.6,26.8,-4.199999999999999,20.2,28.0,-7.800000000000001,2.400000000000002,-1.1999999999999993,3.6000000000000014,1,2,0,2.0,-126.0,114.0
2021_02_NO_CAR,2021-09-19,CAR,NO,1,19.0,17.8,23.2,-5.399999999999999,32.8,16.4,16.4,-14.999999999999996,6.800000000000001,-21.799999999999997,1,2,1,-3.0,131.0,-145.0
2021_02_BUF_MIA,2021-09-19,MIA,BUF,0,-35.0,23.6,28.4,-4.799999999999997,28.0,22.8,5.199999999999999,-4.399999999999999,5.599999999999998,-9.999999999999996,1,2,1,-3.5,160.0,-179.0
2021_02_DET_GB,2021-09-20,GB,DET,1,18.0,27.2,23.4,3.8000000000000007,24.8,40.4,-15.599999999999998,2.3999999999999986,-17.0,19.4,1,2,1,11.5,-494.0,400.0
2021_03_CAR_HOU,2021-09-23,HOU,CAR,0,-15.0,29.4,31.4,-2.0,17.6,18.2,-0.5999999999999979,11.799999999999997,13.2,-1.4000000000000021,1,3,0,-8.0,348.0,-420.0
2021_03_IND_TEN,2021-09-26,TEN,IND,1,9.0,22.8,33.2,-10.400000000000002,23.2,24.8,-1.6000000000000014,-0.3999999999999986,8.400000000000002,-8.8,1,3,1,4.5,-196.0,175.0
2021_03_GB_SF,2021-09-26,SF,GB,0,-2.0,26.8,24.6,2.1999999999999993,26.2,24.0,2.1999999999999993,0.6000000000000014,0.6000000000000014,0.0,1,3,0,3.5,-179.0,160.0
2021_03_SEA_MIN,2021-09-26,MIN,SEA,1,13.0,30.8,36.2,-5.400000000000002,24.8,22.2,2.6000000000000014,6.0,14.000000000000004,-8.000000000000004,1,3,0,-2.0,109.0,-120.0
2021_03_TB_LA,2021-09-26,LA,TB,1,10.0,25.4,19.4,6.0,34.2,21.8,12.400000000000002,-8.800000000000004,-2.400000000000002,-6.400000000000002,1,3,0,-1.0,-104.0,-106.0
2021_03_MIA_LV,2021-09-26,LV,MIA,1,3.0,28.6,26.2,2.400000000000002,18.2,28.8,-10.600000000000001,10.400000000000002,-2.6000000000000014,13.000000000000004,1,3,0,4.0,-194.0,173.0
2021_03_NYJ_DEN,2021-09-26,DEN,NYJ,1,26.0,23.2,25.0,-1.8000000000000007,16.0,21.6,-5.600000000000001,7.199999999999999,3.3999999999999986,3.8000000000000007,1,3,0,10.5,-597.0,470.0
2021_03_CIN_PIT,2021-09-26,PIT,CIN,0,-14.0,25.4,27.6,-2.200000000000003,22.2,26.0,-3.8000000000000007,3.1999999999999993,1.6000000000000014,1.5999999999999979,1,3,1,2.5,-140.0,126.0
2021_03_LAC_KC,2021-09-26,KC,LAC,0,-6.0,27.4,27.4,0.0,24.8,20.0,4.800000000000001,2.599999999999998,7.399999999999999,-4.800000000000001,1,3,1,6.5,-273.0,237.0
2021_03_NO_NE,2021-09-26,NE,NO,0,-15.0,18.0,19.4,-1.3999999999999986,23.8,15.0,8.8,-5.800000000000001,4.399999999999999,-10.2,1,3,0,3.0,-144.0,130.0
2021_03_ATL_NYG,2021-09-26,NYG,ATL,0,-3.0,16.8,24.6,-7.800000000000001,19.8,34.4,-14.599999999999998,-3.0,-9.799999999999997,6.799999999999997,1,3,0,3.0,-143.0,129.0
2021_03_ARI_JAX,2021-09-26,JAX,ARI,0,-12.0,15.8,33.8,-17.999999999999996,24.8,22.0,2.8000000000000007,-9.0,11.799999999999997,-20.799999999999997,1,3,0,-8.0,304.0,-360.0
2021_03_BAL_DET,2021-09-26,DET,BAL,0,-2.0,23.4,41.2,-17.800000000000004,24.8,20.2,4.600000000000001,-1.4000000000000021,21.000000000000004,-22.400000000000006,1,3,0,-7.5,292.0,-344.0
2021_03_CHI_CLE,2021-09-26,CLE,CHI,1,20.0,29.8,27.0,2.8000000000000007,20.0,24.8,-4.800000000000001,9.8,2.1999999999999993,7.600000000000001,1,3,0,7.5,-375.0,315.0
2021_03_WAS_BUF,2021-09-26,BUF,WAS,1,22.0,23.8,17.6,6.199999999999999,20.4,22.8,-2.400000000000002,3.400000000000002,-5.199999999999999,8.600000000000001,1,3,0,7.5,-330.0,281.0
2021_03_PHI_DAL,2021-09-27,DAL,PHI,1,20.0,29.2,24.2,5.0,20.0,22.6,-2.6000000000000014,9.2,1.5999999999999979,7.600000000000001,1,3,1,3.5,-189.0,168.0
2021_04_JAX_CIN,2021-09-30,CIN,JAX,1,3.0,21.6,24.6,-3.0,16.8,32.0,-15.2,4.800000000000001,-7.399999999999999,12.2,1,4,0,7.5,-373.0,313.0
2021_04_BAL_DEN,2021-10-03,DEN,BAL,0,-16.0,24.6,15.4,9.200000000000001,21.0,23.0,-2.0,3.6000000000000014,-7.6,11.200000000000001,1,4,0,1.0,-118.0,107.0
2021_04_SEA_SF,2021-10-03,SF,SEA,0,-7.0,25.8,22.4,3.400000000000002,24.2,26.4,-2.1999999999999993,1.6000000000000014,-4.0,5.600000000000001,1,4,1,2.5,-133.0,120.0
2021_04_ARI_LA,2021-10-03,LA,ARI,0,-17.0,28.6,22.8,5.800000000000001,24.4,20.6,3.799999999999997,4.200000000000003,2.1999999999999993,2.0000000000000036,1,4,1,3.5,-200.0,178.0
2021_04_KC_PHI,2021-10-03,PHI,KC,0,-12.0,19.0,24.2,-5.199999999999999,27.8,30.0,-2.1999999999999993,-8.8,-5.800000000000001,-3.0,1,4,0,-7.5,296.0,-349.0
2021_04_TEN_NYJ,2021-10-03,NYJ,TEN,1,3.0,11.4,22.8,-11.4,25.0,28.4,-3.3999999999999986,-13.6,-5.599999999999998,-8.000000000000002,1,4,0,-5.5,206.0,-234.0
2021_04_NYG_NO,2021-10-03,NO,NYG,0,-6.0,22.8,16.2,6.600000000000001,18.4,24.0,-5.600000000000001,4.400000000000002,-7.800000000000001,12.200000000000003,1,4,0,7.5,-337.0,286.0
2021_04_DET_CHI,2021-10-03,CHI,DET,1,10.0,13.0,26.6,-13.600000000000001,21.8,35.8,-13.999999999999996,-8.8,-9.199999999999996,0.399999999999995,1,4,1,3.0,-148.0,134.0
2021_04_IND_MIA,2021-10-03,MIA,IND,0,-10.0,19.4,32.6,-13.200000000000003,21.6,24.2,-2.599999999999998,-2.200000000000003,8.400000000000002,-10.600000000000005,1,4,0,2.5,-144.0,130.0
2021_04_CAR_DAL,2021-10-03,DAL,CAR,1,8.0,29.2,21.8,7.399999999999999,19.2,15.2,4.0,10.0,6.600000000000001,3.3999999999999986,1,4,0,4.5,-210.0,186.0
2021_04_PIT_GB,2021-10-03,GB,PIT,1,10.0,25.2,26.4,-1.1999999999999993,21.8,27.6,-5.800000000000001,3.3999999999999986,-1.2000000000000028,4.600000000000001,1,4,0,6.5,-276.0,239.0
2021_04_HOU_BUF,2021-10-03,BUF,HOU,1,40.0,27.0,17.0,10.0,27.2,30.8,-3.6000000000000014,-0.1999999999999993,-13.8,13.600000000000001,1,4,0,19.0,-1500.0,988.0
2021_04_WAS_ATL,2021-10-03,ATL,WAS,0,-4.0,17.8,31.0,-13.2,22.0,27.4,-5.399999999999999,-4.199999999999999,3.6000000000000014,-7.800000000000001,1,4,0,-1.0,106.0,-117.0
2021_04_CLE_MIN,2021-10-03,MIN,CLE,0,-7.0,31.4,33.0,-1.6000000000000014,30.2,23.8,6.399999999999999,1.1999999999999993,9.2,-8.0,1,4,0,-1.0,-106.0,-105.0
2021_04_TB_NE,2021-10-03,NE,TB,0,-2.0,18.2,20.6,-2.400000000000002,33.0,24.6,8.399999999999999,-14.8,-4.0,-10.8,1,4,0,-6.0,223.0,-255.0
2021_04_LV_LAC,2021-10-04,LAC,LV,1,14.0,24.8,19.4,5.400000000000002,29.4,25.8,3.599999999999998,-4.599999999999998,-6.400000000000002,1.8000000000000043,1,4,1,3.0,-161.0,144.0
2021_05_LA_SEA,2021-10-07,SEA,LA,0,-9.0,24.6,26.0,-1.3999999999999986,26.6,26.2,0.40000000000000213,-2.0,-0.1999999999999993,-1.8000000000000007,1,5,1,-2.5,122.0,-135.0
2021_05_BUF_KC,2021-10-10,KC,BUF,0,-18.0,28.6,31.2,-2.599999999999998,31.6,16.4,15.200000000000003,-3.0,14.8,-17.8,1,5,0,2.5,-134.0,121.0
2021_05_NYG_DAL,2021-10-10,DAL,NYG,1,24.0,29.0,24.0,5.0,21.2,22.8,-1.6000000000000014,7.800000000000001,1.1999999999999993,6.600000000000001,1,5,1,7.5,-335.0,285.0
2021_05_SF_ARI,2021-10-10,ARI,SF,1,7.0,29.4,20.6,8.799999999999997,26.0,25.6,0.3999999999999986,3.3999999999999986,-5.0,8.399999999999999,1,5,1,6.0,-266.0,231.0
2021_05_CHI_LV,2021-10-10,LV,CHI,0,-11.0,27.2,26.2,1.0,14.6,22.4,-7.799999999999999,12.6,3.8000000000000007,8.799999999999999,1,5,0,5.5,-245.0,215.0
2021_05_NO_WAS,2021-10-10,WAS,NO,0,-11.0,24.8,30.6,-5.800000000000001,22.8,19.8,3.0,2.0,10.8,-8.8,1,5,0,-2.5,117.0,-130.0
2021_05_MIA_TB,2021-10-10,TB,MIA,1,28.0,30.6,22.8,7.800000000000001,17.6,33.0,-15.399999999999999,13.0,-10.2,23.2,1,5,0,11.0,-564.0,448.0
2021_05_CLE_LAC,2021-10-10,LAC,CLE,1,5.0,26.6,19.0,7.600000000000001,23.4,17.8,5.599999999999998,3.200000000000003,1.1999999999999993,2.0000000000000036,1,5,0,2.5,-129.0,117.0
2021_05_DET_MIN,2021-10-10,MIN,DET,1,2.0,26.2,25.4,0.8000000000000007,23.2,31.2,-8.0,3.0,-5.800000000000001,8.8,1,5,1,10.0,-418.0,346.0
2021_05_TEN_JAX,2021-10-10,JAX,TEN,0,-18.0,17.6,28.6,-11.0,21.6,26.2,-4.599999999999998,-4.0,2.400000000000002,-6.400000000000002,1,5,1,-4.0,170.0,-191.0
2021_05_NE_HOU,2021-10-10,HOU,NE,0,-3.0,21.0,31.4,-10.399999999999999,19.8,16.8,3.0,1.1999999999999993,14.599999999999998,-13.399999999999999,1,5,0,-8.0,288.0,-339.0
2021_05_GB_CIN,2021-10-10,CIN,GB,0,-3.0,19.0,22.6,-3.6000000000000014,24.2,26.2,-2.0,-5.199999999999999,-3.599999999999998,-1.6000000000000014,1,5,0,-2.0,111.0,-123.0
2021_05_PHI_CAR,2021-10-10,CAR,PHI,0,-3.0,20.8,19.8,1.0,21.6,25.2,-3.599999999999998,-0.8000000000000007,-5.399999999999999,4.599999999999998,1,5,0,2.5,-139.0,126.0
2021_05_NYJ_ATL,2021-10-10,ATL,NYJ,1,7.0,21.0,34.4,-13.399999999999999,12.2,24.4,-12.2,8.8,10.0,-1.1999999999999993,1,5,0,3.0,-153.0,138.0
2021_05_DEN_PIT,2021-10-10,PIT,DEN,1,8.0,20.8,28.2,-7.399999999999999,22.8,16.2,6.600000000000001,-2.0,12.0,-14.0,1,5,0,-2.0,113.0,-124.0
2021_05_IND_BAL,2021-10-11,BAL,IND,1,6.0,21.6,21.8,-0.1999999999999993,21.4,24.8,-3.400000000000002,0.20000000000000284,-3.0,3.200000000000003,1,5,0,7.5,-356.0,301.0
2021_06_TB_PHI,2021-10-14,PHI,TB,0,-6.0,23.0,24.8,-1.8000000000000007,33.4,24.4,9.0,-10.399999999999999,0.40000000000000213,-10.8,1,6,0,-7.0,238.0,-274.0
2021_06_LA_NYG,2021-10-17,NYG,LA,0,-27.0,20.6,27.8,-7.199999999999999,28.2,23.2,5.0,-7.599999999999998,4.600000000000001,-12.2,1,6,0,-7.5,280.0,-328.0
2021_06_LV_DEN,2021-10-17,DEN,LV,0,-10.0,20.4,15.2,5.199999999999999,22.6,24.0,-1.3999999999999986,-2.200000000000003,-8.8,6.599999999999998,1,6,1,5.0,-205.0,182.0
2021_06_ARI_CLE,2021-10-17,CLE,ARI,0,-23.0,28.4,22.8,5.599999999999998,31.4,19.0,12.399999999999999,-3.0,3.8000000000000007,-6.800000000000001,1,6,0,3.0,-143.0,129.0
2021_06_KC_WAS,2021-10-17,WAS,KC,0,-18.0,24.6,31.0,-6.399999999999999,30.8,32.6,-1.8000000000000007,-6.199999999999999,-1.6000000000000014,-4.599999999999998,1,6,0,-6.0,223.0,-255.0
2021_06_HOU_IND,2021-10-17,IND,HOU,1,28.0,21.6,25.6,-4.0,17.8,28.2,-10.399999999999999,3.8000000000000007,-2.599999999999998,6.399999999999999,1,6,1,10.5,-442.0,363.0
2021_06_DAL_NE,2021-10-17,NE,DAL,0,-6.0,19.2,18.4,0.8000000000000007,34.0,23.4,10.600000000000001,-14.8,-5.0,-9.8,1,6,0,-3.5,169.0,-189.0
2021_06_GB_CHI,2021-10-17,CHI,GB,0,-10.0,16.8,20.0,-3.1999999999999993,24.0,24.4,-0.3999999999999986,-7.199999999999999,-4.399999999999999,-2.8000000000000007,1,6,1,-5.5,201.0,-228.0
2021_06_MIN_CAR,2021-10-17,CAR,MIN,0,-6.0,23.0,17.4,5.600000000000001,22.6,21.8,0.8000000000000007,0.3999999999999986,-4.400000000000002,4.800000000000001,1,6,0,-2.5,121.0,-134.0
2021_06_LAC_BAL,2021-10-17,BAL,LAC,1,28.0,27.2,23.4,3.8000000000000007,28.4,23.2,5.199999999999999,-1.1999999999999993,0.1999999999999993,-1.3999999999999986,1,6,0,3.0,-166.0,149.0
2021_06_MIA_JAX,2021-10-17,JAX,MIA,1,3.0,18.6,30.4,-11.799999999999997,15.8,30.8,-15.0,2.8000000000000007,-0.40000000000000213,3.200000000000003,1,6,0,-2.5,110.0,-122.0
2021_06_CIN_DET,2021-10-17,DET,CIN,0,-23.0,19.6,27.6,-8.0,22.8,20.0,2.8000000000000007,-3.1999999999999993,7.600000000000001,-10.8,1,6,0,-3.5,171.0,-192.0
2021_06_SEA_PIT,2021-10-17,PIT,SEA,1,3.0,18.8,22.4,-3.599999999999998,24.0,25.2,-1.1999999999999993,-5.199999999999999,-2.8000000000000007,-2.3999999999999986,1,6,0,5.5,-213.0,189.0
2021_06_BUF_TEN,2021-10-18,TEN,BUF,1,3.0,26.4,26.0,0.3999999999999986,34.4,12.8,21.599999999999998,-8.0,13.2,-21.2,1,6,0,-6.0,210.0,-239.0
2021_07_DEN_CLE,2021-10-21,CLE,DEN,1,3.0,25.4,23.6,1.7999999999999972,19.8,19.4,0.40000000000000213,5.599999999999998,4.200000000000003,1.399999999999995,1,7,0,2.0,-121.0,110.0
2021_07_IND_SF,2021-10-24,SF,IND,0,-12.0,23.4,23.8,-0.40000000000000213,24.6,20.6,4.0,-1.2000000000000028,3.1999999999999993,-4.400000000000002,1,7,0,3.5,-169.0,152.0
2021_07_CHI_TB,2021-10-24,TB,CHI,1,35.0,32.8,23.0,9.799999999999997,16.8,18.0,-1.1999999999999993,15.999999999999996,5.0,10.999999999999996,1,7,0,12.5,-644.0,501.0
2021_07_PHI_LV,2021-10-24,LV,PHI,1,11.0,22.8,23.4,-0.5999999999999979,21.0,29.2,-8.2,1.8000000000000007,-5.800000000000001,7.600000000000001,1,7,0,1.0,-108.0,-102.0
2021_07_DET_LA,2021-10-24,LA,DET,1,9.0,29.0,22.6,6.399999999999999,15.2,26.2,-11.0,13.8,-3.599999999999998,17.4,1,7,0,17.0,-1256.0,860.0
2021_07_KC_TEN,2021-10-24,TEN,KC,1,24.0,30.6,24.6,6.0,30.4,29.4,1.0,0.20000000000000284,-4.799999999999997,5.0,1,7,0,-4.0,185.0,-209.0
2021_07_HOU_ARI,2021-10-24,ARI,HOU,1,26.0,31.2,19.2,12.0,11.0,30.2,-19.2,20.2,-11.0,31.2,1,7,0,20.5,-1766.0,1119.0
2021_07_NYJ_NE,2021-10-24,NE,NYJ,1,41.0,21.8,22.0,-0.1999999999999993,13.4,24.2,-10.799999999999999,8.4,-2.1999999999999993,10.6,1,7,1,7.0,-303.0,261.0
2021_07_ATL_MIA,2021-10-24,MIA,ATL,0,-2.0,16.4,32.2,-15.800000000000004,21.0,29.6,-8.600000000000001,-4.600000000000001,2.6000000000000014,-7.200000000000003,1,7,0,-1.5,117.0,-129.0
2021_07_WAS_GB,2021-10-24,GB,WAS,1,14.0,28.2,19.6,8.599999999999998,24.0,33.2,-9.200000000000003,4.199999999999999,-13.600000000000001,17.8,1,7,0,8.5,-397.0,331.0
2021_07_CIN_BAL,2021-10-24,BAL,CIN,0,-24.0,28.6,18.0,10.600000000000001,24.2,17.4,6.800000000000001,4.400000000000002,0.6000000000000014,3.8000000000000007,1,7,1,6.5,-272.0,236.0
2021_07_CAR_NYG,2021-10-24,NYG,CAR,1,22.0,20.2,30.0,-9.8,24.8,21.4,3.400000000000002,-4.600000000000001,8.600000000000001,-13.200000000000003,1,7,0,-3.0,139.0,-154.0
2021_07_NO_SEA,2021-10-25,SEA,NO,0,-3.0,22.4,26.6,-4.200000000000003,25.4,18.2,7.199999999999999,-3.0,8.400000000000002,-11.400000000000002,1,7,0,-6.0,208.0,-237.0
2021_08_GB_ARI,2021-10-28,ARI,GB,0,-3.0,30.6,13.6,17.0,26.0,18.2,7.800000000000001,4.600000000000001,-4.6,9.2,1,8,0,6.5,-279.0,242.0
2021_08_CIN_NYJ,2021-10-31,NYJ,CIN,1,3.0,13.2,31.2,-18.0,29.0,16.8,12.2,-15.8,14.399999999999999,-30.2,1,8,0,-11.5,411.0,-510.0
2021_08_DAL_MIN,2021-10-31,MIN,DAL,0,-4.0,24.6,22.0,2.6000000000000014,35.2,23.0,12.200000000000003,-10.600000000000001,-1.0,-9.600000000000001,1,8,0,4.5,-219.0,193.0
2021_08_TB_NO,2021-10-31,NO,TB,1,9.0,20.4,19.6,0.7999999999999972,30.8,18.6,12.2,-10.400000000000002,1.0,-11.400000000000002,1,8,1,-4.0,168.0,-188.0
2021_08_WAS_DEN,2021-10-31,DEN,WAS,1,7.0,18.0,20.2,-2.1999999999999993,20.0,32.2,-12.200000000000003,-2.0,-12.000000000000004,10.000000000000004,1,8,0,4.0,-191.0,170.0
2021_08_NE_LAC,2021-10-31,LAC,NE,0,-3.0,25.6,26.8,-1.1999999999999993,27.6,23.4,4.200000000000003,-2.0,3.400000000000002,-5.400000000000002,1,8,0,3.5,-183.0,163.0
2021_08_TEN_IND,2021-10-31,IND,TEN,0,-3.0,25.8,18.8,7.0,29.4,19.2,10.2,-3.599999999999998,-0.3999999999999986,-3.1999999999999993,1,8,1,3.0,-160.0,144.0
2021_08_JAX_SEA,2021-10-31,SEA,JAX,1,24.0,18.4,22.6,-4.200000000000003,19.0,27.0,-8.0,-0.6000000000000014,-4.399999999999999,3.799999999999997,1,8,0,4.0,-192.0,171.0
2021_08_PHI_DET,2021-10-31,DET,PHI,0,-38.0,15.6,24.8,-9.200000000000001,23.2,32.4,-9.2,-7.6,-7.599999999999998,-1.7763568394002505e-15,1,8,0,-3.0,151.0,-168.0
2021_08_PIT_CLE,2021-10-31,CLE,PIT,0,-5.0,22.6,22.2,0.40000000000000213,18.8,23.2,-4.399999999999999,3.8000000000000007,-1.0,4.800000000000001,1,8,1,5.5,-222.0,196.0
2021_08_SF_CHI,2021-10-31,CHI,SF,0,-11.0,13.4,22.2,-8.799999999999999,18.8,23.2,-4.399999999999999,-5.4,-1.0,-4.4,1,8,0,-4.5,186.0,-210.0
2021_08_MIA_BUF,2021-10-31,BUF,MIA,1,15.0,37.4,15.0,22.4,22.0,31.2,-9.2,15.399999999999999,-16.2,31.599999999999998,1,8,1,15.0,-983.0,709.0
2021_08_CAR_ATL,2021-10-31,ATL,CAR,0,-6.0,25.8,28.8,-3.0,20.2,25.0,-4.800000000000001,5.600000000000001,3.8000000000000007,1.8000000000000007,1,8,1,2.5,-129.0,117.0
2021_08_LA_HOU,2021-10-31,HOU,LA,0,-16.0,7.8,30.2,-22.4,29.2,21.6,7.599999999999998,-21.4,8.599999999999998,-29.999999999999996,1,8,0,-17.0,724.0,-1010.0
2021_08_NYG_KC,2021-11-01,KC,NYG,1,3.0,24.0,27.6,-3.6000000000000014,19.4,24.6,-5.200000000000003,4.600000000000001,3.0,1.6000000000000014,1,8,0,10.5,-530.0,425.0
2021_09_NYJ_IND,2021-11-04,IND,NYJ,1,15.0,28.8,20.6,8.2,18.8,32.4,-13.599999999999998,10.0,-11.799999999999997,21.799999999999997,1,9,0,10.5,-509.0,410.0
2021_09_TEN_LA,2021-11-07,LA,TEN,0,-12.0,30.0,21.2,8.8,31.2,22.2,9.0,-1.1999999999999993,-1.0,-0.1999999999999993,1,9,0,7.0,-350.0,296.0
2021_09_ARI_SF,2021-11-07,SF,ARI,0,-14.0,22.0,25.4,-3.3999999999999986,28.6,14.6,14.000000000000002,-6.600000000000001,10.799999999999999,-17.4,1,9,1,5.5,-235.0,207.0
2021_09_GB_KC,2021-11-07,KC,GB,1,6.0,23.2,25.0,-1.8000000000000007,24.8,16.8,8.0,-1.6000000000000014,8.2,-9.8,1,9,0,7.0,-322.0,275.0
2021_09_LAC_PHI,2021-11-07,PHI,LAC,0,-3.0,27.8,25.4,2.400000000000002,27.0,28.2,-1.1999999999999993,0.8000000000000007,-2.8000000000000007,3.6000000000000014,1,9,0,-1.0,-104.0,-106.0
2021_09_LV_NYG,2021-11-07,NYG,LV,1,7.0,20.0,25.2,-5.199999999999999,24.2,24.4,-0.1999999999999993,-4.199999999999999,0.8000000000000007,-5.0,1,9,0,-3.0,137.0,-152.0
2021_09_ATL_NO,2021-11-07,NO,ATL,0,-2.0,26.2,19.8,6.399999999999999,23.4,23.0,0.3999999999999986,2.8000000000000007,-3.1999999999999993,6.0,1,9,1,7.0,-277.0,240.0
2021_09_HOU_MIA,2021-11-07,MIA,HOU,1,8.0,18.6,30.2,-11.599999999999998,10.4,33.0,-22.6,8.200000000000001,-2.8000000000000007,11.000000000000004,1,9,0,4.0,-185.0,166.0
2021_09_DEN_DAL,2021-11-07,DAL,DEN,0,-14.0,35.2,22.8,12.400000000000002,16.2,22.2,-6.0,19.000000000000004,0.6000000000000014,18.400000000000002,1,9,0,10.5,-462.0,378.0
2021_09_CLE_CIN,2021-11-07,CIN,CLE,0,-25.0,30.4,21.6,8.799999999999997,19.4,24.0,-4.600000000000001,11.0,-2.3999999999999986,13.399999999999999,1,9,1,2.5,-129.0,117.0
2021_09_NE_CAR,2021-11-07,CAR,NE,0,-18.0,19.2,25.8,-6.600000000000001,30.4,22.6,7.799999999999997,-11.2,3.1999999999999993,-14.399999999999999,1,9,0,-3.5,157.0,-176.0
2021_09_MIN_BAL,2021-11-07,BAL,MIN,1,3.0,24.8,19.2,5.600000000000001,21.2,19.2,2.0,3.6000000000000014,0.0,3.6000000000000014,1,9,0,7.5,-305.0,262.0
2021_09_BUF_JAX,2021-11-07,JAX,BUF,1,3.0,17.8,28.6,-10.8,35.6,17.2,18.400000000000002,-17.8,11.400000000000002,-29.200000000000003,1,9,0,-14.5,776.0,-1101.0
2021_09_CHI_PIT,2021-11-08,PIT,CHI,1,2.0,18.4,20.0,-1.6000000000000014,16.6,23.6,-7.0,1.7999999999999972,-3.6000000000000014,5.399999999999999,1,9,0,7.0,-306.0,263.0
2021_10_BAL_MIA,2021-11-11,MIA,BAL,1,12.0,18.6,26.6,-8.0,27.8,22.0,5.800000000000001,-9.2,4.600000000000001,-13.8,1,10,0,-8.5,326.0,-390.0
2021_10_CAR_ARI,2021-11-14,ARI,CAR,0,-24.0,27.4,14.0,13.399999999999999,14.8,23.4,-8.599999999999998,12.599999999999998,-9.399999999999999,21.999999999999996,1,10,0,7.0,-329.0,280.0
2021_10_KC_LV,2021-11-14,LV,KC,0,-27.0,21.2,23.4,-2.1999999999999993,17.4,20.4,-3.0,3.8000000000000007,3.0,0.8000000000000007,1,10,1,-2.5,133.0,-147.0
2021_10_PHI_DEN,2021-11-14,DEN,PHI,0,-17.0,20.8,20.8,0.0,26.6,22.4,4.200000000000003,-5.800000000000001,-1.5999999999999979,-4.200000000000003,1,10,0,1.0,-111.0,101.0
2021_10_MIN_LAC,2021-11-14,LAC,MIN,0,-7.0,26.4,28.2,-1.8000000000000007,21.4,22.6,-1.2000000000000028,5.0,5.599999999999998,-0.5999999999999979,1,10,0,3.0,-179.0,160.0
2021_10_TB_WAS,2021-11-14,WAS,TB,1,10.0,17.8,27.0,-9.2,31.4,19.0,12.399999999999999,-13.599999999999998,8.0,-21.599999999999998,1,10,0,-10.0,359.0,-435.0
2021_10_SEA_GB,2021-11-14,GB,SEA,1,17.0,20.8,16.0,4.800000000000001,21.2,18.0,3.1999999999999993,-0.3999999999999986,-2.0,1.6000000000000014,1,10,0,3.0,-168.0,151.0
2021_10_DET_PIT,2021-11-14,PIT,DET,0,0.0,22.2,20.6,1.5999999999999979,13.4,29.8,-16.4,8.799999999999999,-9.2,17.999999999999996,1,10,0,9.0,-359.0,303.0
2021_10_BUF_NYJ,2021-11-14,NYJ,BUF,0,-28.0,24.8,36.2,-11.400000000000002,28.2,14.8,13.399999999999999,-3.3999999999999986,21.400000000000002,-24.8,1,10,1,-13.0,527.0,-685.0
2021_10_CLE_NE,2021-11-14,NE,CLE,1,38.0,31.8,20.0,11.8,24.8,25.8,-1.0,7.0,-5.800000000000001,12.8,1,10,0,2.5,-132.0,119.0
2021_10_JAX_IND,2021-11-14,IND,JAX,1,6.0,32.4,23.2,9.2,15.8,23.6,-7.800000000000001,16.599999999999998,-0.40000000000000213,17.0,1,10,1,10.5,-434.0,358.0
2021_10_ATL_DAL,2021-11-14,DAL,ATL,1,40.0,30.2,24.6,5.599999999999998,25.4,25.2,0.1999999999999993,4.800000000000001,-0.5999999999999979,5.399999999999999,1,10,0,8.0,-392.0,328.0
2021_10_NO_TEN,2021-11-14,TEN,NO,1,2.0,32.0,20.0,12.0,25.6,22.6,3.0,6.399999999999999,-2.6000000000000014,9.0,1,10,0,3.0,-147.0,133.0
2021_10_LA_SF,2021-11-15,SF,LA,1,21.0,19.8,25.6,-5.800000000000001,29.2,19.4,9.8,-9.399999999999999,6.200000000000003,-15.600000000000001,1,10,1,-3.5,158.0,-177.0
2021_11_NE_ATL,2021-11-18,ATL,NE,0,-25.0,20.0,27.0,-7.0,35.8,17.0,18.799999999999997,-15.799999999999997,10.0,-25.799999999999997,1,11,0,-7.0,280.0,-329.0
2021_11_PIT_LAC,2021-11-21,LAC,PIT,1,4.0,24.8,30.8,-6.0,22.0,18.4,3.6000000000000014,2.8000000000000007,12.400000000000002,-9.600000000000001,1,11,0,5.5,-251.0,220.0
2021_11_ARI_SEA,2021-11-21,SEA,ARI,0,-10.0,15.6,17.2,-1.5999999999999996,26.0,18.8,7.199999999999999,-10.4,-1.6000000000000014,-8.799999999999999,1,11,1,2.5,-150.0,135.0
2021_11_DAL_KC,2021-11-21,KC,DAL,1,10.0,21.6,15.6,6.000000000000002,31.6,19.6,12.0,-10.0,-4.000000000000002,-5.999999999999998,1,11,0,2.5,-134.0,122.0
2021_11_CIN_LV,2021-11-21,LV,CIN,0,-19.0,21.2,26.0,-4.800000000000001,28.8,25.6,3.1999999999999993,-7.600000000000001,0.3999999999999986,-8.0,1,11,0,-1.0,112.0,-123.0
2021_11_HOU_TEN,2021-11-21,TEN,HOU,0,-9.0,29.2,20.4,8.8,12.2,28.4,-16.2,17.0,-8.0,25.0,1,11,1,10.5,-462.0,377.0
2021_11_NO_PHI,2021-11-21,PHI,NO,1,11.0,28.4,21.4,7.0,25.6,21.8,3.8000000000000007,2.799999999999997,-0.40000000000000213,3.1999999999999993,1,11,0,2.5,-144.0,130.0
2021_11_MIA_NYJ,2021-11-21,NYJ,MIA,0,-7.0,22.8,40.4,-17.599999999999998,19.6,19.6,0.0,3.1999999999999993,20.799999999999997,-17.599999999999998,1,11,1,-3.5,162.0,-181.0
2021_11_SF_JAX,2021-11-21,JAX,SF,0,-20.0,15.0,23.4,-8.399999999999999,21.8,22.0,-0.1999999999999993,-6.800000000000001,1.3999999999999986,-8.2,1,11,0,-6.5,243.0,-281.0
2021_11_DET_CLE,2021-11-21,CLE,DET,1,3.0,17.8,25.4,-7.599999999999998,13.8,28.2,-14.399999999999999,4.0,-2.8000000000000007,6.800000000000001,1,11,0,13.0,-590.0,465.0
2021_11_BAL_CHI,2021-11-21,CHI,BAL,0,-3.0,17.2,26.6,-9.400000000000002,25.2,25.0,0.1999999999999993,-8.0,1.6000000000000014,-9.600000000000001,1,11,0,-5.0,199.0,-226.0
2021_11_WAS_CAR,2021-11-21,CAR,WAS,0,-6.0,18.0,21.2,-3.1999999999999993,16.8,24.8,-8.0,1.1999999999999993,-3.6000000000000014,4.800000000000001,1,11,0,3.5,-172.0,154.0
2021_11_IND_BUF,2021-11-21,BUF,IND,0,-26.0,29.2,18.2,11.0,32.0,20.4,11.600000000000001,-2.8000000000000007,-2.1999999999999993,-0.6000000000000014,1,11,0,7.5,-320.0,274.0
2021_11_GB_MIN,2021-11-21,MIN,GB,1,3.0,25.4,23.8,1.5999999999999979,19.2,11.6,7.6,6.199999999999999,12.200000000000001,-6.000000000000002,1,11,1,-1.0,101.0,-111.0
2021_11_NYG_TB,2021-11-22,TB,NYG,1,20.0,31.4,21.4,10.0,19.2,24.2,-5.0,12.2,-2.8000000000000007,15.0,1,11,0,11.5,-527.0,423.0
2021_12_CHI_DET,2021-11-25,DET,CHI,0,-2.0,12.4,27.0,-14.6,15.8,28.0,-12.2,-3.4000000000000004,-1.0,-2.4000000000000004,1,12,1,-2.0,115.0,-129.0
2021_12_LV_DAL,2021-11-25,DAL,LV,0,-3.0,24.6,19.4,5.200000000000003,22.0,28.4,-6.399999999999999,2.6000000000000014,-9.0,11.600000000000001,1,12,0,7.0,-314.0,269.0
2021_12_BUF_NO,2021-11-25,NO,BUF,0,-25.0,24.8,25.4,-0.5999999999999979,24.6,22.4,2.200000000000003,0.1999999999999993,3.0,-2.8000000000000007,1,12,0,-7.0,235.0,-270.0
2021_12_CLE_BAL,2021-11-28,BAL,CLE,1,6.0,22.2,22.6,-0.40000000000000213,17.6,20.0,-2.3999999999999986,4.599999999999998,2.6000000000000014,1.9999999999999964,1,12,1,3.0,-156.0,140.0
2021_12_MIN_SF,2021-11-28,SF,MIN,1,8.0,25.8,20.6,5.199999999999999,28.4,26.6,1.7999999999999972,-2.599999999999998,-6.0,3.400000000000002,1,12,0,3.5,-183.0,164.0
2021_12_LA_GB,2021-11-28,GB,LA,1,8.0,20.6,15.6,5.000000000000002,26.0,22.2,3.8000000000000007,-5.399999999999999,-6.6,1.200000000000001,1,12,0,-2.0,108.0,-120.0
2021_12_LAC_DEN,2021-11-28,DEN,LAC,1,15.0,19.6,21.4,-1.7999999999999972,23.6,29.8,-6.199999999999999,-4.0,-8.400000000000002,4.400000000000002,1,12,1,-2.5,127.0,-141.0
2021_12_PHI_NYG,2021-11-28,NYG,PHI,1,6.0,17.2,21.4,-4.199999999999999,32.0,21.6,10.399999999999999,-14.8,-0.20000000000000284,-14.599999999999998,1,12,1,-4.0,171.0,-192.0
2021_12_ATL_JAX,2021-11-28,JAX,ATL,0,-7.0,13.2,22.0,-8.8,14.6,28.0,-13.4,-1.4000000000000004,-6.0,4.6,1,12,0,-1.5,105.0,-115.0
2021_12_CAR_MIA,2021-11-28,MIA,CAR,1,23.0,20.4,18.4,2.0,16.6,19.8,-3.1999999999999993,3.799999999999997,-1.4000000000000021,5.199999999999999,1,12,0,-1.0,108.0,-119.0
2021_12_TB_IND,2021-11-28,IND,TB,0,-7.0,34.0,22.8,11.2,28.4,20.0,8.399999999999999,5.600000000000001,2.8000000000000007,2.8000000000000007,1,12,0,-3.0,135.0,-149.0
2021_12_NYJ_HOU,2021-11-28,HOU,NYJ,0,-7.0,12.2,26.0,-13.8,22.2,39.8,-17.599999999999998,-10.0,-13.799999999999997,3.799999999999997,1,12,0,3.0,-138.0,125.0
2021_12_PIT_CIN,2021-11-28,CIN,PIT,1,31.0,30.8,23.2,7.600000000000001,24.0,22.8,1.1999999999999993,6.800000000000001,0.3999999999999986,6.400000000000002,1,12,1,3.5,-172.0,154.0
2021_12_TEN_NE,2021-11-28,NE,TEN,1,23.0,35.0,10.0,25.0,25.0,18.6,6.399999999999999,10.0,-8.600000000000001,18.6,1,12,0,7.5,-305.0,262.0
2021_12_SEA_WAS,2021-11-29,WAS,SEA,1,2.0,17.8,22.4,-4.599999999999998,14.8,16.6,-1.8000000000000007,3.0,5.799999999999997,-2.799999999999997,1,12,0,-1.0,116.0,-128.0
2021_13_DAL_NO,2021-12-02,NO,DAL,0,-10.0,23.4,29.6,-6.200000000000003,24.2,20.8,3.3999999999999986,-0.8000000000000007,8.8,-9.600000000000001,1,13,0,-6.0,222.0,-254.0
2021_13_DEN_KC,2021-12-05,KC,DEN,1,13.0,19.2,14.8,4.399999999999999,20.4,17.2,3.1999999999999993,-1.1999999999999993,-2.3999999999999986,1.1999999999999993,1,13,1,8.5,-387.0,323.0
2021_13_SF_SEA,2021-12-05,SEA,SF,1,7.0,13.8,15.4,-1.5999999999999996,29.0,19.8,9.2,-15.2,-4.4,-10.799999999999999,1,13,1,-3.0,125.0,-138.0
2021_13_BAL_PIT,2021-12-05,PIT,BAL,1,1.0,21.4,27.0,-5.600000000000001,18.6,23.4,-4.799999999999997,2.799999999999997,3.6000000000000014,-0.8000000000000043,1,13,1,-4.0,174.0,-195.0
2021_13_WAS_LV,2021-12-05,LV,WAS,0,-2.0,22.4,30.2,-7.800000000000001,18.6,19.2,-0.5999999999999979,3.799999999999997,11.0,-7.200000000000003,1,13,0,1.0,-128.0,116.0
2021_13_JAX_LA,2021-12-05,LA,JAX,1,30.0,24.0,27.2,-3.1999999999999993,11.4,22.2,-10.799999999999999,12.6,5.0,7.6,1,13,0,14.0,-796.0,597.0
2021_13_PHI_NYJ,2021-12-05,NYJ,PHI,0,-15.0,23.8,31.8,-8.0,29.0,17.6,11.399999999999999,-5.199999999999999,14.2,-19.4,1,13,0,-5.0,177.0,-199.0
2021_13_IND_HOU,2021-12-05,HOU,IND,0,-31.0,14.4,24.0,-9.6,34.2,26.8,7.400000000000002,-19.800000000000004,-2.8000000000000007,-17.0,1,13,1,-10.0,339.0,-408.0
2021_13_MIN_DET,2021-12-05,DET,MIN,1,2.0,13.0,23.4,-10.399999999999999,26.8,27.8,-1.0,-13.8,-4.400000000000002,-9.399999999999999,1,13,1,-7.0,255.0,-296.0
2021_13_LAC_CIN,2021-12-05,CIN,LAC,0,-19.0,32.2,23.0,9.200000000000003,25.0,28.6,-3.6000000000000014,7.200000000000003,-5.600000000000001,12.800000000000004,1,13,0,2.5,-141.0,127.0
2021_13_ARI_CHI,2021-12-05,CHI,ARI,0,-11.0,16.2,26.0,-9.8,23.2,18.6,4.599999999999998,-7.0,7.399999999999999,-14.399999999999999,1,13,0,-7.5,314.0,-373.0
2021_13_TB_ATL,2021-12-05,ATL,TB,0,-13.0,12.8,25.2,-12.399999999999999,30.4,21.8,8.599999999999998,-17.599999999999998,3.3999999999999986,-20.999999999999996,1,13,1,-11.0,387.0,-475.0
2021_13_NYG_MIA,2021-12-05,MIA,NYG,1,11.0,21.4,14.4,6.999999999999998,17.6,15.2,2.400000000000002,3.799999999999997,-0.7999999999999989,4.599999999999996,1,13,0,6.5,-293.0,253.0
2021_13_NE_BUF,2021-12-06,BUF,NE,0,-4.0,24.6,16.8,7.800000000000001,31.4,10.0,21.4,-6.799999999999997,6.800000000000001,-13.599999999999998,1,13,1,3.0,-146.0,132.0
2021_14_PIT_MIN,2021-12-09,MIN,PIT,1,8.0,29.0,29.6,-0.6000000000000014,22.4,28.8,-6.400000000000002,6.600000000000001,0.8000000000000007,5.800000000000001,1,14,0,3.5,-175.0,157.0
2021_14_DET_DEN,2021-12-12,DEN,DET,1,28.0,19.4,18.2,1.1999999999999993,15.0,23.2,-8.2,4.399999999999999,-5.0,9.399999999999999,1,14,0,13.0,-635.0,495.0
2021_14_CHI_GB,2021-12-12,GB,CHI,1,15.0,23.0,19.2,3.8000000000000007,20.0,25.0,-5.0,3.0,-5.800000000000001,8.8,1,14,1,11.5,-639.0,498.0
2021_14_BUF_TB,2021-12-12,TB,BUF,1,6.0,28.8,24.6,4.199999999999999,21.4,17.4,4.0,7.400000000000002,7.200000000000003,0.1999999999999993,1,14,0,3.5,-181.0,161.0
2021_14_SF_CIN,2021-12-12,CIN,SF,0,-3.0,28.4,27.8,0.5999999999999979,27.0,21.4,5.600000000000001,1.3999999999999986,6.400000000000002,-5.0000000000000036,1,14,0,-2.5,117.0,-130.0
2021_14_NYG_LAC,2021-12-12,LAC,NYG,1,16.0,28.4,27.6,0.7999999999999972,14.4,18.6,-4.200000000000001,13.999999999999998,9.0,4.999999999999998,1,14,0,9.5,-395.0,329.0
2021_14_DAL_WAS,2021-12-12,WAS,DAL,0,-7.0,20.0,17.4,2.6000000000000014,25.6,21.0,4.600000000000001,-5.600000000000001,-3.6000000000000014,-2.0,1,14,1,-6.5,246.0,-284.0
2021_14_SEA_HOU,2021-12-12,HOU,SEA,0,-20.0,13.4,24.0,-10.6,17.8,17.4,0.40000000000000213,-4.4,6.600000000000001,-11.000000000000002,1,14,0,-10.0,334.0,-401.0
2021_14_NO_NYJ,2021-12-12,NYJ,NO,0,-21.0,20.6,32.2,-11.600000000000001,19.6,29.6,-10.0,1.0,2.6000000000000014,-1.6000000000000014,1,14,0,-4.5,173.0,-194.0
2021_14_LV_KC,2021-12-12,KC,LV,1,39.0,23.0,11.2,11.8,18.8,29.2,-10.399999999999999,4.199999999999999,-18.0,22.2,1,14,1,10.0,-444.0,365.0
2021_14_JAX_TEN,2021-12-12,TEN,JAX,1,20.0,22.2,25.2,-3.0,11.4,23.4,-11.999999999999998,10.799999999999999,1.8000000000000007,8.999999999999998,1,14,1,8.5,-384.0,321.0
2021_14_BAL_CLE,2021-12-12,CLE,BAL,1,2.0,16.2,20.4,-4.199999999999999,19.0,19.2,-0.1999999999999993,-2.8000000000000007,1.1999999999999993,-4.0,1,14,1,3.0,-150.0,135.0
2021_14_ATL_CAR,2021-12-12,CAR,ATL,0,-8.0,18.0,21.4,-3.3999999999999986,13.6,27.4,-13.799999999999999,4.4,-6.0,10.4,1,14,1,2.5,-136.0,123.0
2021_14_LA_ARI,2021-12-13,ARI,LA,0,-7.0,23.6,22.0,1.6000000000000014,25.8,24.8,1.0,-2.1999999999999993,-2.8000000000000007,0.6000000000000014,1,14,1,3.0,-172.0,154.0
2021_15_KC_LAC,2021-12-16,LAC,KC,0,-6.0,30.4,27.0,3.3999999999999986,28.6,9.6,19.0,1.7999999999999972,17.4,-15.600000000000001,1,15,1,-3.0,155.0,-173.0
2021_15_NE_IND,2021-12-18,IND,NE,1,10.0,34.2,20.0,14.200000000000003,28.8,7.2,21.6,5.400000000000002,12.8,-7.399999999999999,1,15,0,-1.0,-109.0,-102.0
2021_15_NO_TB,2021-12-19,TB,NO,0,-9.0,30.0,22.8,7.199999999999999,20.6,26.0,-5.399999999999999,9.399999999999999,-3.1999999999999993,12.599999999999998,1,15,1,11.5,-518.0,417.0
2021_15_GB_BAL,2021-12-19,BAL,GB,0,-1.0,16.6,17.8,-1.1999999999999993,27.2,21.0,6.199999999999999,-10.599999999999998,-3.1999999999999993,-7.399999999999999,1,15,0,-9.5,299.0,-354.0
2021_15_ATL_SF,2021-12-19,SF,ATL,1,18.0,28.8,19.8,9.0,14.0,26.6,-12.600000000000001,14.8,-6.800000000000001,21.6,1,15,0,9.5,-380.0,319.0
2021_15_CIN_DEN,2021-12-19,DEN,CIN,0,-5.0,23.6,18.2,5.400000000000002,26.8,26.2,0.6000000000000014,-3.1999999999999993,-8.0,4.800000000000001,1,15,0,3.0,-155.0,140.0
2021_15_TEN_PIT,2021-12-19,PIT,TEN,1,6.0,22.2,30.6,-8.400000000000002,19.4,19.0,0.3999999999999986,2.8000000000000007,11.600000000000001,-8.8,1,15,0,1.0,-121.0,109.0
2021_15_HOU_JAX,2021-12-19,JAX,HOU,0,-14.0,9.6,26.2,-16.6,11.6,23.0,-11.4,-2.0,3.1999999999999993,-5.200000000000001,1,15,1,6.0,-257.0,224.0
2021_15_NYJ_MIA,2021-12-19,MIA,NYJ,1,7.0,23.2,11.0,12.2,16.4,29.2,-12.8,6.800000000000001,-18.2,25.0,1,15,1,10.5,-445.0,366.0
2021_15_ARI_DET,2021-12-19,DET,ARI,1,18.0,15.8,22.0,-6.199999999999999,24.0,23.2,0.8000000000000007,-8.2,-1.1999999999999993,-7.0,1,15,0,-13.0,495.0,-634.0
2021_15_CAR_BUF,2021-12-19,BUF,CAR,1,17.0,25.6,22.2,3.400000000000002,18.4,24.6,-6.200000000000003,7.200000000000003,-2.400000000000002,9.600000000000005,1,15,0,14.0,-739.0,562.0
2021_15_DAL_NYG,2021-12-19,NYG,DAL,0,-15.0,15.2,22.0,-6.800000000000001,27.8,19.0,8.8,-12.600000000000001,3.0,-15.600000000000001,1,15,1,-11.5,428.0,-534.0
2021_15_LV_CLE,2021-12-20,CLE,LV,0,-2.0,19.0,21.8,-2.8000000000000007,17.4,34.2,-16.800000000000004,1.6000000000000014,-12.400000000000002,14.000000000000004,1,15,0,-3.0,131.0,-147.0
2021_15_MIN_CHI,2021-12-20,CHI,MIN,0,-8.0,21.6,27.4,-5.799999999999997,30.0,28.4,1.6000000000000014,-8.399999999999999,-1.0,-7.399999999999999,1,15,1,-7.0,274.0,-320.0
2021_15_SEA_LA,2021-12-21,LA,SEA,1,10.0,24.2,25.0,-0.8000000000000007,18.2,18.6,-0.40000000000000213,6.0,6.399999999999999,-0.3999999999999986,1,15,1,7.5,-352.0,298.0
2021_15_WAS_PHI,2021-12-21,PHI,WAS,1,10.0,26.8,20.0,6.800000000000001,22.0,19.4,2.6000000000000014,4.800000000000001,0.6000000000000014,4.199999999999999,1,15,1,10.0,-465.0,380.0
2021_16_SF_TEN,2021-12-23,TEN,SF,1,3.0,16.4,19.6,-3.200000000000003,28.8,20.4,8.400000000000002,-12.400000000000002,-0.7999999999999972,-11.600000000000005,1,16,0,-3.5,154.0,-171.0
2021_16_CLE_GB,2021-12-25,GB,CLE,1,2.0,32.0,24.4,7.600000000000001,13.6,21.8,-8.200000000000001,18.4,2.599999999999998,15.800000000000002,1,16,0,7.5,-430.0,343.0
2021_16_IND_ARI,2021-12-25,ARI,IND,0,-6.0,20.2,25.8,-5.600000000000001,30.6,17.4,13.200000000000003,-10.400000000000002,8.400000000000002,-18.800000000000004,1,16,0,3.0,-161.0,143.0
2021_16_WAS_DAL,2021-12-26,DAL,WAS,1,42.0,23.4,19.6,3.799999999999997,19.6,21.0,-1.3999999999999986,3.799999999999997,-1.3999999999999986,5.199999999999996,1,16,1,10.5,-457.0,367.0
2021_16_DEN_LV,2021-12-26,LV,DEN,1,4.0,17.8,28.8,-11.0,19.6,18.0,1.6000000000000014,-1.8000000000000007,10.8,-12.600000000000001,1,16,1,-1.0,-102.0,-109.0
2021_16_PIT_KC,2021-12-26,KC,PIT,1,26.0,32.8,13.8,18.999999999999996,22.8,30.0,-7.199999999999999,9.999999999999996,-16.2,26.199999999999996,1,16,0,10.5,-400.0,328.0
2021_16_NYG_PHI,2021-12-26,PHI,NYG,1,24.0,27.4,18.0,9.399999999999999,11.8,23.0,-11.2,15.599999999999998,-5.0,20.599999999999998,1,16,1,11.0,-529.0,416.0
2021_16_JAX_NYJ,2021-12-26,NYJ,JAX,1,5.0,17.8,26.4,-8.599999999999998,9.4,27.6,-18.200000000000003,8.4,-1.2000000000000028,9.600000000000005,1,16,0,2.5,-125.0,114.0
2021_16_CHI_SEA,2021-12-26,SEA,CHI,0,-1.0,20.2,19.2,1.0,18.0,25.0,-7.0,2.1999999999999993,-5.800000000000001,8.0,1,16,0,7.0,-313.0,268.0
2021_16_LA_MIN,2021-12-26,MIN,LA,0,-7.0,28.0,26.2,1.8000000000000007,25.0,21.4,3.6000000000000014,3.0,4.800000000000001,-1.8000000000000007,1,16,0,-3.5,158.0,-177.0
2021_16_LAC_HOU,2021-12-26,HOU,LAC,1,12.0,15.8,22.8,-7.0,32.0,28.4,3.6000000000000014,-16.2,-5.599999999999998,-10.600000000000001,1,16,0,-13.5,500.0,-661.0
2021_16_BAL_CIN,2021-12-26,CIN,BAL,1,20.0,26.6,20.0,6.600000000000001,20.6,19.6,1.0,6.0,0.3999999999999986,5.600000000000001,1,16,1,7.5,-369.0,306.0
2021_16_TB_CAR,2021-12-26,CAR,TB,0,-26.0,20.0,26.0,-6.0,26.2,18.8,7.399999999999999,-6.199999999999999,7.199999999999999,-13.399999999999999,1,16,1,-11.5,399.0,-503.0
2021_16_DET_ATL,2021-12-26,ATL,DET,1,4.0,16.0,24.2,-8.2,18.6,21.2,-2.599999999999998,-2.6000000000000014,3.0,-5.600000000000001,1,16,0,7.5,-373.0,309.0
2021_16_BUF_NE,2021-12-26,NE,BUF,0,-12.0,27.4,11.4,15.999999999999998,22.8,21.6,1.1999999999999993,4.599999999999998,-10.200000000000001,14.799999999999999,1,16,1,1.0,-114.0,102.0
2021_16_MIA_NO,2021-12-27,NO,MIA,0,-17.0,18.2,21.4,-3.1999999999999993,26.0,14.0,12.0,-7.800000000000001,7.399999999999999,-15.2,1,16,0,-3.0,143.0,-160.0
2021_17_PHI_WAS,2022-01-02,WAS,PHI,0,-4.0,17.0,28.0,-11.0,28.2,17.4,10.8,-11.2,10.600000000000001,-21.8,1,17,1,-6.5,206.0,-238.0
2021_17_DET_SEA,2022-01-02,SEA,DET,1,22.0,22.4,19.6,2.799999999999997,19.8,22.6,-2.8000000000000007,2.599999999999998,-3.0,5.599999999999998,1,17,0,8.5,-399.0,327.0
2021_17_CAR_NO,2022-01-02,NO,CAR,1,8.0,13.0,17.4,-4.399999999999999,14.4,30.4,-15.999999999999998,-1.4000000000000004,-13.0,11.6,1,17,1,7.0,-279.0,238.0
2021_17_MIN_GB,2022-01-02,GB,MIN,1,27.0,33.4,28.8,4.599999999999998,25.8,26.0,-0.1999999999999993,7.599999999999998,2.8000000000000007,4.799999999999997,1,17,1,13.0,-702.0,525.0
2021_17_HOU_SF,2022-01-02,SF,HOU,1,16.0,26.2,22.4,3.8000000000000007,19.6,26.0,-6.399999999999999,6.599999999999998,-3.6000000000000014,10.2,1,17,0,14.0,-602.0,463.0
2021_17_DEN_LAC,2022-01-02,LAC,DEN,1,21.0,29.6,29.2,0.40000000000000213,19.6,15.4,4.200000000000001,10.0,13.799999999999999,-3.799999999999999,1,17,1,8.0,-340.0,285.0
2021_17_MIA_TEN,2022-01-02,TEN,MIA,1,31.0,15.8,18.8,-3.0,25.6,12.6,13.000000000000002,-9.8,6.200000000000001,-16.0,1,17,0,3.0,-170.0,151.0
2021_17_ARI_DAL,2022-01-02,DAL,ARI,0,-3.0,32.8,18.6,14.199999999999996,21.4,23.4,-2.0,11.399999999999999,-4.799999999999997,16.199999999999996,1,17,0,6.5,-262.0,225.0
2021_17_JAX_NE,2022-01-02,NE,JAX,1,40.0,22.6,16.6,6.0,11.6,26.8,-15.200000000000001,11.000000000000002,-10.2,21.200000000000003,1,17,0,17.5,-1056.0,727.0
2021_17_LA_BAL,2022-01-02,BAL,LA,0,-1.0,21.6,25.2,-3.599999999999998,29.0,19.8,9.2,-7.399999999999999,5.399999999999999,-12.799999999999997,1,17,0,-7.0,264.0,-313.0
2021_17_ATL_BUF,2022-01-02,BUF,ATL,1,14.0,26.4,17.6,8.799999999999997,20.0,22.4,-2.3999999999999986,6.399999999999999,-4.799999999999997,11.199999999999996,1,17,0,14.0,-871.0,625.0
2021_17_TB_NYJ,2022-01-02,NYJ,TB,0,-4.0,19.6,25.8,-6.199999999999999,26.6,18.0,8.600000000000001,-7.0,7.800000000000001,-14.8,1,17,0,-14.5,623.0,-868.0
2021_17_KC_CIN,2022-01-02,CIN,KC,1,3.0,28.4,21.6,6.799999999999997,31.8,13.0,18.8,-3.400000000000002,8.600000000000001,-12.000000000000004,1,17,0,-3.5,157.0,-178.0
2021_17_LV_IND,2022-01-02,IND,LV,0,-3.0,30.4,17.2,13.2,18.6,25.0,-6.399999999999999,11.799999999999997,-7.800000000000001,19.599999999999998,1,17,0,8.5,-397.0,325.0
2021_17_NYG_CHI,2022-01-02,CHI,NYG,1,26.0,20.4,26.6,-6.200000000000003,11.8,23.8,-12.0,8.599999999999998,2.8000000000000007,5.799999999999997,1,17,0,7.0,-287.0,245.0
2021_17_CLE_PIT,2022-01-03,PIT,CLE,1,12.0,17.4,29.0,-11.600000000000001,16.6,17.6,-1.0,0.7999999999999972,11.399999999999999,-10.600000000000001,1,17,1,-1.0,105.0,-117.0
2021_18_KC_DEN,2022-01-08,DEN,KC,0,-4.0,16.6,19.6,-3.0,34.2,18.0,16.200000000000003,-17.6,1.6000000000000014,-19.200000000000003,1,18,1,-11.5,435.0,-600.0
2021_18_DAL_PHI,2022-01-08,PHI,DAL,0,-25.0,24.2,14.8,9.399999999999999,30.6,16.4,14.200000000000003,-6.400000000000002,-1.5999999999999979,-4.800000000000004,1,18,1,-6.5,235.0,-300.0
2021_18_LAC_LV,2022-01-09,LV,LAC,1,3.0,16.0,22.4,-6.399999999999999,33.8,26.2,7.599999999999998,-17.799999999999997,-3.8000000000000007,-13.999999999999996,1,18,1,-3.5,155.0,-180.0
2021_18_CAR_TB,2022-01-09,TB,CAR,1,24.0,24.6,16.6,8.0,12.2,28.6,-16.400000000000002,12.400000000000002,-12.0,24.400000000000002,1,18,1,11.0,-510.0,375.0
2021_18_NE_MIA,2022-01-09,MIA,NE,1,9.0,21.4,16.0,5.399999999999999,27.6,18.6,9.0,-6.200000000000003,-2.6000000000000014,-3.6000000000000014,1,18,1,-6.0,200.0,-250.0
2021_18_SF_LA,2022-01-09,LA,SF,0,-3.0,27.4,16.4,11.0,24.0,18.6,5.399999999999999,3.3999999999999986,-2.200000000000003,5.600000000000001,1,18,1,3.0,-170.0,150.0
2021_18_NYJ_BUF,2022-01-09,BUF,NYJ,1,17.0,26.0,19.4,6.600000000000001,20.2,28.6,-8.400000000000002,5.800000000000001,-9.200000000000003,15.000000000000004,1,18,1,16.0,-1250.0,750.0
2021_18_NO_ATL,2022-01-09,ATL,NO,0,-10.0,18.8,25.4,-6.599999999999998,15.4,13.2,2.200000000000001,3.4000000000000004,12.2,-8.799999999999999,1,18,1,-4.5,186.0,-213.0
2021_18_SEA_ARI,2022-01-09,ARI,SEA,0,-8.0,21.8,25.2,-3.3999999999999986,29.6,22.0,7.600000000000001,-7.800000000000001,3.1999999999999993,-11.0,1,18,1,5.5,-235.0,190.0
2021_18_CHI_MIN,2022-01-09,MIN,CHI,1,14.0,22.6,26.6,-4.0,23.0,24.4,-1.3999999999999986,-0.3999999999999986,2.200000000000003,-2.6000000000000014,1,18,1,3.5,-190.0,160.0
2021_18_IND_JAX,2022-01-09,JAX,IND,1,15.0,10.8,32.6,-21.8,26.2,18.8,7.399999999999999,-15.399999999999999,13.8,-29.2,1,18,1,-14.0,650.0,-1000.0
2021_18_GB_DET,2022-01-09,DET,GB,1,7.0,22.8,29.6,-6.800000000000001,34.6,24.0,10.600000000000001,-11.8,5.600000000000001,-17.400000000000002,1,18,1,-4.0,165.0,-195.0
2021_18_CIN_CLE,2022-01-09,CLE,CIN,1,5.0,16.8,20.8,-4.0,27.0,25.8,1.1999999999999993,-10.2,-5.0,-5.199999999999999,1,18,1,6.5,-265.0,215.0
2021_18_PIT_BAL,2022-01-09,BAL,PIT,0,-3.0,22.2,27.2,-5.0,20.6,23.6,-3.0,1.5999999999999979,3.599999999999998,-2.0,1,18,1,3.0,-155.0,135.0
2021_18_WAS_NYG,2022-01-09,NYG,WAS,0,-15.0,9.8,28.2,-18.4,16.8,29.0,-12.2,-7.0,-0.8000000000000007,-6.199999999999999,1,18,1,-6.0,206.0,-238.0
2021_18_TEN_HOU,2022-01-09,HOU,TEN,0,-3.0,18.2,26.4,-8.2,20.0,15.0,5.0,-1.8000000000000007,11.399999999999999,-13.2,1,18,1,-10.5,410.0,-575.0
2021_19_NE_BUF,2022-01-15,BUF,NE,1,30.0,29.4,18.6,10.799999999999997,25.2,22.6,2.599999999999998,4.199999999999999,-4.0,8.2,1,19,1,4.5,-207.0,181.0
2021_19_LV_CIN,2022-01-15,CIN,LV,1,7.0,25.8,21.8,4.0,20.0,25.4,-5.399999999999999,5.800000000000001,-3.599999999999998,9.399999999999999,1,19,0,6.0,-248.0,214.0
2021_19_PIT_KC,2022-01-16,KC,PIT,1,21.0,35.4,21.0,14.399999999999999,19.8,22.4,-2.599999999999998,15.599999999999998,-1.3999999999999986,16.999999999999996,1,19,0,13.0,-697.0,522.0
2021_19_PHI_TB,2022-01-16,TB,PHI,1,16.0,26.8,16.6,10.2,28.0,22.4,5.600000000000001,-1.1999999999999993,-5.799999999999997,4.599999999999998,1,19,0,7.5,-352.0,293.0
2021_19_SF_DAL,2022-01-16,DAL,SF,0,-6.0,35.4,18.2,17.2,24.8,17.4,7.400000000000002,10.599999999999998,0.8000000000000007,9.799999999999997,1,19,0,3.0,-162.0,144.0
2021_19_ARI_LA,2022-01-17,LA,ARI,1,23.0,24.8,20.4,4.400000000000002,21.2,28.4,-7.199999999999999,3.6000000000000014,-8.0,11.600000000000001,1,19,1,4.0,-179.0,158.0
2021_20_CIN_TEN,2022-01-22,TEN,CIN,0,-3.0,23.0,12.8,10.2,26.4,20.4,6.0,-3.3999999999999986,-7.599999999999998,4.199999999999999,1,20,0,4.0,-191.0,170.0
2021_20_SF_GB,2022-01-22,GB,SF,0,-3.0,33.4,25.8,7.599999999999998,24.2,16.2,8.0,9.2,9.600000000000001,-0.40000000000000213,1,20,0,5.5,-261.0,228.0
2021_20_LA_TB,2022-01-23,TB,LA,0,-3.0,26.4,14.2,12.2,25.6,18.0,7.600000000000001,0.7999999999999972,-3.8000000000000007,4.599999999999998,1,20,0,2.5,-145.0,131.0
2021_20_BUF_KC,2022-01-23,KC,BUF,1,6.0,34.2,23.4,10.800000000000004,33.4,15.4,18.0,0.8000000000000043,7.999999999999998,-7.199999999999996,1,20,0,2.5,-138.0,124.0
2021_21_CIN_KC,2022-01-30,KC,CIN,0,-3.0,35.8,25.0,10.799999999999997,27.2,21.6,5.599999999999998,8.599999999999998,3.3999999999999986,5.199999999999999,1,21,0,7.0,-320.0,250.0
2021_21_SF_LA,2022-01-30,LA,SF,1,3.0,27.6,21.4,6.200000000000003,20.6,15.6,5.000000000000002,7.0,5.799999999999999,1.200000000000001,1,21,1,3.5,-180.0,155.0
2021_22_LA_CIN,2022-02-13,CIN,LA,0,-3.0,24.4,22.2,2.1999999999999993,25.6,20.2,5.400000000000002,-1.2000000000000028,2.0,-3.200000000000003,1,22,0,-4.5,160.0,-190.0
2022_01_BUF_LA,2022-09-08,LA,BUF,0,-21.0,26.2,20.4,5.800000000000001,34.4,21.0,13.399999999999999,-8.2,-0.6000000000000014,-7.599999999999998,1,1,0,-1.0,106.0,-117.0
2022_01_KC_ARI,2022-09-11,ARI,KC,0,-23.0,18.8,29.2,-10.399999999999999,33.4,28.4,5.0,-14.599999999999998,0.8000000000000007,-15.399999999999999,1,1,0,-6.0,221.0,-252.0
2022_01_LV_LAC,2022-09-11,LAC,LV,1,5.0,32.0,28.8,3.1999999999999993,22.0,21.0,1.0,10.0,7.800000000000001,2.1999999999999993,1,1,1,3.5,-180.0,161.0
2022_01_TB_DAL,2022-09-11,DAL,TB,0,-16.0,33.4,18.8,14.599999999999998,31.8,18.4,13.400000000000002,1.5999999999999979,0.40000000000000213,1.1999999999999957,1,1,0,-2.5,120.0,-133.0
2022_01_NYG_TEN,2022-09-11,TEN,NYG,0,-1.0,22.2,16.6,5.599999999999998,9.4,28.6,-19.200000000000003,12.799999999999999,-12.0,24.8,1,1,0,5.5,-239.0,209.0
2022_01_JAX_WAS,2022-09-11,WAS,JAX,1,6.0,17.8,27.4,-9.599999999999998,14.6,27.4,-12.799999999999999,3.200000000000001,0.0,3.200000000000001,1,1,0,3.0,-159.0,143.0
2022_01_GB_MIN,2022-09-11,MIN,GB,1,16.0,23.4,24.2,-0.8000000000000007,26.4,22.4,4.0,-3.0,1.8000000000000007,-4.800000000000001,1,1,1,2.5,-125.0,113.0
2022_01_BAL_NYJ,2022-09-11,NYJ,BAL,0,-15.0,18.6,27.4,-8.799999999999997,21.0,26.4,-5.399999999999999,-2.3999999999999986,1.0,-3.3999999999999986,1,1,0,-6.5,231.0,-265.0
2022_01_SF_CHI,2022-09-11,CHI,SF,1,9.0,22.0,24.0,-2.0,20.6,15.6,5.000000000000002,1.3999999999999986,8.4,-7.000000000000002,1,1,0,-6.5,217.0,-248.0
2022_01_IND_HOU,2022-09-11,HOU,IND,0,0.0,23.2,25.8,-2.6000000000000014,22.2,16.4,5.800000000000001,1.0,9.400000000000002,-8.400000000000002,1,1,1,-7.0,250.0,-290.0
2022_01_PHI_DET,2022-09-11,DET,PHI,0,-3.0,24.4,30.2,-5.800000000000001,24.4,25.0,-0.6000000000000014,0.0,5.199999999999999,-5.199999999999999,1,1,0,-6.0,211.0,-240.0
2022_01_PIT_CIN,2022-09-11,CIN,PIT,0,-3.0,21.6,20.6,1.0,18.4,23.6,-5.200000000000003,3.200000000000003,-3.0,6.200000000000003,1,1,1,7.5,-308.0,264.0
2022_01_CLE_CAR,2022-09-11,CAR,CLE,0,-2.0,13.6,30.2,-16.6,19.0,20.8,-1.8000000000000007,-5.4,9.399999999999999,-14.8,1,1,0,2.5,-125.0,114.0
2022_01_NO_ATL,2022-09-11,ATL,NO,0,-1.0,19.4,25.4,-6.0,18.0,11.8,6.199999999999999,1.3999999999999986,13.599999999999998,-12.2,1,1,1,-6.0,201.0,-228.0
2022_01_NE_MIA,2022-09-11,MIA,NE,1,13.0,21.4,18.8,2.599999999999998,25.8,30.0,-4.199999999999999,-4.400000000000002,-11.2,6.799999999999997,1,1,1,3.0,-155.0,140.0
2022_01_DEN_SEA,2022-09-12,SEA,DEN,1,1.0,31.2,23.4,7.800000000000001,19.6,20.8,-1.1999999999999993,11.599999999999998,2.599999999999998,9.0,1,1,0,-6.0,221.0,-253.0
2022_02_LAC_KC,2022-09-15,KC,LAC,1,3.0,36.0,25.8,10.2,29.4,28.4,1.0,6.600000000000001,-2.599999999999998,9.2,1,2,1,4.0,-188.0,167.0
2022_02_MIA_BAL,2022-09-18,BAL,MIA,0,-4.0,21.4,23.4,-2.0,21.4,18.4,3.0,0.0,5.0,-5.0,1,2,0,3.0,-164.0,148.0
2022_02_CHI_GB,2022-09-18,GB,CHI,1,17.0,21.6,21.0,0.6000000000000014,19.8,17.0,2.8000000000000007,1.8000000000000007,4.0,-2.1999999999999993,1,2,1,10.5,-420.0,348.0
2022_02_ARI_LV,2022-09-18,LV,ARI,0,-6.0,22.6,23.0,-0.3999999999999986,20.6,32.0,-11.399999999999999,2.0,-9.0,11.0,1,2,0,5.5,-223.0,197.0
2022_02_CIN_DAL,2022-09-18,DAL,CIN,1,3.0,29.8,21.4,8.400000000000002,22.4,21.0,1.3999999999999986,7.400000000000002,0.3999999999999986,7.0000000000000036,1,2,0,-7.5,260.0,-303.0
2022_02_SEA_SF,2022-09-18,SF,SEA,1,20.0,18.0,18.0,0.0,28.0,24.0,4.0,-10.0,-6.0,-4.0,1,2,1,8.5,-379.0,318.0
2022_02_ATL_LA,2022-09-18,LA,ATL,1,4.0,23.4,21.2,2.1999999999999993,18.8,26.6,-7.800000000000001,4.599999999999998,-5.400000000000002,10.0,1,2,0,10.5,-473.0,385.0
2022_02_HOU_DEN,2022-09-18,DEN,HOU,1,7.0,15.2,22.2,-7.0,24.6,23.2,1.4000000000000021,-9.400000000000002,-1.0,-8.400000000000002,1,2,0,10.5,-481.0,391.0
2022_02_CAR_NYG,2022-09-18,NYG,CAR,1,3.0,9.4,25.2,-15.799999999999999,14.2,29.6,-15.400000000000002,-4.799999999999999,-4.400000000000002,-0.3999999999999968,1,2,0,-1.0,103.0,-114.0
2022_02_TB_NO,2022-09-18,NO,TB,0,-10.0,17.4,15.2,2.1999999999999993,29.2,17.8,11.399999999999999,-11.8,-2.6000000000000014,-9.2,1,2,1,-2.5,124.0,-138.0
2022_02_IND_JAX,2022-09-18,JAX,IND,1,24.0,19.0,29.0,-10.0,20.0,20.4,-0.3999999999999986,-1.0,8.600000000000001,-9.600000000000001,1,2,1,-3.0,142.0,-157.0
2022_02_WAS_DET,2022-09-18,DET,WAS,1,9.0,29.4,30.2,-0.8000000000000007,19.4,26.4,-7.0,10.0,3.8000000000000007,6.199999999999999,1,2,0,-1.0,103.0,-114.0
2022_02_NYJ_CLE,2022-09-18,CLE,NYJ,0,-1.0,19.4,21.2,-1.8000000000000007,18.6,26.2,-7.599999999999998,0.7999999999999972,-5.0,5.799999999999997,1,2,0,6.5,-235.0,207.0
2022_02_NE_PIT,2022-09-18,PIT,NE,0,-3.0,19.2,25.0,-5.800000000000001,23.8,28.6,-4.800000000000001,-4.600000000000001,-3.6000000000000014,-1.0,1,2,0,-3.0,135.0,-150.0
2022_02_TEN_BUF,2022-09-19,BUF,TEN,1,34.0,34.0,18.8,15.2,23.6,17.0,6.600000000000001,10.399999999999999,1.8000000000000007,8.599999999999998,1,2,0,10.0,-395.0,329.0
2022_02_MIN_PHI,2022-09-19,PHI,MIN,1,17.0,26.6,28.6,-2.0,20.8,20.0,0.8000000000000007,5.800000000000001,8.600000000000001,-2.8000000000000007,1,2,0,2.5,-141.0,127.0
2022_03_PIT_CLE,2022-09-22,CLE,PIT,1,12.0,22.6,24.2,-1.5999999999999979,20.0,21.2,-1.1999999999999993,2.6000000000000014,3.0,-0.3999999999999986,1,3,1,4.5,-206.0,183.0
2022_03_PHI_WAS,2022-09-25,WAS,PHI,0,-16.0,21.4,28.2,-6.800000000000001,24.6,28.0,-3.3999999999999986,-3.200000000000003,0.1999999999999993,-3.400000000000002,1,3,1,-6.0,210.0,-240.0
2022_03_SF_DEN,2022-09-25,DEN,SF,1,1.0,16.4,21.0,-4.600000000000001,18.0,14.6,3.4000000000000004,-1.6000000000000014,6.4,-8.000000000000002,1,3,0,-1.0,-101.0,-110.0
2022_03_GB_TB,2022-09-25,TB,GB,0,-2.0,27.6,15.0,12.600000000000001,22.2,18.6,3.599999999999998,5.400000000000002,-3.6000000000000014,9.000000000000004,1,3,0,1.0,-123.0,112.0
2022_03_LA_ARI,2022-09-25,ARI,LA,0,-8.0,23.2,32.2,-9.000000000000004,22.8,24.4,-1.5999999999999979,0.3999999999999986,7.800000000000004,-7.400000000000006,1,3,1,-3.5,153.0,-171.0
2022_03_JAX_LAC,2022-09-25,LAC,JAX,0,-28.0,28.6,27.0,1.6000000000000014,20.6,23.0,-2.3999999999999986,8.0,4.0,4.0,1,3,0,6.5,-252.0,220.0
2022_03_LV_TEN,2022-09-25,TEN,LV,1,2.0,21.0,21.8,-0.8000000000000007,23.8,26.2,-2.3999999999999986,-2.8000000000000007,-4.399999999999999,1.5999999999999979,1,3,0,-1.5,117.0,-130.0
2022_03_ATL_SEA,2022-09-25,SEA,ATL,0,-4.0,27.4,25.4,2.0,21.6,26.6,-5.0,5.799999999999997,-1.2000000000000028,7.0,1,3,0,1.0,-106.0,-104.0
2022_03_BAL_NE,2022-09-25,NE,BAL,0,-11.0,23.0,24.8,-1.8000000000000007,23.0,25.6,-2.6000000000000014,0.0,-0.8000000000000007,0.8000000000000007,1,3,0,-2.5,129.0,-143.0
2022_03_DET_MIN,2022-09-25,MIN,DET,1,4.0,18.8,23.0,-4.199999999999999,30.6,33.2,-2.6000000000000014,-11.8,-10.200000000000003,-1.5999999999999979,1,3,1,6.5,-266.0,232.0
2022_03_BUF_MIA,2022-09-25,MIA,BUF,1,2.0,23.6,21.2,2.400000000000002,36.4,17.2,19.2,-12.799999999999997,4.0,-16.799999999999997,1,3,1,-4.0,175.0,-196.0
2022_03_KC_IND,2022-09-25,IND,KC,1,3.0,14.6,21.8,-7.200000000000001,35.8,25.8,9.999999999999996,-21.199999999999996,-4.0,-17.199999999999996,1,3,0,-4.5,177.0,-199.0
2022_03_HOU_CHI,2022-09-25,CHI,HOU,1,3.0,20.0,19.0,1.0,20.4,23.2,-2.8000000000000007,-0.3999999999999986,-4.199999999999999,3.8000000000000007,1,3,0,3.0,-156.0,141.0
2022_03_NO_CAR,2022-09-25,CAR,NO,1,8.0,14.6,27.2,-12.6,17.6,19.2,-1.5999999999999979,-3.0000000000000018,8.0,-11.000000000000002,1,3,1,-2.0,112.0,-123.0
2022_03_CIN_NYJ,2022-09-25,NYJ,CIN,0,-15.0,20.0,26.0,-6.0,20.6,21.2,-0.5999999999999979,-0.6000000000000014,4.800000000000001,-5.400000000000002,1,3,0,-6.5,220.0,-247.0
2022_03_DAL_NYG,2022-09-26,NYG,DAL,0,-7.0,12.0,24.2,-12.2,22.6,22.0,0.6000000000000014,-10.600000000000001,2.1999999999999993,-12.8,1,3,1,1.0,-120.0,109.0
2022_04_MIA_CIN,2022-09-29,CIN,MIA,1,12.0,22.2,20.4,1.8000000000000007,23.8,24.4,-0.5999999999999979,-1.6000000000000014,-4.0,2.3999999999999986,1,4,0,4.0,-190.0,169.0
2022_04_KC_TB,2022-10-02,TB,KC,0,-10.0,21.8,14.4,7.4,30.8,25.6,5.199999999999999,-9.0,-11.200000000000001,2.200000000000001,1,4,0,1.0,-125.0,113.0
2022_04_DEN_LV,2022-10-02,LV,DEN,1,9.0,23.6,27.0,-3.3999999999999986,16.0,19.6,-3.6000000000000014,7.600000000000001,7.399999999999999,0.20000000000000284,1,4,1,2.5,-137.0,124.0
2022_04_NE_GB,2022-10-02,GB,NE,1,3.0,17.6,19.0,-1.3999999999999986,18.2,30.2,-12.0,-0.5999999999999979,-11.2,10.600000000000001,1,4,0,10.0,-435.0,358.0
2022_04_ARI_CAR,2022-10-02,CAR,ARI,0,-10.0,17.8,23.6,-5.800000000000001,20.6,31.8,-11.2,-2.8000000000000007,-8.2,5.399999999999999,1,4,0,1.0,-113.0,102.0
2022_04_NYJ_PIT,2022-10-02,PIT,NYJ,0,-4.0,18.2,24.2,-6.0,17.2,27.2,-10.0,1.0,-3.0,4.0,1,4,0,3.0,-161.0,145.0
2022_04_JAX_PHI,2022-10-02,PHI,JAX,1,8.0,25.4,26.4,-1.0,24.0,19.8,4.199999999999999,1.3999999999999986,6.599999999999998,-5.199999999999999,1,4,0,6.5,-256.0,223.0
2022_04_CHI_NYG,2022-10-02,NYG,CHI,1,8.0,13.2,22.0,-8.8,19.6,18.2,1.4000000000000021,-6.400000000000002,3.8000000000000007,-10.200000000000003,1,4,0,3.0,-144.0,130.0
2022_04_TEN_IND,2022-10-02,IND,TEN,0,-7.0,14.2,22.0,-7.800000000000001,19.0,25.6,-6.600000000000001,-4.800000000000001,-3.6000000000000014,-1.1999999999999993,1,4,1,4.5,-205.0,182.0
2022_04_SEA_DET,2022-10-02,DET,SEA,0,-3.0,32.2,34.8,-2.5999999999999943,27.2,25.8,1.3999999999999986,5.0000000000000036,8.999999999999996,-3.999999999999993,1,4,0,3.0,-169.0,151.0
2022_04_WAS_DAL,2022-10-02,DAL,WAS,1,15.0,22.8,20.2,2.6000000000000014,20.2,21.8,-1.6000000000000014,2.6000000000000014,-1.6000000000000014,4.200000000000003,1,4,1,3.0,-155.0,140.0
2022_04_BUF_BAL,2022-10-02,BAL,BUF,0,-3.0,26.2,22.6,3.599999999999998,34.8,19.4,15.399999999999999,-8.599999999999998,3.200000000000003,-11.8,1,4,0,-3.0,154.0,-172.0
2022_04_CLE_ATL,2022-10-02,ATL,CLE,1,3.0,23.0,28.0,-5.0,24.0,22.8,1.1999999999999993,-1.0,5.199999999999999,-6.199999999999999,1,4,0,-1.0,-103.0,-107.0
2022_04_MIN_NO,2022-10-02,NO,MIN,0,-3.0,19.8,19.6,0.1999999999999993,19.8,21.8,-2.0,0.0,-2.1999999999999993,2.1999999999999993,1,4,0,-4.0,177.0,-199.0
2022_04_LAC_HOU,2022-10-02,HOU,LAC,0,-10.0,16.2,22.0,-5.800000000000001,24.8,26.4,-1.5999999999999979,-8.600000000000001,-4.399999999999999,-4.200000000000003,1,4,0,-5.5,205.0,-234.0
2022_04_LA_SF,2022-10-03,SF,LA,1,15.0,15.4,13.4,2.0,20.8,21.4,-0.5999999999999979,-5.4,-7.999999999999998,2.599999999999998,1,4,1,1.0,-124.0,112.0
2022_05_IND_DEN,2022-10-06,DEN,IND,0,-3.0,18.0,19.2,-1.1999999999999993,13.6,22.2,-8.6,4.4,-3.0,7.4,1,5,0,3.5,-178.0,159.0
2022_05_ATL_TB,2022-10-09,TB,ATL,1,6.0,21.8,19.6,2.1999999999999993,24.6,26.2,-1.5999999999999979,-2.8000000000000007,-6.599999999999998,3.799999999999997,1,5,1,10.5,-430.0,355.0
2022_05_CIN_BAL,2022-10-09,BAL,CIN,1,2.0,26.4,23.2,3.1999999999999993,22.2,18.6,3.599999999999998,4.199999999999999,4.599999999999998,-0.3999999999999986,1,5,1,3.0,-168.0,151.0
2022_05_DAL_LA,2022-10-09,LA,DAL,0,-12.0,18.6,22.8,-4.199999999999999,17.6,17.0,0.6000000000000014,1.0,5.800000000000001,-4.800000000000001,1,5,0,5.5,-220.0,195.0
2022_05_PHI_ARI,2022-10-09,ARI,PHI,0,-3.0,19.8,27.4,-7.599999999999998,26.0,20.4,5.600000000000001,-6.199999999999999,7.0,-13.2,1,5,0,-5.5,196.0,-222.0
2022_05_SF_CAR,2022-10-09,CAR,SF,0,-22.0,19.0,25.2,-6.199999999999999,17.6,13.2,4.400000000000002,1.3999999999999986,12.0,-10.600000000000001,1,5,0,-6.0,206.0,-234.0
2022_05_TEN_WAS,2022-10-09,WAS,TEN,0,-4.0,19.0,22.8,-3.8000000000000007,18.2,24.0,-5.800000000000001,0.8000000000000007,-1.1999999999999993,2.0,1,5,0,-1.0,-100.0,-110.0
2022_05_MIA_NYJ,2022-10-09,NYJ,MIA,1,23.0,17.2,25.6,-8.400000000000002,26.2,23.0,3.1999999999999993,-9.0,2.6000000000000014,-11.600000000000001,1,5,1,-3.0,146.0,-162.0
2022_05_CHI_MIN,2022-10-09,MIN,CHI,1,7.0,23.4,19.4,4.0,16.2,21.6,-5.400000000000002,7.199999999999999,-2.200000000000003,9.400000000000002,1,5,1,10.0,-385.0,322.0
2022_05_DET_NE,2022-10-09,NE,DET,1,29.0,18.2,29.0,-10.8,35.4,34.2,1.1999999999999957,-17.2,-5.200000000000003,-11.999999999999996,1,5,0,3.0,-148.0,133.0
2022_05_SEA_NO,2022-10-09,NO,SEA,1,7.0,21.2,23.2,-2.0,26.6,29.0,-2.3999999999999986,-5.400000000000002,-5.800000000000001,0.3999999999999986,1,5,0,5.5,-229.0,201.0
2022_05_HOU_JAX,2022-10-09,JAX,HOU,0,-7.0,26.2,15.6,10.6,19.6,24.2,-4.599999999999998,6.599999999999998,-8.6,15.199999999999998,1,5,1,7.0,-304.0,261.0
2022_05_LAC_CLE,2022-10-09,CLE,LAC,0,-2.0,25.2,22.2,3.0,24.8,28.6,-3.8000000000000007,0.3999999999999986,-6.400000000000002,6.800000000000001,1,5,0,-1.0,103.0,-114.0
2022_05_PIT_BUF,2022-10-09,BUF,PIT,1,35.0,30.0,20.0,10.0,19.0,26.4,-7.399999999999999,11.0,-6.399999999999999,17.4,1,5,0,14.0,-749.0,568.0
2022_05_NYG_GB,2022-10-09,GB,NYG,0,-5.0,17.0,16.4,0.6000000000000014,16.6,18.6,-2.0,0.3999999999999986,-2.200000000000003,2.6000000000000014,1,5,0,8.5,-397.0,331.0
2022_05_LV_KC,2022-10-10,KC,LV,1,1.0,30.6,24.6,6.0,23.0,25.2,-2.1999999999999993,7.600000000000001,-0.5999999999999979,8.2,1,5,1,7.5,-321.0,275.0
2022_06_WAS_CHI,2022-10-13,CHI,WAS,0,-5.0,17.2,21.2,-4.0,18.0,25.6,-7.600000000000001,-0.8000000000000007,-4.400000000000002,3.6000000000000014,1,6,0,-1.0,109.0,-120.0
2022_06_DAL_PHI,2022-10-16,PHI,DAL,1,9.0,27.0,17.6,9.399999999999999,18.6,14.4,4.200000000000001,8.399999999999999,3.200000000000001,5.1999999999999975,1,6,1,6.5,-292.0,252.0
2022_06_BUF_KC,2022-10-16,KC,BUF,0,-4.0,31.8,25.0,6.800000000000001,30.4,12.2,18.2,1.4000000000000021,12.8,-11.399999999999999,1,6,0,-2.5,132.0,-146.0
2022_06_ARI_SEA,2022-10-16,SEA,ARI,1,10.0,25.4,30.8,-5.400000000000002,21.0,24.6,-3.6000000000000014,4.399999999999999,6.199999999999999,-1.8000000000000007,1,6,1,-2.5,123.0,-136.0
2022_06_CAR_LA,2022-10-16,LA,CAR,1,14.0,16.0,23.2,-7.199999999999999,18.6,24.4,-5.799999999999997,-2.6000000000000014,-1.1999999999999993,-1.4000000000000021,1,6,0,10.0,-413.0,343.0
2022_06_TB_PIT,2022-10-16,PIT,TB,1,2.0,15.4,25.6,-10.200000000000001,20.6,16.6,4.0,-5.200000000000001,9.0,-14.200000000000001,1,6,0,-10.0,323.0,-386.0
2022_06_BAL_NYG,2022-10-16,NYG,BAL,1,4.0,20.6,18.6,2.0,27.6,23.4,4.200000000000003,-7.0,-4.799999999999997,-2.200000000000003,1,6,0,-5.5,206.0,-234.0
2022_06_CIN_NO,2022-10-16,NO,CIN,0,-4.0,23.0,25.6,-2.6000000000000014,21.6,17.8,3.8000000000000007,1.3999999999999986,7.800000000000001,-6.400000000000002,1,6,0,-3.0,148.0,-164.0
2022_06_MIN_MIA,2022-10-16,MIA,MIN,0,-8.0,23.0,26.2,-3.1999999999999993,23.0,20.4,2.6000000000000014,0.0,5.800000000000001,-5.800000000000001,1,6,0,-3.0,157.0,-175.0
2022_06_JAX_IND,2022-10-16,IND,JAX,1,7.0,13.8,18.8,-5.0,22.2,16.0,6.199999999999999,-8.399999999999999,2.8000000000000007,-11.2,1,6,1,1.0,-122.0,110.0
2022_06_NYJ_GB,2022-10-16,GB,NYJ,0,-17.0,19.4,19.2,0.1999999999999993,23.2,23.6,-0.40000000000000213,-3.8000000000000007,-4.400000000000002,0.6000000000000014,1,6,0,7.5,-362.0,305.0
2022_06_NE_CLE,2022-10-16,CLE,NE,0,-23.0,26.6,25.0,1.6000000000000014,20.6,19.6,1.0,6.0,5.399999999999999,0.6000000000000014,1,6,0,2.5,-140.0,127.0
2022_06_SF_ATL,2022-10-16,ATL,SF,1,14.0,23.6,24.4,-0.7999999999999972,21.6,12.2,9.400000000000002,2.0,12.2,-10.2,1,6,0,-3.5,166.0,-185.0
2022_06_DEN_LAC,2022-10-17,LAC,DEN,1,3.0,24.4,27.2,-2.8000000000000007,15.0,16.0,-1.0,9.399999999999999,11.2,-1.8000000000000007,1,6,1,3.5,-186.0,166.0
2022_07_NO_ARI,2022-10-20,ARI,NO,1,8.0,18.6,19.6,-1.0,22.8,26.4,-3.599999999999998,-4.199999999999999,-6.799999999999997,2.599999999999998,1,7,0,2.5,-140.0,126.0
2022_07_KC_SF,2022-10-23,SF,KC,0,-21.0,22.4,14.0,8.399999999999999,27.0,25.6,1.3999999999999986,-4.600000000000001,-11.600000000000001,7.0,1,7,0,-1.0,-104.0,-106.0
2022_07_SEA_LAC,2022-10-23,LAC,SEA,0,-14.0,23.4,26.6,-3.200000000000003,25.8,29.4,-3.599999999999998,-2.400000000000002,-2.799999999999997,0.399999999999995,1,7,0,5.5,-219.0,193.0
2022_07_PIT_MIA,2022-10-23,MIA,PIT,1,6.0,22.2,29.6,-7.400000000000002,14.8,25.2,-10.399999999999999,7.399999999999999,4.400000000000002,2.9999999999999964,1,7,0,7.5,-297.0,255.0
2022_07_HOU_LV,2022-10-23,LV,HOU,1,18.0,25.0,26.0,-1.0,17.2,19.8,-2.6000000000000014,7.800000000000001,6.199999999999999,1.6000000000000014,1,7,0,7.0,-325.0,278.0
2022_07_NYJ_DEN,2022-10-23,DEN,NYJ,0,-7.0,15.0,16.4,-1.3999999999999986,26.8,20.8,6.0,-11.8,-4.400000000000002,-7.399999999999999,1,7,0,-2.0,115.0,-127.0
2022_07_GB_WAS,2022-10-23,WAS,GB,1,2.0,14.8,22.6,-7.800000000000001,20.0,20.0,0.0,-5.199999999999999,2.6000000000000014,-7.800000000000001,1,7,0,-4.0,173.0,-195.0
2022_07_ATL_CIN,2022-10-23,CIN,ATL,1,18.0,23.6,18.4,5.200000000000003,24.0,21.8,2.1999999999999993,-0.3999999999999986,-3.400000000000002,3.0000000000000036,1,7,0,6.5,-271.0,235.0
2022_07_NYG_JAX,2022-10-23,JAX,NYG,0,-6.0,23.2,17.2,6.0,21.2,18.6,2.599999999999998,2.0,-1.4000000000000021,3.400000000000002,1,7,0,3.0,-165.0,148.0
2022_07_DET_DAL,2022-10-23,DAL,DET,1,18.0,21.4,15.8,5.599999999999998,28.0,34.0,-6.0,-6.600000000000001,-18.2,11.599999999999998,1,7,0,7.0,-278.0,241.0
2022_07_TB_CAR,2022-10-23,CAR,TB,1,18.0,15.8,24.0,-8.2,20.4,20.0,0.3999999999999986,-4.599999999999998,4.0,-8.599999999999998,1,7,1,-13.0,524.0,-680.0
2022_07_CLE_BAL,2022-10-23,BAL,CLE,1,3.0,26.8,26.4,0.40000000000000213,24.4,27.8,-3.400000000000002,2.400000000000002,-1.4000000000000021,3.8000000000000043,1,7,1,6.5,-282.0,244.0
2022_07_IND_TEN,2022-10-23,TEN,IND,1,9.0,19.2,23.6,-4.400000000000002,16.6,20.2,-3.599999999999998,2.599999999999998,3.400000000000002,-0.8000000000000043,1,7,1,2.5,-143.0,129.0
2022_07_CHI_NE,2022-10-24,NE,CHI,0,-19.0,26.8,18.6,8.2,14.8,21.6,-6.800000000000001,12.0,-3.0,15.0,1,7,0,9.5,-392.0,327.0
2022_08_BAL_TB,2022-10-27,TB,BAL,0,-5.0,17.0,22.2,-5.199999999999999,23.8,22.0,1.8000000000000007,-6.800000000000001,0.1999999999999993,-7.0,1,8,0,2.0,-128.0,116.0
2022_08_NYG_SEA,2022-10-30,SEA,NYG,1,14.0,31.8,28.6,3.1999999999999993,22.0,18.8,3.1999999999999993,9.8,9.8,0.0,1,8,0,3.0,-164.0,147.0
2022_08_SF_LA,2022-10-30,LA,SF,0,-17.0,18.8,19.0,-0.1999999999999993,21.6,21.4,0.20000000000000284,-2.8000000000000007,-2.3999999999999986,-0.40000000000000213,1,8,1,-1.0,-106.0,-104.0
2022_08_WAS_IND,2022-10-30,IND,WAS,0,-1.0,18.6,19.2,-0.5999999999999979,14.0,19.6,-5.600000000000001,4.600000000000001,-0.40000000000000213,5.0000000000000036,1,8,0,3.0,-151.0,136.0
2022_08_TEN_HOU,2022-10-30,HOU,TEN,0,-7.0,17.2,23.4,-6.199999999999999,19.0,21.4,-2.3999999999999986,-1.8000000000000007,2.0,-3.8000000000000007,1,8,1,-1.0,104.0,-115.0
2022_08_PIT_PHI,2022-10-30,PHI,PIT,1,22.0,24.6,14.0,10.600000000000001,14.0,25.0,-11.0,10.600000000000001,-11.0,21.6,1,8,0,11.0,-490.0,397.0
2022_08_NE_NYJ,2022-10-30,NYJ,NE,0,-5.0,23.8,16.6,7.199999999999999,26.2,22.4,3.8000000000000007,-2.3999999999999986,-5.799999999999997,3.3999999999999986,1,8,1,-3.0,140.0,-155.0
2022_08_MIA_DET,2022-10-30,DET,MIA,0,-4.0,22.2,31.2,-9.0,17.0,24.0,-7.0,5.199999999999999,7.199999999999999,-2.0,1,8,0,-3.5,169.0,-190.0
2022_08_ARI_MIN,2022-10-30,MIN,ARI,1,8.0,23.2,22.2,1.0,21.2,21.8,-0.6000000000000014,2.0,0.3999999999999986,1.6000000000000014,1,8,0,4.0,-199.0,177.0
2022_08_CHI_DAL,2022-10-30,DAL,CHI,1,20.0,22.2,13.6,8.6,19.4,19.0,0.3999999999999986,2.8000000000000007,-5.4,8.200000000000001,1,8,0,10.5,-430.0,355.0
2022_08_CAR_ATL,2022-10-30,ATL,CAR,1,3.0,22.0,22.6,-0.6000000000000014,16.8,20.8,-4.0,5.199999999999999,1.8000000000000007,3.3999999999999986,1,8,1,4.5,-201.0,178.0
2022_08_DEN_JAX,2022-10-30,JAX,DEN,0,-4.0,21.8,21.8,0.0,13.6,17.8,-4.200000000000001,8.200000000000001,4.0,4.200000000000001,1,8,0,1.0,-107.0,-103.0
2022_08_GB_BUF,2022-10-30,BUF,GB,1,10.0,29.0,14.2,14.8,18.8,22.6,-3.8000000000000007,10.2,-8.400000000000002,18.6,1,8,0,10.5,-445.0,365.0
2022_08_LV_NO,2022-10-30,NO,LV,1,24.0,27.6,30.8,-3.1999999999999993,28.8,25.2,3.6000000000000014,-1.1999999999999993,5.600000000000001,-6.800000000000001,1,8,0,-1.0,108.0,-119.0
2022_08_CIN_CLE,2022-10-31,CLE,CIN,1,19.0,22.4,26.2,-3.8000000000000007,27.2,17.8,9.399999999999999,-4.800000000000001,8.399999999999999,-13.2,1,8,1,-3.0,147.0,-163.0
2022_09_PHI_HOU,2022-11-03,HOU,PHI,0,-12.0,17.4,23.6,-6.200000000000003,26.8,15.2,11.600000000000001,-9.400000000000002,8.400000000000002,-17.800000000000004,1,9,0,-14.0,539.0,-702.0
2022_09_LAC_ATL,2022-11-06,ATL,LAC,0,-3.0,24.0,24.8,-0.8000000000000007,23.2,28.6,-5.400000000000002,0.8000000000000007,-3.8000000000000007,4.600000000000001,1,9,0,-2.5,130.0,-143.0
2022_09_TEN_KC,2022-11-06,KC,TEN,1,3.0,30.4,25.4,5.0,21.0,15.2,5.800000000000001,9.399999999999999,10.2,-0.8000000000000007,1,9,0,14.0,-689.0,530.0
2022_09_LA_TB,2022-11-06,TB,LA,1,3.0,19.0,24.8,-5.800000000000001,15.4,19.8,-4.4,3.5999999999999996,5.0,-1.4000000000000004,1,9,0,3.0,-158.0,142.0
2022_09_MIN_WAS,2022-11-06,WAS,MIN,0,-3.0,15.8,18.0,-2.1999999999999993,28.6,22.6,6.0,-12.8,-4.600000000000001,-8.2,1,9,0,-3.0,151.0,-169.0
2022_09_BUF_NYJ,2022-11-06,NYJ,BUF,1,3.0,24.8,15.6,9.200000000000001,26.2,16.2,10.0,-1.3999999999999986,-0.5999999999999996,-0.7999999999999989,1,9,1,-11.0,400.0,-494.0
2022_09_SEA_ARI,2022-11-06,ARI,SEA,0,-10.0,24.0,24.6,-0.6000000000000014,32.6,25.8,6.800000000000001,-8.600000000000001,-1.1999999999999993,-7.400000000000002,1,9,1,1.5,-128.0,116.0
2022_09_LV_JAX,2022-11-06,JAX,LV,1,7.0,17.6,24.0,-6.399999999999999,24.2,24.2,0.0,-6.599999999999998,-0.1999999999999993,-6.399999999999999,1,9,0,-2.5,116.0,-129.0
2022_09_GB_DET,2022-11-06,DET,GB,1,6.0,20.4,32.0,-11.600000000000001,19.4,25.6,-6.200000000000003,1.0,6.399999999999999,-5.399999999999999,1,9,1,-4.0,170.0,-191.0
2022_09_CAR_CIN,2022-11-06,CIN,CAR,1,21.0,24.4,21.8,2.599999999999998,19.2,25.4,-6.199999999999999,5.199999999999999,-3.599999999999998,8.799999999999997,1,9,0,7.0,-331.0,282.0
2022_09_MIA_CHI,2022-11-06,CHI,MIA,0,-3.0,20.6,24.8,-4.199999999999999,19.0,25.6,-6.600000000000001,1.6000000000000014,-0.8000000000000007,2.400000000000002,1,9,0,-4.0,172.0,-193.0
2022_09_IND_NE,2022-11-06,NE,IND,1,23.0,25.4,18.4,7.0,17.8,19.2,-1.3999999999999986,7.599999999999998,-0.8000000000000007,8.399999999999999,1,9,0,5.0,-212.0,188.0
2022_09_BAL_NO,2022-11-07,NO,BAL,0,-14.0,29.6,26.4,3.200000000000003,21.8,21.2,0.6000000000000014,7.800000000000001,5.199999999999999,2.6000000000000014,1,9,0,-1.0,112.0,-124.0
2022_10_ATL_CAR,2022-11-10,CAR,ATL,1,10.0,20.2,28.6,-8.400000000000002,22.8,24.8,-2.0,-2.6000000000000014,3.8000000000000007,-6.400000000000002,1,10,1,-2.5,119.0,-132.0
2022_10_DEN_TEN,2022-11-13,TEN,DEN,1,7.0,19.6,14.8,4.800000000000001,15.6,19.2,-3.5999999999999996,4.000000000000002,-4.399999999999999,8.4,1,10,0,2.5,-135.0,122.0
2022_10_LAC_SF,2022-11-13,SF,LAC,1,6.0,25.8,22.0,3.8000000000000007,25.2,24.4,0.8000000000000007,0.6000000000000014,-2.3999999999999986,3.0,1,10,0,8.5,-357.0,302.0
2022_10_DAL_GB,2022-11-13,GB,DAL,1,3.0,15.8,23.8,-8.0,27.4,16.2,11.2,-11.599999999999998,7.600000000000001,-19.2,1,10,0,-3.5,177.0,-199.0
2022_10_IND_LV,2022-11-13,LV,IND,0,-5.0,23.8,24.8,-1.0,15.0,19.6,-4.600000000000001,8.8,5.199999999999999,3.6000000000000014,1,10,0,4.5,-199.0,177.0
2022_10_NO_PIT,2022-11-13,PIT,NO,1,10.0,13.2,26.2,-13.0,27.2,26.2,1.0,-14.0,0.0,-14.0,1,10,0,1.0,-116.0,105.0
2022_10_ARI_LA,2022-11-13,LA,ARI,0,-10.0,14.0,20.6,-6.600000000000001,23.0,27.6,-4.600000000000001,-9.0,-7.0,-2.0,1,10,1,3.5,-183.0,160.0
2022_10_CLE_MIA,2022-11-13,MIA,CLE,1,22.0,23.0,26.6,-3.6000000000000014,23.0,25.4,-2.3999999999999986,0.0,1.2000000000000028,-1.2000000000000028,1,10,0,3.0,-177.0,158.0
2022_10_JAX_KC,2022-11-13,KC,JAX,1,10.0,31.0,24.8,6.199999999999999,18.8,22.2,-3.3999999999999986,12.2,2.6000000000000014,9.599999999999998,1,10,0,10.0,-399.0,333.0
2022_10_DET_CHI,2022-11-13,CHI,DET,0,-1.0,24.6,27.8,-3.1999999999999993,18.6,28.2,-9.599999999999998,6.0,-0.3999999999999986,6.399999999999999,1,10,1,3.0,-159.0,143.0
2022_10_MIN_BUF,2022-11-13,BUF,MIN,0,-3.0,25.8,16.0,9.8,27.0,21.2,5.800000000000001,-1.1999999999999993,-5.199999999999999,4.0,1,10,0,6.5,-264.0,230.0
2022_10_SEA_TB,2022-11-13,TB,SEA,1,5.0,16.0,19.2,-3.1999999999999993,29.2,21.0,8.2,-13.2,-1.8000000000000007,-11.399999999999999,1,10,0,2.5,-138.0,124.0
2022_10_HOU_NYG,2022-11-13,NYG,HOU,1,8.0,21.4,19.6,1.7999999999999972,16.8,24.8,-8.0,4.599999999999998,-5.199999999999999,9.799999999999997,1,10,0,5.5,-221.0,195.0
2022_10_WAS_PHI,2022-11-14,PHI,WAS,0,-11.0,27.8,17.0,10.8,17.2,17.0,0.1999999999999993,10.600000000000001,0.0,10.600000000000001,1,10,1,11.0,-501.0,405.0
2022_11_TEN_GB,2022-11-17,GB,TEN,0,-10.0,17.6,24.0,-6.399999999999999,18.2,13.4,4.799999999999999,-0.5999999999999979,10.6,-11.199999999999998,1,11,0,3.0,-171.0,153.0
2022_11_KC_LAC,2022-11-20,LAC,KC,0,-3.0,21.6,24.0,-2.3999999999999986,28.2,22.0,6.199999999999999,-6.599999999999998,2.0,-8.599999999999998,1,11,1,-5.5,203.0,-231.0
2022_11_CIN_PIT,2022-11-20,PIT,CIN,0,-7.0,13.2,23.4,-10.2,27.4,23.0,4.399999999999999,-14.2,0.3999999999999986,-14.599999999999998,1,11,1,-3.5,163.0,-182.0
2022_11_DAL_MIN,2022-11-20,MIN,DAL,0,-37.0,28.0,22.2,5.800000000000001,28.0,20.4,7.600000000000001,0.0,1.8000000000000007,-1.8000000000000007,1,11,0,-1.5,118.0,-131.0
2022_11_LV_DEN,2022-11-20,DEN,LV,0,-6.0,13.0,16.2,-3.1999999999999993,21.4,25.2,-3.8000000000000007,-8.399999999999999,-9.0,0.6000000000000014,1,11,1,2.5,-145.0,131.0
2022_11_DET_NYG,2022-11-20,NYG,DET,0,-13.0,22.2,20.4,1.8000000000000007,15.8,24.6,-8.8,6.399999999999999,-4.200000000000003,10.600000000000001,1,11,0,3.0,-159.0,143.0
2022_11_LA_NO,2022-11-20,NO,LA,1,7.0,21.4,23.8,-2.400000000000002,15.6,21.2,-5.6,5.799999999999999,2.6000000000000014,3.1999999999999975,1,11,0,2.5,-124.0,112.0
2022_11_PHI_IND,2022-11-20,IND,PHI,0,-1.0,17.6,21.8,-4.199999999999999,26.2,19.2,7.0,-8.599999999999998,2.6000000000000014,-11.2,1,11,0,-6.5,235.0,-270.0
2022_11_WAS_HOU,2022-11-20,HOU,WAS,0,-13.0,15.2,22.8,-7.600000000000001,20.2,17.0,3.1999999999999993,-5.0,5.800000000000001,-10.8,1,11,0,-3.0,135.0,-150.0
2022_11_CLE_BUF,2022-11-20,BUF,CLE,1,8.0,27.2,18.6,8.599999999999998,22.4,28.6,-6.200000000000003,4.800000000000001,-10.0,14.8,1,11,0,7.5,-353.0,298.0
2022_11_CAR_BAL,2022-11-20,BAL,CAR,1,10.0,23.2,19.2,4.0,22.2,24.2,-2.0,1.0,-5.0,6.0,1,11,0,13.0,-647.0,503.0
2022_11_CHI_ATL,2022-11-20,ATL,CHI,1,3.0,22.8,25.6,-2.8000000000000007,26.2,28.2,-2.0,-3.3999999999999986,-2.599999999999998,-0.8000000000000007,1,11,0,3.0,-138.0,125.0
2022_11_NYJ_NE,2022-11-20,NE,NYJ,1,7.0,25.8,13.6,12.200000000000001,24.0,15.0,9.0,1.8000000000000007,-1.4000000000000004,3.200000000000001,1,11,1,3.5,-182.0,163.0
2022_11_SF_ARI,2022-11-21,ARI,SF,0,-28.0,25.0,27.0,-2.0,25.4,23.4,2.0,-0.3999999999999986,3.6000000000000014,-4.0,1,11,1,-10.0,350.0,-422.0
2022_12_BUF_DET,2022-11-24,DET,BUF,0,-3.0,22.0,22.4,-0.3999999999999986,25.8,22.6,3.1999999999999993,-3.8000000000000007,-0.20000000000000284,-3.599999999999998,1,12,0,-10.0,342.0,-412.0
2022_12_NYG_DAL,2022-11-24,DAL,NYG,1,8.0,31.6,19.0,12.600000000000001,20.4,22.2,-1.8000000000000007,11.200000000000003,-3.1999999999999993,14.400000000000002,1,12,1,10.5,-441.0,363.0
2022_12_NE_MIN,2022-11-24,MIN,NE,1,7.0,22.8,25.8,-3.0,22.0,14.2,7.800000000000001,0.8000000000000007,11.600000000000001,-10.8,1,12,0,2.5,-136.0,123.0
2022_12_LAC_ARI,2022-11-27,ARI,LAC,0,-1.0,25.2,30.8,-5.600000000000001,21.0,24.4,-3.3999999999999986,4.199999999999999,6.400000000000002,-2.200000000000003,1,12,0,-2.5,123.0,-136.0
2022_12_GB_PHI,2022-11-27,PHI,GB,1,7.0,25.6,19.0,6.600000000000001,19.0,24.0,-5.0,6.600000000000001,-5.0,11.600000000000001,1,12,0,6.5,-278.0,241.0
2022_12_NO_SF,2022-11-27,SF,NO,1,13.0,25.6,22.4,3.200000000000003,21.6,21.8,-0.1999999999999993,4.0,0.5999999999999979,3.400000000000002,1,12,0,9.5,-392.0,327.0
2022_12_LV_SEA,2022-11-27,SEA,LV,0,-6.0,26.0,17.4,8.600000000000001,20.0,22.4,-2.3999999999999986,6.0,-5.0,11.0,1,12,0,4.0,-196.0,174.0
2022_12_ATL_WAS,2022-11-27,WAS,ATL,1,6.0,22.4,17.6,4.799999999999997,22.6,27.6,-5.0,-0.20000000000000284,-10.0,9.799999999999997,1,12,0,3.5,-183.0,163.0
2022_12_LA_KC,2022-11-27,KC,LA,1,16.0,28.2,21.6,6.599999999999998,17.6,22.2,-4.599999999999998,10.599999999999998,-0.5999999999999979,11.199999999999996,1,12,0,16.5,-1088.0,768.0
2022_12_CHI_NYJ,2022-11-27,NYJ,CHI,1,21.0,16.6,13.6,3.0000000000000018,29.6,31.2,-1.5999999999999979,-13.0,-17.6,4.6,1,12,0,8.5,-375.0,315.0
2022_12_DEN_CAR,2022-11-27,CAR,DEN,1,13.0,20.8,22.0,-1.1999999999999993,14.4,18.2,-3.799999999999999,6.4,3.8000000000000007,2.5999999999999996,1,12,0,-1.0,105.0,-116.0
2022_12_TB_CLE,2022-11-27,CLE,TB,1,6.0,21.4,28.8,-7.400000000000002,16.0,19.4,-3.3999999999999986,5.399999999999999,9.400000000000002,-4.0000000000000036,1,12,0,-3.0,151.0,-169.0
2022_12_CIN_TEN,2022-11-27,TEN,CIN,0,-4.0,19.4,13.4,5.999999999999998,31.4,25.2,6.199999999999999,-12.0,-11.799999999999999,-0.20000000000000107,1,12,0,-1.0,-105.0,-105.0
2022_12_BAL_JAX,2022-11-27,JAX,BAL,1,1.0,21.0,25.0,-4.0,22.0,16.4,5.600000000000001,-1.0,8.600000000000001,-9.600000000000001,1,12,0,-3.5,147.0,-164.0
2022_12_HOU_MIA,2022-11-27,MIA,HOU,1,15.0,27.4,22.0,5.399999999999999,14.6,26.2,-11.6,12.799999999999999,-4.199999999999999,17.0,1,12,0,14.0,-822.0,613.0
2022_12_PIT_IND,2022-11-28,IND,PIT,0,-7.0,14.0,19.8,-5.800000000000001,18.6,23.2,-4.599999999999998,-4.600000000000001,-3.3999999999999986,-1.2000000000000028,1,12,0,2.5,-128.0,116.0
2022_13_BUF_NE,2022-12-01,NE,BUF,0,-14.0,19.6,17.8,1.8000000000000007,26.6,23.6,3.0,-7.0,-5.800000000000001,-1.1999999999999993,1,13,1,-3.5,165.0,-185.0
2022_13_IND_DAL,2022-12-04,DAL,IND,1,35.0,33.8,17.8,15.999999999999996,15.4,20.8,-5.4,18.4,-3.0,21.4,1,13,0,11.0,-460.0,376.0
2022_13_LAC_LV,2022-12-04,LV,LAC,1,7.0,20.4,25.2,-4.800000000000001,22.2,26.0,-3.8000000000000007,-1.8000000000000007,-0.8000000000000007,-1.0,1,13,1,2.5,-139.0,125.0
2022_13_KC_CIN,2022-12-04,CIN,KC,1,3.0,29.4,23.2,6.199999999999999,29.4,18.8,10.599999999999998,0.0,4.399999999999999,-4.399999999999999,1,13,0,-2.5,120.0,-132.0
2022_13_MIA_SF,2022-12-04,SF,MIA,1,16.0,25.4,16.8,8.599999999999998,30.2,20.2,10.0,-4.800000000000001,-3.3999999999999986,-1.4000000000000021,1,13,0,4.5,-222.0,196.0
2022_13_SEA_LA,2022-12-04,LA,SEA,0,-4.0,14.8,25.4,-10.599999999999998,29.0,23.6,5.399999999999999,-14.2,1.7999999999999972,-15.999999999999996,1,13,1,-7.0,252.0,-292.0
2022_13_WAS_NYG,2022-12-04,NYG,WAS,0,0.0,19.6,23.8,-4.199999999999999,21.6,16.0,5.600000000000001,-2.0,7.800000000000001,-9.8,1,13,1,-2.5,113.0,-124.0
2022_13_TEN_PHI,2022-12-04,PHI,TEN,1,25.0,28.4,22.2,6.199999999999999,18.8,15.4,3.4000000000000004,9.599999999999998,6.799999999999999,2.799999999999999,1,13,0,5.0,-213.0,189.0
2022_13_CLE_HOU,2022-12-04,HOU,CLE,0,-13.0,13.6,24.6,-11.000000000000002,23.0,24.6,-1.6000000000000014,-9.4,0.0,-9.4,1,13,0,-7.5,280.0,-329.0
2022_13_JAX_DET,2022-12-04,DET,JAX,1,26.0,25.8,23.2,2.6000000000000014,21.2,23.6,-2.400000000000002,4.600000000000001,-0.40000000000000213,5.0000000000000036,1,13,0,1.0,-118.0,107.0
2022_13_GB_CHI,2022-12-04,CHI,GB,0,-9.0,25.0,34.6,-9.600000000000001,21.4,27.4,-6.0,3.6000000000000014,7.200000000000003,-3.6000000000000014,1,13,1,-4.0,163.0,-182.0
2022_13_DEN_BAL,2022-12-04,BAL,DEN,1,1.0,23.4,17.2,6.199999999999999,13.2,19.0,-5.800000000000001,10.2,-1.8000000000000007,12.0,1,13,0,9.5,-347.0,294.0
2022_13_PIT_ATL,2022-12-04,ATL,PIT,0,-3.0,21.8,24.4,-2.599999999999998,19.4,23.0,-3.6000000000000014,2.400000000000002,1.3999999999999986,1.0000000000000036,1,13,0,-1.0,103.0,-113.0
2022_13_NYJ_MIN,2022-12-04,MIN,NYJ,1,5.0,24.6,27.8,-3.1999999999999993,17.4,13.6,3.799999999999999,7.200000000000003,14.200000000000001,-6.999999999999998,1,13,0,3.0,-146.0,132.0
2022_13_NO_TB,2022-12-05,TB,NO,1,1.0,15.8,20.0,-4.199999999999999,14.8,16.0,-1.1999999999999993,1.0,4.0,-3.0,1,13,1,3.5,-190.0,169.0
2022_14_LV_LA,2022-12-08,LA,LV,1,1.0,16.6,24.6,-8.0,25.8,24.4,1.4000000000000021,-9.2,0.20000000000000284,-9.400000000000002,1,14,0,-6.5,245.0,-283.0
2022_14_MIA_LAC,2022-12-11,LAC,MIA,1,6.0,21.6,24.0,-2.3999999999999986,30.4,24.8,5.599999999999998,-8.799999999999997,-0.8000000000000007,-7.9999999999999964,1,14,0,-3.0,146.0,-163.0
2022_14_TB_SF,2022-12-11,SF,TB,1,28.0,27.4,11.4,15.999999999999998,18.6,19.0,-0.3999999999999986,8.799999999999997,-7.6,16.4,1,14,0,3.5,-196.0,175.0
2022_14_CAR_SEA,2022-12-11,SEA,CAR,0,-6.0,27.0,23.6,3.3999999999999986,21.2,23.4,-2.1999999999999993,5.800000000000001,0.20000000000000284,5.599999999999998,1,14,0,3.5,-200.0,178.0
2022_14_KC_DEN,2022-12-11,DEN,KC,0,-6.0,13.2,17.8,-4.600000000000001,25.4,19.6,5.799999999999997,-12.2,-1.8000000000000007,-10.399999999999999,1,14,1,-8.5,329.0,-394.0
2022_14_JAX_TEN,2022-12-11,TEN,JAX,0,-14.0,17.4,20.4,-3.0,20.6,27.0,-6.399999999999999,-3.200000000000003,-6.600000000000001,3.3999999999999986,1,14,1,3.0,-169.0,151.0
2022_14_BAL_PIT,2022-12-11,PIT,BAL,0,-2.0,21.2,23.0,-1.8000000000000007,20.8,15.0,5.800000000000001,0.3999999999999986,8.0,-7.600000000000001,1,14,1,1.5,-124.0,112.0
2022_14_MIN_DET,2022-12-11,DET,MIN,1,11.0,28.4,19.8,8.599999999999998,23.2,27.0,-3.8000000000000007,5.199999999999999,-7.199999999999999,12.399999999999999,1,14,1,2.5,-132.0,119.0
2022_14_HOU_DAL,2022-12-11,DAL,HOU,1,4.0,39.8,20.4,19.4,14.4,26.6,-12.200000000000001,25.4,-6.200000000000003,31.6,1,14,0,17.0,-1365.0,918.0
2022_14_CLE_CIN,2022-12-11,CIN,CLE,1,13.0,27.8,24.6,3.1999999999999993,24.4,22.8,1.5999999999999979,3.400000000000002,1.8000000000000007,1.6000000000000014,1,14,1,4.5,-204.0,181.0
2022_14_NYJ_BUF,2022-12-11,BUF,NYJ,1,8.0,26.0,22.2,3.8000000000000007,18.6,17.2,1.4000000000000021,7.399999999999999,5.0,2.3999999999999986,1,14,1,10.0,-398.0,332.0
2022_14_PHI_NYG,2022-12-11,NYG,PHI,0,-26.0,19.0,24.4,-5.399999999999999,28.4,21.6,6.799999999999997,-9.399999999999999,2.799999999999997,-12.199999999999996,1,14,1,-7.5,260.0,-302.0
2022_14_NE_ARI,2022-12-12,ARI,NE,0,-14.0,21.6,29.0,-7.399999999999999,18.8,16.0,2.8000000000000007,2.8000000000000007,13.0,-10.2,1,14,0,-2.0,113.0,-125.0
2022_15_SF_SEA,2022-12-15,SEA,SF,0,-8.0,26.4,27.0,-0.6000000000000014,28.2,10.0,18.2,-1.8000000000000007,17.0,-18.8,1,15,1,-3.0,152.0,-169.0
2022_15_IND_MIN,2022-12-17,MIN,IND,1,3.0,23.8,30.4,-6.599999999999998,16.0,28.2,-12.2,7.800000000000001,2.1999999999999993,5.600000000000001,1,15,0,3.5,-188.0,168.0
2022_15_BAL_CLE,2022-12-17,CLE,BAL,1,10.0,20.0,24.8,-4.800000000000001,18.6,13.4,5.200000000000001,1.3999999999999986,11.4,-10.000000000000002,1,15,1,2.5,-155.0,139.0
2022_15_MIA_BUF,2022-12-17,BUF,MIA,1,3.0,26.6,20.6,6.0,27.6,24.0,3.6000000000000014,-1.0,-3.3999999999999986,2.3999999999999986,1,15,1,7.0,-320.0,273.0
2022_15_NYG_WAS,2022-12-18,WAS,NYG,0,-8.0,22.2,16.8,5.399999999999999,20.8,28.6,-7.800000000000001,1.3999999999999986,-11.8,13.2,1,15,1,4.5,-203.0,180.0
2022_15_CIN_TB,2022-12-18,TB,CIN,0,-11.0,15.6,20.6,-5.000000000000002,29.8,20.2,9.600000000000001,-14.200000000000001,0.40000000000000213,-14.600000000000003,1,15,0,-3.5,150.0,-167.0
2022_15_TEN_LAC,2022-12-18,LAC,TEN,1,3.0,22.2,24.0,-1.8000000000000007,18.4,23.6,-5.200000000000003,3.8000000000000007,0.3999999999999986,3.400000000000002,1,15,0,3.0,-158.0,142.0
2022_15_NE_LV,2022-12-18,LV,NE,1,6.0,25.0,22.4,2.6000000000000014,19.8,15.2,4.600000000000001,5.199999999999999,7.199999999999999,-2.0,1,15,0,1.0,-129.0,117.0
2022_15_ARI_DEN,2022-12-18,DEN,ARI,1,9.0,14.6,21.2,-6.6,19.0,27.6,-8.600000000000001,-4.4,-6.400000000000002,2.0000000000000018,1,15,0,1.5,-121.0,110.0
2022_15_DAL_JAX,2022-12-18,JAX,DAL,1,6.0,24.4,27.2,-2.8000000000000007,35.4,19.2,16.2,-11.0,8.0,-19.0,1,15,0,-4.0,168.0,-188.0
2022_15_ATL_NO,2022-12-18,NO,ATL,1,3.0,13.2,19.4,-6.199999999999999,17.6,21.4,-3.799999999999997,-4.400000000000002,-2.0,-2.400000000000002,1,15,1,5.0,-231.0,203.0
2022_15_KC_HOU,2022-12-18,HOU,KC,0,-6.0,15.6,26.2,-10.6,28.2,21.8,6.399999999999999,-12.6,4.399999999999999,-17.0,1,15,0,-14.5,572.0,-755.0
2022_15_PHI_CHI,2022-12-18,CHI,PHI,0,-5.0,23.0,30.4,-7.399999999999999,32.2,22.6,9.600000000000001,-9.200000000000003,7.799999999999997,-17.0,1,15,0,-8.5,323.0,-386.0
2022_15_PIT_CAR,2022-12-18,CAR,PIT,0,-8.0,20.4,20.8,-0.40000000000000213,21.4,19.2,2.1999999999999993,-1.0,1.6000000000000014,-2.6000000000000014,1,15,0,2.5,-145.0,130.0
2022_15_DET_NYJ,2022-12-18,NYJ,DET,0,-3.0,17.6,16.8,0.8000000000000007,32.2,22.6,9.600000000000001,-14.600000000000001,-5.800000000000001,-8.8,1,15,0,2.0,-132.0,120.0
2022_15_LA_GB,2022-12-19,GB,LA,1,12.0,23.6,25.8,-2.1999999999999993,17.4,24.6,-7.200000000000003,6.200000000000003,1.1999999999999993,5.0000000000000036,1,15,0,8.0,-356.0,301.0
2022_16_JAX_NYJ,2022-12-22,NYJ,JAX,0,-16.0,17.0,17.4,-0.3999999999999986,27.0,30.0,-3.0,-10.0,-12.600000000000001,2.6000000000000014,1,16,0,2.5,-136.0,123.0
2022_16_HOU_TEN,2022-12-24,TEN,HOU,0,-5.0,17.8,25.0,-7.199999999999999,17.2,27.4,-10.2,0.6000000000000014,-2.3999999999999986,3.0,1,16,1,3.0,-170.0,153.0
2022_16_LV_PIT,2022-12-24,PIT,LV,1,3.0,22.2,20.4,1.8000000000000007,27.0,22.2,4.800000000000001,-4.800000000000001,-1.8000000000000007,-3.0,1,16,0,2.5,-141.0,127.0
2022_16_PHI_DAL,2022-12-24,DAL,PHI,1,6.0,36.6,21.0,15.600000000000001,33.0,20.2,12.8,3.6000000000000014,0.8000000000000007,2.8000000000000007,1,16,1,4.0,-200.0,178.0
2022_16_WAS_SF,2022-12-24,SF,WAS,1,17.0,28.0,9.4,18.6,21.2,16.8,4.399999999999999,6.800000000000001,-7.4,14.200000000000003,1,16,0,6.5,-279.0,241.0
2022_16_CIN_NE,2022-12-24,NE,CIN,0,-4.0,19.4,20.6,-1.2000000000000028,28.2,20.6,7.599999999999998,-8.8,0.0,-8.8,1,16,0,-3.0,136.0,-151.0
2022_16_NO_CLE,2022-12-24,CLE,NO,0,-7.0,19.2,17.6,1.5999999999999979,14.8,17.6,-2.8000000000000007,4.399999999999999,0.0,4.399999999999999,1,16,0,3.0,-181.0,162.0
2022_16_SEA_KC,2022-12-24,KC,SEA,1,14.0,28.8,23.2,5.600000000000001,22.8,27.0,-4.199999999999999,6.0,-3.8000000000000007,9.8,1,16,0,10.5,-447.0,367.0
2022_16_NYG_MIN,2022-12-24,MIN,NYG,1,3.0,25.0,31.6,-6.600000000000001,20.0,27.8,-7.800000000000001,5.0,3.8000000000000007,1.1999999999999993,1,16,0,4.5,-215.0,191.0
2022_16_BUF_CHI,2022-12-24,CHI,BUF,0,-22.0,20.6,28.4,-7.799999999999997,27.0,19.8,7.199999999999999,-6.399999999999999,8.599999999999998,-14.999999999999996,1,16,0,-8.0,304.0,-360.0
2022_16_DET_CAR,2022-12-24,CAR,DET,1,14.0,19.4,17.2,2.1999999999999993,30.0,20.0,10.0,-10.600000000000001,-2.8000000000000007,-7.800000000000001,1,16,0,-2.5,117.0,-129.0
2022_16_ATL_BAL,2022-12-24,BAL,ATL,1,8.0,13.8,13.4,0.40000000000000036,17.8,21.6,-3.8000000000000007,-4.0,-8.200000000000001,4.200000000000001,1,16,0,6.5,-274.0,238.0
2022_16_GB_MIA,2022-12-25,MIA,GB,0,-6.0,26.4,24.0,2.3999999999999986,26.6,25.2,1.4000000000000021,-0.20000000000000284,-1.1999999999999993,0.9999999999999964,1,16,0,3.5,-182.0,163.0
2022_16_DEN_LA,2022-12-25,LA,DEN,1,37.0,16.4,24.0,-7.600000000000001,17.4,20.8,-3.400000000000002,-1.0,3.1999999999999993,-4.199999999999999,1,16,0,-3.0,155.0,-173.0
2022_16_TB_ARI,2022-12-25,ARI,TB,0,-3.0,17.8,26.2,-8.399999999999999,17.0,24.8,-7.800000000000001,0.8000000000000007,1.3999999999999986,-0.5999999999999979,1,16,0,-7.5,273.0,-320.0
2022_16_LAC_IND,2022-12-26,IND,LAC,0,-17.0,22.6,30.8,-8.2,22.4,22.4,0.0,0.20000000000000284,8.400000000000002,-8.2,1,16,0,-3.5,165.0,-185.0
2022_17_DAL_TEN,2022-12-29,TEN,DAL,0,-14.0,15.2,25.4,-10.2,36.6,27.2,9.400000000000002,-21.400000000000002,-1.8000000000000007,-19.6,1,17,0,-14.0,563.0,-741.0
2022_17_PIT_BAL,2023-01-01,BAL,PIT,0,-3.0,14.6,14.6,0.0,18.8,15.0,3.8000000000000007,-4.200000000000001,-0.40000000000000036,-3.8000000000000007,1,17,1,1.0,-121.0,110.0
2022_17_LA_LAC,2023-01-01,LAC,LA,1,21.0,21.0,17.0,4.0,22.6,21.4,1.2000000000000028,-1.6000000000000014,-4.399999999999999,2.799999999999997,1,17,0,6.5,-283.0,244.0
2022_17_MIN_GB,2023-01-01,GB,MIN,1,24.0,25.6,23.6,2.0,29.8,28.4,1.4000000000000021,-4.199999999999999,-4.799999999999997,0.5999999999999979,1,17,1,3.0,-173.0,155.0
2022_17_NYJ_SEA,2023-01-01,SEA,NYJ,1,17.0,21.6,27.6,-6.0,17.0,19.2,-2.1999999999999993,4.600000000000001,8.400000000000002,-3.8000000000000007,1,17,0,-1.0,102.0,-113.0
2022_17_SF_LV,2023-01-01,LV,SF,0,-3.0,24.6,21.6,3.0,27.8,11.4,16.4,-3.1999999999999993,10.200000000000001,-13.399999999999999,1,17,0,-10.0,371.0,-453.0
2022_17_CLE_WAS,2023-01-01,WAS,CLE,0,-14.0,18.8,20.0,-1.1999999999999993,16.6,14.8,1.8000000000000007,2.1999999999999993,5.199999999999999,-3.0,1,17,0,1.0,-117.0,106.0
2022_17_CAR_TB,2023-01-01,TB,CAR,1,6.0,16.6,24.8,-8.2,21.8,18.8,3.0,-5.199999999999999,6.0,-11.2,1,17,1,3.5,-184.0,164.0
2022_17_NO_PHI,2023-01-01,PHI,NO,0,-10.0,36.4,25.0,11.399999999999999,16.2,15.6,0.5999999999999996,20.2,9.4,10.799999999999999,1,17,0,5.5,-225.0,198.0
2022_17_IND_NYG,2023-01-01,NYG,IND,1,28.0,21.2,27.0,-5.800000000000001,18.2,30.8,-12.600000000000001,3.0,-3.8000000000000007,6.800000000000001,1,17,0,5.5,-229.0,202.0
2022_17_MIA_NE,2023-01-01,NE,MIA,1,2.0,21.0,24.4,-3.3999999999999986,22.6,25.8,-3.1999999999999993,-1.6000000000000014,-1.4000000000000021,-0.1999999999999993,1,17,1,3.0,-160.0,144.0
2022_17_DEN_KC,2023-01-01,KC,DEN,1,3.0,27.6,19.8,7.800000000000001,17.0,26.6,-9.600000000000001,10.600000000000001,-6.800000000000001,17.400000000000002,1,17,1,13.5,-711.0,544.0
2022_17_JAX_HOU,2023-01-01,HOU,JAX,0,-28.0,19.0,25.6,-6.600000000000001,27.4,25.2,2.1999999999999993,-8.399999999999999,0.40000000000000213,-8.8,1,17,1,-3.5,167.0,-187.0
2022_17_CHI_DET,2023-01-01,DET,CHI,1,31.0,28.4,23.8,4.599999999999998,17.2,29.2,-12.0,11.2,-5.399999999999999,16.599999999999998,1,17,1,4.5,-219.0,194.0
2022_17_ARI_ATL,2023-01-01,ATL,ARI,1,1.0,16.6,20.0,-3.3999999999999986,15.6,26.6,-11.000000000000002,1.0000000000000018,-6.600000000000001,7.600000000000003,1,17,0,7.0,-279.0,241.0
2022_18_KC_LV,2023-01-07,LV,KC,0,-18.0,23.4,22.2,1.1999999999999993,27.8,22.6,5.199999999999999,-4.400000000000002,-0.40000000000000213,-4.0,1,18,1,-9.0,338.0,-407.0
2022_18_TEN_JAX,2023-01-07,JAX,TEN,1,4.0,28.0,20.4,7.600000000000001,14.6,26.8,-12.200000000000001,13.4,-6.400000000000002,19.800000000000004,1,18,1,6.0,-260.0,227.0
2022_18_DET_GB,2023-01-08,GB,DET,0,-4.0,30.4,21.6,8.799999999999997,31.6,20.2,11.400000000000002,-1.2000000000000028,1.4000000000000021,-2.600000000000005,1,18,1,5.5,-273.0,237.0
2022_18_DAL_WAS,2023-01-08,WAS,DAL,1,20.0,16.2,22.8,-6.600000000000001,36.4,25.8,10.599999999999998,-20.2,-3.0,-17.2,1,18,1,-7.5,274.0,-320.0
2022_18_ARI_SF,2023-01-08,SF,ARI,1,25.0,32.6,18.2,14.400000000000002,17.4,23.0,-5.600000000000001,15.200000000000003,-4.800000000000001,20.000000000000004,1,18,1,14.0,-1061.0,753.0
2022_18_LA_SEA,2023-01-08,SEA,LA,1,3.0,19.4,20.8,-1.4000000000000021,22.6,22.4,0.20000000000000284,-3.200000000000003,-1.5999999999999979,-1.600000000000005,1,18,1,5.5,-224.0,198.0
2022_18_NYG_PHI,2023-01-08,PHI,NYG,1,6.0,30.4,22.4,8.0,24.8,23.4,1.4000000000000021,5.599999999999998,-1.0,6.599999999999998,1,18,1,16.5,-1252.0,858.0
2022_18_LAC_DEN,2023-01-08,DEN,LAC,1,3.0,19.8,27.4,-7.599999999999998,22.2,14.2,8.0,-2.3999999999999986,13.2,-15.599999999999998,1,18,1,6.0,-254.0,222.0
2022_18_CLE_PIT,2023-01-08,PIT,CLE,1,14.0,17.2,14.2,3.0,16.8,13.4,3.4000000000000004,0.3999999999999986,0.7999999999999989,-0.40000000000000036,1,18,1,2.5,-142.0,128.0
2022_18_HOU_IND,2023-01-08,IND,HOU,0,-1.0,17.0,35.0,-18.0,16.6,25.8,-9.2,0.3999999999999986,9.2,-8.8,1,18,1,3.0,-142.0,128.0
2022_18_NYJ_MIA,2023-01-08,MIA,NYJ,1,5.0,20.8,27.4,-6.599999999999998,12.0,21.8,-9.8,8.8,5.599999999999998,3.200000000000003,1,18,1,3.5,-200.0,178.0
2022_18_CAR_NO,2023-01-08,NO,CAR,0,-3.0,14.8,13.6,1.200000000000001,26.0,22.2,3.8000000000000007,-11.2,-8.6,-2.5999999999999996,1,18,1,3.5,-179.0,160.0
2022_18_BAL_CIN,2023-01-08,CIN,BAL,1,11.0,25.2,18.2,7.0,11.8,12.2,-0.3999999999999986,13.399999999999999,6.0,7.399999999999999,1,18,1,11.0,-603.0,474.0
2022_18_MIN_CHI,2023-01-08,CHI,MIN,0,-16.0,14.4,32.0,-17.6,26.6,31.4,-4.799999999999997,-12.200000000000001,0.6000000000000014,-12.800000000000004,1,18,1,-6.5,227.0,-260.0
2022_18_NE_BUF,2023-01-08,BUF,NE,1,12.0,27.8,17.8,10.0,20.4,22.0,-1.6000000000000014,7.400000000000002,-4.199999999999999,11.600000000000001,1,18,1,8.0,-373.0,314.0
2022_18_TB_ATL,2023-01-08,ATL,TB,1,13.0,15.2,19.0,-3.8000000000000007,19.2,25.0,-5.800000000000001,-4.0,-6.0,2.0,1,18,1,6.0,-235.0,207.0
2022_19_SEA_SF,2023-01-14,SF,SEA,1,18.0,33.6,17.4,16.200000000000003,17.8,19.4,-1.5999999999999979,15.8,-2.0,17.8,1,19,1,10.0,-447.0,367.0
2022_19_LAC_JAX,2023-01-14,JAX,LAC,1,1.0,29.2,15.6,13.6,23.8,15.0,8.8,5.399999999999999,0.5999999999999996,4.799999999999999,1,19,0,-2.0,114.0,-126.0
2022_19_MIA_BUF,2023-01-15,BUF,MIA,1,3.0,29.2,17.4,11.8,19.6,22.0,-2.3999999999999986,9.599999999999998,-4.600000000000001,14.2,1,19,1,14.0,-882.0,649.0
2022_19_NYG_MIN,2023-01-15,MIN,NYG,0,-7.0,27.0,29.6,-2.6000000000000014,24.0,23.8,0.1999999999999993,3.0,5.800000000000001,-2.8000000000000007,1,19,0,2.5,-142.0,129.0
2022_19_BAL_CIN,2023-01-15,CIN,BAL,1,7.0,26.6,18.2,8.400000000000002,13.0,15.8,-2.8000000000000007,13.600000000000001,2.3999999999999986,11.200000000000003,1,19,1,7.5,-370.0,311.0
2022_19_DAL_TB,2023-01-16,TB,DAL,0,-17.0,19.2,27.8,-8.600000000000001,26.8,27.2,-0.3999999999999986,-7.600000000000001,0.6000000000000014,-8.200000000000003,1,19,0,-2.5,122.0,-135.0
2022_20_NYG_PHI,2023-01-21,PHI,NYG,1,31.0,27.8,23.6,4.199999999999999,25.8,19.0,6.800000000000001,2.0,4.600000000000001,-2.6000000000000014,1,20,1,8.0,-360.0,304.0
2022_20_JAX_KC,2023-01-21,KC,JAX,1,7.0,29.2,19.8,9.399999999999999,28.2,17.2,11.0,1.0,2.6000000000000014,-1.6000000000000014,1,20,0,10.0,-461.0,377.0
2022_20_CIN_BUF,2023-01-22,BUF,CIN,0,-17.0,31.2,21.6,9.599999999999998,26.0,16.8,9.2,5.199999999999999,4.800000000000001,0.3999999999999986,1,20,0,6.0,-259.0,226.0
2022_20_DAL_SF,2023-01-22,SF,DAL,1,7.0,34.8,20.6,14.199999999999996,27.6,25.4,2.200000000000003,7.199999999999996,-4.799999999999997,11.999999999999993,1,20,0,3.5,-183.0,164.0
2022_21_SF_PHI,2023-01-29,PHI,SF,1,24.0,25.8,20.6,5.199999999999999,34.4,20.4,14.0,-8.599999999999998,0.20000000000000284,-8.8,1,21,0,2.5,-147.0,133.0
2022_21_CIN_KC,2023-01-29,KC,CIN,1,3.0,27.8,18.2,9.600000000000001,26.8,16.8,10.0,1.0,1.3999999999999986,-0.3999999999999986,1,21,0,2.0,-131.0,119.0
2022_22_KC_PHI,2023-02-12,PHI,KC,0,-3.0,27.0,18.0,9.0,26.4,17.4,9.0,0.6000000000000014,0.6000000000000014,0.0,1,22,0,1.0,-115.0,104.0
2023_01_DET_KC,2023-09-07,KC,DET,0,-1.0,29.2,22.4,6.800000000000001,27.6,20.6,7.0,1.5999999999999979,1.7999999999999972,-0.1999999999999993,1,1,0,4.0,-198.0,164.0
2023_01_GB_CHI,2023-09-10,CHI,GB,0,-18.0,15.0,31.6,-16.6,27.0,17.6,9.399999999999999,-12.0,14.0,-26.0,1,1,1,1.0,-118.0,-102.0
2023_01_DAL_NYG,2023-09-10,NYG,DAL,0,-40.0,23.2,24.2,-1.0,23.2,21.2,2.0,0.0,3.0,-3.0,1,1,1,-3.5,142.0,-170.0
2023_01_LA_SEA,2023-09-10,SEA,LA,0,-17.0,17.6,21.6,-4.0,21.2,20.8,0.3999999999999986,-3.599999999999998,0.8000000000000007,-4.399999999999999,1,1,1,4.5,-218.0,180.0
2023_01_PHI_NE,2023-09-10,NE,PHI,0,-5.0,23.0,24.2,-1.1999999999999993,27.2,17.6,9.599999999999998,-4.199999999999999,6.599999999999998,-10.799999999999997,1,1,0,-3.5,154.0,-185.0
2023_01_MIA_LAC,2023-09-10,LAC,MIA,0,-2.0,25.2,17.8,7.399999999999999,22.4,24.2,-1.8000000000000007,2.8000000000000007,-6.399999999999999,9.2,1,1,0,3.0,-162.0,136.0
2023_01_LV_DEN,2023-09-10,DEN,LV,0,-1.0,24.2,31.0,-6.800000000000001,20.6,24.4,-3.799999999999997,3.599999999999998,6.600000000000001,-3.0000000000000036,1,1,1,3.0,-162.0,136.0
2023_01_ARI_WAS,2023-09-10,WAS,ARI,1,4.0,17.6,21.4,-3.799999999999997,15.2,25.6,-10.400000000000002,2.400000000000002,-4.200000000000003,6.600000000000005,1,1,0,7.0,-340.0,270.0
2023_01_CAR_ATL,2023-09-10,ATL,CAR,1,14.0,18.6,18.6,0.0,23.4,21.6,1.7999999999999972,-4.799999999999997,-3.0,-1.7999999999999972,1,1,1,3.5,-192.0,160.0
2023_01_TEN_NO,2023-09-10,NO,TEN,1,1.0,16.2,13.0,3.1999999999999993,15.8,23.8,-8.0,0.3999999999999986,-10.8,11.2,1,1,0,3.0,-148.0,124.0
2023_01_TB_MIN,2023-09-10,MIN,TB,0,-3.0,27.2,29.0,-1.8000000000000007,20.6,27.0,-6.399999999999999,6.599999999999998,2.0,4.599999999999998,1,1,0,4.0,-205.0,170.0
2023_01_JAX_IND,2023-09-10,IND,JAX,0,-10.0,19.8,36.6,-16.8,24.2,15.8,8.399999999999999,-4.399999999999999,20.8,-25.2,1,1,1,-4.0,170.0,-205.0
2023_01_CIN_CLE,2023-09-10,CLE,CIN,1,21.0,14.2,16.2,-2.0,24.0,16.8,7.199999999999999,-9.8,-0.6000000000000014,-9.2,1,1,1,-1.0,-108.0,-112.0
2023_01_HOU_BAL,2023-09-10,BAL,HOU,1,16.0,13.2,17.8,-4.600000000000001,20.2,26.6,-6.400000000000002,-7.0,-8.8,1.8000000000000007,1,1,0,9.5,-500.0,380.0
2023_01_SF_PIT,2023-09-10,PIT,SF,0,-23.0,19.0,13.8,5.199999999999999,28.4,22.6,5.799999999999997,-9.399999999999999,-8.8,-0.5999999999999979,1,1,0,-1.5,100.0,-120.0
2023_01_BUF_NYJ,2023-09-11,NYJ,BUF,1,6.0,8.8,18.6,-9.8,29.2,24.6,4.599999999999998,-20.4,-6.0,-14.399999999999999,1,1,1,-2.5,114.0,-135.0
2023_02_MIN_PHI,2023-09-14,PHI,MIN,1,6.0,30.2,17.6,12.599999999999998,22.8,25.8,-3.0,7.399999999999999,-8.2,15.599999999999998,1,2,0,6.0,-238.0,195.0
2023_02_MIA_NE,2023-09-17,NE,MIA,0,-7.0,21.6,26.6,-5.0,23.8,24.6,-0.8000000000000007,-2.1999999999999993,2.0,-4.199999999999999,1,2,1,-2.0,110.0,-130.0
2023_02_WAS_DEN,2023-09-17,DEN,WAS,0,-2.0,21.8,27.6,-5.800000000000001,17.6,20.6,-3.0,4.199999999999999,7.0,-2.8000000000000007,1,2,0,4.0,-198.0,164.0
2023_02_NYJ_DAL,2023-09-17,DAL,NYJ,1,20.0,23.2,14.4,8.799999999999999,10.8,17.8,-7.0,12.399999999999999,-3.4000000000000004,15.799999999999999,1,2,0,8.5,-380.0,300.0
2023_02_SF_LA,2023-09-17,LA,SF,0,-7.0,23.8,20.2,3.6000000000000014,27.0,17.2,9.8,-3.1999999999999993,3.0,-6.199999999999999,1,2,1,-7.5,270.0,-340.0
2023_02_NYG_ARI,2023-09-17,ARI,NYG,0,-3.0,15.8,24.2,-8.399999999999999,18.4,26.8,-8.400000000000002,-2.599999999999998,-2.6000000000000014,3.552713678800501e-15,1,2,0,-5.0,185.0,-225.0
2023_02_LAC_TEN,2023-09-17,TEN,LAC,1,3.0,14.4,19.8,-5.4,28.6,22.2,6.400000000000002,-14.200000000000001,-2.3999999999999986,-11.800000000000002,1,2,0,-2.5,120.0,-142.0
2023_02_SEA_DET,2023-09-17,DET,SEA,0,-6.0,25.0,20.0,5.0,17.6,23.4,-5.799999999999997,7.399999999999999,-3.3999999999999986,10.799999999999997,1,2,0,4.5,-218.0,180.0
2023_02_KC_JAX,2023-09-17,JAX,KC,0,-8.0,26.6,19.4,7.200000000000003,27.8,21.8,6.0,-1.1999999999999993,-2.400000000000002,1.2000000000000028,1,2,0,-3.5,142.0,-170.0
2023_02_IND_HOU,2023-09-17,HOU,IND,0,-11.0,17.4,26.2,-8.8,20.2,32.0,-11.8,-2.8000000000000007,-5.800000000000001,3.0,1,2,1,-1.0,-110.0,-110.0
2023_02_BAL_CIN,2023-09-17,CIN,BAL,0,-3.0,20.2,18.0,2.1999999999999993,17.6,17.0,0.6000000000000014,2.599999999999998,1.0,1.5999999999999979,1,2,1,3.5,-175.0,145.0
2023_02_LV_BUF,2023-09-17,BUF,LV,1,28.0,26.0,23.2,2.8000000000000007,20.8,24.2,-3.3999999999999986,5.199999999999999,-1.0,6.199999999999999,1,2,0,7.5,-355.0,280.0
2023_02_GB_ATL,2023-09-17,ATL,GB,1,1.0,20.2,16.8,3.3999999999999986,29.0,17.8,11.2,-8.8,-1.0,-7.800000000000001,1,2,0,3.0,-148.0,124.0
2023_02_CHI_TB,2023-09-17,TB,CHI,1,10.0,20.0,23.6,-3.6000000000000014,15.2,33.6,-18.400000000000002,4.800000000000001,-10.0,14.8,1,2,0,2.5,-135.0,114.0
2023_02_NO_CAR,2023-09-18,CAR,NO,0,-3.0,19.4,21.6,-2.200000000000003,16.2,12.6,3.5999999999999996,3.1999999999999993,9.000000000000002,-5.8000000000000025,1,2,1,-3.0,145.0,-175.0
2023_02_CLE_PIT,2023-09-18,PIT,CLE,1,4.0,17.6,16.6,1.0,17.0,12.2,4.800000000000001,0.6000000000000014,4.400000000000002,-3.8000000000000007,1,2,1,-2.5,124.0,-148.0
2023_03_NYG_SF,2023-09-21,SF,NYG,1,18.0,25.4,19.2,6.199999999999999,17.0,30.4,-13.399999999999999,8.399999999999999,-11.2,19.599999999999998,1,3,0,10.5,-535.0,400.0
2023_03_IND_BAL,2023-09-24,BAL,IND,0,-3.0,19.6,20.0,-0.3999999999999986,19.2,28.2,-9.0,0.40000000000000213,-8.2,8.600000000000001,1,3,0,7.5,-380.0,300.0
2023_03_PIT_LV,2023-09-24,LV,PIT,0,-5.0,16.8,27.0,-10.2,18.0,17.8,0.1999999999999993,-1.1999999999999993,9.2,-10.399999999999999,1,3,0,3.0,-148.0,124.0
2023_03_DAL_ARI,2023-09-24,ARI,DAL,1,12.0,18.4,25.6,-7.200000000000003,23.8,13.8,10.0,-5.400000000000002,11.8,-17.200000000000003,1,3,0,-11.5,470.0,-650.0
2023_03_CAR_SEA,2023-09-24,SEA,CAR,1,10.0,23.0,24.8,-1.8000000000000007,19.6,20.8,-1.1999999999999993,3.3999999999999986,4.0,-0.6000000000000014,1,3,0,5.0,-225.0,185.0
2023_03_BUF_WAS,2023-09-24,WAS,BUF,0,-34.0,22.2,23.2,-1.0,26.6,22.6,4.0,-4.400000000000002,0.5999999999999979,-5.0,1,3,0,-5.5,200.0,-245.0
2023_03_NE_NYJ,2023-09-24,NYJ,NE,0,-5.0,9.4,19.8,-10.4,20.2,25.4,-5.199999999999999,-10.799999999999999,-5.599999999999998,-5.200000000000001,1,3,1,-2.5,120.0,-142.0
2023_03_CHI_KC,2023-09-24,KC,CHI,1,31.0,25.0,21.0,4.0,14.6,34.0,-19.4,10.4,-13.0,23.4,1,3,0,13.0,-750.0,525.0
2023_03_DEN_MIA,2023-09-24,MIA,DEN,1,50.0,24.6,22.8,1.8000000000000007,23.6,31.6,-8.0,1.0,-8.8,9.8,1,3,0,6.0,-250.0,205.0
2023_03_HOU_JAX,2023-09-24,JAX,HOU,0,-20.0,22.2,22.2,0.0,16.6,26.4,-9.799999999999997,5.599999999999998,-4.199999999999999,9.799999999999997,1,3,1,7.5,-380.0,300.0
2023_03_NO_GB,2023-09-24,GB,NO,1,1.0,29.0,20.4,8.600000000000001,16.0,12.4,3.5999999999999996,13.0,7.999999999999998,5.000000000000002,1,3,0,-1.5,105.0,-125.0
2023_03_ATL_DET,2023-09-24,DET,ATL,1,14.0,27.2,24.0,3.1999999999999993,21.6,17.4,4.200000000000003,5.599999999999998,6.600000000000001,-1.0000000000000036,1,3,0,3.0,-166.0,140.0
2023_03_TEN_CLE,2023-09-24,CLE,TEN,1,24.0,18.8,16.8,2.0,17.0,21.2,-4.199999999999999,1.8000000000000007,-4.399999999999999,6.199999999999999,1,3,0,3.5,-185.0,154.0
2023_03_LAC_MIN,2023-09-24,MIN,LAC,0,-4.0,23.0,27.8,-4.800000000000001,29.4,27.0,2.3999999999999986,-6.399999999999999,0.8000000000000007,-7.199999999999999,1,3,0,1.0,-110.0,-110.0
2023_03_PHI_TB,2023-09-25,TB,PHI,0,-14.0,21.6,23.8,-2.1999999999999993,32.6,20.0,12.600000000000001,-11.0,3.8000000000000007,-14.8,1,3,0,-6.0,210.0,-258.0
2023_03_LA_CIN,2023-09-25,CIN,LA,1,3.0,19.6,20.2,-0.5999999999999979,26.0,21.4,4.600000000000001,-6.399999999999999,-1.1999999999999993,-5.199999999999999,1,3,0,3.0,-162.0,136.0
2023_04_DET_GB,2023-09-28,GB,DET,0,-14.0,27.4,19.8,7.599999999999998,26.6,17.8,8.8,0.7999999999999972,2.0,-1.2000000000000028,1,4,1,-2.5,120.0,-142.0
2023_04_WAS_PHI,2023-10-01,PHI,WAS,1,3.0,30.0,20.8,9.2,18.8,23.2,-4.399999999999999,11.2,-2.3999999999999986,13.599999999999998,1,4,1,9.5,-455.0,350.0
2023_04_ARI_SF,2023-10-01,SF,ARI,1,19.0,23.2,17.0,6.199999999999999,20.8,25.0,-4.199999999999999,2.3999999999999986,-8.0,10.399999999999999,1,4,1,15.0,-1100.0,700.0
2023_04_NE_DAL,2023-10-01,DAL,NE,1,35.0,25.8,14.2,11.600000000000001,19.6,23.0,-3.3999999999999986,6.199999999999999,-8.8,15.0,1,4,0,6.5,-285.0,230.0
2023_04_KC_NYJ,2023-10-01,NYJ,KC,0,-3.0,10.8,19.0,-8.2,27.8,19.0,8.8,-17.0,0.0,-17.0,1,4,0,-9.5,370.0,-485.0
2023_04_LV_LAC,2023-10-01,LAC,LV,1,7.0,28.8,29.8,-1.0,18.4,29.0,-10.600000000000001,10.400000000000002,0.8000000000000007,9.600000000000001,1,4,1,7.0,-310.0,250.0
2023_04_CIN_TEN,2023-10-01,TEN,CIN,1,24.0,14.8,22.8,-8.0,18.6,20.0,-1.3999999999999986,-3.8000000000000007,2.8000000000000007,-6.600000000000001,1,4,0,-2.5,136.0,-162.0
2023_04_TB_NO,2023-10-01,NO,TB,0,-17.0,16.0,14.0,2.0,17.8,24.0,-6.199999999999999,-1.8000000000000007,-10.0,8.2,1,4,1,4.0,-205.0,170.0
2023_04_MIN_CAR,2023-10-01,CAR,MIN,0,-8.0,17.6,23.6,-6.0,24.4,25.2,-0.8000000000000007,-6.799999999999997,-1.5999999999999979,-5.199999999999999,1,4,0,-4.5,185.0,-225.0
2023_04_PIT_HOU,2023-10-01,HOU,PIT,1,24.0,20.2,27.0,-6.800000000000001,20.0,19.4,0.6000000000000014,0.1999999999999993,7.600000000000001,-7.400000000000002,1,4,0,-3.0,136.0,-162.0
2023_04_BAL_CLE,2023-10-01,CLE,BAL,0,-25.0,22.2,14.0,8.2,20.8,21.2,-0.3999999999999986,1.3999999999999986,-7.199999999999999,8.599999999999998,1,4,1,-2.0,114.0,-135.0
2023_04_DEN_CHI,2023-10-01,CHI,DEN,0,-3.0,14.0,35.2,-21.200000000000003,24.8,35.4,-10.599999999999998,-10.8,-0.19999999999999574,-10.600000000000005,1,4,0,-3.0,136.0,-162.0
2023_04_MIA_BUF,2023-10-01,BUF,MIA,1,28.0,27.0,18.6,8.399999999999999,34.4,22.2,12.2,-7.399999999999999,-3.599999999999998,-3.8000000000000007,1,4,1,2.5,-142.0,120.0
2023_04_ATL_JAX,2023-10-01,JAX,ATL,1,16.0,21.6,26.4,-4.799999999999997,21.0,18.0,3.0,0.6000000000000014,8.399999999999999,-7.799999999999997,1,4,0,3.5,-185.0,154.0
2023_04_LA_IND,2023-10-01,IND,LA,0,-6.0,23.0,28.0,-5.0,19.0,22.4,-3.3999999999999986,4.0,5.600000000000001,-1.6000000000000014,1,4,0,-1.0,-105.0,-115.0
2023_04_SEA_NYG,2023-10-02,NYG,SEA,0,-21.0,16.2,32.0,-15.8,25.8,29.0,-3.1999999999999993,-9.600000000000001,3.0,-12.600000000000001,1,4,0,-2.5,120.0,-142.0
2023_05_CHI_WAS,2023-10-05,WAS,CHI,0,-20.0,23.0,25.2,-2.1999999999999993,17.6,33.2,-15.600000000000001,5.399999999999999,-8.000000000000004,13.400000000000002,1,5,0,6.0,-258.0,210.0
2023_05_DAL_SF,2023-10-08,SF,DAL,1,32.0,26.4,17.8,8.599999999999998,27.2,12.0,15.2,-0.8000000000000007,5.800000000000001,-6.600000000000001,1,5,0,3.5,-180.0,150.0
2023_05_KC_MIN,2023-10-08,MIN,KC,0,-7.0,22.8,25.2,-2.3999999999999986,27.8,19.0,8.8,-5.0,6.199999999999999,-11.2,1,5,0,-3.5,150.0,-180.0
2023_05_NYJ_DEN,2023-10-08,DEN,NYJ,0,-10.0,26.2,35.6,-9.400000000000002,13.6,19.0,-5.4,12.6,16.6,-4.000000000000002,1,5,0,2.5,-135.0,114.0
2023_05_PHI_LA,2023-10-08,LA,PHI,0,-9.0,22.8,20.8,2.0,30.6,25.6,5.0,-7.800000000000001,-4.800000000000001,-3.0,1,5,0,-3.5,160.0,-192.0
2023_05_CIN_ARI,2023-10-08,ARI,CIN,0,-14.0,20.2,28.0,-7.800000000000001,13.8,23.4,-9.599999999999998,6.399999999999999,4.600000000000001,1.7999999999999972,1,5,0,-3.0,142.0,-170.0
2023_05_BAL_PIT,2023-10-08,PIT,BAL,1,7.0,18.0,22.8,-4.800000000000001,23.2,16.4,6.800000000000001,-5.199999999999999,6.400000000000002,-11.600000000000001,1,5,1,-4.5,190.0,-230.0
2023_05_NO_NE,2023-10-08,NE,NO,0,-34.0,15.6,26.4,-10.799999999999999,13.8,17.2,-3.3999999999999986,1.799999999999999,9.2,-7.4,1,5,0,2.5,-135.0,114.0
2023_05_NYG_MIA,2023-10-08,MIA,NYG,1,15.0,36.2,30.6,5.600000000000001,10.6,32.0,-21.4,25.6,-1.3999999999999986,27.0,1,5,0,12.5,-750.0,525.0
2023_05_TEN_IND,2023-10-08,IND,TEN,1,7.0,25.6,26.2,-0.5999999999999979,17.6,18.0,-0.3999999999999986,8.0,8.2,-0.1999999999999993,1,5,1,-2.5,120.0,-142.0
2023_05_CAR_DET,2023-10-08,DET,CAR,1,18.0,25.2,19.8,5.399999999999999,15.4,21.8,-6.4,9.799999999999999,-2.0,11.799999999999999,1,5,0,9.5,-455.0,350.0
2023_05_HOU_ATL,2023-10-08,ATL,HOU,1,2.0,18.4,18.8,-0.40000000000000213,25.6,22.0,3.6000000000000014,-7.200000000000003,-3.1999999999999993,-4.0000000000000036,1,5,0,2.5,-142.0,120.0
2023_05_JAX_BUF,2023-10-08,BUF,JAX,0,-5.0,29.8,16.4,13.400000000000002,20.0,21.8,-1.8000000000000007,9.8,-5.400000000000002,15.200000000000003,1,5,0,5.5,-250.0,205.0
2023_05_GB_LV,2023-10-09,LV,GB,1,4.0,15.0,26.4,-11.399999999999999,23.2,23.2,0.0,-8.2,3.1999999999999993,-11.399999999999999,1,5,0,1.0,-118.0,-102.0
2023_06_DEN_KC,2023-10-12,KC,DEN,1,11.0,25.6,16.0,9.600000000000001,24.2,36.2,-12.000000000000004,1.4000000000000021,-20.200000000000003,21.600000000000005,1,6,1,10.5,-650.0,470.0
2023_06_NYG_BUF,2023-10-15,BUF,NYG,1,5.0,31.8,16.0,15.8,12.4,30.6,-18.200000000000003,19.4,-14.600000000000001,34.0,1,6,0,15.5,-1200.0,750.0
2023_06_DET_TB,2023-10-15,TB,DET,0,-14.0,19.6,19.8,-0.1999999999999993,29.6,21.4,8.200000000000003,-10.0,-1.5999999999999979,-8.400000000000002,1,6,0,-3.0,136.0,-162.0
2023_06_PHI_NYJ,2023-10-15,NYJ,PHI,1,6.0,18.6,21.0,-2.3999999999999986,28.2,20.8,7.399999999999999,-9.599999999999998,0.1999999999999993,-9.799999999999997,1,6,0,-6.5,245.0,-305.0
2023_06_ARI_LA,2023-10-15,LA,ARI,1,17.0,22.4,21.6,0.7999999999999972,21.6,27.2,-5.599999999999998,0.7999999999999972,-5.599999999999998,6.399999999999995,1,6,1,7.0,-340.0,270.0
2023_06_NE_LV,2023-10-15,LV,NE,1,4.0,15.8,22.8,-7.0,11.0,26.2,-15.2,4.800000000000001,-3.3999999999999986,8.2,1,6,0,3.0,-148.0,124.0
2023_06_CAR_MIA,2023-10-15,MIA,CAR,1,21.0,36.2,27.0,9.200000000000003,18.2,28.8,-10.600000000000001,18.000000000000004,-1.8000000000000007,19.800000000000004,1,6,0,14.0,-1100.0,700.0
2023_06_MIN_CHI,2023-10-15,CHI,MIN,0,-6.0,23.0,31.4,-8.399999999999999,22.0,24.4,-2.3999999999999986,1.0,7.0,-6.0,1,6,1,-3.0,140.0,-166.0
2023_06_NO_HOU,2023-10-15,HOU,NO,1,7.0,23.0,20.0,3.0,19.2,15.2,4.0,3.8000000000000007,4.800000000000001,-1.0,1,6,0,-2.0,110.0,-130.0
2023_06_SF_CLE,2023-10-15,CLE,SF,1,2.0,18.0,17.6,0.3999999999999986,33.4,13.6,19.799999999999997,-15.399999999999999,4.000000000000002,-19.4,1,6,0,-9.5,360.0,-470.0
2023_06_SEA_CIN,2023-10-15,CIN,SEA,1,4.0,16.6,22.8,-6.199999999999999,26.8,26.4,0.40000000000000213,-10.2,-3.599999999999998,-6.600000000000001,1,6,0,3.0,-155.0,130.0
2023_06_WAS_ATL,2023-10-15,ATL,WAS,0,-8.0,16.6,19.2,-2.599999999999998,21.8,32.0,-10.2,-5.199999999999999,-12.8,7.600000000000001,1,6,0,1.5,-125.0,105.0
2023_06_BAL_TEN,2023-10-15,TEN,BAL,0,-8.0,17.6,18.6,-1.0,21.8,15.0,6.800000000000001,-4.199999999999999,3.6000000000000014,-7.800000000000001,1,6,0,-5.5,205.0,-250.0
2023_06_IND_JAX,2023-10-15,JAX,IND,1,17.0,21.0,20.4,0.6000000000000014,24.0,23.0,1.0,-3.0,-2.6000000000000014,-0.3999999999999986,1,6,1,4.0,-205.0,170.0
2023_06_DAL_LAC,2023-10-16,LAC,DAL,0,-3.0,28.0,27.0,1.0,26.8,16.6,10.2,1.1999999999999993,10.399999999999999,-9.2,1,6,0,-1.5,110.0,-130.0
2023_07_JAX_NO,2023-10-19,NO,JAX,0,-7.0,18.6,16.2,2.400000000000002,22.2,20.2,2.0,-3.599999999999998,-4.0,0.40000000000000213,1,7,0,2.5,-148.0,124.0
2023_07_LAC_KC,2023-10-22,KC,LAC,1,14.0,25.4,13.4,11.999999999999998,25.4,24.8,0.5999999999999979,0.0,-11.4,11.4,1,7,1,5.5,-265.0,215.0
2023_07_GB_DEN,2023-10-22,DEN,GB,1,2.0,22.6,36.6,-14.0,22.6,22.6,0.0,0.0,14.0,-14.0,1,7,0,1.5,-118.0,-102.0
2023_07_ARI_SEA,2023-10-22,SEA,ARI,1,10.0,24.8,21.6,3.1999999999999993,20.2,28.4,-8.2,4.600000000000001,-6.799999999999997,11.399999999999999,1,7,1,9.5,-455.0,350.0
2023_07_PIT_LA,2023-10-22,LA,PIT,0,-7.0,21.6,20.8,0.8000000000000007,15.8,22.0,-6.199999999999999,5.800000000000001,-1.1999999999999993,7.0,1,7,0,3.5,-175.0,145.0
2023_07_ATL_TB,2023-10-22,TB,ATL,0,-3.0,18.0,17.6,0.3999999999999986,15.0,22.0,-7.0,3.0,-4.399999999999999,7.399999999999999,1,7,1,3.0,-148.0,124.0
2023_07_LV_CHI,2023-10-22,CHI,LV,1,18.0,21.6,27.6,-6.0,16.6,23.0,-6.399999999999999,5.0,4.600000000000001,0.3999999999999986,1,7,0,-2.5,120.0,-142.0
2023_07_BUF_NE,2023-10-22,NE,BUF,1,4.0,10.4,25.4,-14.999999999999998,31.4,13.4,18.0,-21.0,11.999999999999998,-33.0,1,7,1,-7.5,310.0,-395.0
2023_07_CLE_IND,2023-10-22,IND,CLE,0,-1.0,23.8,24.2,-0.3999999999999986,19.0,15.4,3.5999999999999996,4.800000000000001,8.799999999999999,-3.9999999999999982,1,7,0,-3.5,150.0,-180.0
2023_07_DET_BAL,2023-10-22,BAL,DET,1,32.0,21.6,16.4,5.200000000000003,29.4,18.6,10.799999999999997,-7.799999999999997,-2.200000000000003,-5.599999999999994,1,7,0,3.0,-162.0,136.0
2023_07_MIA_PHI,2023-10-22,PHI,MIA,1,14.0,26.0,20.8,5.199999999999999,37.4,24.4,13.0,-11.399999999999999,-3.599999999999998,-7.800000000000001,1,7,0,3.0,-155.0,130.0
2023_07_WAS_NYG,2023-10-22,NYG,WAS,1,7.0,14.2,25.4,-11.2,22.6,32.0,-9.399999999999999,-8.400000000000002,-6.600000000000001,-1.8000000000000007,1,7,1,-3.0,136.0,-162.0
2023_07_SF_MIN,2023-10-23,MIN,SF,1,5.0,22.4,23.0,-0.6000000000000014,30.8,16.0,14.8,-8.400000000000002,7.0,-15.400000000000002,1,7,0,-7.0,260.0,-325.0
2023_08_TB_BUF,2023-10-26,BUF,TB,1,6.0,28.8,17.2,11.600000000000001,16.6,17.4,-0.7999999999999972,12.2,-0.1999999999999993,12.399999999999999,1,8,0,10.0,-485.0,370.0
2023_08_HOU_CAR,2023-10-29,CAR,HOU,1,2.0,20.4,32.4,-12.0,25.2,17.6,7.599999999999998,-4.800000000000001,14.799999999999997,-19.599999999999998,1,8,0,-3.0,136.0,-162.0
2023_08_CHI_LAC,2023-10-29,LAC,CHI,1,17.0,22.0,23.8,-1.8000000000000007,24.2,24.6,-0.40000000000000213,-2.1999999999999993,-0.8000000000000007,-1.3999999999999986,1,8,0,9.5,-440.0,340.0
2023_08_CIN_SF,2023-10-29,SF,CIN,0,-14.0,28.2,15.8,12.399999999999999,19.4,20.6,-1.2000000000000028,8.8,-4.800000000000001,13.600000000000001,1,8,0,4.0,-205.0,170.0
2023_08_KC_DEN,2023-10-29,DEN,KC,1,15.0,19.8,33.0,-13.2,28.2,15.0,13.2,-8.399999999999999,18.0,-26.4,1,8,1,-7.0,270.0,-340.0
2023_08_CLE_SEA,2023-10-29,SEA,CLE,1,4.0,26.2,17.6,8.599999999999998,22.0,22.4,-0.3999999999999986,4.199999999999999,-4.799999999999997,8.999999999999996,1,8,0,4.0,-198.0,164.0
2023_08_PHI_WAS,2023-10-29,WAS,PHI,0,-7.0,17.0,28.2,-11.2,25.4,18.6,6.799999999999997,-8.399999999999999,9.599999999999998,-17.999999999999996,1,8,1,-7.0,245.0,-305.0
2023_08_ATL_TEN,2023-10-29,TEN,ATL,1,5.0,17.8,20.2,-2.3999999999999986,13.2,19.8,-6.600000000000001,4.600000000000001,0.3999999999999986,4.200000000000003,1,8,0,-2.5,110.0,-130.0
2023_08_BAL_ARI,2023-10-29,ARI,BAL,0,-7.0,16.6,26.2,-9.599999999999998,23.8,12.8,11.0,-7.199999999999999,13.399999999999999,-20.599999999999998,1,8,0,-9.5,380.0,-500.0
2023_08_NYJ_NYG,2023-10-29,NYG,NYJ,0,-3.0,10.8,21.2,-10.399999999999999,18.2,20.6,-2.400000000000002,-7.399999999999999,0.5999999999999979,-7.9999999999999964,1,8,0,-3.0,136.0,-162.0
2023_08_NE_MIA,2023-10-29,MIA,NE,1,14.0,36.0,27.2,8.8,12.8,25.6,-12.8,23.2,1.5999999999999979,21.6,1,8,1,7.5,-380.0,300.0
2023_08_NO_IND,2023-10-29,IND,NO,0,-11.0,25.2,28.0,-2.8000000000000007,19.4,19.0,0.3999999999999986,5.800000000000001,9.0,-3.1999999999999993,1,8,0,-2.0,110.0,-130.0
2023_08_MIN_GB,2023-10-29,GB,MIN,0,-14.0,18.4,22.4,-4.0,21.2,19.6,1.5999999999999979,-2.8000000000000007,2.799999999999997,-5.599999999999998,1,8,1,-1.0,-108.0,-112.0
2023_08_LA_DAL,2023-10-29,DAL,LA,1,23.0,22.8,20.0,2.8000000000000007,20.4,19.6,0.7999999999999972,2.400000000000002,0.3999999999999986,2.0000000000000036,1,8,0,6.5,-310.0,250.0
2023_08_JAX_PIT,2023-10-29,PIT,JAX,0,-10.0,19.2,19.4,-0.1999999999999993,26.6,21.6,5.0,-7.400000000000002,-2.200000000000003,-5.199999999999999,1,8,0,-2.5,114.0,-135.0
2023_08_LV_DET,2023-10-30,DET,LV,1,12.0,24.4,18.8,5.599999999999998,17.0,21.4,-4.399999999999999,7.399999999999999,-2.599999999999998,9.999999999999996,1,8,0,7.0,-340.0,270.0
2023_09_TEN_PIT,2023-11-02,PIT,TEN,1,4.0,16.0,19.0,-3.0,18.0,20.0,-2.0,-2.0,-1.0,-1.0,1,9,0,3.5,-175.0,145.0
2023_09_CHI_NO,2023-11-05,NO,CHI,1,7.0,23.6,20.8,2.8000000000000007,24.8,22.4,2.400000000000002,-1.1999999999999993,-1.5999999999999979,0.3999999999999986,1,9,0,9.0,-440.0,340.0
2023_09_BUF_CIN,2023-11-05,CIN,BUF,1,6.0,20.8,18.6,2.1999999999999993,26.2,20.2,6.0,-5.399999999999999,-1.5999999999999979,-3.8000000000000007,1,9,0,1.5,-125.0,105.0
2023_09_DAL_PHI,2023-11-05,PHI,DAL,1,5.0,28.0,22.6,5.399999999999999,25.4,22.0,3.3999999999999986,2.6000000000000014,0.6000000000000014,2.0,1,9,1,3.5,-175.0,145.0
2023_09_NYG_LV,2023-11-05,LV,NYG,1,24.0,16.2,22.0,-5.800000000000001,10.4,17.8,-7.4,5.799999999999999,4.199999999999999,1.5999999999999996,1,9,0,1.0,-118.0,-102.0
2023_09_WAS_NE,2023-11-05,NE,WAS,0,-3.0,13.2,29.8,-16.6,22.6,28.4,-5.799999999999997,-9.400000000000002,1.4000000000000021,-10.800000000000004,1,9,0,2.5,-155.0,130.0
2023_09_IND_CAR,2023-11-05,CAR,IND,0,-14.0,20.0,31.0,-11.0,26.2,31.8,-5.600000000000001,-6.199999999999999,-0.8000000000000007,-5.399999999999999,1,9,0,-1.5,110.0,-130.0
2023_09_LA_GB,2023-11-05,GB,LA,1,17.0,15.6,22.2,-6.6,21.2,24.4,-3.1999999999999993,-5.6,-2.1999999999999993,-3.4000000000000004,1,9,0,3.5,-198.0,160.0
2023_09_ARI_CLE,2023-11-05,CLE,ARI,1,27.0,21.6,22.0,-0.3999999999999986,15.8,29.2,-13.399999999999999,5.800000000000001,-7.199999999999999,13.0,1,9,0,13.0,-750.0,525.0
2023_09_SEA_BAL,2023-11-05,BAL,SEA,1,34.0,26.2,13.2,13.0,23.6,15.4,8.200000000000001,2.599999999999998,-2.200000000000001,4.799999999999999,1,9,0,6.0,-270.0,220.0
2023_09_MIN_ATL,2023-11-05,ATL,MIN,0,-3.0,16.6,21.4,-4.799999999999997,21.2,16.0,5.199999999999999,-4.599999999999998,5.399999999999999,-9.999999999999996,1,9,0,3.5,-192.0,160.0
2023_09_MIA_KC,2023-11-05,KC,MIA,1,7.0,21.8,17.8,4.0,28.2,26.6,1.5999999999999979,-6.399999999999999,-8.8,2.400000000000002,1,9,0,1.0,-115.0,-105.0
2023_09_TB_HOU,2023-11-05,HOU,TB,1,2.0,23.8,14.4,9.4,14.8,18.8,-4.0,9.0,-4.4,13.4,1,9,0,2.5,-148.0,124.0
2023_09_LAC_NYJ,2023-11-06,NYJ,LAC,0,-21.0,18.8,16.6,2.1999999999999993,23.2,21.0,2.1999999999999993,-4.399999999999999,-4.399999999999999,0.0,1,9,0,-3.0,142.0,-170.0
2023_10_CAR_CHI,2023-11-09,CHI,CAR,1,3.0,22.6,21.0,1.6000000000000014,17.2,29.0,-11.8,5.400000000000002,-8.0,13.400000000000002,1,10,0,3.0,-180.0,150.0
2023_10_NYJ_LV,2023-11-12,LV,NYJ,1,4.0,18.8,18.4,0.40000000000000213,18.0,19.0,-1.0,0.8000000000000007,-0.6000000000000014,1.4000000000000021,1,10,0,-1.0,-105.0,-115.0
2023_10_WAS_SEA,2023-11-12,SEA,WAS,1,3.0,16.8,17.4,-0.5999999999999979,20.4,25.0,-4.600000000000001,-3.599999999999998,-7.600000000000001,4.0000000000000036,1,10,0,6.0,-270.0,220.0
2023_10_NYG_DAL,2023-11-12,DAL,NYG,1,32.0,26.8,22.0,4.800000000000001,11.0,19.0,-8.0,15.8,3.0,12.8,1,10,1,17.5,-2100.0,1100.0
2023_10_DET_LAC,2023-11-12,LAC,DET,0,-3.0,23.0,17.4,5.600000000000001,25.6,20.4,5.200000000000003,-2.6000000000000014,-3.0,0.3999999999999986,1,10,0,-2.5,120.0,-142.0
2023_10_ATL_ARI,2023-11-12,ARI,ATL,1,2.0,12.6,27.6,-15.000000000000002,20.8,23.0,-2.1999999999999993,-8.200000000000001,4.600000000000001,-12.800000000000002,1,10,0,-2.0,110.0,-130.0
2023_10_TEN_TB,2023-11-12,TB,TEN,1,14.0,20.0,21.6,-1.6000000000000014,20.6,18.6,2.0,-0.6000000000000014,3.0,-3.6000000000000014,1,10,0,2.5,-142.0,120.0
2023_10_GB_PIT,2023-11-12,PIT,GB,1,4.0,15.4,18.6,-3.200000000000001,16.0,19.4,-3.3999999999999986,-0.5999999999999996,-0.7999999999999972,0.1999999999999975,1,10,0,3.0,-166.0,140.0
2023_10_SF_JAX,2023-11-12,JAX,SF,0,-31.0,27.2,16.2,11.0,25.6,19.6,6.0,1.5999999999999979,-3.400000000000002,5.0,1,10,0,-3.0,142.0,-170.0
2023_10_HOU_CIN,2023-11-12,CIN,HOU,0,-3.0,21.8,19.0,2.8000000000000007,24.2,18.4,5.800000000000001,-2.3999999999999986,0.6000000000000014,-3.0,1,10,0,5.5,-250.0,205.0
2023_10_CLE_BAL,2023-11-12,BAL,CLE,0,-2.0,28.0,13.2,14.8,21.6,21.4,0.20000000000000284,6.399999999999999,-8.2,14.599999999999998,1,10,1,6.0,-258.0,210.0
2023_10_IND_NE,2023-11-12,NE,IND,0,-4.0,16.0,26.2,-10.2,27.0,28.6,-1.6000000000000014,-11.0,-2.400000000000002,-8.599999999999998,1,10,0,-1.0,-102.0,-118.0
2023_10_NO_MIN,2023-11-12,MIN,NO,1,8.0,23.2,19.0,4.199999999999999,26.6,19.0,7.600000000000001,-3.400000000000002,0.0,-3.400000000000002,1,10,0,-3.0,130.0,-155.0
2023_10_DEN_BUF,2023-11-13,BUF,DEN,0,-2.0,20.2,21.0,-0.8000000000000007,20.6,20.8,-0.1999999999999993,-0.40000000000000213,0.1999999999999993,-0.6000000000000014,1,10,0,7.5,-395.0,310.0
2023_11_CIN_BAL,2023-11-16,BAL,CIN,1,14.0,32.2,16.4,15.800000000000004,26.6,19.6,7.0,5.600000000000001,-3.200000000000003,8.800000000000004,1,11,1,4.0,-205.0,170.0
2023_11_NYG_WAS,2023-11-19,WAS,NYG,0,-12.0,21.6,22.8,-1.1999999999999993,11.2,22.6,-11.400000000000002,10.400000000000002,0.1999999999999993,10.200000000000003,1,11,1,7.5,-395.0,310.0
2023_11_MIN_DEN,2023-11-19,DEN,MIN,1,1.0,19.2,19.6,-0.40000000000000213,24.6,17.4,7.200000000000003,-5.400000000000002,2.200000000000003,-7.600000000000005,1,11,0,2.5,-142.0,120.0
2023_11_SEA_LA,2023-11-19,LA,SEA,1,1.0,16.0,23.8,-7.800000000000001,17.8,22.0,-4.199999999999999,-1.8000000000000007,1.8000000000000007,-3.6000000000000014,1,11,1,2.5,-135.0,114.0
2023_11_NYJ_BUF,2023-11-19,BUF,NYJ,1,26.0,20.6,20.8,-0.1999999999999993,16.4,17.6,-1.2000000000000028,4.200000000000003,3.1999999999999993,1.0000000000000036,1,11,1,8.0,-395.0,310.0
2023_11_TB_SF,2023-11-19,SF,TB,1,13.0,25.4,17.0,8.399999999999999,18.8,21.0,-2.1999999999999993,6.599999999999998,-4.0,10.599999999999998,1,11,0,13.5,-950.0,625.0
2023_11_LV_MIA,2023-11-19,MIA,LV,1,7.0,27.0,21.2,5.800000000000001,18.6,18.2,0.40000000000000213,8.399999999999999,3.0,5.399999999999999,1,11,0,14.0,-1100.0,700.0
2023_11_DAL_CAR,2023-11-19,CAR,DAL,0,-23.0,17.2,28.0,-10.8,29.0,24.8,4.199999999999999,-11.8,3.1999999999999993,-15.0,1,11,0,-11.0,470.0,-650.0
2023_11_ARI_HOU,2023-11-19,HOU,ARI,1,5.0,24.2,22.6,1.5999999999999979,13.6,25.4,-11.799999999999999,10.6,-2.799999999999997,13.399999999999997,1,11,0,5.5,-250.0,205.0
2023_11_LAC_GB,2023-11-19,GB,LAC,1,3.0,15.8,17.2,-1.3999999999999986,25.8,22.2,3.6000000000000014,-10.0,-5.0,-5.0,1,11,0,-3.0,136.0,-162.0
2023_11_CHI_DET,2023-11-19,DET,CHI,1,5.0,27.0,24.0,3.0,17.8,19.6,-1.8000000000000007,9.2,4.399999999999999,4.800000000000001,1,11,1,8.0,-440.0,340.0
2023_11_PIT_CLE,2023-11-19,CLE,PIT,1,3.0,27.6,22.0,5.600000000000001,18.8,16.4,2.400000000000002,8.8,5.600000000000001,3.1999999999999993,1,11,1,2.5,-142.0,120.0
2023_11_TEN_JAX,2023-11-19,JAX,TEN,1,20.0,23.2,21.6,1.5999999999999979,16.4,22.0,-5.600000000000001,6.800000000000001,-0.3999999999999986,7.199999999999999,1,11,1,6.5,-290.0,235.0
2023_11_PHI_KC,2023-11-20,KC,PHI,0,-4.0,21.4,16.6,4.799999999999997,26.8,21.0,5.800000000000001,-5.400000000000002,-4.399999999999999,-1.0000000000000036,1,11,0,2.5,-148.0,124.0
2023_12_GB_DET,2023-11-23,DET,GB,0,-7.0,24.8,24.4,0.40000000000000213,17.8,17.8,0.0,7.0,6.599999999999998,0.40000000000000213,1,12,1,8.5,-425.0,330.0
2023_12_WAS_DAL,2023-11-23,DAL,WAS,1,35.0,33.6,18.4,15.200000000000003,20.6,25.8,-5.199999999999999,13.0,-7.400000000000002,20.400000000000002,1,12,1,13.0,-800.0,550.0
2023_12_SF_SEA,2023-11-23,SEA,SF,0,-18.0,18.4,22.0,-3.6000000000000014,22.4,17.8,4.599999999999998,-4.0,4.199999999999999,-8.2,1,12,1,-7.0,280.0,-355.0
2023_12_MIA_NYJ,2023-11-24,NYJ,MIA,0,-21.0,11.4,19.8,-8.4,24.8,20.6,4.199999999999999,-13.4,-0.8000000000000007,-12.6,1,12,1,-9.5,380.0,-500.0
2023_12_BAL_LAC,2023-11-26,LAC,BAL,0,-10.0,26.4,22.8,3.599999999999998,34.2,17.2,17.000000000000004,-7.800000000000004,5.600000000000001,-13.400000000000006,1,12,0,-3.0,142.0,-170.0
2023_12_BUF_PHI,2023-11-26,PHI,BUF,1,3.0,26.4,21.6,4.799999999999997,24.2,20.2,4.0,2.1999999999999993,1.4000000000000021,0.7999999999999972,1,12,0,2.5,-148.0,124.0
2023_12_KC_LV,2023-11-26,LV,KC,0,-14.0,17.0,18.8,-1.8000000000000007,19.4,16.8,2.599999999999998,-2.3999999999999986,2.0,-4.399999999999999,1,12,1,-9.0,380.0,-500.0
2023_12_CLE_DEN,2023-11-26,DEN,CLE,1,17.0,19.2,17.4,1.8000000000000007,26.4,20.6,5.799999999999997,-7.199999999999999,-3.200000000000003,-3.9999999999999964,1,12,0,1.5,-125.0,105.0
2023_12_LA_ARI,2023-11-26,ARI,LA,0,-23.0,15.0,24.4,-9.399999999999999,16.6,22.4,-5.799999999999997,-1.6000000000000014,2.0,-3.6000000000000014,1,12,1,-3.0,124.0,-148.0
2023_12_TB_IND,2023-11-26,IND,TB,1,7.0,24.4,26.6,-2.200000000000003,20.4,22.4,-2.0,4.0,4.200000000000003,-0.20000000000000284,1,12,0,2.5,-155.0,130.0
2023_12_NE_NYG,2023-11-26,NYG,NE,1,3.0,15.6,23.6,-8.000000000000002,17.2,21.4,-4.199999999999999,-1.5999999999999996,2.200000000000003,-3.8000000000000025,1,12,0,-4.5,180.0,-218.0
2023_12_JAX_HOU,2023-11-26,HOU,JAX,0,-3.0,24.6,21.6,3.0,25.0,20.4,4.600000000000001,-0.3999999999999986,1.2000000000000028,-1.6000000000000014,1,12,1,-1.0,-105.0,-115.0
2023_12_PIT_CIN,2023-11-26,CIN,PIT,0,-6.0,23.8,22.4,1.4000000000000021,17.4,17.0,0.3999999999999986,6.400000000000002,5.399999999999999,1.0000000000000036,1,12,1,-2.0,114.0,-135.0
2023_12_NO_ATL,2023-11-26,ATL,NO,1,9.0,21.2,24.2,-3.0,23.6,24.4,-0.7999999999999972,-2.400000000000002,-0.1999999999999993,-2.200000000000003,1,12,1,-2.0,110.0,-130.0
2023_12_CAR_TEN,2023-11-26,TEN,CAR,1,7.0,16.0,24.2,-8.2,14.4,26.2,-11.799999999999999,1.5999999999999996,-2.0,3.5999999999999996,1,12,0,3.5,-175.0,145.0
2023_12_CHI_MIN,2023-11-27,MIN,CHI,0,-2.0,24.8,19.0,5.800000000000001,20.4,22.0,-1.6000000000000014,4.400000000000002,-3.0,7.400000000000002,1,12,1,3.0,-166.0,140.0
2023_13_SEA_DAL,2023-11-30,DAL,SEA,1,6.0,38.6,17.0,21.6,17.0,26.2,-9.2,21.6,-9.2,30.8,1,13,0,9.5,-500.0,380.0
2023_13_CAR_TB,2023-12-03,TB,CAR,1,3.0,21.8,24.6,-2.8000000000000007,12.2,21.2,-9.0,9.600000000000001,3.400000000000002,6.199999999999999,1,13,1,4.0,-198.0,164.0
2023_13_KC_GB,2023-12-03,GB,KC,1,8.0,20.2,18.4,1.8000000000000007,21.8,18.6,3.1999999999999993,-1.6000000000000014,-0.20000000000000284,-1.3999999999999986,1,13,0,-5.5,215.0,-265.0
2023_13_SF_PHI,2023-12-03,PHI,SF,0,-23.0,31.0,24.4,6.600000000000001,25.2,16.6,8.599999999999998,5.800000000000001,7.799999999999997,-1.9999999999999964,1,13,0,-3.0,124.0,-148.0
2023_13_CLE_LA,2023-12-03,LA,CLE,1,17.0,18.8,23.4,-4.599999999999998,21.0,18.8,2.1999999999999993,-2.1999999999999993,4.599999999999998,-6.799999999999997,1,13,0,3.5,-192.0,160.0
2023_13_MIA_WAS,2023-12-03,WAS,MIA,0,-30.0,21.2,32.0,-10.8,23.2,19.0,4.199999999999999,-2.0,13.0,-15.0,1,13,0,-8.5,350.0,-455.0
2023_13_DET_NO,2023-12-03,NO,DET,0,-5.0,24.0,25.2,-1.1999999999999993,25.2,29.0,-3.8000000000000007,-1.1999999999999993,-3.8000000000000007,2.6000000000000014,1,13,0,-4.0,164.0,-198.0
2023_13_ARI_PIT,2023-12-03,PIT,ARI,0,-14.0,15.8,15.6,0.20000000000000107,15.8,27.8,-12.0,0.0,-12.200000000000001,12.200000000000001,1,13,0,6.0,-285.0,230.0
2023_13_ATL_NYJ,2023-12-03,NYJ,ATL,0,-5.0,10.0,23.8,-13.8,22.8,22.4,0.40000000000000213,-12.8,1.4000000000000021,-14.200000000000003,1,13,0,-2.0,105.0,-125.0
2023_13_LAC_NE,2023-12-03,NE,LAC,0,-6.0,15.2,19.2,-4.0,25.0,20.6,4.399999999999999,-9.8,-1.4000000000000021,-8.399999999999999,1,13,0,-4.5,185.0,-225.0
2023_13_DEN_HOU,2023-12-03,HOU,DEN,1,5.0,24.8,23.8,1.0,23.4,16.0,7.399999999999999,1.4000000000000021,7.800000000000001,-6.399999999999999,1,13,0,3.5,-170.0,142.0
2023_13_IND_TEN,2023-12-03,TEN,IND,0,-3.0,16.2,21.4,-5.199999999999999,25.8,23.2,2.6000000000000014,-9.600000000000001,-1.8000000000000007,-7.800000000000001,1,13,1,-1.5,102.0,-122.0
2023_13_CIN_JAX,2023-12-04,JAX,CIN,0,-3.0,22.4,20.6,1.7999999999999972,22.4,23.0,-0.6000000000000014,0.0,-2.3999999999999986,2.3999999999999986,1,13,0,10.0,-550.0,410.0
2023_14_NE_PIT,2023-12-07,PIT,NE,0,-3.0,15.8,16.4,-0.5999999999999979,9.4,15.4,-6.0,6.4,0.9999999999999982,5.400000000000002,1,14,0,6.0,-270.0,220.0
2023_14_PHI_DAL,2023-12-10,DAL,PHI,1,20.0,38.2,20.0,18.200000000000003,28.6,29.4,-0.7999999999999972,9.600000000000001,-9.399999999999999,19.0,1,14,1,3.5,-175.0,145.0
2023_14_DEN_LAC,2023-12-10,LAC,DEN,0,-17.0,20.2,18.0,2.1999999999999993,23.0,17.0,6.0,-2.8000000000000007,1.0,-3.8000000000000007,1,14,1,3.0,-162.0,136.0
2023_14_BUF_KC,2023-12-10,KC,BUF,0,-3.0,19.4,20.6,-1.2000000000000028,26.0,21.8,4.199999999999999,-6.600000000000001,-1.1999999999999993,-5.400000000000002,1,14,0,2.0,-125.0,105.0
2023_14_SEA_SF,2023-12-10,SF,SEA,1,12.0,30.2,16.0,14.2,19.2,30.4,-11.2,11.0,-14.399999999999999,25.4,1,14,1,14.5,-1000.0,650.0
2023_14_MIN_LV,2023-12-10,LV,MIN,0,-3.0,18.0,19.0,-1.0,22.4,18.0,4.399999999999999,-4.399999999999999,1.0,-5.399999999999999,1,14,0,-3.0,130.0,-155.0
2023_14_HOU_NYJ,2023-12-10,NYJ,HOU,1,24.0,9.0,24.4,-15.399999999999999,26.6,24.2,2.400000000000002,-17.6,0.1999999999999993,-17.8,1,14,0,-3.5,145.0,-175.0
2023_14_JAX_CLE,2023-12-10,CLE,JAX,1,4.0,20.8,21.2,-0.3999999999999986,22.4,22.6,-0.20000000000000284,-1.5999999999999979,-1.4000000000000021,-0.19999999999999574,1,14,0,2.5,-142.0,120.0
2023_14_IND_CIN,2023-12-10,CIN,IND,1,20.0,23.0,25.8,-2.8000000000000007,24.4,21.0,3.3999999999999986,-1.3999999999999986,4.800000000000001,-6.199999999999999,1,14,0,3.0,-148.0,124.0
2023_14_DET_CHI,2023-12-10,CHI,DET,1,15.0,16.8,21.6,-4.800000000000001,30.6,27.0,3.6000000000000014,-13.8,-5.399999999999999,-8.400000000000002,1,14,1,-3.0,142.0,-170.0
2023_14_LA_BAL,2023-12-10,BAL,LA,1,6.0,30.6,18.0,12.600000000000001,22.6,22.4,0.20000000000000284,8.0,-4.399999999999999,12.399999999999999,1,14,0,7.5,-360.0,285.0
2023_14_TB_ATL,2023-12-10,ATL,TB,0,-4.0,22.2,21.4,0.8000000000000007,22.4,23.4,-1.0,-0.1999999999999993,-2.0,1.8000000000000007,1,14,1,1.5,-125.0,105.0
2023_14_CAR_NO,2023-12-10,NO,CAR,1,22.0,24.8,25.6,-0.8000000000000007,12.8,22.8,-10.0,12.0,2.8000000000000007,9.2,1,14,1,5.5,-245.0,200.0
2023_14_TEN_MIA,2023-12-11,MIA,TEN,0,-1.0,28.8,15.8,13.0,16.2,23.0,-6.800000000000001,12.600000000000001,-7.199999999999999,19.8,1,14,0,14.0,-950.0,625.0
2023_14_GB_NYG,2023-12-11,NYG,GB,1,2.0,14.8,23.6,-8.8,23.6,17.4,6.200000000000003,-8.8,6.200000000000003,-15.000000000000004,1,14,0,-6.0,215.0,-265.0
2023_15_LAC_LV,2023-12-14,LV,LAC,1,42.0,15.2,14.4,0.7999999999999989,16.2,21.6,-5.400000000000002,-1.0,-7.200000000000001,6.200000000000001,1,15,1,3.0,-162.0,136.0
2023_15_PIT_IND,2023-12-16,IND,PIT,1,17.0,21.8,20.2,1.6000000000000014,15.4,17.4,-1.9999999999999982,6.4,2.8000000000000007,3.5999999999999996,1,15,0,1.5,-122.0,102.0
2023_15_DEN_DET,2023-12-16,DET,DEN,1,25.0,28.0,29.8,-1.8000000000000007,23.0,16.6,6.399999999999999,5.0,13.2,-8.2,1,15,0,5.5,-258.0,210.0
2023_15_MIN_CIN,2023-12-16,CIN,MIN,1,3.0,25.0,25.0,0.0,18.2,16.0,2.1999999999999993,6.800000000000001,9.0,-2.1999999999999993,1,15,0,3.0,-175.0,145.0
2023_15_ATL_CAR,2023-12-17,CAR,ATL,1,2.0,11.4,23.0,-11.6,22.6,21.6,1.0,-11.200000000000001,1.3999999999999986,-12.6,1,15,1,-3.0,130.0,-155.0
2023_15_CHI_CLE,2023-12-17,CLE,CHI,1,3.0,21.6,26.6,-5.0,19.8,18.2,1.6000000000000014,1.8000000000000007,8.400000000000002,-6.600000000000001,1,15,0,3.0,-148.0,124.0
2023_15_TB_GB,2023-12-17,GB,TB,0,-14.0,24.0,21.6,2.3999999999999986,20.8,20.6,0.1999999999999993,3.1999999999999993,1.0,2.1999999999999993,1,15,0,4.0,-218.0,180.0
2023_15_NYJ_MIA,2023-12-17,MIA,NYJ,1,30.0,28.0,18.0,10.0,13.8,20.2,-6.399999999999999,14.2,-2.1999999999999993,16.4,1,15,1,7.5,-345.0,275.0
2023_15_KC_NE,2023-12-17,NE,KC,0,-10.0,10.2,12.8,-2.6000000000000014,21.0,19.8,1.1999999999999993,-10.8,-7.0,-3.8000000000000007,1,15,0,-10.0,370.0,-485.0
2023_15_NYG_NO,2023-12-17,NO,NYG,1,18.0,22.8,21.4,1.4000000000000021,17.6,25.4,-7.799999999999997,5.199999999999999,-4.0,9.2,1,15,0,6.0,-250.0,205.0
2023_15_HOU_TEN,2023-12-17,TEN,HOU,0,-3.0,18.6,24.4,-5.799999999999997,20.0,22.8,-2.8000000000000007,-1.3999999999999986,1.5999999999999979,-2.9999999999999964,1,15,1,3.0,-170.0,142.0
2023_15_SF_ARI,2023-12-17,ARI,SF,0,-16.0,15.8,23.6,-7.800000000000001,32.4,13.0,19.4,-16.599999999999998,10.600000000000001,-27.2,1,15,1,-12.5,525.0,-750.0
2023_15_WAS_LA,2023-12-17,LA,WAS,1,8.0,24.8,21.2,3.6000000000000014,18.0,33.4,-15.399999999999999,6.800000000000001,-12.2,19.0,1,15,0,6.5,-298.0,240.0
2023_15_DAL_BUF,2023-12-17,BUF,DAL,1,21.0,25.2,21.6,3.599999999999998,40.2,17.0,23.200000000000003,-15.000000000000004,4.600000000000001,-19.600000000000005,1,15,0,2.0,-135.0,114.0
2023_15_BAL_JAX,2023-12-17,JAX,BAL,0,-16.0,23.8,26.8,-3.0,31.8,19.4,12.400000000000002,-8.0,7.400000000000002,-15.400000000000002,1,15,0,-4.0,185.0,-225.0
2023_15_PHI_SEA,2023-12-18,SEA,PHI,1,3.0,21.8,28.6,-6.800000000000001,23.6,29.8,-6.199999999999999,-1.8000000000000007,-1.1999999999999993,-0.6000000000000014,1,15,0,-5.0,195.0,-238.0
2023_16_NO_LA,2023-12-21,LA,NO,1,8.0,29.8,21.2,8.600000000000001,22.8,19.2,3.6000000000000014,7.0,2.0,5.0,1,16,0,4.0,-218.0,180.0
2023_16_CIN_PIT,2023-12-23,PIT,CIN,1,23.0,13.4,19.6,-6.200000000000001,25.0,23.8,1.1999999999999993,-11.6,-4.199999999999999,-7.4,1,16,1,-3.0,130.0,-155.0
2023_16_BUF_LAC,2023-12-23,LAC,BUF,0,-2.0,12.8,26.0,-13.2,27.8,18.8,9.0,-15.0,7.199999999999999,-22.2,1,16,0,-13.0,550.0,-800.0
2023_16_IND_ATL,2023-12-24,ATL,IND,1,19.0,18.4,17.2,1.1999999999999993,22.4,20.2,2.1999999999999993,-4.0,-3.0,-1.0,1,16,0,3.0,-155.0,130.0
2023_16_GB_CAR,2023-12-24,CAR,GB,0,-3.0,10.6,21.2,-10.6,24.2,23.8,0.3999999999999986,-13.6,-2.6000000000000014,-10.999999999999998,1,16,0,-3.5,164.0,-198.0
2023_16_CLE_HOU,2023-12-24,HOU,CLE,0,-14.0,17.8,20.6,-2.8000000000000007,19.0,23.8,-4.800000000000001,-1.1999999999999993,-3.1999999999999993,2.0,1,16,0,-3.0,136.0,-162.0
2023_16_DET_MIN,2023-12-24,MIN,DET,0,-6.0,16.8,15.8,1.0,28.2,25.6,2.599999999999998,-11.399999999999999,-9.8,-1.5999999999999979,1,16,1,-2.5,124.0,-148.0
2023_16_WAS_NYJ,2023-12-24,NYJ,WAS,1,2.0,11.4,23.0,-11.6,18.0,35.6,-17.6,-6.6,-12.600000000000001,6.000000000000002,1,16,0,3.0,-166.0,140.0
2023_16_SEA_TEN,2023-12-24,TEN,SEA,0,-3.0,20.6,24.2,-3.599999999999998,20.0,26.8,-6.800000000000001,0.6000000000000014,-2.6000000000000014,3.200000000000003,1,16,0,-3.0,140.0,-166.0
2023_16_JAX_TB,2023-12-24,TB,JAX,1,18.0,23.6,23.4,0.20000000000000284,24.6,24.6,0.0,-1.0,-1.2000000000000028,0.20000000000000284,1,16,0,-2.0,105.0,-125.0
2023_16_ARI_CHI,2023-12-24,CHI,ARI,1,11.0,19.8,17.4,2.400000000000002,21.6,27.2,-5.599999999999998,-1.8000000000000007,-9.8,8.0,1,16,0,4.5,-218.0,180.0
2023_16_NE_DEN,2023-12-24,DEN,NE,0,-3.0,21.6,20.6,1.0,10.2,14.2,-4.0,11.400000000000002,6.400000000000002,5.0,1,16,0,7.0,-340.0,270.0
2023_16_DAL_MIA,2023-12-24,MIA,DAL,1,2.0,31.2,13.8,17.4,32.4,19.8,12.599999999999998,-1.1999999999999993,-6.0,4.800000000000001,1,16,0,1.5,-122.0,102.0
2023_16_BAL_SF,2023-12-25,SF,BAL,0,-14.0,34.6,18.2,16.400000000000002,29.0,20.2,8.8,5.600000000000001,-2.0,7.600000000000001,1,16,0,6.5,-345.0,275.0
2023_16_LV_KC,2023-12-25,KC,LV,0,-6.0,22.2,20.4,1.8000000000000007,21.8,17.4,4.400000000000002,0.3999999999999986,3.0,-2.6000000000000014,1,16,1,11.0,-600.0,440.0
2023_16_NYG_PHI,2023-12-25,PHI,NYG,1,8.0,21.4,29.2,-7.800000000000001,17.6,24.2,-6.599999999999998,3.799999999999997,5.0,-1.2000000000000028,1,16,1,14.0,-900.0,600.0
2023_17_NYJ_CLE,2023-12-28,CLE,NYJ,1,17.0,23.6,26.2,-2.599999999999998,16.2,22.2,-6.0,7.400000000000002,4.0,3.400000000000002,1,17,0,6.5,-345.0,270.0
2023_17_DET_DAL,2023-12-30,DAL,DET,1,1.0,29.8,22.2,7.600000000000001,28.0,25.2,2.8000000000000007,1.8000000000000007,-3.0,4.800000000000001,1,17,0,5.5,-238.0,195.0
2023_17_ARI_PHI,2023-12-31,PHI,ARI,0,-4.0,23.8,30.8,-7.0,19.8,28.0,-8.2,4.0,2.8000000000000007,1.1999999999999993,1,17,0,12.0,-750.0,525.0
2023_17_GB_MIN,2023-12-31,MIN,GB,0,-23.0,16.2,18.0,-1.8000000000000007,26.2,25.8,0.3999999999999986,-10.0,-7.800000000000001,-2.1999999999999993,1,17,1,1.0,-112.0,-108.0
2023_17_CIN_KC,2023-12-31,KC,CIN,1,8.0,21.6,20.2,1.4000000000000021,23.2,23.8,-0.6000000000000014,-1.5999999999999979,-3.6000000000000014,2.0000000000000036,1,17,0,7.5,-345.0,275.0
2023_17_LAC_DEN,2023-12-31,DEN,LAC,1,7.0,22.0,21.8,0.1999999999999993,13.2,26.2,-13.0,8.8,-4.399999999999999,13.2,1,17,1,3.5,-198.0,164.0
2023_17_PIT_SEA,2023-12-31,SEA,PIT,0,-7.0,20.8,26.8,-6.0,18.2,19.2,-1.0,2.6000000000000014,7.600000000000001,-5.0,1,17,0,4.5,-225.0,185.0
2023_17_SF_WAS,2023-12-31,WAS,SF,0,-17.0,18.4,35.8,-17.4,33.0,22.0,11.0,-14.600000000000001,13.799999999999997,-28.4,1,17,0,-14.0,675.0,-1050.0
2023_17_NO_TB,2023-12-31,TB,NO,0,-10.0,26.8,20.4,6.400000000000002,23.4,19.8,3.599999999999998,3.400000000000002,0.5999999999999979,2.8000000000000043,1,17,1,2.5,-148.0,124.0
2023_17_LA_NYG,2023-12-31,NYG,LA,0,-1.0,19.2,21.0,-1.8000000000000007,32.4,22.4,10.0,-13.2,-1.3999999999999986,-11.8,1,17,0,-6.0,240.0,-298.0
2023_17_CAR_JAX,2023-12-31,JAX,CAR,1,26.0,20.2,27.8,-7.600000000000001,14.6,21.2,-6.6,5.6,6.600000000000001,-1.0000000000000018,1,17,0,3.5,-192.0,160.0
2023_17_LV_IND,2023-12-31,IND,LV,1,3.0,22.4,24.8,-2.400000000000002,22.6,17.8,4.800000000000001,-0.20000000000000284,7.0,-7.200000000000003,1,17,0,3.5,-180.0,150.0
2023_17_TEN_HOU,2023-12-31,HOU,TEN,1,23.0,18.0,24.6,-6.600000000000001,21.2,21.4,-0.1999999999999993,-3.1999999999999993,3.200000000000003,-6.400000000000002,1,17,1,5.0,-230.0,190.0
2023_17_ATL_CHI,2023-12-31,CHI,ATL,1,20.0,22.0,18.0,4.0,19.6,14.2,5.400000000000002,2.3999999999999986,3.8000000000000007,-1.4000000000000021,1,17,0,3.0,-155.0,130.0
2023_17_NE_BUF,2023-12-31,BUF,NE,1,6.0,28.2,18.4,9.8,14.2,16.8,-2.6000000000000014,14.0,1.5999999999999979,12.400000000000002,1,17,1,15.0,-1200.0,750.0
2023_17_MIA_BAL,2023-12-31,BAL,MIA,1,37.0,29.4,17.4,12.0,31.6,15.2,16.400000000000002,-2.200000000000003,2.1999999999999993,-4.400000000000002,1,17,0,3.0,-180.0,150.0
2023_18_PIT_BAL,2024-01-06,BAL,PIT,0,-7.0,33.8,17.2,16.599999999999998,21.0,21.8,-0.8000000000000007,12.799999999999997,-4.600000000000001,17.4,1,18,1,-3.0,130.0,-155.0
2023_18_HOU_IND,2024-01-06,IND,HOU,0,-4.0,21.6,24.8,-3.1999999999999993,19.0,20.4,-1.3999999999999986,2.6000000000000014,4.400000000000002,-1.8000000000000007,1,18,1,-1.5,105.0,-125.0
2023_18_DEN_LV,2024-01-07,LV,DEN,1,13.0,24.0,18.4,5.600000000000001,19.4,21.2,-1.8000000000000007,4.600000000000001,-2.8000000000000007,7.400000000000002,1,18,1,3.5,-175.0,145.0
2023_18_PHI_NYG,2024-01-07,NYG,PHI,1,17.0,18.0,22.4,-4.399999999999999,22.6,31.0,-8.399999999999999,-4.600000000000001,-8.600000000000001,4.0,1,18,1,-4.5,190.0,-238.0
2023_18_KC_LAC,2024-01-07,LAC,KC,0,-1.0,13.0,25.4,-12.399999999999999,20.4,20.2,0.1999999999999993,-7.399999999999999,5.199999999999999,-12.599999999999998,1,18,1,3.5,-185.0,154.0
2023_18_DAL_WAS,2024-01-07,WAS,DAL,0,-28.0,16.6,35.0,-18.4,24.8,24.0,0.8000000000000007,-8.2,11.0,-19.2,1,18,1,-13.0,575.0,-850.0
2023_18_BUF_MIA,2024-01-07,MIA,BUF,0,-7.0,28.6,23.8,4.800000000000001,27.2,21.4,5.800000000000001,1.4000000000000021,2.400000000000002,-1.0,1,18,1,-2.5,130.0,-155.0
2023_18_LA_SF,2024-01-07,SF,LA,0,-1.0,32.2,21.4,10.800000000000004,30.2,24.6,5.599999999999998,2.0000000000000036,-3.200000000000003,5.200000000000006,1,18,1,5.5,-245.0,200.0
2023_18_CHI_GB,2024-01-07,GB,CHI,1,8.0,27.0,23.4,3.6000000000000014,24.2,15.2,9.0,2.8000000000000007,8.2,-5.399999999999999,1,18,1,2.5,-148.0,124.0
2023_18_MIN_DET,2024-01-07,DET,MIN,1,10.0,27.4,23.4,4.0,14.2,20.4,-6.199999999999999,13.2,3.0,10.2,1,18,1,3.5,-205.0,170.0
2023_18_JAX_TEN,2024-01-07,TEN,JAX,1,8.0,18.4,24.6,-6.200000000000003,20.6,23.6,-3.0,-2.200000000000003,1.0,-3.200000000000003,1,18,1,-3.5,154.0,-185.0
2023_18_ATL_NO,2024-01-07,NO,ATL,1,31.0,25.0,17.6,7.399999999999999,18.2,18.6,-0.40000000000000213,6.800000000000001,-1.0,7.800000000000001,1,18,1,3.5,-175.0,145.0
2023_18_NYJ_NE,2024-01-07,NE,NYJ,0,-14.0,17.0,20.2,-3.1999999999999993,17.6,22.8,-5.199999999999999,-0.6000000000000014,-2.6000000000000014,2.0,1,18,1,2.5,-142.0,120.0
2023_18_SEA_ARI,2024-01-07,ARI,SEA,0,-1.0,23.6,30.0,-6.399999999999999,22.8,26.6,-3.8000000000000007,0.8000000000000007,3.3999999999999986,-2.599999999999998,1,18,1,-2.5,130.0,-155.0
2023_18_CLE_CIN,2024-01-07,CIN,CLE,1,17.0,24.6,25.6,-1.0,28.6,24.4,4.200000000000003,-4.0,1.2000000000000028,-5.200000000000003,1,18,1,7.5,-360.0,285.0
2023_18_TB_CAR,2024-01-07,CAR,TB,0,-9.0,12.6,23.0,-10.4,25.4,19.6,5.799999999999997,-12.799999999999999,3.3999999999999986,-16.199999999999996,1,18,1,-5.0,200.0,-245.0
2023_19_CLE_HOU,2024-01-13,HOU,CLE,1,31.0,19.2,20.8,-1.6000000000000014,27.6,23.4,4.200000000000003,-8.400000000000002,-2.599999999999998,-5.800000000000004,1,19,0,-2.5,124.0,-148.0
2023_19_MIA_KC,2024-01-13,KC,MIA,1,19.0,19.2,17.2,2.0,22.4,25.0,-2.6000000000000014,-3.1999999999999993,-7.800000000000001,4.600000000000001,1,19,0,4.5,-230.0,190.0
2023_19_LA_DET,2024-01-14,DET,LA,1,1.0,26.8,21.8,5.0,27.2,24.8,2.3999999999999986,-0.3999999999999986,-3.0,2.6000000000000014,1,19,0,3.5,-162.0,136.0
2023_19_GB_DAL,2024-01-14,DAL,GB,0,-16.0,24.2,19.0,5.199999999999999,25.0,21.4,3.6000000000000014,-0.8000000000000007,-2.3999999999999986,1.5999999999999979,1,19,0,7.0,-345.0,275.0
2023_19_PIT_BUF,2024-01-15,BUF,PIT,1,14.0,24.6,16.8,7.800000000000001,22.4,19.0,3.3999999999999986,2.200000000000003,-2.1999999999999993,4.400000000000002,1,19,0,10.0,-485.0,370.0
2023_19_PHI_TB,2024-01-15,TB,PHI,1,23.0,23.0,16.0,7.0,20.8,28.0,-7.199999999999999,2.1999999999999993,-12.0,14.2,1,19,0,-2.5,136.0,-162.0
2023_20_HOU_BAL,2024-01-20,BAL,HOU,1,24.0,31.8,18.6,13.2,27.0,17.6,9.399999999999999,4.800000000000001,1.0,3.8000000000000007,1,20,0,10.0,-425.0,330.0
2023_20_GB_SF,2024-01-20,SF,GB,1,3.0,27.8,21.8,6.0,30.2,23.0,7.199999999999999,-2.3999999999999986,-1.1999999999999993,-1.1999999999999993,1,20,0,10.5,-470.0,360.0
2023_20_TB_DET,2024-01-21,DET,TB,1,8.0,29.0,20.8,8.2,23.6,12.8,10.8,5.399999999999999,8.0,-2.6000000000000014,1,20,0,6.0,-278.0,225.0
2023_20_KC_BUF,2024-01-21,BUF,KC,0,-3.0,26.8,16.8,10.0,21.0,14.6,6.4,5.800000000000001,2.200000000000001,3.5999999999999996,1,20,0,2.5,-142.0,120.0
2023_21_KC_BAL,2024-01-28,BAL,KC,0,-7.0,31.2,14.4,16.799999999999997,21.0,16.0,5.0,10.2,-1.5999999999999996,11.799999999999997,1,21,0,4.5,-218.0,180.0
2023_21_DET_SF,2024-01-28,SF,DET,1,3.0,27.0,22.8,4.199999999999999,26.8,22.0,4.800000000000001,0.1999999999999993,0.8000000000000007,-0.6000000000000014,1,21,0,7.5,-325.0,260.0
2023_22_SF_KC,2024-02-11,KC,SF,1,3.0,21.6,14.0,7.600000000000001,24.8,23.2,1.6000000000000014,-3.1999999999999993,-9.2,6.0,1,22,0,-1.5,100.0,-120.0
2024_01_BAL_KC,2024-09-05,KC,BAL,1,7.0,21.6,15.0,6.600000000000001,28.6,16.4,12.200000000000003,-7.0,-1.3999999999999986,-5.600000000000001,1,1,0,3.0,-148.0,124.0
2024_01_GB_PHI,2024-09-06,PHI,GB,1,5.0,20.0,27.8,-7.800000000000001,30.4,21.0,9.399999999999999,-10.399999999999999,6.800000000000001,-17.2,1,1,0,2.0,-130.0,110.0
2024_01_PIT_ATL,2024-09-08,ATL,PIT,0,-8.0,19.0,26.6,-7.600000000000001,22.2,21.0,1.1999999999999993,-3.1999999999999993,5.600000000000001,-8.8,1,1,0,4.0,-192.0,160.0
2024_01_LA_DET,2024-09-08,DET,LA,1,6.0,27.0,24.0,3.0,25.6,22.2,3.400000000000002,1.3999999999999986,1.8000000000000007,-0.40000000000000213,1,1,0,5.0,-225.0,185.0
2024_01_WAS_TB,2024-09-08,TB,WAS,1,17.0,21.4,15.0,6.399999999999999,16.6,33.6,-17.0,4.799999999999997,-18.6,23.4,1,1,0,4.0,-198.0,164.0
2024_01_DEN_SEA,2024-09-08,SEA,DEN,1,6.0,20.0,22.4,-2.3999999999999986,18.8,22.2,-3.3999999999999986,1.1999999999999993,0.1999999999999993,1.0,1,1,0,6.5,-278.0,225.0
2024_01_LV_LAC,2024-09-08,LAC,LV,1,12.0,14.2,28.0,-13.8,26.0,15.0,11.0,-11.8,13.0,-24.8,1,1,1,3.0,-155.0,130.0
2024_01_MIN_NYG,2024-09-08,NYG,MIN,0,-22.0,21.4,23.0,-1.6000000000000014,16.2,24.0,-7.800000000000001,5.199999999999999,-1.0,6.199999999999999,1,1,0,-1.0,-105.0,-115.0
2024_01_DAL_CLE,2024-09-08,CLE,DAL,0,-16.0,24.2,27.0,-2.8000000000000007,24.0,26.0,-2.0,0.1999999999999993,1.0,-0.8000000000000007,1,1,0,2.5,-130.0,110.0
2024_01_JAX_MIA,2024-09-08,MIA,JAX,1,3.0,18.4,24.6,-6.200000000000003,18.4,22.4,-4.0,0.0,2.200000000000003,-2.200000000000003,1,1,0,3.5,-180.0,150.0
2024_01_HOU_IND,2024-09-08,IND,HOU,0,-2.0,19.2,23.8,-4.600000000000001,25.2,21.2,4.0,-6.0,2.6000000000000014,-8.600000000000001,1,1,1,-3.0,130.0,-155.0
2024_01_NE_CIN,2024-09-08,CIN,NE,0,-6.0,24.0,22.2,1.8000000000000007,17.6,22.4,-4.799999999999997,6.399999999999999,-0.1999999999999993,6.599999999999998,1,1,0,8.0,-375.0,295.0
2024_01_TEN_CHI,2024-09-08,CHI,TEN,1,7.0,23.6,16.6,7.0,18.4,22.4,-4.0,5.200000000000003,-5.799999999999997,11.0,1,1,0,4.0,-198.0,164.0
2024_01_ARI_BUF,2024-09-08,BUF,ARI,1,6.0,25.4,20.2,5.199999999999999,24.8,26.8,-2.0,0.5999999999999979,-6.600000000000001,7.199999999999999,1,1,0,6.5,-310.0,250.0
2024_01_CAR_NO,2024-09-08,NO,CAR,1,37.0,29.0,14.4,14.6,9.0,20.6,-11.600000000000001,20.0,-6.200000000000001,26.200000000000003,1,1,1,3.5,-192.0,160.0
2024_01_NYJ_SF,2024-09-09,SF,NYJ,1,13.0,25.4,21.6,3.799999999999997,19.4,20.8,-1.4000000000000021,6.0,0.8000000000000007,5.199999999999999,1,1,0,3.5,-180.0,150.0
2024_02_BUF_MIA,2024-09-12,MIA,BUF,0,-21.0,16.4,28.0,-11.600000000000001,27.4,21.4,6.0,-11.0,6.600000000000001,-17.6,1,2,1,2.5,-135.0,114.0
2024_02_NYJ_TEN,2024-09-15,TEN,NYJ,0,-7.0,16.2,21.8,-5.600000000000001,17.2,26.0,-8.8,-1.0,-4.199999999999999,3.1999999999999993,1,2,0,-3.5,150.0,-180.0
2024_02_CHI_HOU,2024-09-15,HOU,CHI,1,6.0,26.6,19.4,7.200000000000003,22.8,17.4,5.400000000000002,3.8000000000000007,2.0,1.8000000000000007,1,2,0,6.0,-258.0,210.0
2024_02_PIT_DEN,2024-09-15,DEN,PIT,0,-7.0,18.0,26.0,-8.0,23.2,17.0,6.199999999999999,-5.199999999999999,9.0,-14.2,1,2,0,-3.0,130.0,-155.0
2024_02_LA_ARI,2024-09-15,ARI,LA,1,31.0,25.6,31.6,-6.0,24.0,23.4,0.6000000000000014,1.6000000000000014,8.200000000000003,-6.600000000000001,1,2,1,-1.0,-108.0,-112.0
2024_02_NYG_WAS,2024-09-15,WAS,NYG,1,3.0,17.6,32.0,-14.399999999999999,17.8,24.2,-6.399999999999999,-0.1999999999999993,7.800000000000001,-8.0,1,2,1,1.5,-125.0,105.0
2024_02_SEA_NE,2024-09-15,NE,SEA,0,-3.0,16.6,20.8,-4.199999999999999,22.0,20.8,1.1999999999999993,-5.399999999999999,0.0,-5.399999999999999,1,2,0,-3.5,142.0,-170.0
2024_02_CIN_KC,2024-09-15,KC,CIN,1,1.0,24.4,16.6,7.799999999999997,19.2,22.6,-3.400000000000002,5.199999999999999,-6.0,11.2,1,2,0,6.5,-290.0,235.0
2024_02_CLE_JAX,2024-09-15,JAX,CLE,0,-5.0,16.4,20.2,-3.8000000000000007,23.6,30.2,-6.599999999999998,-7.200000000000003,-10.0,2.799999999999997,1,2,0,3.0,-170.0,142.0
2024_02_IND_GB,2024-09-15,GB,IND,1,6.0,29.6,21.8,7.800000000000001,21.8,22.8,-1.0,7.800000000000001,-1.0,8.8,1,2,0,-3.0,120.0,-142.0
2024_02_TB_DET,2024-09-15,DET,TB,0,-4.0,28.4,24.0,4.399999999999999,22.8,16.6,6.199999999999999,5.599999999999998,7.399999999999999,-1.8000000000000007,1,2,0,7.5,-375.0,295.0
2024_02_NO_DAL,2024-09-15,DAL,NO,0,-25.0,28.6,23.2,5.400000000000002,32.8,15.2,17.599999999999998,-4.199999999999996,8.0,-12.199999999999996,1,2,0,6.5,-290.0,235.0
2024_02_LAC_CAR,2024-09-15,CAR,LAC,0,-23.0,9.8,24.4,-14.599999999999998,17.2,25.2,-8.0,-7.399999999999999,-0.8000000000000007,-6.599999999999998,1,2,0,-5.0,185.0,-225.0
2024_02_LV_BAL,2024-09-15,BAL,LV,0,-3.0,26.0,18.0,8.0,28.0,18.8,9.2,-2.0,-0.8000000000000007,-1.1999999999999993,1,2,0,9.0,-455.0,350.0
2024_02_SF_MIN,2024-09-15,MIN,SF,1,6.0,21.2,25.2,-4.0,26.4,23.4,3.0,-5.199999999999999,1.8000000000000007,-7.0,1,2,0,-4.5,180.0,-218.0
2024_02_ATL_PHI,2024-09-16,PHI,ATL,0,-1.0,23.4,29.6,-6.200000000000003,16.0,24.4,-8.399999999999999,7.399999999999999,5.200000000000003,2.1999999999999957,1,2,0,5.5,-265.0,215.0
2024_03_NE_NYJ,2024-09-19,NYJ,NE,1,21.0,22.0,23.4,-1.3999999999999986,17.2,20.0,-2.8000000000000007,4.800000000000001,3.3999999999999986,1.4000000000000021,1,3,1,6.5,-285.0,230.0
2024_03_KC_ATL,2024-09-22,ATL,KC,0,-5.0,19.0,26.8,-7.800000000000001,24.4,20.2,4.199999999999999,-5.399999999999999,6.600000000000001,-12.0,1,3,0,-3.0,142.0,-170.0
2024_03_SF_LA,2024-09-22,LA,SF,1,3.0,20.0,27.2,-7.199999999999999,25.8,23.8,2.0,-5.800000000000001,3.3999999999999986,-9.2,1,3,1,-6.0,210.0,-258.0
2024_03_BAL_DAL,2024-09-22,DAL,BAL,0,-3.0,28.4,27.6,0.7999999999999972,19.4,19.4,0.0,9.0,8.200000000000003,0.7999999999999972,1,3,0,-1.5,100.0,-120.0
2024_03_DET_ARI,2024-09-22,ARI,DET,0,-7.0,28.0,24.6,3.3999999999999986,25.6,24.0,1.6000000000000014,2.3999999999999986,0.6000000000000014,1.7999999999999972,1,3,0,-3.0,124.0,-148.0
2024_03_MIA_SEA,2024-09-22,SEA,MIA,1,21.0,22.6,21.4,1.2000000000000028,14.0,30.2,-16.2,8.600000000000001,-8.8,17.400000000000002,1,3,0,4.0,-205.0,170.0
2024_03_CAR_LV,2024-09-22,LV,CAR,0,-14.0,20.6,19.2,1.4000000000000021,8.6,28.2,-19.6,12.000000000000002,-9.0,21.000000000000004,1,3,0,5.5,-245.0,200.0
2024_03_GB_TEN,2024-09-22,TEN,GB,0,-16.0,16.4,22.8,-6.400000000000002,26.2,21.8,4.399999999999999,-9.8,1.0,-10.8,1,3,0,3.0,-162.0,136.0
2024_03_DEN_TB,2024-09-22,TB,DEN,0,-19.0,24.2,15.2,9.0,15.8,20.2,-4.399999999999999,8.399999999999999,-5.0,13.399999999999999,1,3,0,6.0,-245.0,200.0
2024_03_LAC_PIT,2024-09-22,PIT,LAC,1,10.0,19.0,16.0,3.0,18.2,13.2,5.0,0.8000000000000007,2.8000000000000007,-2.0,1,3,0,3.0,-148.0,124.0
2024_03_PHI_NO,2024-09-22,NO,PHI,0,-3.0,36.8,17.8,18.999999999999996,21.0,29.0,-8.0,15.799999999999997,-11.2,26.999999999999996,1,3,0,2.5,-142.0,120.0
2024_03_HOU_MIN,2024-09-22,MIN,HOU,1,27.0,21.0,23.2,-2.1999999999999993,25.2,21.4,3.8000000000000007,-4.199999999999999,1.8000000000000007,-6.0,1,3,0,-2.0,114.0,-135.0
2024_03_CHI_IND,2024-09-22,IND,CHI,1,5.0,17.8,23.4,-5.599999999999998,22.0,17.2,4.800000000000001,-4.199999999999999,6.199999999999999,-10.399999999999999,1,3,0,1.5,-125.0,105.0
2024_03_NYG_CLE,2024-09-22,CLE,NYG,0,-6.0,20.0,28.4,-8.399999999999999,20.2,23.6,-3.400000000000002,-0.1999999999999993,4.799999999999997,-4.9999999999999964,1,3,0,6.5,-270.0,220.0
2024_03_JAX_BUF,2024-09-23,BUF,JAX,1,37.0,28.2,19.2,9.0,17.6,19.2,-1.5999999999999979,10.599999999999998,0.0,10.599999999999998,1,3,0,4.0,-218.0,180.0
2024_03_WAS_CIN,2024-09-23,CIN,WAS,0,-5.0,18.8,23.0,-4.199999999999999,17.8,30.0,-12.2,1.0,-7.0,8.0,1,3,0,7.5,-355.0,280.0
2024_04_DAL_NYG,2024-09-26,NYG,DAL,0,-5.0,19.4,20.0,-0.6000000000000014,29.4,29.4,0.0,-10.0,-9.399999999999999,-0.6000000000000014,1,4,1,-5.5,205.0,-250.0
2024_04_CLE_LV,2024-09-29,LV,CLE,1,4.0,21.0,23.6,-2.6000000000000014,15.6,28.6,-13.000000000000002,5.4,-5.0,10.4,1,4,0,-2.5,114.0,-135.0
2024_04_BUF_BAL,2024-09-29,BAL,BUF,1,25.0,23.0,21.0,2.0,33.4,18.4,15.0,-10.399999999999999,2.6000000000000014,-13.0,1,4,0,2.5,-135.0,114.0
2024_04_KC_LAC,2024-09-29,LAC,KC,0,-7.0,15.8,12.4,3.4000000000000004,23.4,18.8,4.599999999999998,-7.599999999999998,-6.4,-1.1999999999999975,1,4,1,-7.5,275.0,-345.0
2024_04_NE_SF,2024-09-29,SF,NE,1,17.0,25.8,25.0,0.8000000000000007,12.6,20.2,-7.6,13.200000000000001,4.800000000000001,8.4,1,4,0,10.5,-550.0,410.0
2024_04_WAS_ARI,2024-09-29,ARI,WAS,0,-28.0,27.4,23.2,4.199999999999999,19.8,30.6,-10.8,7.599999999999998,-7.400000000000002,15.0,1,4,0,3.5,-180.0,150.0
2024_04_PHI_TB,2024-09-29,TB,PHI,1,17.0,23.8,20.4,3.400000000000002,17.8,24.4,-6.599999999999998,6.0,-4.0,10.0,1,4,0,-1.0,-105.0,-115.0
2024_04_CIN_CAR,2024-09-29,CAR,CIN,0,-10.0,9.8,26.0,-16.2,23.2,23.8,-0.6000000000000014,-13.399999999999999,2.1999999999999993,-15.599999999999998,1,4,0,-4.5,170.0,-205.0
2024_04_PIT_IND,2024-09-29,IND,PIT,1,3.0,20.0,20.8,-0.8000000000000007,17.0,13.4,3.5999999999999996,3.0,7.4,-4.4,1,4,0,-2.5,110.0,-130.0
2024_04_JAX_HOU,2024-09-29,HOU,JAX,1,4.0,22.0,24.4,-2.3999999999999986,17.2,22.6,-5.400000000000002,4.800000000000001,1.7999999999999972,3.0000000000000036,1,4,1,5.5,-238.0,195.0
2024_04_MIN_GB,2024-09-29,GB,MIN,0,-2.0,28.8,22.8,6.0,23.0,18.6,4.399999999999999,5.800000000000001,4.199999999999999,1.6000000000000014,1,4,1,2.5,-135.0,114.0
2024_04_LA_CHI,2024-09-29,CHI,LA,1,6.0,19.8,18.2,1.6000000000000014,20.2,27.0,-6.800000000000001,-0.3999999999999986,-8.8,8.400000000000002,1,4,0,3.0,-162.0,136.0
2024_04_NO_ATL,2024-09-29,ATL,NO,1,2.0,16.6,29.2,-12.599999999999998,34.8,14.8,19.999999999999996,-18.199999999999996,14.399999999999999,-32.599999999999994,1,4,1,2.5,-142.0,120.0
2024_04_DEN_NYJ,2024-09-29,NYJ,DEN,0,-1.0,20.8,18.4,2.400000000000002,16.4,16.4,0.0,4.400000000000002,2.0,2.400000000000002,1,4,0,7.5,-425.0,330.0
2024_04_TEN_MIA,2024-09-30,MIA,TEN,0,-19.0,10.8,23.8,-13.0,15.8,24.8,-9.0,-5.0,-1.0,-4.0,1,4,0,2.5,-135.0,114.0
2024_04_SEA_DET,2024-09-30,DET,SEA,1,13.0,24.8,22.0,2.8000000000000007,23.4,18.6,4.799999999999997,1.4000000000000021,3.3999999999999986,-1.9999999999999964,1,4,0,3.5,-185.0,154.0
2024_05_TB_ATL,2024-10-03,ATL,TB,1,6.0,18.4,26.6,-8.200000000000003,24.0,21.8,2.1999999999999993,-5.600000000000001,4.800000000000001,-10.400000000000002,1,5,1,2.5,-142.0,120.0
2024_05_NYG_SEA,2024-10-06,SEA,NYG,0,-9.0,24.6,21.0,3.6000000000000014,17.4,18.8,-1.4000000000000021,7.200000000000003,2.1999999999999993,5.0000000000000036,1,5,0,7.0,-310.0,250.0
2024_05_GB_LA,2024-10-06,LA,GB,0,-5.0,19.6,27.8,-8.2,25.0,22.6,2.3999999999999986,-5.399999999999999,5.199999999999999,-10.599999999999998,1,5,0,-3.0,130.0,-155.0
2024_05_ARI_SF,2024-10-06,SF,ARI,0,-1.0,25.0,21.4,3.6000000000000014,23.2,25.4,-2.1999999999999993,1.8000000000000007,-4.0,5.800000000000001,1,5,1,7.0,-325.0,260.0
2024_05_LV_DEN,2024-10-06,DEN,LV,1,16.0,15.2,16.4,-1.1999999999999993,21.0,22.2,-1.1999999999999993,-5.800000000000001,-5.800000000000001,0.0,1,5,1,3.0,-155.0,130.0
2024_05_CLE_WAS,2024-10-06,WAS,CLE,1,21.0,26.2,28.0,-1.8000000000000007,16.0,26.4,-10.399999999999999,10.2,1.6000000000000014,8.599999999999998,1,5,0,3.0,-155.0,130.0
2024_05_CAR_CHI,2024-10-06,CHI,CAR,1,26.0,17.2,18.4,-1.1999999999999993,14.6,27.6,-13.000000000000002,2.5999999999999996,-9.200000000000003,11.800000000000002,1,5,0,4.0,-198.0,164.0
2024_05_IND_JAX,2024-10-06,JAX,IND,1,3.0,16.0,27.4,-11.399999999999999,20.8,21.6,-0.8000000000000007,-4.800000000000001,5.799999999999997,-10.599999999999998,1,5,1,3.5,-185.0,154.0
2024_05_BUF_HOU,2024-10-06,HOU,BUF,1,3.0,17.8,25.6,-7.800000000000001,29.2,22.0,7.199999999999999,-11.399999999999999,3.6000000000000014,-15.0,1,5,0,1.0,-118.0,-102.0
2024_05_BAL_CIN,2024-10-06,CIN,BAL,0,-3.0,26.6,23.6,3.0,23.2,21.0,2.1999999999999993,3.400000000000002,2.6000000000000014,0.8000000000000007,1,5,1,-2.5,124.0,-148.0
2024_05_NYJ_MIN,2024-10-06,MIN,NYJ,1,6.0,27.2,17.8,9.399999999999999,18.6,13.0,5.600000000000001,8.599999999999998,4.800000000000001,3.799999999999997,1,5,0,2.5,-142.0,120.0
2024_05_DAL_PIT,2024-10-06,PIT,DAL,0,-3.0,18.4,16.8,1.5999999999999979,25.8,30.4,-4.599999999999998,-7.400000000000002,-13.599999999999998,6.199999999999996,1,5,0,2.5,-135.0,114.0
2024_05_MIA_NE,2024-10-06,NE,MIA,0,-5.0,11.0,20.8,-9.8,10.4,25.8,-15.4,0.5999999999999996,-5.0,5.6,1,5,1,-2.0,110.0,-130.0
2024_05_NO_KC,2024-10-07,KC,NO,1,13.0,23.4,18.8,4.599999999999998,35.0,17.4,17.6,-11.600000000000001,1.4000000000000021,-13.000000000000004,1,5,0,5.5,-230.0,190.0
2024_06_SF_SEA,2024-10-10,SEA,SF,0,-12.0,24.4,22.8,1.5999999999999979,25.2,21.2,4.0,-0.8000000000000007,1.6000000000000014,-2.400000000000002,1,6,1,-3.5,164.0,-198.0
2024_06_JAX_CHI,2024-10-13,CHI,JAX,1,19.0,22.6,17.0,5.600000000000001,19.4,28.6,-9.200000000000003,3.200000000000003,-11.600000000000001,14.800000000000004,1,6,0,-1.5,100.0,-120.0
2024_06_CIN_NYG,2024-10-13,NYG,CIN,0,-10.0,17.8,20.8,-3.0,28.0,29.0,-1.0,-10.2,-8.2,-2.0,1,6,0,-4.5,190.0,-230.0
2024_06_DET_DAL,2024-10-13,DAL,DET,0,-38.0,23.4,24.2,-0.8000000000000007,27.0,23.2,3.8000000000000007,-3.6000000000000014,1.0,-4.600000000000001,1,6,0,-3.5,150.0,-180.0
2024_06_PIT_LV,2024-10-13,LV,PIT,0,-19.0,19.2,26.2,-7.0,18.4,14.6,3.799999999999999,0.8000000000000007,11.6,-10.799999999999999,1,6,0,-3.5,150.0,-180.0
2024_06_LAC_DEN,2024-10-13,DEN,LAC,0,-7.0,19.2,14.6,4.6,16.0,12.6,3.4000000000000004,3.1999999999999993,2.0,1.1999999999999993,1,6,1,-3.0,130.0,-155.0
2024_06_IND_TEN,2024-10-13,TEN,IND,0,-3.0,21.4,22.0,-0.6000000000000014,23.8,24.4,-0.5999999999999979,-2.400000000000002,-2.3999999999999986,-3.552713678800501e-15,1,6,1,2.5,-135.0,114.0
2024_06_ATL_CAR,2024-10-13,CAR,ATL,0,-18.0,16.6,33.0,-16.4,22.2,23.0,-0.8000000000000007,-5.599999999999998,10.0,-15.599999999999998,1,6,1,-6.0,210.0,-258.0
2024_06_TB_NO,2024-10-13,NO,TB,0,-24.0,28.0,19.2,8.8,25.4,22.8,2.599999999999998,2.6000000000000014,-3.6000000000000014,6.200000000000003,1,6,1,-3.5,145.0,-175.0
2024_06_HOU_NE,2024-10-13,NE,HOU,0,-20.0,12.4,20.4,-7.999999999999998,20.4,22.8,-2.400000000000002,-7.999999999999998,-2.400000000000002,-5.599999999999996,1,6,0,-6.5,215.0,-265.0
2024_06_ARI_GB,2024-10-13,GB,ARI,1,21.0,25.6,21.6,4.0,24.0,25.8,-1.8000000000000007,1.6000000000000014,-4.199999999999999,5.800000000000001,1,6,0,5.5,-238.0,195.0
2024_06_WAS_BAL,2024-10-13,BAL,WAS,1,7.0,29.4,25.2,4.199999999999999,31.0,23.0,8.0,-1.6000000000000014,2.1999999999999993,-3.8000000000000007,1,6,0,6.5,-285.0,230.0
2024_06_CLE_PHI,2024-10-13,PHI,CLE,1,4.0,19.0,25.6,-6.600000000000001,15.8,24.2,-8.399999999999999,3.1999999999999993,1.4000000000000021,1.7999999999999972,1,6,0,8.0,-425.0,330.0
2024_06_BUF_NYJ,2024-10-14,NYJ,BUF,0,-3.0,18.6,17.0,1.6000000000000014,28.4,21.2,7.199999999999999,-9.799999999999997,-4.199999999999999,-5.599999999999998,1,6,1,-1.0,102.0,-122.0
2024_07_DEN_NO,2024-10-17,NO,DEN,0,-23.0,24.0,27.4,-3.3999999999999986,18.4,14.0,4.399999999999999,5.600000000000001,13.399999999999999,-7.799999999999997,1,7,0,-2.5,124.0,-148.0
2024_07_PHI_NYG,2024-10-20,NYG,PHI,0,-25.0,18.0,18.6,-0.6000000000000014,21.2,22.4,-1.1999999999999993,-3.1999999999999993,-3.799999999999997,0.5999999999999979,1,7,1,-3.0,140.0,-166.0
2024_07_KC_SF,2024-10-20,SF,KC,0,-10.0,26.0,22.2,3.8000000000000007,23.6,17.0,6.600000000000001,2.3999999999999986,5.199999999999999,-2.8000000000000007,1,7,0,2.5,-142.0,120.0
2024_07_CAR_WAS,2024-10-20,WAS,CAR,1,33.0,31.6,21.6,10.0,18.6,31.2,-12.599999999999998,13.0,-9.599999999999998,22.599999999999998,1,7,0,10.0,-535.0,400.0
2024_07_LV_LA,2024-10-20,LA,LV,1,5.0,18.8,27.8,-9.0,19.8,28.2,-8.399999999999999,-1.0,-0.3999999999999986,-0.6000000000000014,1,7,0,7.0,-355.0,280.0
2024_07_DET_MIN,2024-10-20,MIN,DET,0,-2.0,27.8,15.2,12.600000000000001,30.2,18.2,12.0,-2.3999999999999986,-3.0,0.6000000000000014,1,7,1,1.0,-118.0,-102.0
2024_07_NYJ_PIT,2024-10-20,PIT,NYJ,1,22.0,21.2,15.2,6.0,18.8,15.2,3.6000000000000014,2.3999999999999986,0.0,2.3999999999999986,1,7,0,-3.0,140.0,-166.0
2024_07_HOU_GB,2024-10-20,GB,HOU,1,2.0,26.6,17.4,9.200000000000003,22.8,21.6,1.1999999999999993,3.8000000000000007,-4.200000000000003,8.000000000000004,1,7,0,3.0,-170.0,142.0
2024_07_CIN_CLE,2024-10-20,CLE,CIN,0,-7.0,15.6,21.6,-6.000000000000002,29.4,27.2,2.1999999999999993,-13.799999999999999,-5.599999999999998,-8.200000000000001,1,7,1,-5.5,190.0,-230.0
2024_07_TEN_BUF,2024-10-20,BUF,TEN,1,24.0,26.2,19.6,6.599999999999998,19.2,22.0,-2.8000000000000007,7.0,-2.3999999999999986,9.399999999999999,1,7,0,9.5,-535.0,400.0
2024_07_SEA_ATL,2024-10-20,ATL,SEA,0,-20.0,27.8,23.4,4.400000000000002,24.0,26.0,-2.0,3.8000000000000007,-2.6000000000000014,6.400000000000002,1,7,0,3.0,-162.0,136.0
2024_07_NE_JAX,2024-10-20,JAX,NE,1,16.0,19.2,31.6,-12.400000000000002,13.4,26.6,-13.200000000000001,5.799999999999999,5.0,0.7999999999999989,1,7,0,6.5,-298.0,240.0
2024_07_MIA_IND,2024-10-20,IND,MIA,1,6.0,22.4,22.0,0.3999999999999986,12.0,22.6,-10.600000000000001,10.399999999999999,-0.6000000000000014,11.0,1,7,0,3.0,-155.0,130.0
2024_07_BAL_TB,2024-10-21,TB,BAL,0,-10.0,28.2,24.2,4.0,31.4,24.4,7.0,-3.1999999999999993,-0.1999999999999993,-3.0,1,7,0,-4.5,185.0,-225.0
2024_07_LAC_ARI,2024-10-21,ARI,LAC,1,2.0,21.0,25.8,-4.800000000000001,18.2,13.2,5.0,2.8000000000000007,12.600000000000001,-9.8,1,7,0,-1.0,102.0,-122.0
2024_08_MIN_LA,2024-10-24,LA,MIN,1,10.0,18.8,25.6,-6.800000000000001,28.0,20.2,7.800000000000001,-9.2,5.400000000000002,-14.600000000000001,1,8,0,-3.0,130.0,-155.0
2024_08_DAL_SF,2024-10-27,SF,DAL,1,6.0,26.2,23.2,3.0,18.6,30.2,-11.599999999999998,7.599999999999998,-7.0,14.599999999999998,1,8,0,5.5,-238.0,195.0
2024_08_CHI_WAS,2024-10-27,WAS,CHI,1,3.0,35.4,19.4,16.0,24.8,16.8,8.0,10.599999999999998,2.599999999999998,8.0,1,8,0,1.5,-122.0,102.0
2024_08_KC_LV,2024-10-27,LV,KC,0,-7.0,17.6,27.6,-10.0,23.8,16.6,7.199999999999999,-6.199999999999999,11.0,-17.2,1,8,1,-9.0,340.0,-440.0
2024_08_CAR_DEN,2024-10-27,DEN,CAR,1,14.0,23.8,13.4,10.4,19.4,34.0,-14.600000000000001,4.400000000000002,-20.6,25.0,1,8,0,13.0,-750.0,525.0
2024_08_BUF_SEA,2024-10-27,SEA,BUF,0,-21.0,26.2,24.8,1.3999999999999986,26.8,19.6,7.199999999999999,-0.6000000000000014,5.199999999999999,-5.800000000000001,1,8,0,-3.0,142.0,-170.0
2024_08_NO_LAC,2024-10-27,LAC,NO,1,18.0,16.8,14.6,2.200000000000001,17.2,30.2,-13.0,-0.3999999999999986,-15.6,15.200000000000001,1,8,0,7.0,-310.0,250.0
2024_08_ATL_TB,2024-10-27,TB,ATL,0,-5.0,30.4,29.2,1.1999999999999993,26.2,26.0,0.1999999999999993,4.199999999999999,3.1999999999999993,1.0,1,8,1,-1.5,102.0,-122.0
2024_08_NYJ_NE,2024-10-27,NE,NYJ,1,3.0,12.6,28.4,-15.799999999999999,17.0,19.2,-2.1999999999999993,-4.4,9.2,-13.6,1,8,1,-7.0,245.0,-305.0
2024_08_GB_JAX,2024-10-27,JAX,GB,0,-3.0,23.0,31.2,-8.2,28.2,19.8,8.399999999999999,-5.199999999999999,11.399999999999999,-16.599999999999998,1,8,0,-3.5,160.0,-192.0
2024_08_IND_HOU,2024-10-27,HOU,IND,1,3.0,23.4,23.8,-0.40000000000000213,23.6,20.8,2.8000000000000007,-0.20000000000000284,3.0,-3.200000000000003,1,8,1,5.0,-225.0,185.0
2024_08_TEN_DET,2024-10-27,DET,TEN,1,38.0,31.2,20.0,11.2,17.8,24.0,-6.199999999999999,13.399999999999999,-4.0,17.4,1,8,0,12.5,-800.0,550.0
2024_08_BAL_CLE,2024-10-27,CLE,BAL,1,5.0,14.8,23.2,-8.399999999999999,35.0,25.4,9.600000000000001,-20.2,-2.1999999999999993,-18.0,1,8,1,-7.5,300.0,-380.0
2024_08_PHI_CIN,2024-10-27,CIN,PHI,0,-20.0,28.6,24.8,3.8000000000000007,20.0,17.2,2.8000000000000007,8.600000000000001,7.600000000000001,1.0,1,8,0,2.5,-148.0,124.0
2024_08_ARI_MIA,2024-10-27,MIA,ARI,0,-1.0,10.0,22.4,-12.399999999999999,16.2,26.8,-10.600000000000001,-6.199999999999999,-4.400000000000002,-1.7999999999999972,1,8,0,4.0,-198.0,164.0
2024_08_NYG_PIT,2024-10-28,PIT,NYG,1,8.0,26.0,17.0,9.0,15.0,20.0,-5.0,11.0,-3.0,14.0,1,8,0,6.0,-270.0,220.0
2024_09_HOU_NYJ,2024-10-31,NYJ,HOU,1,8.0,16.6,23.6,-7.0,26.6,21.0,5.600000000000001,-10.0,2.6000000000000014,-12.600000000000001,1,9,0,2.5,-148.0,124.0
2024_09_CHI_ARI,2024-11-03,ARI,CHI,1,20.0,19.2,28.2,-9.0,25.2,16.6,8.599999999999998,-6.0,11.599999999999998,-17.599999999999998,1,9,0,1.5,-120.0,100.0
2024_09_IND_MIN,2024-11-03,MIN,IND,1,8.0,27.4,22.8,4.599999999999998,23.4,22.2,1.1999999999999993,4.0,0.6000000000000014,3.3999999999999986,1,9,0,6.5,-298.0,240.0
2024_09_LA_SEA,2024-11-03,SEA,LA,0,-6.0,23.4,30.4,-7.0,22.8,21.4,1.4000000000000021,0.5999999999999979,9.0,-8.400000000000002,1,9,1,-1.5,105.0,-125.0
2024_09_DET_GB,2024-11-03,GB,DET,0,-10.0,28.2,22.4,5.800000000000001,38.4,18.8,19.599999999999998,-10.2,3.599999999999998,-13.799999999999997,1,9,1,-2.5,130.0,-155.0
2024_09_JAX_PHI,2024-11-03,PHI,JAX,1,5.0,23.2,16.2,7.0,26.4,27.8,-1.4000000000000021,-3.1999999999999993,-11.600000000000001,8.400000000000002,1,9,0,7.5,-340.0,270.0
2024_09_NE_TEN,2024-11-03,TEN,NE,1,3.0,17.2,29.6,-12.400000000000002,17.0,28.0,-11.0,0.1999999999999993,1.6000000000000014,-1.4000000000000021,1,9,0,3.0,-162.0,136.0
2024_09_LAC_CLE,2024-11-03,CLE,LAC,0,-17.0,17.6,23.8,-6.199999999999999,16.8,15.6,1.200000000000001,0.8000000000000007,8.200000000000001,-7.4,1,9,0,-2.0,110.0,-130.0
2024_09_WAS_NYG,2024-11-03,NYG,WAS,0,-5.0,14.4,22.2,-7.799999999999999,31.4,15.8,15.599999999999998,-17.0,6.399999999999999,-23.4,1,9,1,-4.5,180.0,-218.0
2024_09_LV_CIN,2024-11-03,CIN,LV,1,17.0,25.4,24.6,0.7999999999999972,17.2,25.8,-8.600000000000001,8.2,-1.1999999999999993,9.399999999999999,1,9,0,8.0,-410.0,320.0
2024_09_NO_CAR,2024-11-03,CAR,NO,1,1.0,15.0,35.2,-20.200000000000003,16.4,32.4,-16.0,-1.3999999999999986,2.8000000000000043,-4.200000000000003,1,9,1,-7.0,275.0,-345.0
2024_09_MIA_BUF,2024-11-03,BUF,MIA,1,3.0,23.6,19.6,4.0,13.4,21.8,-8.4,10.200000000000001,-2.1999999999999993,12.4,1,9,1,6.5,-285.0,230.0
2024_09_DEN_BAL,2024-11-03,BAL,DEN,1,31.0,34.2,26.2,8.000000000000004,24.2,14.8,9.399999999999999,10.000000000000004,11.399999999999999,-1.399999999999995,1,9,0,9.0,-440.0,330.0
2024_09_DAL_ATL,2024-11-03,ATL,DAL,1,6.0,29.0,26.8,2.1999999999999993,19.6,27.4,-7.799999999999997,9.399999999999999,-0.5999999999999979,9.999999999999996,1,9,0,3.0,-166.0,140.0
2024_09_TB_KC,2024-11-04,KC,TB,1,6.0,24.0,15.6,8.4,34.2,30.2,4.0000000000000036,-10.200000000000003,-14.6,4.399999999999997,1,9,0,9.0,-425.0,330.0
2024_10_CIN_BAL,2024-11-07,BAL,CIN,1,1.0,35.4,26.2,9.2,26.8,24.6,2.1999999999999993,8.599999999999998,1.5999999999999979,7.0,1,10,1,6.0,-270.0,220.0
2024_10_DET_HOU,2024-11-10,HOU,DET,0,-3.0,24.4,21.2,3.1999999999999993,39.2,19.0,20.200000000000003,-14.800000000000004,2.1999999999999993,-17.000000000000004,1,10,0,-4.5,190.0,-230.0
2024_10_PHI_DAL,2024-11-10,DAL,PHI,0,-28.0,18.8,27.2,-8.399999999999999,25.8,18.4,7.400000000000002,-7.0,8.8,-15.8,1,10,1,-7.5,285.0,-360.0
2024_10_NYJ_ARI,2024-11-10,ARI,NYJ,1,25.0,22.2,21.6,0.5999999999999979,19.0,24.2,-5.199999999999999,3.1999999999999993,-2.599999999999998,5.799999999999997,1,10,0,-2.0,110.0,-130.0
2024_10_TEN_LAC,2024-11-10,LAC,TEN,1,10.0,20.2,13.6,6.6,18.4,27.0,-8.600000000000001,1.8000000000000007,-13.4,15.200000000000001,1,10,0,8.0,-380.0,300.0
2024_10_PIT_WAS,2024-11-10,WAS,PIT,0,-1.0,28.4,17.4,11.0,27.2,18.6,8.599999999999998,1.1999999999999993,-1.2000000000000028,2.400000000000002,1,10,0,1.5,-122.0,102.0
2024_10_SF_TB,2024-11-10,TB,SF,0,-3.0,32.4,33.0,-0.6000000000000014,27.4,22.6,4.799999999999997,5.0,10.399999999999999,-5.399999999999999,1,10,0,-6.5,240.0,-298.0
2024_10_ATL_NO,2024-11-10,NO,ATL,1,3.0,16.0,31.8,-15.8,29.2,26.2,3.0,-13.2,5.600000000000001,-18.8,1,10,1,-3.5,160.0,-192.0
2024_10_DEN_KC,2024-11-10,KC,DEN,1,2.0,25.6,17.0,8.600000000000001,24.2,21.2,3.0,1.4000000000000021,-4.199999999999999,5.600000000000001,1,10,1,7.5,-380.0,300.0
2024_10_BUF_IND,2024-11-10,IND,BUF,0,-10.0,20.6,21.6,-1.0,27.6,18.0,9.600000000000001,-7.0,3.6000000000000014,-10.600000000000001,1,10,0,-4.5,190.0,-230.0
2024_10_NE_CHI,2024-11-10,CHI,NE,0,-16.0,23.8,18.2,5.600000000000001,17.8,26.0,-8.2,6.0,-7.800000000000001,13.8,1,10,0,6.5,-325.0,260.0
2024_10_NYG_CAR,2024-11-10,CAR,NYG,1,3.0,14.8,32.8,-17.999999999999996,15.8,23.6,-7.800000000000001,-1.0,9.199999999999996,-10.199999999999996,1,10,0,-6.5,240.0,-298.0
2024_10_MIN_JAX,2024-11-10,JAX,MIN,0,-5.0,27.0,28.6,-1.6000000000000014,24.8,24.0,0.8000000000000007,2.1999999999999993,4.600000000000001,-2.400000000000002,1,10,0,-7.0,280.0,-345.0
2024_10_MIA_LA,2024-11-11,LA,MIA,0,-8.0,22.6,20.6,2.0,18.2,23.0,-4.800000000000001,4.400000000000002,-2.3999999999999986,6.800000000000001,1,10,0,2.5,-142.0,120.0
2024_11_WAS_PHI,2024-11-14,PHI,WAS,1,8.0,29.4,13.0,16.4,27.0,20.4,6.600000000000001,2.3999999999999986,-7.399999999999999,9.799999999999997,1,11,1,4.5,-230.0,190.0
2024_11_SEA_SF,2024-11-17,SF,SEA,0,-3.0,26.0,24.0,2.0,21.6,27.2,-5.599999999999998,4.399999999999999,-3.1999999999999993,7.599999999999998,1,11,1,6.0,-265.0,215.0
2024_11_LV_MIA,2024-11-17,MIA,LV,1,15.0,20.4,19.8,0.5999999999999979,18.0,30.8,-12.8,2.3999999999999986,-11.0,13.399999999999999,1,11,0,8.0,-425.0,330.0
2024_11_CIN_LAC,2024-11-17,LAC,CIN,1,7.0,23.6,13.6,10.000000000000002,26.0,23.4,2.6000000000000014,-2.3999999999999986,-9.799999999999999,7.4,1,11,0,1.0,-110.0,-110.0
2024_11_ATL_DEN,2024-11-17,DEN,ATL,1,32.0,20.2,20.8,-0.6000000000000014,25.4,24.2,1.1999999999999993,-5.199999999999999,-3.3999999999999986,-1.8000000000000007,1,11,0,2.0,-135.0,114.0
2024_11_KC_BUF,2024-11-17,BUF,KC,1,9.0,29.6,17.4,12.200000000000003,25.4,17.8,7.599999999999998,4.200000000000003,-0.40000000000000213,4.600000000000005,1,11,0,2.5,-142.0,120.0
2024_11_MIN_TEN,2024-11-17,TEN,MIN,0,-10.0,15.6,30.0,-14.4,21.0,19.6,1.3999999999999986,-5.4,10.399999999999999,-15.799999999999999,1,11,0,-6.0,235.0,-290.0
2024_11_JAX_DET,2024-11-17,DET,JAX,1,46.0,36.0,17.8,18.2,21.0,24.2,-3.1999999999999993,15.0,-6.399999999999999,21.4,1,11,0,14.0,-1000.0,650.0
2024_11_IND_NYJ,2024-11-17,NYJ,IND,0,-1.0,16.8,25.8,-9.0,17.8,20.2,-2.3999999999999986,-1.0,5.600000000000001,-6.600000000000001,1,11,0,4.0,-205.0,170.0
2024_11_CLE_NO,2024-11-17,NO,CLE,1,21.0,17.4,30.0,-12.600000000000001,16.4,25.2,-8.8,1.0,4.800000000000001,-3.8000000000000007,1,11,0,-1.0,-105.0,-115.0
2024_11_LA_NE,2024-11-17,NE,LA,0,-6.0,19.6,23.6,-4.0,22.0,20.4,1.6000000000000014,-2.3999999999999986,3.200000000000003,-5.600000000000001,1,11,0,-4.0,164.0,-198.0
2024_11_GB_CHI,2024-11-17,CHI,GB,0,-1.0,19.6,18.4,1.2000000000000028,25.2,21.0,4.199999999999999,-5.599999999999998,-2.6000000000000014,-2.9999999999999964,1,11,1,-6.0,215.0,-265.0
2024_11_BAL_PIT,2024-11-17,PIT,BAL,1,2.0,28.0,18.6,9.399999999999999,34.2,25.4,8.800000000000004,-6.200000000000003,-6.799999999999997,0.5999999999999943,1,11,1,-3.0,145.0,-175.0
2024_11_HOU_DAL,2024-11-18,DAL,HOU,0,-24.0,16.0,31.0,-15.0,24.4,22.4,2.0,-8.399999999999999,8.600000000000001,-17.0,1,11,0,-7.5,285.0,-360.0
2024_12_PIT_CLE,2024-11-21,CLE,PIT,1,5.0,16.6,25.4,-8.799999999999997,28.2,17.8,10.399999999999999,-11.599999999999998,7.599999999999998,-19.199999999999996,1,12,1,-3.5,170.0,-205.0
2024_12_SF_GB,2024-11-24,GB,SF,1,28.0,24.4,21.0,3.3999999999999986,24.8,23.2,1.6000000000000014,-0.40000000000000213,-2.1999999999999993,1.7999999999999972,1,12,0,6.5,-290.0,235.0
2024_12_DEN_LV,2024-11-24,LV,DEN,0,-10.0,18.2,30.8,-12.600000000000001,24.6,17.4,7.200000000000003,-6.400000000000002,13.400000000000002,-19.800000000000004,1,12,1,-6.5,225.0,-278.0
2024_12_DAL_WAS,2024-11-24,WAS,DAL,0,-8.0,26.0,19.6,6.399999999999999,14.0,34.4,-20.4,12.0,-14.799999999999997,26.799999999999997,1,12,1,10.5,-625.0,455.0
2024_12_TB_NYG,2024-11-24,NYG,TB,0,-23.0,13.4,23.6,-10.200000000000001,30.4,30.4,0.0,-17.0,-6.799999999999997,-10.200000000000001,1,12,0,-6.5,240.0,-298.0
2024_12_MIN_CHI,2024-11-24,CHI,MIN,0,-3.0,16.2,20.4,-4.199999999999999,21.0,18.8,2.1999999999999993,-4.800000000000001,1.5999999999999979,-6.399999999999999,1,12,1,-3.0,145.0,-175.0
2024_12_DET_IND,2024-11-24,IND,DET,0,-18.0,19.4,22.2,-2.8000000000000007,37.0,17.2,19.8,-17.6,5.0,-22.6,1,12,0,-7.0,295.0,-375.0
2024_12_TEN_HOU,2024-11-24,HOU,TEN,0,-5.0,23.0,20.2,2.8000000000000007,14.8,30.6,-15.8,8.2,-10.400000000000002,18.6,1,12,1,8.0,-375.0,295.0
2024_12_KC_CAR,2024-11-24,CAR,KC,0,-3.0,16.8,29.0,-12.2,24.4,21.2,3.1999999999999993,-7.599999999999998,7.800000000000001,-15.399999999999999,1,12,0,-11.0,500.0,-700.0
2024_12_ARI_SEA,2024-11-24,SEA,ARI,1,10.0,21.6,24.8,-3.1999999999999993,23.6,18.2,5.400000000000002,-2.0,6.600000000000001,-8.600000000000001,1,12,1,-1.0,-105.0,-115.0
2024_12_NE_MIA,2024-11-24,MIA,NE,1,19.0,24.2,21.6,2.599999999999998,19.8,21.0,-1.1999999999999993,4.399999999999999,0.6000000000000014,3.799999999999997,1,12,1,7.5,-360.0,285.0
2024_12_PHI_LA,2024-11-24,LA,PHI,0,-17.0,23.8,20.0,3.8000000000000007,30.6,13.4,17.200000000000003,-6.800000000000001,6.6,-13.400000000000002,1,12,0,-3.0,142.0,-170.0
2024_12_BAL_LAC,2024-11-25,LAC,BAL,0,-7.0,25.8,15.8,10.0,31.4,24.4,7.0,-5.599999999999998,-8.599999999999998,3.0,1,12,0,-3.0,140.0,-166.0
2024_13_NYG_DAL,2024-11-28,DAL,NYG,1,7.0,19.0,30.2,-11.2,13.4,26.2,-12.799999999999999,5.6,4.0,1.5999999999999996,1,13,1,4.5,-218.0,185.0
2024_13_MIA_GB,2024-11-28,GB,MIA,1,13.0,25.2,20.4,4.800000000000001,29.0,21.4,7.600000000000001,-3.8000000000000007,-1.0,-2.8000000000000007,1,13,0,3.5,-175.0,145.0
2024_13_CHI_DET,2024-11-28,DET,CHI,1,3.0,35.6,12.6,23.0,14.6,23.2,-8.6,21.0,-10.6,31.6,1,13,1,9.5,-520.0,390.0
2024_13_LV_KC,2024-11-29,KC,LV,1,2.0,24.8,23.0,1.8000000000000007,19.4,30.2,-10.8,5.400000000000002,-7.199999999999999,12.600000000000001,1,13,1,13.5,-800.0,550.0
2024_13_SF_BUF,2024-12-01,BUF,SF,1,25.0,31.0,17.6,13.399999999999999,19.6,26.0,-6.399999999999999,11.399999999999999,-8.399999999999999,19.799999999999997,1,13,0,6.5,-340.0,270.0
2024_13_PHI_BAL,2024-12-01,BAL,PHI,0,-5.0,29.2,22.8,6.399999999999999,32.4,16.8,15.599999999999998,-3.1999999999999993,6.0,-9.2,1,13,0,3.0,-162.0,136.0
2024_13_LA_NO,2024-12-01,NO,LA,0,-7.0,19.0,22.6,-3.6000000000000014,23.8,24.4,-0.5999999999999979,-4.800000000000001,-1.7999999999999972,-3.0000000000000036,1,13,0,-2.5,120.0,-142.0
2024_13_TEN_WAS,2024-12-01,WAS,TEN,1,23.0,23.2,25.0,-1.8000000000000007,19.2,29.2,-10.0,4.0,-4.199999999999999,8.2,1,13,0,6.0,-250.0,205.0
2024_13_SEA_NYJ,2024-12-01,NYJ,SEA,0,-5.0,18.2,26.8,-8.600000000000001,20.0,18.8,1.1999999999999993,-1.8000000000000007,8.0,-9.8,1,13,0,1.0,-115.0,-105.0
2024_13_TB_CAR,2024-12-01,CAR,TB,0,-3.0,18.2,27.4,-9.2,26.2,26.4,-0.1999999999999993,-8.0,1.0,-9.0,1,13,1,-6.5,235.0,-290.0
2024_13_ARI_MIN,2024-12-01,MIN,ARI,1,1.0,21.2,18.0,3.1999999999999993,22.2,14.6,7.6,-1.0,3.4000000000000004,-4.4,1,13,0,3.5,-185.0,154.0
2024_13_HOU_JAX,2024-12-01,JAX,HOU,0,-3.0,19.0,27.6,-8.600000000000001,24.0,21.8,2.1999999999999993,-5.0,5.800000000000001,-10.8,1,13,1,-3.5,160.0,-192.0
2024_13_PIT_CIN,2024-12-01,CIN,PIT,0,-6.0,28.0,28.8,-0.8000000000000007,25.6,20.0,5.600000000000001,2.3999999999999986,8.8,-6.400000000000002,1,13,1,3.0,-155.0,130.0
2024_13_LAC_ATL,2024-12-01,ATL,LAC,0,-4.0,19.0,27.8,-8.8,27.4,18.4,9.0,-8.399999999999999,9.400000000000002,-17.8,1,13,0,-1.0,-102.0,-118.0
2024_13_IND_NE,2024-12-01,NE,IND,0,-1.0,19.6,21.4,-1.7999999999999972,17.4,25.0,-7.600000000000001,2.200000000000003,-3.6000000000000014,5.800000000000004,1,13,0,-2.5,114.0,-135.0
2024_13_CLE_DEN,2024-12-02,DEN,CLE,1,9.0,23.8,19.2,4.600000000000001,18.2,25.2,-7.0,5.600000000000001,-6.0,11.600000000000001,1,13,0,6.5,-290.0,235.0
2024_14_GB_DET,2024-12-05,DET,GB,1,3.0,29.8,13.8,16.0,26.4,19.4,7.0,3.400000000000002,-5.599999999999998,9.0,1,14,1,3.0,-170.0,142.0
2024_14_JAX_TEN,2024-12-08,TEN,JAX,0,-4.0,20.2,27.2,-7.0,16.6,29.0,-12.399999999999999,3.599999999999998,-1.8000000000000007,5.399999999999999,1,14,1,3.0,-170.0,142.0
2024_14_CHI_SF,2024-12-08,SF,CHI,1,25.0,18.0,27.4,-9.399999999999999,15.6,24.2,-8.6,2.4000000000000004,3.1999999999999993,-0.7999999999999989,1,14,0,3.0,-162.0,136.0
2024_14_BUF_LA,2024-12-08,LA,BUF,1,2.0,22.0,23.2,-1.1999999999999993,31.2,17.6,13.599999999999998,-9.2,5.599999999999998,-14.799999999999997,1,14,0,-3.5,160.0,-192.0
2024_14_SEA_ARI,2024-12-08,ARI,SEA,0,-12.0,23.2,16.2,7.0,18.4,20.2,-1.8000000000000007,4.800000000000001,-4.0,8.8,1,14,1,3.0,-175.0,145.0
2024_14_LV_TB,2024-12-08,TB,LV,1,15.0,25.2,22.8,2.3999999999999986,19.8,30.0,-10.2,5.399999999999999,-7.199999999999999,12.599999999999998,1,14,0,7.0,-325.0,260.0
2024_14_LAC_KC,2024-12-08,KC,LAC,1,2.0,23.2,22.4,0.8000000000000007,25.6,19.4,6.200000000000003,-2.400000000000002,3.0,-5.400000000000002,1,14,1,5.0,-238.0,195.0
2024_14_CAR_PHI,2024-12-08,PHI,CAR,1,6.0,29.8,17.2,12.600000000000001,21.4,24.6,-3.200000000000003,8.400000000000002,-7.400000000000002,15.800000000000004,1,14,0,14.0,-950.0,625.0
2024_14_NO_NYG,2024-12-08,NYG,NO,0,-3.0,16.8,26.0,-9.2,19.8,20.2,-0.3999999999999986,-3.0,5.800000000000001,-8.8,1,14,0,-5.5,200.0,-245.0
2024_14_ATL_MIN,2024-12-08,MIN,ATL,1,21.0,21.8,16.4,5.400000000000002,18.8,24.4,-5.599999999999998,3.0,-8.0,11.0,1,14,0,6.0,-250.0,205.0
2024_14_NYJ_MIA,2024-12-08,MIA,NYJ,1,6.0,27.0,21.8,5.199999999999999,19.4,24.6,-5.200000000000003,7.600000000000001,-2.8000000000000007,10.400000000000002,1,14,1,6.5,-298.0,240.0
2024_14_CLE_PIT,2024-12-08,PIT,CLE,1,13.0,27.0,24.6,2.3999999999999986,21.8,29.2,-7.399999999999999,5.199999999999999,-4.599999999999998,9.799999999999997,1,14,1,6.0,-258.0,210.0
2024_14_CIN_DAL,2024-12-09,DAL,CIN,0,-7.0,19.6,28.2,-8.599999999999998,31.4,34.8,-3.3999999999999986,-11.799999999999997,-6.599999999999998,-5.199999999999999,1,14,0,-5.0,190.0,-230.0
2024_15_LA_SF,2024-12-12,SF,LA,0,-6.0,19.6,25.2,-5.599999999999998,25.6,27.6,-2.0,-6.0,-2.400000000000002,-3.599999999999998,1,15,1,3.0,-155.0,130.0
2024_15_GB_SEA,2024-12-15,SEA,GB,0,-17.0,22.4,17.6,4.799999999999997,26.6,20.8,5.800000000000001,-4.200000000000003,-3.1999999999999993,-1.0000000000000036,1,15,0,-3.0,136.0,-162.0
2024_15_PIT_PHI,2024-12-15,PHI,PIT,1,14.0,28.6,15.8,12.8,27.2,23.8,3.3999999999999986,1.4000000000000021,-8.0,9.400000000000002,1,15,0,5.5,-265.0,215.0
2024_15_TB_LAC,2024-12-15,LAC,TB,0,-23.0,23.6,21.2,2.400000000000002,25.6,19.2,6.400000000000002,-2.0,2.0,-4.0,1,15,0,3.0,-162.0,136.0
2024_15_BUF_DET,2024-12-15,DET,BUF,0,-6.0,31.8,17.2,14.600000000000001,33.4,24.4,9.0,-1.5999999999999979,-7.199999999999999,5.600000000000001,1,15,0,2.5,-130.0,110.0
2024_15_NE_ARI,2024-12-15,ARI,NE,1,13.0,21.2,16.8,4.399999999999999,19.4,22.0,-2.6000000000000014,1.8000000000000007,-5.199999999999999,7.0,1,15,0,6.0,-258.0,210.0
2024_15_CIN_TEN,2024-12-15,TEN,CIN,0,-10.0,17.4,25.8,-8.400000000000002,33.4,31.4,2.0,-16.0,-5.599999999999998,-10.400000000000002,1,15,0,-6.0,205.0,-250.0
2024_15_IND_DEN,2024-12-15,DEN,IND,1,18.0,26.4,22.8,3.599999999999998,18.4,25.2,-6.800000000000001,8.0,-2.3999999999999986,10.399999999999999,1,15,0,4.5,-238.0,195.0
2024_15_WAS_NO,2024-12-15,NO,WAS,0,-1.0,21.0,17.2,3.8000000000000007,28.0,25.8,2.1999999999999993,-7.0,-8.600000000000001,1.6000000000000014,1,15,0,-7.5,295.0,-375.0
2024_15_NYJ_JAX,2024-12-15,JAX,NYJ,0,-7.0,13.2,24.2,-11.0,20.2,26.0,-5.800000000000001,-7.0,-1.8000000000000007,-5.199999999999999,1,15,0,-3.5,145.0,-175.0
2024_15_MIA_HOU,2024-12-15,HOU,MIA,1,8.0,24.0,21.8,2.1999999999999993,28.0,21.0,7.0,-4.0,0.8000000000000007,-4.800000000000001,1,15,0,2.5,-155.0,130.0
2024_15_KC_CLE,2024-12-15,CLE,KC,0,-14.0,18.8,29.8,-11.0,21.0,21.0,0.0,-2.1999999999999993,8.8,-11.0,1,15,0,-4.5,190.0,-230.0
2024_15_DAL_CAR,2024-12-15,CAR,DAL,0,-16.0,21.8,23.4,-1.5999999999999979,19.4,28.2,-8.8,2.400000000000002,-4.800000000000001,7.200000000000003,1,15,0,2.5,-142.0,120.0
2024_15_BAL_NYG,2024-12-15,NYG,BAL,0,-21.0,15.4,23.6,-8.200000000000001,28.2,21.8,6.399999999999999,-12.799999999999999,1.8000000000000007,-14.6,1,15,0,-16.5,1000.0,-1800.0
2024_15_CHI_MIN,2024-12-16,MIN,CHI,1,18.0,26.0,18.0,8.0,16.4,26.0,-9.600000000000001,9.600000000000001,-8.0,17.6,1,15,1,7.0,-325.0,260.0
2024_15_ATL_LV,2024-12-16,LV,ATL,0,-6.0,18.4,30.2,-11.8,16.8,27.6,-10.8,1.5999999999999979,2.599999999999998,-1.0,1,15,0,-6.5,275.0,-345.0
2024_16_DEN_LAC,2024-12-19,LAC,DEN,1,7.0,21.6,25.8,-4.199999999999999,30.6,17.2,13.400000000000002,-9.0,8.600000000000001,-17.6,1,16,1,3.0,-148.0,124.0
2024_16_HOU_KC,2024-12-21,KC,HOU,1,8.0,22.0,19.6,2.3999999999999986,25.4,20.0,5.399999999999999,-3.3999999999999986,-0.3999999999999986,-3.0,1,16,0,3.5,-180.0,150.0
2024_16_PIT_BAL,2024-12-21,BAL,PIT,1,17.0,27.0,22.6,4.399999999999999,24.2,23.8,0.3999999999999986,2.8000000000000007,-1.1999999999999993,4.0,1,16,1,7.0,-345.0,275.0
2024_16_TB_DAL,2024-12-22,DAL,TB,1,2.0,24.2,24.2,0.0,28.8,16.6,12.2,-4.600000000000001,7.599999999999998,-12.2,1,16,0,-4.5,180.0,-218.0
2024_16_SF_MIA,2024-12-22,MIA,SF,1,12.0,25.8,22.0,3.8000000000000007,16.2,23.6,-7.400000000000002,9.600000000000001,-1.6000000000000014,11.200000000000003,1,16,0,-2.0,105.0,-125.0
2024_16_JAX_LV,2024-12-22,LV,JAX,1,5.0,15.4,25.0,-9.6,13.6,25.0,-11.4,1.8000000000000007,0.0,1.8000000000000007,1,16,0,2.5,-130.0,110.0
2024_16_NE_BUF,2024-12-22,BUF,NE,1,3.0,37.0,27.4,9.600000000000001,19.4,24.0,-4.600000000000001,17.6,3.3999999999999986,14.200000000000003,1,16,1,14.0,-1100.0,700.0
2024_16_MIN_SEA,2024-12-22,SEA,MIN,0,-3.0,21.0,18.4,2.6000000000000014,29.6,19.0,10.600000000000001,-8.600000000000001,-0.6000000000000014,-8.0,1,16,0,-2.5,124.0,-148.0
2024_16_LA_NYJ,2024-12-22,NYJ,LA,0,-10.0,22.4,28.4,-6.0,25.0,24.2,0.8000000000000007,-2.6000000000000014,4.199999999999999,-6.800000000000001,1,16,0,-3.0,136.0,-162.0
2024_16_TEN_IND,2024-12-22,IND,TEN,1,8.0,18.4,27.2,-8.8,19.4,27.8,-8.400000000000002,-1.0,-0.6000000000000014,-0.3999999999999986,1,16,1,4.0,-198.0,164.0
2024_16_PHI_WAS,2024-12-22,WAS,PHI,1,3.0,26.6,25.2,1.4000000000000021,27.2,17.2,10.0,-0.5999999999999979,8.0,-8.599999999999998,1,16,1,-4.0,180.0,-218.0
2024_16_CLE_CIN,2024-12-22,CIN,CLE,1,18.0,32.6,32.0,0.6000000000000014,18.2,28.6,-10.400000000000002,14.400000000000002,3.3999999999999986,11.000000000000004,1,16,1,10.0,-575.0,425.0
2024_16_DET_CHI,2024-12-22,CHI,DET,0,-17.0,18.2,28.2,-10.0,35.0,22.2,12.8,-16.8,6.0,-22.8,1,16,1,-7.0,270.0,-340.0
2024_16_ARI_CAR,2024-12-22,CAR,ARI,1,6.0,20.0,25.0,-5.0,21.4,18.4,3.0,-1.3999999999999986,6.600000000000001,-8.0,1,16,0,-5.5,200.0,-245.0
2024_16_NYG_ATL,2024-12-22,ATL,NYG,1,27.0,14.4,25.2,-10.799999999999999,13.8,25.2,-11.399999999999999,0.5999999999999996,0.0,0.5999999999999996,1,16,0,9.5,-550.0,410.0
2024_16_NO_GB,2024-12-23,GB,NO,1,34.0,29.8,18.6,11.2,20.4,16.6,3.799999999999997,9.400000000000002,2.0,7.400000000000002,1,16,0,14.0,-950.0,625.0
2024_17_KC_PIT,2024-12-25,PIT,KC,0,-19.0,24.0,27.4,-3.3999999999999986,23.2,17.4,5.800000000000001,0.8000000000000007,10.0,-9.2,1,17,0,-3.0,136.0,-162.0
2024_17_BAL_HOU,2024-12-25,HOU,BAL,0,-29.0,24.6,20.2,4.400000000000002,26.8,19.2,7.600000000000001,-2.1999999999999993,1.0,-3.1999999999999993,1,17,0,-5.5,200.0,-245.0
2024_17_SEA_CHI,2024-12-26,CHI,SEA,0,-3.0,17.8,31.0,-13.2,21.8,20.4,1.4000000000000021,-4.0,10.600000000000001,-14.600000000000001,1,17,0,-3.5,160.0,-192.0
2024_17_DEN_CIN,2024-12-28,CIN,DEN,1,6.0,30.6,26.2,4.400000000000002,33.2,20.8,12.400000000000002,-2.6000000000000014,5.399999999999999,-8.0,1,17,0,3.5,-175.0,145.0
2024_17_ARI_LA,2024-12-28,LA,ARI,1,4.0,23.2,21.6,1.5999999999999979,21.2,24.4,-3.1999999999999993,2.0,-2.799999999999997,4.799999999999997,1,17,1,6.5,-340.0,270.0
2024_17_LAC_NE,2024-12-28,NE,LAC,0,-33.0,19.8,28.2,-8.399999999999999,21.6,25.8,-4.199999999999999,-1.8000000000000007,2.3999999999999986,-4.199999999999999,1,17,0,-6.0,245.0,-305.0
2024_17_NYJ_BUF,2024-12-29,BUF,NYJ,1,26.0,35.8,27.6,8.199999999999996,23.0,26.0,-3.0,12.799999999999997,1.6000000000000014,11.199999999999996,1,17,1,10.0,-520.0,390.0
2024_17_TEN_JAX,2024-12-29,JAX,TEN,1,7.0,15.0,26.4,-11.399999999999999,22.8,30.8,-8.0,-7.800000000000001,-4.400000000000002,-3.3999999999999986,1,17,1,-1.0,-112.0,-108.0
2024_17_LV_NO,2024-12-29,NO,LV,0,-15.0,16.4,20.0,-3.6000000000000014,15.4,21.0,-5.6,0.9999999999999982,-1.0,1.9999999999999982,1,17,0,-2.0,105.0,-125.0
2024_17_IND_NYG,2024-12-29,NYG,IND,1,12.0,11.8,28.0,-16.2,22.0,27.2,-5.199999999999999,-10.2,0.8000000000000007,-11.0,1,17,0,-7.5,320.0,-410.0
2024_17_DAL_PHI,2024-12-29,PHI,DAL,1,34.0,28.6,20.8,7.800000000000001,27.4,22.2,5.199999999999999,1.2000000000000028,-1.3999999999999986,2.6000000000000014,1,17,1,7.5,-325.0,260.0
2024_17_CAR_TB,2024-12-29,TB,CAR,1,34.0,29.6,17.2,12.400000000000002,23.2,27.6,-4.400000000000002,6.400000000000002,-10.400000000000002,16.800000000000004,1,17,1,9.5,-500.0,380.0
2024_17_MIA_CLE,2024-12-29,CLE,MIA,0,-17.0,16.6,26.4,-9.799999999999997,24.8,21.6,3.1999999999999993,-8.2,4.799999999999997,-12.999999999999996,1,17,0,-3.0,142.0,-170.0
2024_17_GB_MIN,2024-12-29,MIN,GB,1,2.0,30.4,21.2,9.2,32.6,14.8,17.8,-2.200000000000003,6.399999999999999,-8.600000000000001,1,17,1,-1.0,-108.0,-112.0
2024_17_ATL_WAS,2024-12-29,WAS,ATL,1,6.0,28.4,26.2,2.1999999999999993,17.8,22.6,-4.800000000000001,10.599999999999998,3.599999999999998,7.0,1,17,0,3.5,-192.0,160.0
2024_17_DET_SF,2024-12-30,SF,DET,0,-6.0,16.2,25.4,-9.2,31.4,24.4,7.0,-15.2,1.0,-16.2,1,17,0,-4.0,190.0,-230.0
2024_18_CIN_PIT,2025-01-04,PIT,CIN,0,-2.0,22.2,28.4,-6.199999999999999,31.2,24.2,7.0,-9.0,4.199999999999999,-13.2,1,18,1,-2.5,124.0,-148.0
2024_18_CLE_BAL,2025-01-04,BAL,CLE,1,25.0,29.8,16.0,13.8,12.4,26.6,-14.200000000000001,17.4,-10.600000000000001,28.0,1,18,1,19.5,-2400.0,1200.0
2024_18_CAR_ATL,2025-01-05,ATL,CAR,0,-6.0,21.4,21.0,0.3999999999999986,20.6,31.2,-10.599999999999998,0.7999999999999972,-10.2,10.999999999999996,1,18,1,7.5,-380.0,300.0
2024_18_MIN_DET,2025-01-05,DET,MIN,1,22.0,34.6,30.0,4.600000000000001,29.8,20.8,9.0,4.800000000000001,9.2,-4.399999999999999,1,18,1,3.0,-148.0,124.0
2024_18_MIA_NYJ,2025-01-05,NYJ,MIA,1,12.0,20.4,28.4,-8.0,22.0,19.2,2.8000000000000007,-1.6000000000000014,9.2,-10.8,1,18,1,1.5,-122.0,102.0
2024_18_LAC_LV,2025-01-05,LV,LAC,0,-14.0,16.6,17.2,-0.5999999999999979,25.0,21.2,3.8000000000000007,-8.399999999999999,-4.0,-4.399999999999999,1,18,1,-7.0,275.0,-345.0
2024_18_KC_DEN,2025-01-05,DEN,KC,1,38.0,30.4,25.6,4.799999999999997,23.0,14.0,9.0,7.399999999999999,11.600000000000001,-4.200000000000003,1,18,1,10.5,-485.0,370.0
2024_18_SF_ARI,2025-01-05,ARI,SF,1,23.0,21.8,23.8,-2.0,21.0,25.8,-4.800000000000001,0.8000000000000007,-2.0,2.8000000000000007,1,18,1,4.5,-192.0,160.0
2024_18_HOU_TEN,2025-01-05,TEN,HOU,0,-9.0,19.0,29.4,-10.399999999999999,18.2,24.4,-6.199999999999999,0.8000000000000007,5.0,-4.199999999999999,1,18,1,2.5,-142.0,120.0
2024_18_SEA_LA,2025-01-05,LA,SEA,0,-5.0,21.8,16.0,5.800000000000001,19.8,19.8,0.0,2.0,-3.8000000000000007,5.800000000000001,1,18,1,-7.5,285.0,-360.0
2024_18_NYG_PHI,2025-01-05,PHI,NYG,1,7.0,29.4,18.2,11.2,19.4,28.6,-9.200000000000003,10.0,-10.400000000000002,20.400000000000002,1,18,1,3.0,-155.0,130.0
2024_18_BUF_NE,2025-01-05,NE,BUF,1,7.0,16.8,30.6,-13.8,37.8,26.2,11.599999999999998,-20.999999999999996,4.400000000000002,-25.4,1,18,1,-3.0,140.0,-166.0
2024_18_JAX_IND,2025-01-05,IND,JAX,1,3.0,23.0,30.8,-7.800000000000001,17.8,18.6,-0.8000000000000007,5.199999999999999,12.2,-7.0,1,18,1,3.5,-180.0,150.0
2024_18_CHI_GB,2025-01-05,GB,CHI,0,-2.0,30.0,18.2,11.8,13.0,26.2,-13.2,17.0,-8.0,25.0,1,18,1,10.0,-410.0,320.0
2024_18_WAS_DAL,2025-01-05,DAL,WAS,0,-4.0,22.0,25.2,-3.1999999999999993,30.8,25.8,5.0,-8.8,-0.6000000000000014,-8.2,1,18,1,-7.0,250.0,-310.0
2024_18_NO_TB,2025-01-05,TB,NO,1,8.0,33.2,18.6,14.600000000000001,11.4,22.2,-10.799999999999999,21.800000000000004,-3.599999999999998,25.4,1,18,1,14.5,-1050.0,675.0
2024_19_LAC_HOU,2025-01-11,HOU,LAC,1,20.0,17.4,20.8,-3.400000000000002,28.4,22.6,5.799999999999997,-11.0,-1.8000000000000007,-9.2,1,19,0,-3.0,136.0,-162.0
2024_19_PIT_BAL,2025-01-11,BAL,PIT,1,14.0,30.8,13.4,17.4,16.8,24.6,-7.800000000000001,14.0,-11.200000000000001,25.2,1,19,1,9.5,-520.0,390.0
2024_19_DEN_BUF,2025-01-12,BUF,DEN,1,24.0,34.0,28.8,5.199999999999999,32.2,21.8,10.400000000000002,1.7999999999999972,7.0,-5.200000000000003,1,19,0,7.5,-425.0,330.0
2024_19_GB_PHI,2025-01-12,PHI,GB,1,12.0,28.6,17.0,11.600000000000001,28.4,19.6,8.799999999999997,0.20000000000000284,-2.6000000000000014,2.8000000000000043,1,19,0,5.5,-250.0,205.0
2024_19_WAS_TB,2025-01-12,TB,WAS,0,-3.0,33.4,17.8,15.599999999999998,30.2,22.8,7.399999999999999,3.1999999999999993,-5.0,8.2,1,19,0,3.0,-162.0,136.0
2024_19_MIN_LA,2025-01-13,LA,MIN,1,18.0,22.6,19.2,3.400000000000002,27.0,22.6,4.399999999999999,-4.399999999999999,-3.400000000000002,-0.9999999999999964,1,19,0,-2.5,120.0,-142.0
2024_20_HOU_KC,2025-01-18,KC,HOU,1,9.0,19.2,18.2,1.0,19.2,19.2,0.0,0.0,-1.0,1.0,1,20,0,9.5,-550.0,410.0
2024_20_WAS_DET,2025-01-18,DET,WAS,0,-14.0,36.2,27.8,8.400000000000002,26.4,23.0,3.3999999999999986,9.800000000000004,4.800000000000001,5.0000000000000036,1,20,0,8.5,-520.0,390.0
2024_20_LA_PHI,2025-01-19,PHI,LA,1,6.0,28.6,15.8,12.8,19.2,12.6,6.6,9.400000000000002,3.200000000000001,6.200000000000001,1,20,0,7.0,-325.0,260.0
2024_20_BAL_BUF,2025-01-19,BUF,BAL,1,2.0,31.8,21.4,10.400000000000002,32.6,11.4,21.200000000000003,-0.8000000000000007,9.999999999999998,-10.8,1,20,0,-1.5,-102.0,-118.0
2024_21_BUF_KC,2025-01-26,KC,BUF,1,3.0,20.0,17.6,2.3999999999999986,27.6,18.0,9.600000000000001,-7.600000000000001,-0.3999999999999986,-7.200000000000003,1,21,0,1.5,-118.0,-102.0
2024_21_WAS_PHI,2025-01-26,PHI,WAS,1,32.0,28.8,17.6,11.2,31.4,25.4,6.0,-2.599999999999998,-7.799999999999997,5.199999999999999,1,21,1,6.0,-250.0,205.0
2024_22_KC_PHI,2025-02-09,PHI,KC,1,18.0,33.2,15.0,18.200000000000003,22.2,22.0,0.1999999999999993,11.000000000000004,-7.0,18.000000000000004,1,22,0,-1.5,100.0,-120.0
