game_pk,season,oof_win_prob,oof_run_diff,oof_total,home_win,total_runs
660906,2021,0.540926154433364,0.43889365639770117,8.44821086718044,0.0,7.0
663178,2022,0.45394577551904014,-0.971164774582417,9.89591685028181,1.0,9.0
662766,2022,0.4872693168705969,-0.42660497265595027,9.673004821807696,1.0,4.0
662021,2022,0.631215912920274,0.4431168782694473,8.633614912041509,1.0,9.0
662571,2022,0.485372234779782,-0.3563669720398701,9.663513606641237,0.0,6.0
661577,2022,0.573728104515414,0.2010598164694889,9.08814633853472,0.0,9.0
661042,2022,0.4891609704102112,-0.23965461934356394,10.087481450381679,0.0,4.0
663418,2022,0.4783344612993662,-0.5414972008586613,8.81877417893167,1.0,6.0
661333,2022,0.5146482448867896,-0.2783657697138719,7.546516255986202,1.0,11.0
662888,2022,0.5008424388204588,-0.5469710454425214,8.687134100656284,1.0,9.0
661131,2022,0.5251999661273139,-0.2934035705971555,8.382230318401174,1.0,14.0
661918,2022,0.6819355542731743,2.155446661887045,9.106637183533138,1.0,3.0
662933,2022,0.41789911679161806,-1.4021625856241962,9.845570787071582,0.0,8.0
661750,2022,0.46853274042706206,-0.5899074399445228,8.667780566366687,0.0,3.0
662124,2022,0.6202364273840663,0.9356297659883762,8.6582980965757,1.0,11.0
662559,2022,0.4473738067247157,-0.6039037287562078,8.431950082709966,0.0,10.0
661782,2022,0.6295605244768115,1.2834746860239767,8.74596348426332,1.0,18.0
661576,2022,0.5774826186476423,0.4222074203820679,8.91226981217924,1.0,13.0
661041,2022,0.4393285695520004,-1.2616189180571482,9.994499780329253,0.0,19.0
663417,2022,0.47607667394846237,-0.6503960449110892,9.70022835933514,0.0,3.0
661917,2022,0.7013965476644672,1.5550710319442427,8.969529285900919,1.0,8.0
662864,2022,0.4462057758723848,-0.7956178456226959,8.29025481064278,0.0,7.0
661756,2022,0.4788465363954472,-0.5644520345391423,9.74417120952345,0.0,7.0
662020,2022,0.6344063191741681,0.6059277833741241,8.574319063815343,1.0,8.0
663205,2022,0.4627597192762878,-0.6942780350888144,8.36690903431951,1.0,9.0
661803,2022,0.6973461601403672,1.857122884040306,8.554066857894556,1.0,7.0
661332,2022,0.5070155888745518,-0.16468429163183557,8.291484420110182,1.0,6.0
661130,2022,0.5704539295686394,0.6720179848273071,9.39847214933534,1.0,6.0
662123,2022,0.6335442793907585,1.1257919963108842,8.36733092207706,0.0,3.0
662765,2022,0.5161670428405415,0.5650459122582326,9.46121176171285,1.0,1.0
662588,2022,0.4260658757162949,-0.921180283428488,9.313032827104317,0.0,5.0
661575,2022,0.5306642451277679,0.5805840032414242,9.709248210445706,1.0,3.0
662931,2022,0.4621791919590516,-0.7717911333826222,9.980560820537576,1.0,5.0
663404,2022,0.47311369192099645,-0.6950739171844447,9.756976259943585,0.0,7.0
661040,2022,0.43305041633811214,-1.0425917644404128,9.882441810003499,1.0,2.0
661129,2022,0.5510517080213916,0.18444436810820886,8.920164808046767,0.0,5.0
661916,2022,0.699762113198188,2.105738968920066,8.802187890907389,1.0,8.0
662887,2022,0.464941255390583,-0.5802338871090956,8.255779704963066,0.0,11.0
662570,2022,0.4328715803107193,-0.5436930584083511,9.487899007595557,1.0,6.0
661573,2022,0.567050553657532,0.3270309825179822,9.18074961307336,0.0,9.0
661802,2022,0.6745873409196593,1.5383251875727764,9.144416308196256,0.0,18.0
661738,2022,0.49056810096918824,-0.07991362430132642,9.539017680612567,1.0,14.0
662755,2022,0.5350993441118057,0.06338840471261163,8.840667581297755,0.0,20.0
662019,2022,0.667680104481496,1.200352720107337,8.803527592626688,0.0,13.0
663204,2022,0.5255328941939427,-0.02346480941386244,8.03293606053816,0.0,9.0
662934,2022,0.46196715019114243,-0.9325880170331456,10.623269998487306,1.0,13.0
662122,2022,0.583259209845021,0.608720183159896,7.904112828008241,1.0,5.0
661039,2022,0.4315948789129233,-0.9488767236706878,9.817509987121916,0.0,5.0
663395,2022,0.4624020537972061,-0.5113004418253226,8.720797534863252,0.0,15.0
661316,2022,0.5276900697964054,-0.08410252988987117,7.698141084739685,0.0,7.0
662754,2022,0.5063746919095415,-0.0925121562086605,9.139691889977193,0.0,17.0
663403,2022,0.4938251401066609,-0.03313832167314711,9.87041687204277,1.0,2.0
662042,2022,0.4860665010695804,-0.3347497360783641,9.394443101612554,0.0,10.0
662863,2022,0.4851294942028865,-0.5689838226168761,9.918349762008047,1.0,4.0
661915,2022,0.5878409529130407,0.5481460202659612,8.86546756061319,0.0,15.0
661637,2022,0.5605442532625056,0.6699277795868038,8.81332144683439,1.0,9.0
661315,2022,0.49777524691280944,-0.0770206660372794,8.509667379180247,0.0,3.0
661572,2022,0.6232825105267563,1.4199430326955618,9.855303920865754,0.0,13.0
661754,2022,0.4657461136787066,-0.19564193669457375,10.10118432543346,1.0,4.0
661036,2022,0.5512803533716494,0.48819798817640264,9.854511973765836,1.0,8.0
662116,2022,0.5718390746723334,0.323319980881304,8.625916543985248,0.0,6.0
662862,2022,0.5072758228569975,-0.18436844851018067,9.02694529472354,0.0,8.0
663088,2022,0.4753289866751899,-0.633630816941681,8.48687531276241,0.0,15.0
661538,2022,0.5391626596458954,0.7962973576457928,9.441551877617872,1.0,5.0
662318,2022,0.4527929876147067,-0.7589985604228104,9.012197209266581,0.0,3.0
661944,2022,0.5445089398416372,0.05633947838246289,8.585261017588719,1.0,17.0
661636,2022,0.5516420719728581,0.3622315623447897,8.823993690494103,0.0,2.0
661314,2022,0.5381824524947271,0.10376319336967635,8.07910317639211,1.0,4.0
663295,2022,0.5169126285622011,-0.30102806543900956,10.432084858835417,0.0,9.0
661038,2022,0.5878440321026396,0.9377575753475226,9.939680543712349,1.0,7.0
661571,2022,0.5672433906005665,0.5258007790732162,9.725901939572342,1.0,20.0
661753,2022,0.4610410832772328,-0.9407013495416894,9.490022664639323,0.0,9.0
662017,2022,0.5938694629078748,0.5522696783945815,8.679605567088073,1.0,11.0
661995,2022,0.4756716875856465,-0.43980975247134246,9.424633203501587,0.0,5.0
663411,2022,0.404184270083032,-1.222856872707972,9.379281356691207,0.0,3.0
662104,2022,0.5408993115544303,0.3779847349509107,8.202425871698647,1.0,15.0
661570,2022,0.6616342379952225,1.5757859132349532,9.851790957511053,0.0,4.0
663117,2022,0.48310313475964284,-0.25261616954216776,9.822918271243,0.0,10.0
662317,2022,0.5220129924823405,-0.011012566571114832,8.69184840026866,1.0,8.0
661643,2022,0.48556719329783277,-0.23793833359790567,7.864933041028897,0.0,15.0
662885,2022,0.49507568449178657,-0.7445583361546697,8.509558639794745,0.0,16.0
661734,2022,0.45326112396827484,-1.0864808347478667,8.722209398486003,0.0,7.0
663341,2022,0.46611579181750556,-0.8761805195738558,9.389606932641811,1.0,5.0
662115,2022,0.6003119352575047,0.4344343620606486,8.745656985245422,1.0,3.0
661943,2022,0.5455027001664264,0.4643127199104584,8.512053798422633,0.0,6.0
661313,2022,0.562035154551868,-0.08213711978930265,7.621259227747162,0.0,10.0
663433,2022,0.45762775346318935,-0.47336157870641055,8.6074803578057,0.0,6.0
661530,2022,0.5212058180401161,0.3817411784911463,9.734538655608075,1.0,10.0
661942,2022,0.5392619259244567,0.27833884523663927,9.831948115687076,0.0,9.0
661529,2022,0.541506335459627,0.6728911773890665,9.185972108859444,0.0,6.0
661292,2022,0.5363189893022463,0.02359986904625801,7.551604400638565,1.0,6.0
662307,2022,0.5145706404585502,-0.0853808918291234,8.993956887882355,1.0,13.0
661418,2022,0.5369713633693711,0.03889570503640821,8.00010055181685,1.0,7.0
661312,2022,0.48397589199641067,-0.3016895685131234,7.944445091261939,1.0,3.0
661993,2022,0.5113409986969569,-0.07375475014499486,8.186507669363893,1.0,15.0
662702,2022,0.5417640243716031,0.5626280245388904,9.846006358227632,0.0,6.0
662237,2022,0.5232436298408537,-0.15112694630066137,7.213193551985869,1.0,13.0
662950,2022,0.4991320264850092,0.020220749703868952,9.65026721300275,0.0,7.0
662627,2022,0.655181540373787,1.413391102280279,8.332114591546887,1.0,12.0
662485,2022,0.659326325982546,1.403070422061948,8.49185897402939,1.0,13.0
663265,2022,0.531726494732506,0.28856879404235686,9.803094865989067,0.0,12.0
662291,2022,0.5739053538410551,0.41207366891743247,9.22597517265447,0.0,9.0
661417,2022,0.5149181771427082,-0.13228683549022804,8.307611336373377,1.0,8.0
663357,2022,0.4783384400473588,-0.5223636529622115,10.13168922391864,1.0,3.0
661792,2022,0.48631794625234037,-0.10843806138151607,9.300651583695343,1.0,5.0
663136,2022,0.4804699002159496,-0.6337826157452108,9.31500286184907,0.0,5.0
661528,2022,0.560365019891686,0.11166062646577757,7.866570703818013,1.0,5.0
662014,2022,0.5191323882867771,0.03147720181286464,8.96798925085618,0.0,15.0
662701,2022,0.5240342251982721,0.37607669022750095,8.979881126094405,0.0,3.0
661267,2022,0.5755533301649427,0.6268690451604327,7.616155409482239,0.0,11.0
662960,2022,0.5114955985564652,-0.036690601155680506,9.287420480367146,1.0,11.0
662236,2022,0.5456367553032616,0.10710405606301925,8.294132050775632,0.0,7.0
662192,2022,0.45559615372383755,-0.5858913454371981,9.443631700272709,1.0,12.0
662620,2022,0.6116371939811251,1.0520116558318784,8.502450630389081,1.0,4.0
662626,2022,0.6527075716834136,1.7781593790209698,8.946551599050363,0.0,5.0
661527,2022,0.5393583081211554,0.17833145530790387,7.83495425858728,1.0,5.0
661759,2022,0.5488659014862544,0.09992968792824401,9.032961423958351,0.0,12.0
662235,2022,0.5302230458050837,0.15401764776722165,8.05064735945511,0.0,7.0
662798,2022,0.5268063349118226,0.3816773134054436,8.8626100270874,1.0,4.0
663238,2022,0.5620213329631364,0.35148457258326715,10.145374230423478,1.0,4.0
663076,2022,0.4632425548572984,-0.494531421116007,8.76717962326901,0.0,6.0
661416,2022,0.5722600526060578,0.45822511892237455,7.970877042470627,0.0,13.0
662290,2022,0.5274102556679907,0.06902657840052936,9.635687175628059,1.0,10.0
661981,2022,0.5033038638176343,0.019583903566401006,9.306181218646737,0.0,9.0
663266,2022,0.46630718202760735,-0.6793562295312094,9.442401884409485,0.0,7.0
661335,2022,0.45464189228628354,-0.8501482342181609,9.017490057771763,0.0,3.0
662966,2022,0.5513760214435643,0.2794363556920627,10.123042445528542,1.0,15.0
662206,2022,0.5075135345797248,-0.6182504149443959,9.115532438031742,0.0,4.0
662619,2022,0.6599099026724491,1.4062548919548592,8.592463672194441,1.0,7.0
663365,2022,0.48006101209255325,-0.40359145381486333,9.250477432243583,1.0,5.0
662294,2022,0.539152977809922,0.23210377804091942,8.991153140706507,1.0,8.0
663308,2022,0.5389859132900888,0.538567587466018,9.87927912454169,1.0,9.0
661804,2022,0.5523077355522179,0.21084411185818133,8.92945001870265,1.0,7.0
662625,2022,0.6467530501517106,1.462208578121185,9.044086820311607,1.0,5.0
663132,2022,0.4607259657218229,-0.5650021934776333,9.184192310267633,0.0,9.0
661415,2022,0.486324707584281,-0.2469243286454516,7.730610454336252,1.0,14.0
661462,2022,0.49827565686667596,0.1727398184106507,9.228078111887866,0.0,12.0
661226,2022,0.4708529102417529,-0.7419851132362054,8.161713564867778,1.0,11.0
662038,2022,0.4622453348756046,-0.17549212795760727,9.563750197549075,0.0,11.0
662930,2022,0.5218585032142455,0.0837838599976487,10.097445278460397,0.0,10.0
662618,2022,0.6103164284860556,1.182612328322553,8.604479804364495,1.0,10.0
662174,2022,0.4635085848775652,-0.6990980174709592,8.722863707833659,1.0,9.0
662234,2022,0.5426476886621328,0.23330570838690792,8.307136656870835,1.0,3.0
663236,2022,0.6108616334450385,0.9711361380209435,10.035285676789872,0.0,11.0
663197,2022,0.45772641093844163,-1.1017231134119707,10.29989395601983,1.0,6.0
661242,2022,0.5577664278063067,0.32087560697525375,8.038263058150344,1.0,7.0
662928,2022,0.5584967997985134,0.18771225120755053,8.36068778222453,1.0,11.0
662929,2022,0.4900031566225214,-0.30945234499633,9.315256071890044,1.0,5.0
662233,2022,0.6248644535497448,0.850946580799095,8.472032477868082,1.0,5.0
662407,2022,0.6600048747265723,1.64968759851496,8.840789824373083,1.0,6.0
662617,2022,0.6521028924925885,1.0342106522957804,8.306653602071817,1.0,11.0
662587,2022,0.6035612364932956,1.2524128721800079,9.12792159953899,1.0,7.0
662350,2022,0.4887217768650819,-0.5507610311587723,8.307338487397832,1.0,9.0
662616,2022,0.4914230246429019,-0.5642422647229504,7.539204594905397,1.0,4.0
661405,2022,0.435382208652686,-0.9940817265985509,8.959998881067522,0.0,6.0
662896,2022,0.4671965945801858,-0.8117159792269875,8.287610459921405,0.0,6.0
662583,2022,0.6082661867163622,1.2505031743405626,9.267515644635068,1.0,1.0
663249,2022,0.532149734615337,0.22598366734828992,9.841966577782442,1.0,3.0
663196,2022,0.4727978671574493,-0.31509925980497827,9.111668704917877,0.0,11.0
661211,2022,0.6325319316527421,0.6840537856000464,7.934337597785048,1.0,7.0
662927,2022,0.5496510707767109,0.06617068529261988,8.452226819759566,0.0,9.0
662753,2022,0.5737824744694742,0.42119941734250227,8.888323079468073,1.0,7.0
662925,2022,0.5216688469852242,-0.14026452206266068,9.766777914188442,1.0,11.0
662161,2022,0.6414187395160512,1.119509011207698,8.002668069282379,1.0,8.0
662406,2022,0.629918327711403,1.3951895435575836,9.45610989000578,1.0,3.0
662232,2022,0.6457732086145164,1.0010089655639272,8.110633992918643,1.0,8.0
662717,2022,0.6307544346430041,0.9881471047158101,8.221771638183556,0.0,4.0
661203,2022,0.6308962340224392,0.8548033150653913,8.023773862062617,1.0,6.0
663094,2022,0.5306897220083779,0.4735160705466284,8.80209987936316,1.0,12.0
663075,2022,0.5299111742947293,-0.0692157007485505,8.961564618605008,1.0,3.0
662924,2022,0.5685493953652186,0.2839050236970373,9.7672314964031,0.0,15.0
662734,2022,0.5679967966328779,1.1339542009526478,8.004176903763009,1.0,6.0
662231,2022,0.6442943800922304,1.0927585499338406,8.6549901265725,1.0,6.0
662392,2022,0.6592556553272876,1.434748873550779,9.395597227564563,0.0,1.0
663146,2022,0.5059806013403,-0.4755128202576459,9.25740033405405,0.0,10.0
661404,2022,0.5059552342252919,-0.3586230370405466,8.113320834476147,0.0,2.0
662926,2022,0.5139684879650943,0.07200895410719131,8.26358681603932,0.0,6.0
662861,2022,0.5141191862790858,-0.4464446971873449,8.68646962698643,0.0,8.0
662560,2022,0.6229433426548399,1.6083986940045918,9.126531246524936,0.0,13.0
662349,2022,0.5248133703365004,-0.07859257058673617,7.423794705847455,0.0,7.0
663247,2022,0.45643642115713573,-0.5292431037042011,9.306352015312836,0.0,7.0
662703,2022,0.5372929195555766,0.3024725829564251,9.022687870201198,1.0,2.0
662178,2022,0.6758337639542905,1.6483163353987031,8.189540622289202,1.0,6.0
662593,2022,0.4936775618675219,-0.5003578519637272,8.73319313778507,1.0,8.0
663093,2022,0.5100162543189598,-0.18343941394515415,9.353050066196499,1.0,9.0
662850,2022,0.4881107881385384,-0.795638587279828,9.160021882552998,1.0,3.0
663225,2022,0.4659669287428438,-0.4656698153673158,8.689303637964333,0.0,5.0
662742,2022,0.563875139883342,0.2593903317304788,9.12826301561594,0.0,1.0
662391,2022,0.6407701305547252,1.6262255105718029,8.962253967713808,1.0,10.0
662558,2022,0.6155811576889682,1.2389251870382099,9.807026082979366,0.0,7.0
661391,2022,0.49876098290154613,-0.6440526421525188,8.058032767725576,1.0,5.0
663145,2022,0.5969685166148877,0.9782286319769602,9.50889869145715,0.0,7.0
662177,2022,0.6442733458041562,1.3558107250793965,9.397378323312243,0.0,14.0
663169,2022,0.41132943231626085,-0.951331345541502,9.344120252354456,0.0,6.0
661621,2022,0.5223072488086622,-0.16237861441983967,8.474890603780874,1.0,6.0
661311,2022,0.5293843009306869,0.10067466873144523,8.420667257692767,1.0,5.0
662557,2022,0.460345164447406,-1.0375764700619505,9.912028601915944,0.0,8.0
661914,2022,0.5688949941495864,0.2623354520887544,8.653732546978228,0.0,7.0
661569,2022,0.5483935164958167,0.3737256123758455,9.005728947340938,1.0,3.0
663195,2022,0.5468536287416752,0.2861391076767204,9.410408944967333,0.0,6.0
662922,2022,0.5438291421138487,0.4922068677505589,8.30828802782461,0.0,7.0
661755,2022,0.4892132433351446,-0.31160034686854493,7.781010730650504,1.0,3.0
661037,2022,0.6575611889337626,2.1584395741453437,10.04650655453612,0.0,8.0
662230,2022,0.4517357002869397,-1.141005815111969,8.669670107434321,0.0,7.0
663394,2022,0.46810670030210394,-0.7171622417978358,9.348197773080642,0.0,11.0
662390,2022,0.6451883673086904,1.4489939363735138,8.411135206016382,0.0,9.0
662175,2022,0.5895260179195331,0.27956535918721,9.321308145683421,1.0,5.0
662549,2022,0.44278546138059655,-1.3226358110113425,9.317820827693978,0.0,7.0
661310,2022,0.5558375682706084,0.26199793489592116,7.783847275944543,1.0,9.0
662848,2022,0.4888546379598464,0.012531551599256332,8.623397603205836,1.0,13.0
663144,2022,0.5321499810741098,0.012997076277284823,10.305559114766195,1.0,21.0
661752,2022,0.5048377821967692,0.11166057122983354,8.929014774290264,1.0,11.0
661620,2022,0.556419929828118,0.7821934305717597,9.602280147787779,0.0,8.0
662389,2022,0.6752168533592641,1.4078173921022457,8.396275321445337,0.0,2.0
663100,2022,0.47202897982678027,-0.6654104176956308,9.25491356996218,0.0,5.0
662875,2022,0.45139799477340486,-0.5115901094721652,8.672206289601993,0.0,5.0
661941,2022,0.5396361870707226,0.3408512782581486,8.61380924268113,1.0,5.0
662849,2022,0.525622655000035,0.16386784106232138,8.420467428675389,0.0,5.0
661568,2022,0.5879250450477396,0.6372875006213838,9.196546494804535,0.0,16.0
663384,2022,0.43560259317662947,-1.217314473304021,9.954737003050603,1.0,7.0
662276,2022,0.5116202656346962,-0.538757299607099,8.133754735234657,1.0,5.0
661035,2022,0.6594247381846765,1.911959321927264,10.115024916539786,0.0,9.0
662191,2022,0.5972714987230247,0.3386354584044181,8.600363686458598,1.0,20.0
662853,2022,0.5194072302171825,0.24985693266066775,8.433123919334506,0.0,8.0
661931,2022,0.5847138798633161,0.564024587581802,8.551979636006442,1.0,7.0
662539,2022,0.4351765594163961,-1.3759983017320911,8.777338564309133,0.0,15.0
661590,2022,0.5356411857155028,0.02456455086972622,9.604834692466524,0.0,9.0
661317,2022,0.5746554992033971,0.31415658431318344,7.840305512909555,1.0,12.0
663111,2022,0.4267562741199075,-0.9459161808928213,9.277629100217514,1.0,5.0
661781,2022,0.5001361519427053,0.05755498879988779,8.120943649302868,1.0,10.0
662921,2022,0.5052654073347953,0.03853223717312022,8.53228549627132,1.0,15.0
663166,2022,0.5994995498740849,0.7934238843244303,9.238438320709129,0.0,7.0
661033,2022,0.6414418895522566,1.5916266905960041,10.005411138301511,1.0,13.0
662388,2022,0.5889102301055967,0.5295572338568689,9.538171358402067,1.0,2.0
663361,2022,0.442452976437928,-0.926109478680477,9.299282551613498,0.0,8.0
662274,2022,0.46519475976598945,-0.814587830440903,7.778671391562893,0.0,12.0
662188,2022,0.6276186261618778,0.9562768709648908,8.11555995571722,1.0,9.0
661640,2022,0.5161274064697949,-0.040262924903425,9.357722590300371,0.0,1.0
661210,2022,0.5786839903140114,0.07884948493866235,7.676697485788289,0.0,6.0
661639,2022,0.5370659362456702,0.2953723308477572,9.30370601719759,1.0,10.0
661760,2022,0.5171275594646684,-0.16965602350425985,8.564617486032335,1.0,8.0
662008,2022,0.4938736853925009,-0.1796914500021769,7.830892738124363,0.0,7.0
661979,2022,0.48776396607137384,-0.4226616713996249,8.71294514909649,1.0,8.0
661034,2022,0.4566107457628537,-0.47507099756004295,9.234547621486193,1.0,3.0
663382,2022,0.4339130042933188,-1.1091802438026157,9.048430378884703,0.0,4.0
662297,2022,0.46482806631876206,-0.7496796394067029,8.088830416154636,0.0,20.0
663079,2022,0.46231374422500054,-0.6203162097757067,8.84003768523355,0.0,15.0
661929,2022,0.5046530218593078,-0.022517203571295226,8.374550285130795,0.0,12.0
661567,2022,0.5229621033060365,-0.06078213374538476,8.961633804875177,1.0,13.0
662540,2022,0.48689921592540714,-0.3975944304039735,8.686518720280226,0.0,7.0
661309,2022,0.6680720574909554,1.3623812662740236,8.828873390864858,1.0,20.0
661758,2022,0.6168118503792568,0.6356223397984139,8.624235957904311,1.0,11.0
661536,2022,0.5545520782387724,0.1628691809798239,9.884720616891506,0.0,6.0
661589,2022,0.5797200697481913,0.6496509242558495,9.277167722017246,1.0,4.0
661733,2022,0.5425595955523054,0.1438722317125223,8.56125921139277,1.0,9.0
662007,2022,0.4890842647854624,-0.1687651160518634,8.39960402588218,0.0,3.0
661980,2022,0.4770154082323653,-0.6205891913933638,8.907009380559192,0.0,6.0
661032,2022,0.5176961159166622,-0.12792494376270538,9.781444824703406,1.0,5.0
663383,2022,0.4272589733066433,-1.1755941540022967,10.107591565916048,1.0,8.0
662086,2022,0.6367915310171794,1.2685225145176817,8.41798773337158,1.0,10.0
662048,2022,0.5231675189659323,0.025720108591066354,8.33622151203322,1.0,15.0
661533,2022,0.5698601599272443,0.6870269432411689,8.54474676484849,1.0,10.0
663393,2022,0.4245621339175187,-1.136662005279738,8.971776822780665,1.0,4.0
662289,2022,0.5066255727117853,-0.1725279957993648,8.753048607398314,0.0,4.0
663148,2022,0.4781639312379021,-0.4447503408547979,10.193950471152611,0.0,13.0
661909,2022,0.5476912072169067,0.6598780328589057,8.743142629545384,1.0,5.0
661638,2022,0.5851109900857301,0.2698410735919521,8.829148227602989,1.0,10.0
662546,2022,0.48781617148044476,-0.4367481405646606,8.853895710590805,0.0,3.0
661306,2022,0.6894433419425517,1.9237549821194664,8.768709934310925,1.0,7.0
661757,2022,0.5755561864226884,0.4132260063818306,9.150322538705774,0.0,8.0
661552,2022,0.5860266499294394,0.5744611751241666,9.374086796406655,0.0,9.0
661739,2022,0.5485879198672061,0.36951116991507726,8.939763898148405,1.0,5.0
661964,2022,0.4847418708915924,-0.5248480929766124,8.082194299371162,0.0,7.0
663439,2022,0.5752647997322006,0.8243630390684896,9.346967617123143,1.0,14.0
662066,2022,0.6182427342216146,1.050366617653531,8.908997253938397,0.0,1.0
663078,2022,0.46952137775581243,-0.26461978742889847,9.46606912658341,0.0,12.0
662295,2022,0.46758458453451984,-0.5866485935234366,8.162837180277025,0.0,5.0
661641,2022,0.592739963850407,0.4224149482113202,8.783766252619888,1.0,8.0
662538,2022,0.48432214254637684,-0.6367724744095123,9.230269688676128,0.0,5.0
661305,2022,0.6847934985268493,1.695308929773824,8.75774859061365,1.0,15.0
661908,2022,0.5302360562873062,0.5063965602619281,8.256120106486414,1.0,3.0
661729,2022,0.5599872472653263,0.24514899222218542,8.824603090410239,1.0,8.0
661912,2022,0.44709833755699363,-0.8100181354474274,9.138670822898415,0.0,5.0
661532,2022,0.5906209905512649,0.5634704641387411,8.418393801536684,0.0,7.0
661827,2022,0.557546274671272,0.19945386482471467,8.354743720912069,1.0,1.0
663432,2022,0.5300724868118007,0.5697902966657437,9.516455208903265,1.0,5.0
661551,2022,0.5614886094642617,0.6596975490001057,9.360644411395048,1.0,6.0
662047,2022,0.6348050411576373,1.1563856907435197,8.406569862883089,1.0,11.0
662296,2022,0.42884054884184,-0.6372790760821723,8.285694413192966,0.0,10.0
661390,2022,0.491845774259384,-0.16012072612422965,8.632456415785391,1.0,14.0
663337,2022,0.47563904305797733,-0.30940688867333155,9.70932687279,0.0,4.0
661826,2022,0.5032534676935485,-0.013925363788612468,9.265751557741396,0.0,18.0
661907,2022,0.5787788968731632,0.3346214079576387,8.675280278879542,1.0,7.0
662592,2022,0.5264098692940261,-0.13091408755069922,7.908973207223022,1.0,3.0
661535,2022,0.49328321458413227,-0.009482083632735127,8.170944091595087,0.0,6.0
661911,2022,0.44590989200440767,-0.8591742436080793,9.188449533857643,0.0,9.0
662741,2022,0.4476104667077721,-0.9856733775670423,8.420524480930835,0.0,14.0
661209,2022,0.5826751210370652,0.5944377717662013,9.287776955308603,1.0,12.0
662037,2022,0.6895593704950252,1.8627329096395087,8.699402414360186,0.0,8.0
663009,2022,0.6849900284836903,2.09991418018727,10.716417914778667,1.0,14.0
662405,2022,0.5993633725279459,0.55613269431566,8.2926353037773,0.0,17.0
662699,2022,0.6708277834871417,1.1891818221861714,8.942288317754993,1.0,6.0
662081,2022,0.7276828502507658,2.1250635850473136,8.661790535265345,0.0,18.0
662036,2022,0.650436361285121,1.2267995247871506,8.501421609848457,0.0,2.0
661825,2022,0.5349545540751702,0.030382087549481303,8.774192288674739,1.0,3.0
662084,2022,0.7285015524126153,1.8154425407980461,8.804432133365612,1.0,12.0
661534,2022,0.4435958914816373,-0.5777574769045618,8.938822503513354,1.0,4.0
662393,2022,0.5125345317152127,-0.2856705742724132,8.804035953286997,0.0,4.0
661906,2022,0.6132070090723966,0.5288844450110709,8.634757552680405,0.0,10.0
661389,2022,0.476023615246217,-0.370692507240816,8.462947027223828,1.0,4.0
662288,2022,0.4494686672715808,-0.4776973848168774,9.215191915183372,1.0,13.0
663364,2022,0.4735209360560222,-0.5015275286632979,10.109855299063645,1.0,3.0
661901,2022,0.4724076431828264,-0.5681466047478909,8.945014030065947,1.0,4.0
662591,2022,0.5422410760871876,0.3845607692518376,8.531122135810028,0.0,5.0
662797,2022,0.4479759092670126,-1.078621352315397,9.152872370262616,0.0,3.0
661208,2022,0.6120140435718706,0.926846460614184,7.962913850283312,1.0,10.0
663008,2022,0.6699244730018115,2.0371005736308176,9.874697532326149,1.0,7.0
662698,2022,0.7056330155384235,1.8502666271839372,8.47516924393101,0.0,6.0
663363,2022,0.5017005990017781,-0.26672533030626744,9.876999443317054,1.0,14.0
661905,2022,0.5477006264180051,0.23018413206905677,9.453378218686161,0.0,12.0
662293,2022,0.42426852358987704,-0.8404887485123786,8.910058002406451,0.0,7.0
661824,2022,0.5681126055907021,0.5645082271752162,8.486104855397071,1.0,5.0
661365,2022,0.5257865481178533,-0.26149242588173005,7.630246557507563,0.0,10.0
661531,2022,0.4663687438996921,-0.36098762633486337,9.57287657913588,0.0,11.0
662691,2022,0.4283845262264719,-1.107258109273801,9.264532588834221,0.0,10.0
661216,2022,0.6642914539599235,1.5861271957282086,7.581000340664613,0.0,2.0
661988,2022,0.6185775187908701,0.9967502699835429,8.69356499247194,1.0,12.0
661935,2022,0.45783392200317374,-0.6142803959397236,8.849619237997235,1.0,10.0
663007,2022,0.6621208758111763,1.8271312899416634,10.134140447170237,1.0,11.0
662106,2022,0.7192612631714214,1.9866779151111325,8.874364969360052,0.0,16.0
662397,2022,0.5234509568047926,-0.07583419237944622,8.369813176518518,0.0,10.0
662716,2022,0.6628197936920647,1.3680049255713578,8.346292227123682,1.0,9.0
662579,2022,0.5673150508277309,0.07047091150628024,7.582501101862621,1.0,16.0
662009,2022,0.6531412229878677,1.6436446569509342,8.75972160694243,1.0,1.0
661526,2022,0.49064983552787483,-0.4421274168113127,7.838669305160665,1.0,3.0
661362,2022,0.6467700439585619,0.9361151469879774,8.373566134031003,0.0,9.0
663362,2022,0.42474258223324024,-1.0567252011623312,9.775093768532592,0.0,3.0
661823,2022,0.4529583889238043,-0.869748583544702,8.635349320496072,0.0,5.0
662578,2022,0.5714945767586719,0.26250996751251443,8.032531531468347,0.0,7.0
662920,2022,0.5103131353920767,0.2391651305756239,8.752285937088718,1.0,3.0
662387,2022,0.4885450419431606,-0.2696584389983841,8.965826398379933,0.0,7.0
662569,2022,0.5091581191182892,0.17745321369648245,8.497654781846595,1.0,9.0
662459,2022,0.5598387257515568,0.3287967983698432,7.954628390173093,1.0,3.0
661364,2022,0.6432485108928063,1.0529981371212682,8.407813068797685,0.0,9.0
661635,2022,0.631372209592816,1.4376537997221914,8.95057063406147,0.0,10.0
663463,2022,0.45031423327721243,-0.8338667091102164,9.319523493323556,0.0,9.0
661796,2022,0.5317669408897225,-0.5140778257878931,8.328409796850009,0.0,10.0
663237,2022,0.4654819318355834,0.015006771802567766,9.358958303126634,1.0,4.0
663165,2022,0.52040202373846,-0.12798859472058374,7.934252424301484,0.0,4.0
661200,2022,0.7183692081051158,1.9576495116640606,8.163150433181777,1.0,9.0
662919,2022,0.5039190985874937,0.2711311267550623,8.379574274729624,1.0,4.0
662690,2022,0.4833474850938396,-0.7209600862472579,9.163173526897344,1.0,8.0
662994,2022,0.6525666464231387,1.4345498558396712,10.19312576507338,0.0,12.0
662386,2022,0.5002558036489249,0.1714260932739339,8.986897504683474,0.0,17.0
662708,2022,0.5442591217973113,0.1654144621175004,7.730697728720002,1.0,4.0
661363,2022,0.5724833577085641,0.10116955478191268,8.814860890874053,0.0,15.0
662838,2022,0.6042787936637302,0.7404425475454434,9.107831869581196,1.0,5.0
663067,2022,0.4756584016779341,-0.20502771026467395,10.089367507969067,0.0,9.0
662739,2022,0.4912247920448902,-0.6312435896950961,9.052325630238952,0.0,10.0
662577,2022,0.572138844628434,0.6934946197491463,8.230548756797198,0.0,11.0
662839,2022,0.6077675410638979,0.5471163886297328,8.55091507432923,0.0,9.0
663068,2022,0.4648231851314923,-0.41461790667347587,9.678838471760209,1.0,11.0
662835,2022,0.5610141640906211,0.37569174327180116,8.471768241481863,1.0,9.0
662382,2022,0.4911477433511645,-0.4207607500282473,8.233286064489484,0.0,3.0
661634,2022,0.6432072603059398,1.5196292534359355,8.848749346623672,0.0,3.0
663462,2022,0.4261444069580247,-0.8386422561639215,9.712621931137095,1.0,13.0
661795,2022,0.4367619327594678,-1.122576764978053,8.356707764159665,1.0,3.0
663248,2022,0.5519092123941808,0.19046963651564564,9.30538711100666,0.0,15.0
661197,2022,0.7135727421207946,1.524298151820495,8.43060240781341,1.0,22.0
663164,2022,0.5036992245640386,-0.4340307337453637,9.68374539483836,0.0,7.0
662993,2022,0.6028146193488182,1.155386467326413,10.204175823692335,1.0,7.0
662707,2022,0.5379998909131257,0.30508371038138604,8.560210269670318,1.0,10.0
663227,2022,0.46280302451032684,-0.3611502672190223,8.345441387152988,0.0,8.0
661204,2022,0.7150651220902082,1.4793823522546803,9.604775937492622,1.0,15.0
663013,2022,0.6684480718850367,1.6410919530022106,10.392161760384981,1.0,16.0
663066,2022,0.442724882316154,-0.4997523928465187,9.156577878999647,1.0,11.0
661619,2022,0.5301973157807478,-0.09514063865513345,8.988462634720003,0.0,15.0
661341,2022,0.4438558852028689,-0.8348077451683422,10.384321763851654,1.0,8.0
662816,2022,0.6256692510079351,1.0061436542823265,9.097666671895624,1.0,5.0
662189,2022,0.48916354600765993,-0.5266188298142417,7.443240393915899,0.0,7.0
662262,2022,0.5501883070207829,0.026273039039387762,8.719859743255682,1.0,3.0
662105,2022,0.5218514103097556,0.20509606986125375,8.822987946953814,0.0,8.0
663224,2022,0.5535633506102053,0.4116142908342393,9.673161947663935,0.0,6.0
661541,2022,0.48267827102338823,-0.8913499505221582,8.975732471304573,0.0,9.0
661775,2022,0.5723787832726653,0.21567759053692936,8.564598147664723,1.0,3.0
662815,2022,0.6446919763415585,1.4334037611934056,8.664114351005674,1.0,5.0
663431,2022,0.665645812257455,1.9358924670784565,9.848761359544675,1.0,3.0
663360,2022,0.5527720913076776,0.26856371959270975,9.503125773601631,1.0,5.0
662187,2022,0.519959880660792,-0.22141497442325203,8.428438985022312,0.0,15.0
662272,2022,0.546446229186492,0.2718433674776628,7.952176229167407,1.0,5.0
662103,2022,0.5782388359347658,0.7932758382675286,8.839577148314806,0.0,5.0
663089,2022,0.5936340621508367,0.7881392378256445,9.475957927749008,1.0,11.0
663162,2022,0.42124783588426884,-1.3997250549869846,8.26171352253339,0.0,7.0
663056,2022,0.458254278524468,-0.6672518693617456,7.599282860361545,0.0,11.0
661701,2022,0.5744352821155894,0.25807497529713386,8.581341525059784,1.0,1.0
663057,2022,0.49748499501215415,-0.25022709451189984,9.001536959632064,1.0,10.0
662796,2022,0.6252991802879521,1.250740993182647,8.486934056686536,1.0,5.0
663226,2022,0.5069869812528748,-0.3528641356773724,8.296668794482,0.0,4.0
663070,2022,0.5916484801987143,0.753299427955436,9.677170987812481,0.0,13.0
662102,2022,0.5658687046070058,0.5372576220228386,8.448353890204691,1.0,20.0
661540,2022,0.45481149458474546,-1.0411212954930016,8.270185879586704,1.0,5.0
663142,2022,0.4319736444134501,-1.1168694736767064,9.47617720384181,0.0,8.0
663359,2022,0.49119233720106226,-0.2526757554318736,9.712865249991664,0.0,5.0
662261,2022,0.56432481581234,0.39846392525458685,8.029656704992432,0.0,8.0
663430,2022,0.6620320712900971,1.9928335669176973,9.72484297233963,0.0,10.0
662159,2022,0.45716313968628286,-0.6177760287479657,9.55291526515259,0.0,10.0
663278,2022,0.566279844154966,0.7800763676417922,9.59886344102225,0.0,5.0
661626,2022,0.46071069057436764,-0.6813230779099431,8.06099138799212,1.0,5.0
661627,2022,0.4520440892551958,-0.7203393186314228,8.709467632588735,0.0,7.0
661307,2022,0.576010953146652,0.9075727303114124,9.919687172630278,0.0,10.0
661302,2022,0.6876496460212338,1.6171934435216047,8.070035156546432,1.0,3.0
661550,2022,0.5017388329750612,-0.7978924083256104,8.821376268939387,1.0,11.0
663069,2022,0.6024037040291133,0.8620627258353895,9.408661498255281,1.0,10.0
663086,2022,0.46493865574461174,-0.3268005973004939,8.505043561936999,1.0,7.0
661345,2022,0.5992679529918071,0.8364307647225024,9.985663091143646,1.0,6.0
661304,2022,0.675793190933469,1.1949143913924274,8.45734204551173,0.0,6.0
662795,2022,0.6198159940653869,1.2475692191033094,8.793698155467876,1.0,5.0
661700,2022,0.6069049317757405,1.1839083295321169,8.849699956033174,1.0,7.0
662098,2022,0.5402474741144104,0.7310543685068183,8.863139657587155,1.0,7.0
663429,2022,0.6704182136299964,1.7293560004998054,9.403639881177991,1.0,9.0
663368,2022,0.5255112884756287,0.027937758646234566,9.14463793670506,1.0,4.0
662160,2022,0.4652277001625327,-0.5810667396865672,8.895117937529102,1.0,3.0
662260,2022,0.5598131290929599,0.5103136875729608,7.864417874209073,1.0,5.0
663161,2022,0.41652428388547563,-1.4319701440168457,9.020095954191092,0.0,8.0
661349,2022,0.5997172245913265,1.1213725595285573,10.081693472318115,1.0,7.0
661303,2022,0.6674542963865642,1.2258802338021217,8.477503292164526,1.0,1.0
662287,2022,0.42246333051918955,-1.4180049285765515,8.992004346800531,1.0,6.0
663101,2022,0.4245313754652242,-1.4625070479844249,8.665219169353438,1.0,15.0
662837,2022,0.5319405831234091,0.10998935962355062,9.243527820582152,0.0,2.0
661525,2022,0.577009187379965,0.6887245238643156,8.030304611247383,0.0,21.0
663438,2022,0.5198905920166169,0.15848635484477835,9.21598972780262,1.0,14.0
662259,2022,0.6586914393554654,1.3214708484212436,8.617127663124325,0.0,6.0
662158,2022,0.5479467529472278,0.014793351139465514,8.832853356242287,0.0,9.0
663366,2022,0.5492849391727834,0.04706863424701949,9.804839191796141,1.0,7.0
662097,2022,0.6250181031417321,0.9032137324419418,8.065321526950951,1.0,13.0
662412,2022,0.6193467069253998,1.1026107058880716,8.396339792495633,0.0,6.0
662855,2022,0.5533204241281928,0.26296166356169226,8.68974795451856,0.0,5.0
662292,2022,0.44065441289731516,-1.2479948485620878,9.919970111165409,0.0,12.0
663090,2022,0.4079649339131422,-1.7316883043248112,8.997431693807354,0.0,9.0
662537,2022,0.4446253237138131,-1.560425632467199,9.935143087828543,0.0,6.0
661301,2022,0.595742685889985,0.47545164612061674,8.748211911943951,1.0,11.0
661549,2022,0.5944244311191756,0.4885911076717733,8.368955839640082,0.0,13.0
661696,2022,0.5017224791499695,-0.4588046126882677,8.201193414386474,0.0,5.0
661987,2022,0.596331493260749,1.2980031586821883,9.410410399679476,0.0,8.0
662016,2022,0.6112103319563905,0.6672406703130906,8.982226273647523,1.0,10.0
661524,2022,0.5580486534612583,0.6123756570126221,7.885126816721771,1.0,5.0
663416,2022,0.4989832298300306,0.14266501995476377,9.311302199378924,1.0,12.0
662258,2022,0.6187038206780556,1.0101900215438093,8.510976509370842,1.0,9.0
662157,2022,0.49902867207470314,-0.1612472360484524,7.336383359423901,1.0,9.0
663350,2022,0.5400756197605429,-0.19658714070743913,9.469413498759165,1.0,12.0
662096,2022,0.5831878943709901,1.0366868534915146,8.327292986001238,1.0,11.0
662385,2022,0.4866691355535292,-1.1015132552324582,8.916244886435495,1.0,8.0
661300,2022,0.5555725437242994,0.3004082677193194,8.767779149680258,1.0,8.0
663074,2022,0.41938523518583426,-1.514673225434521,10.584662841840862,1.0,25.0
662176,2022,0.5562094048243745,0.44155917772121966,8.299306917530457,0.0,6.0
663358,2022,0.5859636608443907,0.7115419787544485,8.61180245974065,0.0,14.0
662095,2022,0.622713913058964,1.5172610345299227,8.4355223036474,1.0,8.0
662273,2022,0.6105314650058351,0.7552273488416132,8.348341321734862,0.0,12.0
662526,2022,0.43005496879931265,-1.6534614221407185,10.025915847581487,1.0,11.0
663450,2022,0.567532755591719,0.07482279569577113,8.485299817473601,0.0,6.0
662873,2022,0.5416947120183842,0.1387184074076208,8.659723538564537,0.0,9.0
661548,2022,0.5104677680613371,-0.036397339520652675,8.974924433744937,1.0,8.0
662006,2022,0.6451992729959113,1.1840521116862712,8.800822408071394,1.0,11.0
661899,2022,0.5905470061318872,0.5563155237959565,8.69513004501989,0.0,10.0
662548,2022,0.45022255099752256,-1.7067816464659422,9.78168655521013,0.0,5.0
662872,2022,0.5090018537126672,-0.6543484918732568,8.998605101224978,0.0,8.0
661702,2022,0.4642312127016077,-0.7148768720853979,9.081646293367449,0.0,14.0
662005,2022,0.6518981642522241,1.356495910023396,8.34924458516436,0.0,5.0
661694,2022,0.4710164372905195,-1.1185730906923166,8.182459969039963,0.0,5.0
662372,2022,0.6068880993098609,0.9744197645064717,9.280063137290814,0.0,4.0
661883,2022,0.577834987043693,0.47873430251844473,8.695491015392696,1.0,4.0
661519,2022,0.5244281405189032,-0.5079847808325845,7.77854618584965,0.0,22.0
662706,2022,0.5881786481459561,1.047183379818372,8.16881333310724,0.0,16.0
662494,2022,0.5953099156708452,0.6861881003115426,9.029664384451305,0.0,10.0
661361,2022,0.4915170212010548,-0.6715730497297424,7.4376670437076235,0.0,3.0
662525,2022,0.4076542849280873,-1.8755479049228359,9.873230269445191,0.0,7.0
662851,2022,0.5921019675051934,0.7241339354001279,8.512228069112949,1.0,6.0
662523,2022,0.6485291216326846,1.1211404419258102,8.3748986486438,0.0,3.0
661904,2022,0.49695352580859486,-0.3021339031107267,7.659904925107655,1.0,7.0
661547,2022,0.5335317497527662,0.09745101715518074,9.332667852336467,0.0,17.0
661882,2022,0.5742889222725727,0.6016609956559031,8.485160549760433,0.0,8.0
661698,2022,0.5465295561665805,0.1516735543316212,8.37276784719001,1.0,20.0
661491,2022,0.4292696398826175,-1.0192736286988928,8.461440701284593,0.0,14.0
661986,2022,0.46301016774082543,-0.5837853708216233,8.492821419574984,0.0,10.0
663012,2022,0.6170143136327253,1.651931067865826,10.316596485016728,0.0,24.0
663349,2022,0.5722792580892102,0.6847793709163312,9.7103093576312,1.0,7.0
662381,2022,0.5074970187270667,-0.8829554808297767,9.046005529915425,0.0,2.0
662705,2022,0.667836506425152,1.4314786637343309,8.227239763095353,0.0,22.0
661985,2022,0.4620755152251795,-1.3104847938676152,9.356324459265903,1.0,4.0
661546,2022,0.49681928722221463,-0.35021911769788844,9.097319972783028,1.0,11.0
662379,2022,0.5287243658608932,-0.2684865292166804,8.613415497598172,1.0,7.0
662844,2022,0.5964735605388181,0.6737423111363996,9.237662848285627,1.0,3.0
661903,2022,0.5141703858124385,-0.27053156144986557,9.789314082699427,0.0,6.0
661414,2022,0.5295257293554853,-0.6781064851260814,8.043232952122311,1.0,12.0
662384,2022,0.5953849276082522,0.6387769576486434,8.781879395696484,1.0,4.0
662547,2022,0.4051614703339825,-1.8994280423519234,9.042524682904828,1.0,19.0
661147,2022,0.5499594090692418,0.4134096192736911,8.633490657843513,0.0,14.0
662568,2022,0.6204383613167858,0.565523398497639,8.47126263070604,1.0,9.0
661695,2022,0.48649257699873927,-0.309056407431676,7.701260737792275,0.0,5.0
661490,2022,0.4281400473799243,-1.280143821283415,9.506506534564197,1.0,5.0
663011,2022,0.6101168067632086,1.4376855852874724,10.282684933966202,1.0,14.0
663348,2022,0.6095172509441137,1.3993069672681155,9.372819558842329,0.0,6.0
662399,2022,0.4741512750105587,-0.8223714055543624,9.004611472905077,0.0,10.0
662704,2022,0.6514043798866307,1.356942663881854,8.265765813760455,0.0,11.0
661545,2022,0.46991166021414743,-0.43043543656529976,9.121122808069499,0.0,10.0
662528,2022,0.40537669359407874,-1.8183457100339115,10.030066539671175,0.0,8.0
662519,2022,0.5949621644384725,0.9360346018458707,8.82616600267878,1.0,1.0
662843,2022,0.5966695357728519,0.8683323918562652,8.730533117807845,1.0,6.0
662567,2022,0.5534674318386943,0.5083979927229186,8.208021961575762,0.0,15.0
661902,2022,0.5146006664266183,-0.020629035094277173,8.427706398007881,1.0,3.0
661403,2022,0.4963770617283148,-0.5628350905318967,8.163546815438712,0.0,10.0
661732,2022,0.5312895529009894,-0.1785156973622718,7.886778384623594,1.0,4.0
661489,2022,0.4772196530432795,-0.8275855259127325,7.359602382873519,0.0,6.0
661146,2022,0.5457195514481117,-0.05643503011711568,8.9546926982901,1.0,8.0
663010,2022,0.6177161267052643,1.2675124470870598,10.208762665421709,0.0,15.0
662380,2022,0.5033956698206125,-0.5482250733204911,8.158600925807852,0.0,5.0
663367,2022,0.5930010259187625,0.8373958492708108,9.752647193695974,0.0,5.0
662696,2022,0.5821237108546167,1.25939060364666,8.286616929467439,1.0,9.0
661984,2022,0.5038595931858832,-0.4184395590544795,7.426116847703248,1.0,21.0
661961,2022,0.6349895348125077,1.3046968586508318,8.63534431385953,0.0,5.0
661402,2022,0.6623432970228557,1.2552344139938132,8.020709155004674,1.0,10.0
661308,2022,0.4273128232511788,-1.3438376675482864,9.703578137380772,0.0,8.0
661794,2022,0.4951214467842703,-0.1293231845845383,8.83530329168925,1.0,8.0
663275,2022,0.4839380643664875,-0.5728895470031403,9.201744659674764,1.0,9.0
663151,2022,0.6166993071201524,0.46839511918836574,9.577065341237475,1.0,9.0
661212,2022,0.6232139197506842,1.0052675654591317,8.041951234742111,1.0,1.0
661145,2022,0.45508645567858835,-0.8218144055801049,9.069421033206,1.0,11.0
662728,2022,0.4948897164012106,-0.5933988027337015,9.457047201762615,0.0,8.0
663005,2022,0.4641815255358116,-1.0649585739633913,10.709650469437825,0.0,13.0
662378,2022,0.5292481834974838,-0.02659075601891737,8.491908012184327,0.0,4.0
662695,2022,0.6607369883498824,1.6623285381342094,8.760183718657615,1.0,9.0
662780,2022,0.4881860876395474,-0.6214190498790851,9.081036371020618,0.0,3.0
662628,2022,0.6428542717165894,1.4662493558837164,8.702270414940498,1.0,13.0
662507,2022,0.4992955309851888,0.24300956441223331,8.243279710132146,1.0,4.0
662566,2022,0.5002551188571567,-0.17932688357348286,8.690653399175666,0.0,7.0
663032,2022,0.6259384638342285,1.4123650945367054,9.946636672711064,0.0,9.0
662053,2022,0.6356289552184582,1.470798119273015,8.680234795465367,1.0,9.0
661401,2022,0.6249446092211915,1.4033355359930386,8.880527594996703,1.0,6.0
661625,2022,0.5134012050667838,-0.042528077318853504,9.342646779633881,0.0,3.0
661342,2022,0.4192861681840276,-1.3146182308300807,10.374224379864627,0.0,9.0
661765,2022,0.5396600713388794,-0.19833335627665524,8.096060537579952,1.0,3.0
663271,2022,0.48250125214265316,-0.42968484138242874,9.501174653467311,0.0,17.0
662727,2022,0.5233897613221888,-0.25821521071288367,8.99967404327512,1.0,3.0
663157,2022,0.6287438247442022,1.5224476779025111,9.141870576394096,1.0,7.0
661196,2022,0.5842559645479081,0.5091729890328672,9.483156555431343,0.0,3.0
661126,2022,0.4493150414299917,-0.9040235589933107,8.965289566490439,1.0,15.0
663004,2022,0.4066628807082675,-1.464173257660117,9.864739516731062,0.0,17.0
662370,2022,0.5072413864293307,-0.3477619353744177,8.689844090242339,1.0,7.0
662697,2022,0.6315992373471746,1.1676680192656925,8.949127852640245,1.0,15.0
662054,2022,0.6476143275509595,1.5887178595235192,8.548398282942646,1.0,7.0
661202,2022,0.5992490190313589,0.5621990163272518,8.234909651167627,1.0,13.0
663003,2022,0.4085162618136048,-1.4870639195108473,10.30637982185901,1.0,8.0
662377,2022,0.5146742837653571,-0.48006022843502266,9.11070474825865,0.0,18.0
662744,2022,0.7089007152493526,1.494905592873682,8.631983434335197,1.0,8.0
663270,2022,0.4035187732847831,-1.5597618799158495,9.168091590734235,1.0,6.0
661400,2022,0.6761699263939918,1.5187130647083131,8.560688233206895,0.0,9.0
661624,2022,0.5432713373938508,0.012101836044584244,8.261018346121249,1.0,3.0
661344,2022,0.4245860469918212,-1.284562072606191,9.528174741470103,0.0,5.0
661767,2022,0.6235921165331325,1.023293274483097,8.546192424939234,0.0,6.0
662554,2022,0.5797690070686808,0.33524263571253604,7.580210073107436,1.0,15.0
663156,2022,0.6311947074477866,1.257924893864996,9.043843543971072,0.0,5.0
661125,2022,0.46167953638276416,-0.7985109078630422,7.914672855112972,1.0,11.0
662726,2022,0.4996410423904333,-0.6055809310592121,9.202670642081067,1.0,8.0
661347,2022,0.410671591063857,-1.3233138465127416,9.680483093601794,1.0,15.0
661623,2022,0.5102504208063298,-0.0914060785426233,9.14899914149633,0.0,2.0
663043,2022,0.6474692643978592,1.470320131174897,9.612332979330855,0.0,6.0
662520,2022,0.5752426872242334,0.8925789142672602,7.882775684728725,1.0,13.0
662715,2022,0.5268590623263634,-0.5517722635093647,10.017856003945587,0.0,11.0
663269,2022,0.5171346730436813,0.11975241334093889,9.304423602938067,1.0,18.0
663193,2022,0.6202035864104198,0.654305299207745,8.558130533210832,0.0,4.0
662778,2022,0.6578229214469986,1.0490072279813512,8.894196487529657,1.0,6.0
663143,2022,0.5803424034903224,0.5754052789528223,9.544414153800806,0.0,16.0
662506,2022,0.42573382563766565,-1.0574876587339164,8.99350335974681,0.0,8.0
661339,2022,0.573376131479126,0.2159661404206153,8.199398741602643,0.0,8.0
661632,2022,0.493765947905657,-0.8820253770511273,8.644354655408781,0.0,5.0
661348,2022,0.4557677155458618,-1.168498341995768,9.984648828870887,1.0,14.0
661766,2022,0.636760921041913,1.9813402811197307,8.730810668742052,1.0,3.0
663268,2022,0.4958519383009968,-0.2675826005586432,8.944974892106508,1.0,10.0
663135,2022,0.5840948682767412,0.5863837451403743,9.350213358084568,1.0,7.0
661195,2022,0.6804500060560738,1.4440539698202894,8.51465458994855,1.0,7.0
662764,2022,0.6536636948706175,1.0687296905387322,8.391105200844759,0.0,3.0
662714,2022,0.4674891488233524,-0.714323154654242,9.298243813222262,0.0,10.0
663449,2022,0.6076460091218715,1.061834487672029,9.222756850765721,0.0,6.0
662078,2022,0.5310408265002188,0.41171011190301393,8.788534954469641,0.0,15.0
661289,2022,0.6701997798602012,1.3587268389688771,8.47275168778949,1.0,12.0
663194,2022,0.548355419036534,0.5571738911106188,8.914598835279502,0.0,13.0
661793,2022,0.6769055984682164,1.847444074947876,8.513719802408513,1.0,4.0
663002,2022,0.44707310132088457,-1.1255690790130735,10.352883378914349,0.0,6.0
662077,2022,0.5884759772522248,0.3925069295721098,8.064287063707154,0.0,3.0
663234,2022,0.5555874040559448,0.6884488704521875,9.430824153063588,1.0,11.0
661631,2022,0.5095957101455343,-0.6654180447099841,8.566854990016394,0.0,11.0
661399,2022,0.5209672419109659,-0.1399278051290537,8.777039487742393,0.0,7.0
662478,2022,0.4560531008266759,-0.6998151296049828,9.033829491587559,0.0,9.0
661291,2022,0.45482063294056735,-0.7430852225783982,9.418927620722423,0.0,7.0
662763,2022,0.649458408212695,1.1314578183351032,8.720195921050923,1.0,3.0
662713,2022,0.44619558860826897,-0.840885845299541,9.686032597410902,0.0,11.0
661280,2022,0.7064072099472035,1.5953699494362905,8.446461278040823,1.0,6.0
663001,2022,0.42775722949064054,-1.4580733369800898,10.186566346877967,1.0,14.0
663448,2022,0.5739509761587542,0.4545291550915172,9.169593020042342,1.0,8.0
662479,2022,0.42935813634054953,-0.95095518682994,9.711730396031367,0.0,22.0
663277,2022,0.5379779800044954,-0.041893051782818255,9.326364380056214,1.0,12.0
661279,2022,0.44906958627461774,-1.2304750437204577,10.275937269873786,1.0,13.0
661611,2022,0.502228995622181,-0.5210013969154161,8.870141937022604,1.0,7.0
661763,2022,0.6516298010740769,2.0732747823260054,8.86890097155025,0.0,5.0
661398,2022,0.5598262386610836,0.441683051721302,8.204073934607912,1.0,7.0
663120,2022,0.6526582621797892,1.8345919520092773,8.770598705011057,0.0,6.0
661248,2022,0.7084816790734068,1.537850582375893,8.183174322542778,0.0,10.0
662712,2022,0.4537714830094631,-0.5464408027567162,8.965400959585791,0.0,13.0
662857,2022,0.6214413705463905,0.872240609277959,9.47981292437512,1.0,7.0
663150,2022,0.5695459254117274,0.13808441314413752,9.136135905446086,1.0,9.0
661288,2022,0.6240784901026928,1.1570702231147094,8.663939424253412,0.0,4.0
662982,2022,0.4580114047254651,-1.0887383712153345,10.360059201922075,0.0,2.0
662076,2022,0.566041582736108,0.24190587931987836,8.34711668729405,0.0,11.0
663447,2022,0.6488690936786279,1.8157118522113334,9.555707880703379,1.0,5.0
661290,2022,0.5974714496086082,1.1807771879099966,8.08306090838565,0.0,5.0
662455,2022,0.4994036417363188,0.1728905931119992,8.872236572551195,1.0,3.0
663073,2022,0.5153834927306141,-0.49868965826417994,10.248647640131699,0.0,11.0
662524,2022,0.4215769324613632,-1.4846048389813251,9.780337214770148,0.0,11.0
661287,2022,0.7220167052367996,1.6733790765512138,8.493243898016903,0.0,10.0
661544,2022,0.47246668274385245,-0.33170453264341854,8.237865123370865,0.0,10.0
661730,2022,0.6579363025407242,2.0482028095282563,9.166959113768318,1.0,9.0
661999,2022,0.5434511908922368,0.3410226406264625,9.098984731919657,1.0,10.0
662858,2022,0.6004262327090938,0.7031802441901371,8.451512716485164,0.0,7.0
663340,2022,0.5825312097194022,0.9667006844992039,9.737418992327555,1.0,14.0
662135,2022,0.5650106327738742,0.41513297299677865,9.618489611823742,1.0,13.0
662257,2022,0.5137194651227345,0.443313248795577,8.356614507730372,1.0,5.0
662075,2022,0.5860551177642571,0.8260003715303154,8.764175329004038,0.0,16.0
662454,2022,0.5233317037665497,0.1656037368299202,8.743922573857517,0.0,3.0
663103,2022,0.5206657007283816,-0.3496983164846808,9.795334763419627,0.0,15.0
661978,2022,0.5548332794504525,0.5996818994121557,8.064248914785827,1.0,4.0
662536,2022,0.41597433681790297,-1.4006517734586026,8.977513722328375,0.0,13.0
661285,2022,0.7019631946970419,1.8250744377765773,8.79079294741571,1.0,13.0
661543,2022,0.5479953171216896,0.40615362361179735,9.432158183666695,1.0,11.0
661699,2022,0.6695670651007625,1.9134962479181163,8.675335124356037,1.0,2.0
661998,2022,0.49697175556924,-0.14399148052290145,8.081275377096924,0.0,9.0
662846,2022,0.6212419331377441,0.9307857967146999,8.69798410715262,1.0,10.0
661488,2022,0.550502820607039,0.11123886182969729,7.618565354824987,0.0,19.0
663381,2022,0.6277582568835629,1.1331394034347178,9.337051640771678,1.0,8.0
662229,2022,0.48026521055796734,-0.3146676452299198,7.642343709620441,0.0,5.0
663339,2022,0.6492636259267609,1.5331047891219274,9.665919351044673,1.0,14.0
662134,2022,0.578644298176552,0.583201560878278,8.970756597017662,0.0,12.0
662074,2022,0.5308861703301243,0.19677030386643735,8.33565615884772,1.0,25.0
662453,2022,0.5297854567401888,-0.15048734349175408,8.903733912980472,1.0,15.0
661772,2022,0.6596557626476224,2.199888895889356,9.296563197574862,0.0,6.0
662093,2022,0.5120368025350944,0.29223703347113034,8.958643500820143,1.0,12.0
662527,2022,0.3970349172492695,-1.62663559328244,9.0360155292474,1.0,1.0
662133,2022,0.5563335092102163,0.4744525985578575,8.977221214459725,0.0,6.0
662228,2022,0.5246651557581736,0.054107145435032866,7.8394132982806335,0.0,3.0
663082,2022,0.5183820208656887,0.09528042426628701,9.712187963791909,1.0,7.0
662052,2022,0.6268816527717229,1.0677315288874798,8.666051473601348,1.0,9.0
661286,2022,0.6802781129230867,1.751052524513021,9.00430599737324,1.0,2.0
661542,2022,0.5222315280707851,0.1846557086955393,8.929236410542005,1.0,12.0
662845,2022,0.5943817128006981,1.0344698322028705,8.42487103036154,1.0,3.0
661487,2022,0.535838479299985,-0.1497253601030365,7.810194294298315,1.0,4.0
663446,2022,0.6126787034644924,0.9536728225005513,9.96997608363885,0.0,9.0
663081,2022,0.5002000688189712,-0.4267065673185674,9.773268661953479,1.0,25.0
662051,2022,0.46508960349521133,-0.8960623028588356,9.207406432389279,0.0,9.0
662515,2022,0.5190253335927941,0.09504639891763925,9.441515647644309,1.0,10.0
662842,2022,0.5391581396402839,-0.26920524028128584,8.637291490981006,1.0,7.0
661574,2022,0.5222731469979037,0.1268201882264042,8.594084742083986,0.0,5.0
661771,2022,0.6841787151358893,1.639111797795541,9.56741877392217,0.0,5.0
661997,2022,0.5153452857045939,-0.1515512428042377,8.430554450002035,0.0,7.0
661486,2022,0.4947146376472227,-0.6047735405656426,9.448370888545474,0.0,23.0
663445,2022,0.5754425599781594,0.4744680153219198,9.213168425469476,0.0,9.0
663338,2022,0.4089976716599677,-1.699041705466633,10.173163765724023,0.0,15.0
662376,2022,0.5894356174980677,0.936219973120544,8.270692981701643,0.0,5.0
663080,2022,0.4476860143819586,-1.2381752567944524,8.863925848158422,1.0,6.0
662543,2022,0.5859882369974598,0.6746813824079828,8.631956301357912,1.0,14.0
661960,2022,0.5204774812355253,-0.6081752113909892,8.461625181722924,0.0,2.0
663276,2022,0.6785502952924398,2.115437080568117,9.825229208070983,0.0,20.0
661539,2022,0.5319540436766207,0.11760317076619708,8.836318156442346,1.0,10.0
661777,2022,0.6743783929217634,1.664373735486236,8.735599504978666,1.0,17.0
661992,2022,0.4448022522792213,-0.7899506562071411,9.029699174879598,1.0,6.0
663444,2022,0.49693685385738456,0.005096346264628223,9.003350448977407,0.0,7.0
663347,2022,0.40907657746666315,-1.6330461484206114,9.919183525114958,0.0,10.0
662281,2022,0.6895910174399709,1.5237296496786314,8.322681304268567,1.0,7.0
662132,2022,0.40431566852534623,-1.8273835484399135,9.962192989802345,1.0,7.0
662369,2022,0.5379592090724103,0.13798168369814337,9.188211001093443,0.0,13.0
662514,2022,0.5218807837611821,0.09126576141803305,9.778197499342937,1.0,20.0
663257,2022,0.674259090470565,2.1190237995509706,10.00798695662844,1.0,8.0
661774,2022,0.6820878657437006,2.0054603682366494,8.681136203737985,0.0,10.0
661991,2022,0.4873434493203914,-0.003084890761629988,8.41179538109108,1.0,11.0
662375,2022,0.5332210194996603,0.316305510314089,8.477390247720193,0.0,15.0
661933,2022,0.464842300546055,-1.0099735063864923,8.003034523456712,1.0,4.0
661537,2022,0.5140294476578992,0.2847013396921299,8.995422357401313,0.0,5.0
663118,2022,0.45468933241528764,-1.2663574634748003,10.178962676341074,1.0,5.0
662852,2022,0.5025494608082617,-0.6534141166012664,7.853630008273785,0.0,9.0
662513,2022,0.5322892133128936,0.03437848303726712,9.443006779284952,0.0,5.0
663309,2022,0.673695849864478,2.29902331869974,9.738153841207406,0.0,6.0
663330,2022,0.47463427795838375,-1.4564320614711488,9.322273513814107,0.0,5.0
662556,2022,0.5455334012598216,0.38245402066836254,8.564115671509246,1.0,10.0
661518,2022,0.5926347880070412,0.8362443217601557,8.226596258110634,0.0,6.0
663400,2022,0.5474495037011697,0.4592590778437269,9.673775885599987,0.0,11.0
662280,2022,0.7073709848429113,1.461288761394043,8.720986683920392,0.0,6.0
662131,2022,0.45175446483356185,-0.8899888789840412,8.790084546520719,1.0,6.0
663072,2022,0.463993782368081,-1.1315286908175834,9.560898321656536,0.0,10.0
663299,2022,0.6615759645579647,2.0979360313172615,9.768344858864602,1.0,14.0
662512,2022,0.5139626724074704,-0.10981031141177419,9.535115452326677,1.0,11.0
661517,2022,0.5972801958286706,0.6851912946991867,9.531315159686809,1.0,9.0
662840,2022,0.4763605192728801,-0.6558728789690315,8.394129448408155,1.0,3.0
661910,2022,0.5319277896347093,-0.4930321012780146,8.305281594777183,1.0,6.0
661461,2022,0.5614585593056625,0.181409076370648,7.871461373718923,1.0,9.0
661731,2022,0.6829476721075861,1.9576670383516106,8.582564755007194,1.0,10.0
661990,2022,0.49338214233388533,-0.31421675071281324,8.621558306409039,0.0,8.0
662374,2022,0.5059326870703749,-0.02789242750247531,8.286234287681815,1.0,11.0
663414,2022,0.5262266897686595,0.26610569559813263,9.024245906815572,0.0,21.0
663328,2022,0.3978669341027174,-1.9598891488237038,10.210516724328393,0.0,4.0
662279,2022,0.7036452273636429,1.7240318055801118,8.704197892887116,1.0,6.0
662130,2022,0.41805376592162896,-1.6711387670664875,10.020664710384512,0.0,3.0
662555,2022,0.5701367813904288,0.5770818074274372,7.730901956542848,1.0,9.0
663149,2022,0.4348229917743842,-1.6860149346239153,9.482730460963673,0.0,13.0
662854,2022,0.4625260704766261,-0.8948794919460732,9.640076353180513,1.0,12.0
661989,2022,0.4972267625898795,-0.16926245228713,9.450576310796231,1.0,9.0
661613,2022,0.4754341576496824,-0.3139906723006195,8.564797140693873,0.0,9.0
662373,2022,0.5009347276998389,-0.7502729533419426,9.058974396574246,0.0,6.0
662992,2022,0.4953959028003148,-0.2708790022544936,9.621360198154129,1.0,8.0
663109,2022,0.618324420279096,0.948929107110878,9.657726838957178,1.0,10.0
663298,2022,0.675875089842387,2.4278351300243797,9.904694004064902,0.0,10.0
662545,2022,0.6684380647114796,1.5110561609984652,8.997405325402774,1.0,18.0
663147,2022,0.41730995605007754,-1.6287856257573734,9.539730005162077,0.0,4.0
661900,2022,0.4621745731413027,-1.2541392099202988,8.732891660297907,1.0,14.0
663327,2022,0.48495574369642663,-0.6505128343721218,8.587696539894626,1.0,8.0
662743,2022,0.7304627555049075,1.8803018466661248,8.608215410881098,0.0,11.0
662806,2022,0.49842016287549257,-0.4373075674152871,8.43065805342123,0.0,10.0
663034,2022,0.6576424231035509,1.105862417687452,9.413779004945678,1.0,11.0
661618,2022,0.5169306218229679,-0.03309938694754078,8.734193894179672,0.0,11.0
661331,2022,0.5980792681513099,0.7939609022528774,8.320659096217152,1.0,10.0
661075,2022,0.5292875662943977,-0.07240537982198847,9.639546141261935,0.0,10.0
661797,2022,0.6018007860073831,0.36495304892508096,7.666806394721363,1.0,11.0
663297,2022,0.6302027406591203,2.130810424376875,9.841466705419217,0.0,3.0
662544,2022,0.69922067122849,1.5723405848858332,8.951605735297056,1.0,10.0
662836,2022,0.4752888820976169,-0.7842330313086956,8.652605376023365,1.0,4.0
661977,2022,0.5677562038443474,0.21800042097916453,8.150672623307141,1.0,5.0
661884,2022,0.5087757106832834,0.0985190693166763,9.07762767003649,1.0,3.0
663154,2022,0.3909721730266787,-2.2125069626806337,9.501405503809012,1.0,15.0
662367,2022,0.5045401530955046,-0.566913496080512,7.730604198802448,0.0,4.0
663329,2022,0.49676105821358574,-0.7814712503583305,9.717065754565246,1.0,15.0
662735,2022,0.7129742462023824,1.457032373441835,8.912571936439038,0.0,8.0
663031,2022,0.6771034253148551,1.4784791616245756,8.959259293967227,1.0,4.0
662457,2022,0.7138894573537471,2.196884934965294,8.86791208429784,1.0,5.0
661982,2022,0.4987340834971088,-0.2535003658407227,9.34661824844259,1.0,7.0
662981,2022,0.6144930494291315,1.1494798523605598,10.812469542386786,0.0,15.0
662991,2022,0.5047794206131887,-0.29871334384900733,9.865083127349937,1.0,25.0
662366,2022,0.42634918347643924,-1.3411380473857089,9.818610408097106,0.0,9.0
663326,2022,0.4907690053780127,-0.8848768148777542,9.95394270402026,0.0,6.0
661612,2022,0.4701522014194774,-0.7923477303347455,7.8376534850532416,1.0,11.0
661343,2022,0.48657694918517075,-0.6102513084316068,8.931219152371497,1.0,11.0
661764,2022,0.5486197547353123,0.0953303833807166,8.283595527113985,1.0,10.0
663296,2022,0.6181603088811798,1.5132495685465412,9.933305902942767,1.0,8.0
662833,2022,0.4881490012359613,-0.528520789470868,8.687071302730546,1.0,5.0
661963,2022,0.47402402348016026,-0.7289008561127122,8.693796699995954,0.0,7.0
663184,2022,0.43325165313018177,-1.6947469872930092,10.806450804353418,1.0,7.0
662721,2022,0.6714728292053239,1.2469556234690233,8.496789140385895,0.0,12.0
661330,2022,0.601619242658594,0.6129893830801408,7.7120032072503655,1.0,7.0
662832,2022,0.49915713321001876,-0.5093942530818272,9.414434029898898,1.0,5.0
661934,2022,0.46634222902064,-0.6292063758166975,9.026412951385003,0.0,4.0
661762,2022,0.6119210182866408,0.4372912598835537,8.256484861073435,1.0,11.0
663091,2022,0.6233209843218784,1.3313737377507662,9.97860408874288,1.0,9.0
661397,2022,0.5037789642477187,-0.32645527470498586,7.787013384822808,1.0,3.0
661329,2022,0.6430203604777822,1.039481289375256,8.920769491339192,1.0,3.0
661247,2022,0.4946924018237664,-0.24275759155138257,9.827467482744519,0.0,13.0
661340,2022,0.5117797659642388,-0.2759005630513662,9.481869875476898,1.0,9.0
663139,2022,0.43846299009918743,-1.5270077997333522,9.82681649065357,1.0,12.0
663000,2022,0.47522716043760144,-0.39250225136601385,10.332002040756024,0.0,19.0
662693,2022,0.597251084725713,0.8702289374954701,8.356974832505799,1.0,2.0
663153,2022,0.4583369281361568,-0.8648505738811556,9.761350818343278,0.0,19.0
663119,2022,0.6178321806471451,1.3090701260492237,9.91503818200752,0.0,13.0
661396,2022,0.47815281717504304,-0.44167900935800936,8.348024274561405,0.0,21.0
661058,2022,0.4697502543944014,-0.797280630923123,9.118230237091671,0.0,9.0
662452,2022,0.5498171288689953,-0.17221666791691528,8.947800242727098,0.0,14.0
661642,2022,0.5260900912238592,0.1133420728557109,9.0930623275422,1.0,10.0
661318,2022,0.6816163863850128,1.5848365022327369,8.306433075863884,1.0,13.0
661761,2022,0.559104281618491,0.5711290798405658,9.079870271099503,0.0,12.0
661897,2022,0.6334848719976718,1.1605783671784022,8.318585934414338,1.0,9.0
661913,2022,0.5298658309451746,-0.15399451453434815,8.527016117157252,0.0,7.0
662692,2022,0.44551136037149236,-1.1445204442400039,9.042818160657141,0.0,13.0
661334,2022,0.5725976694228155,0.1973236494917687,8.092933951416823,0.0,7.0
662980,2022,0.4245823001235733,-1.3396547362007414,9.854974856102585,0.0,4.0
662365,2022,0.45307855523874196,-0.705080962522103,8.509051429855457,0.0,9.0
662720,2022,0.5594287521383987,0.6882644931005462,8.78194201367686,1.0,7.0
661278,2022,0.6836163761619719,1.5230179450030479,9.01501436819401,1.0,3.0
663179,2022,0.46134709138070734,-0.8572888262407651,9.554141634858805,1.0,7.0
661749,2022,0.5452994949805103,0.39674995742560193,8.674931314594948,1.0,15.0
661346,2022,0.4555738747875529,-0.9735531695647847,10.172913911955675,1.0,9.0
662451,2022,0.5785149401801495,0.5876082636533302,8.715258639335625,1.0,3.0
661936,2022,0.5574041993772488,0.5538294294226277,9.082704480481922,1.0,5.0
662364,2022,0.4855862994162233,-0.5534734741339681,9.128773668589718,0.0,8.0
661214,2022,0.5092487231422819,-0.17977737923628934,8.27564713214816,0.0,4.0
662689,2022,0.4053846912512913,-1.6177459561619674,9.62999651959268,1.0,6.0
663102,2022,0.6251708132816935,1.1385414227444317,9.970852718083126,0.0,18.0
661896,2022,0.5885667523055917,0.6877379854082379,7.75693340833564,0.0,5.0
661395,2022,0.4760552594814003,-0.8993312056669732,8.241776294626858,1.0,9.0
661615,2022,0.5647557526365112,0.8643740567400287,8.840030149513028,1.0,9.0
663152,2022,0.43422461105047444,-1.3808841529558973,9.837635418572235,0.0,11.0
662987,2022,0.4270392331419378,-1.1485511377110424,9.993593852954502,0.0,8.0
662687,2022,0.6474784229104436,1.1238439129203666,8.249041653553387,0.0,13.0
661277,2022,0.6962035490782444,1.7604260097106235,8.766192866904927,1.0,9.0
661151,2022,0.439147016086001,-0.7970761534010542,9.498111001133166,0.0,5.0
662450,2022,0.5351798719570238,-0.44990992812543573,8.905418122846802,1.0,3.0
661633,2022,0.5298679458778742,0.13226607184323302,8.562857117008257,1.0,16.0
661747,2022,0.5693725224473895,0.6291839963093577,8.377313518363623,0.0,14.0
663058,2022,0.6433511818267558,1.3672170850162417,9.956440474953968,0.0,9.0
661895,2022,0.5588084802215555,0.5134842446720014,9.112270968000104,0.0,11.0
661394,2022,0.4630274337133149,-0.8078720848379334,8.936963507547137,0.0,6.0
662688,2022,0.4280962680862636,-1.451717042264705,10.117520685901868,0.0,11.0
661241,2022,0.53658182061577,0.28030754812289127,8.325681737761183,0.0,10.0
661962,2022,0.5531809657666472,0.12148598717742147,8.539130802936711,0.0,11.0
662990,2022,0.4152878989801052,-1.1427609631284528,9.594063345345466,0.0,15.0
662363,2022,0.498294438119287,-0.17475689644879125,7.957831322688454,0.0,7.0
662612,2022,0.6007295113715945,0.7376671119937157,8.392782587958141,0.0,9.0
663138,2022,0.4024611773045988,-1.710288276768913,9.84302856633069,0.0,8.0
663065,2022,0.5466339964774566,0.3172134652613797,10.112932849554461,1.0,7.0
662762,2022,0.6018625093830916,1.0358429347145366,8.076288963403913,0.0,11.0
662613,2022,0.4364449512129361,-1.002632029250378,9.654481006675868,0.0,8.0
663399,2022,0.49670479732051753,-0.16371927447063658,10.169191079120177,0.0,1.0
662278,2022,0.5072350958470494,-0.063950715064391,8.06681211086407,0.0,16.0
663122,2022,0.5821208963331117,0.32886336648969816,9.316584163779678,1.0,9.0
663134,2022,0.5691598740645076,0.21658354073743394,8.68378263895687,0.0,9.0
663064,2022,0.5847739904558508,0.7621545320142,10.13508240207028,1.0,22.0
661169,2022,0.5990952443825716,1.0758977339097429,8.985547216751161,1.0,14.0
661170,2022,0.5210484852986171,0.10731281469742565,9.882766869850151,1.0,12.0
662449,2022,0.6300378911861394,1.1244317225389457,9.146688744130604,0.0,8.0
661894,2022,0.5495372441612617,0.7088081391211756,8.18672820670356,1.0,6.0
661516,2022,0.7079689178127438,2.4417072752248896,9.407997939207867,1.0,5.0
661693,2022,0.4263052736876884,-1.4152220927923287,8.855014251037064,0.0,14.0
662761,2022,0.6205553669559002,1.2656184002555206,8.53028246457845,1.0,5.0
662678,2022,0.42669056039312236,-1.2059003849017627,9.704672809506173,0.0,7.0
661460,2022,0.48824361659269094,-0.880286167792438,8.502948764753379,1.0,4.0
661205,2022,0.5412268563122705,0.4543543906285059,8.310053374565102,0.0,5.0
663391,2022,0.4384827055286632,-1.0786755767715994,9.164769841986516,0.0,11.0
662277,2022,0.5411483317025169,-0.1630184880209214,7.878463347930955,1.0,7.0
662092,2022,0.6968388580569734,1.4069433241873293,8.499469500398847,0.0,8.0
662448,2022,0.5903287544729273,0.5650849350845664,9.375145838630669,0.0,4.0
662679,2022,0.4331058390317558,-0.9835414109397732,8.839116243037468,1.0,12.0
663050,2022,0.5632082090634737,0.2851830792666583,10.23342872943499,0.0,7.0
662760,2022,0.5733876516360207,0.5444197906885629,9.011909648261458,0.0,9.0
661150,2022,0.6668482795343718,1.3587941470039508,8.627352048137668,1.0,3.0
661892,2022,0.5775654205819066,0.5751846226811882,8.333913262100252,1.0,14.0
663055,2022,0.6135464158734841,0.5768063970422905,8.147088909121779,1.0,4.0
661515,2022,0.6818438523064944,2.097243279430022,9.479457492617406,1.0,15.0
661681,2022,0.39462988732822557,-1.5828656550321105,8.255758752033696,1.0,9.0
661459,2022,0.4502258792269253,-1.0147804276019476,8.424837899837023,0.0,5.0
661188,2022,0.5270777543017978,0.02073109255819462,9.176162436000302,0.0,10.0
663398,2022,0.4129292744590052,-1.2872587317645798,9.698290042957389,0.0,1.0
662223,2022,0.5197102158861561,-0.05462941933236046,7.983351185606049,1.0,15.0
662094,2022,0.6603729021554908,1.3993251020358697,8.657236008252147,1.0,3.0
663049,2022,0.5806083170089339,0.7799517020073501,9.992562844583265,0.0,9.0
661891,2022,0.5603519293032049,0.6171923685848798,8.120821250694732,1.0,3.0
661458,2022,0.4786666386087957,-0.7944397240755916,8.44310617073697,0.0,20.0
661194,2022,0.5601561520829891,0.23921503470766411,7.715461583042132,0.0,11.0
662091,2022,0.6962524430908185,1.5101238581716177,8.807240633221648,0.0,6.0
661149,2022,0.6575574318888953,1.6000311112844856,8.64459318689476,1.0,11.0
663015,2022,0.6971640625258719,1.6087017784581155,8.943144625212469,1.0,12.0
661514,2022,0.6725153293827983,1.5534890934406602,9.689657690182592,1.0,4.0
661697,2022,0.41717154414545304,-1.4309359479514612,8.592233208851917,0.0,17.0
662677,2022,0.5666104892892112,0.4649231163937293,9.487241655596895,1.0,12.0
663413,2022,0.4534305574830711,-0.7707428829656184,9.185027447794825,1.0,7.0
661617,2022,0.6109094072120618,0.8309563567254724,8.91413826968199,1.0,12.0
661284,2022,0.6709615307383839,1.4284872564791582,8.29054627797222,1.0,3.0
662511,2022,0.47821332469947336,-0.6383870191950155,8.582444014181164,1.0,16.0
663014,2022,0.6728447675896888,1.5191688542921529,8.762029213592559,1.0,5.0
662831,2022,0.4720377862895282,-0.82109870270228,8.895253644415975,0.0,11.0
661513,2022,0.6603134029292762,1.5325395077220845,9.057048602981022,1.0,6.0
661678,2022,0.4954138475107537,-0.3817464346433192,9.52776453178232,1.0,13.0
662676,2022,0.5789089087079408,0.7861671171865807,10.019827904756582,1.0,9.0
662759,2022,0.5870082007114471,0.49648714796517773,8.420738648103743,0.0,11.0
661485,2022,0.5436008780348733,0.2221988343923199,8.769944217828357,1.0,11.0
661983,2022,0.6505682619007299,1.6580363662204882,8.78079411713024,1.0,2.0
663390,2022,0.45195442018060966,-0.9065160725782725,9.680757225380063,0.0,10.0
662275,2022,0.6805062647105247,1.5449717414464055,7.869011491051882,1.0,9.0
662129,2022,0.4325422368780456,-1.2244594130778568,9.466246680742929,0.0,7.0
662090,2022,0.4506463768358078,-1.3308627492962504,8.698457614659901,1.0,9.0
661680,2022,0.5034152000617524,-0.061704212317051484,10.455626249005006,1.0,11.0
661484,2022,0.5536751910803922,0.4290170139946669,8.741072040326566,0.0,20.0
661976,2022,0.6733047292465628,1.3798144257578056,8.175583891525335,1.0,9.0
661614,2022,0.6627917718011804,1.2944261251141134,9.021609540569669,1.0,4.0
662510,2022,0.4649624959415108,-1.0412153063004619,9.997001271159354,1.0,14.0
662251,2022,0.6291739669913936,0.9205079580292592,8.521503352873872,1.0,3.0
663084,2022,0.6575601754791944,1.6904483035968583,9.234093896884541,0.0,15.0
662674,2022,0.5859935203351339,1.0268832125513743,9.567597216664039,0.0,10.0
662830,2022,0.46237141218727806,-1.01228369369335,9.020641580289816,1.0,4.0
662756,2022,0.6486316285775752,0.9573931703532259,8.519754101753225,0.0,6.0
661160,2022,0.6782589096864384,2.0709961348266313,9.277603388273102,1.0,14.0
661276,2022,0.6873363484997224,1.6670469856967736,8.592685823274916,1.0,8.0
662089,2022,0.4380112821661955,-1.266180803026331,8.223506176440635,1.0,5.0
663412,2022,0.4406696906421542,-1.2523054774774771,9.407720030313879,1.0,17.0
662222,2022,0.6874120524539775,1.5657599528602415,8.404359767030478,0.0,8.0
662128,2022,0.4563819371212648,-1.0972757005763658,8.573204731866786,1.0,13.0
663083,2022,0.6846321191500538,1.5401194184348392,9.479297899893353,1.0,9.0
661622,2022,0.6358595743039601,0.9873312099295348,8.70643543300515,0.0,14.0
661144,2022,0.7043544733529015,2.27323735441431,9.335249530502042,1.0,8.0
661270,2022,0.6772138533975293,1.4716244904417888,9.0079656768687,1.0,22.0
662542,2022,0.47367377889043316,-0.4411281818534248,9.622107056773977,0.0,5.0
662829,2022,0.5167231967603257,-0.25232926988114646,8.450375130973995,0.0,6.0
662673,2022,0.5963959697092682,1.1235534844007387,10.007318715773659,0.0,17.0
661679,2022,0.48977937901052165,-0.08101420213590883,8.929692052493273,0.0,6.0
661483,2022,0.5803304484317708,0.517049783065998,8.70985182743788,0.0,14.0
662758,2022,0.6514512970661283,0.9967969950222485,8.420437156924821,1.0,13.0
661975,2022,0.6719410095870718,1.5185385740951753,8.984183937503097,0.0,13.0
662085,2022,0.55267954154463,-0.4504124414271914,8.20707669502355,1.0,2.0
662127,2022,0.47813633887035545,-0.8447813255556812,8.291010773633165,0.0,2.0
662256,2022,0.6455182493958453,1.3382840374147702,8.648012566742596,0.0,6.0
663397,2022,0.5175771680594067,-0.23034150793486663,9.730208829087289,0.0,5.0
662505,2022,0.4241884258754042,-1.4362318623102044,9.951496343712565,0.0,14.0
661629,2022,0.5154822206975446,-0.10343055248238191,8.432621390804552,1.0,5.0
661746,2022,0.6990142179432262,1.716613036891085,8.632873106513127,1.0,12.0
662828,2022,0.5399257170144727,0.11164832228304006,8.563970668158733,0.0,14.0
661974,2022,0.6539253866183475,1.0885532964730502,8.5464667517689,1.0,12.0
663183,2022,0.40608907309923353,-1.7252162532329884,9.725583955734121,0.0,5.0
661881,2022,0.4066676885005791,-1.496249964599721,8.574082917737616,1.0,8.0
663345,2022,0.629197837955057,1.1172027333142625,9.519524000534128,0.0,9.0
662069,2022,0.7395161828217099,2.1057763064778716,9.008783454477559,1.0,8.0
662126,2022,0.5013192331606429,-0.15476935543488615,9.155196509409205,0.0,5.0
662018,2022,0.65090264656774,1.1672487786697714,8.980171244919056,1.0,4.0
661328,2022,0.6336734570311101,1.1915867091780965,8.378304893059182,1.0,2.0
661616,2022,0.5455018378047367,0.34148701893713385,8.54119493816189,0.0,20.0
662503,2022,0.37998510112374967,-1.9937879724329841,9.26091796916755,0.0,14.0
661745,2022,0.6736642110393454,1.440123103612051,9.20587942362257,0.0,11.0
663279,2022,0.7080541143032195,2.1563971172633223,9.422117331585738,1.0,7.0
662884,2022,0.5189367989355946,-0.21581371981812847,8.153256801376507,0.0,6.0
662441,2022,0.5932366375774412,1.0753315827505745,8.423323006389898,1.0,4.0
661973,2022,0.6960443329092588,1.4560065939398767,9.178936842083342,1.0,10.0
663182,2022,0.4254790451608437,-1.7396720865247088,10.766774119314043,0.0,17.0
661880,2022,0.46232218009347414,-0.6121439623499225,8.992391147809666,0.0,7.0
662935,2022,0.46452394531599017,-0.967717805836121,10.112213106917558,0.0,7.0
663342,2022,0.5556085913987717,0.5638476926969996,9.787727999214109,0.0,8.0
662068,2022,0.7374030910303584,1.910806010557836,9.160752586367833,1.0,6.0
662611,2022,0.6482033167098057,1.4821534526023168,8.653668069237355,1.0,2.0
662125,2022,0.494440929505809,-0.4047805573383998,8.220848165328093,1.0,5.0
661583,2022,0.5817677093147053,0.7286079639850667,8.778319443234656,1.0,4.0
662883,2022,0.5501677874269507,-0.3285463652385948,8.636246472468512,0.0,13.0
661845,2022,0.41364289311641955,-1.3806904555608208,8.914843359911009,0.0,11.0
663336,2022,0.563225559167881,0.6762607096661891,9.331581209556887,1.0,11.0
662082,2022,0.7104578951897479,1.968477108083964,9.229256004464794,0.0,5.0
662173,2022,0.47360713646923824,-0.41115001532203105,9.362307235297775,0.0,5.0
662504,2022,0.3883032966341515,-1.9758309156015412,8.928263864797042,0.0,10.0
661327,2022,0.6146971237884892,0.9062895512027636,8.07958053754115,1.0,7.0
661744,2022,0.6758477227205233,1.548912805711322,8.832349416786263,1.0,13.0
663235,2022,0.7029504140177071,2.4617509766329566,9.759096683897017,1.0,11.0
662480,2022,0.5123909136932296,0.1957874898984916,8.272050784021099,0.0,12.0
661972,2022,0.6918385080978352,1.8738029162963965,8.951809883620852,0.0,10.0
663155,2022,0.4757305603824773,-0.8614476132700607,9.769110052433312,0.0,24.0
662893,2022,0.4526260234582217,-1.1532233957776794,10.159917945424603,0.0,12.0
662694,2022,0.6515017099099109,1.5391660711683124,9.145308924290282,1.0,5.0
663267,2022,0.7112699906512617,2.598796528511302,9.73135424175427,0.0,7.0
663125,2022,0.3936767000563205,-1.7409815144611867,9.673178115371426,0.0,10.0
661743,2022,0.7073293910331695,2.074316552702783,8.70945684606032,0.0,12.0
662986,2022,0.4284363736533628,-1.3267472676707157,10.322355997996597,0.0,6.0
662501,2022,0.4418044669051832,-0.762479795988082,9.683474008932285,0.0,11.0
661326,2022,0.6080843638348675,0.8860138097317996,9.052168538242231,1.0,3.0
662827,2022,0.5242921548224456,-0.2037920053848586,9.372419392570146,0.0,4.0
662535,2022,0.5542280550834311,0.3425495385920913,8.479272150822244,1.0,9.0
662172,2022,0.5166012130181206,-0.13877346277485628,7.874836422736983,0.0,5.0
662580,2022,0.44853676628132777,-0.9031683656092789,9.992831795971409,0.0,8.0
663124,2022,0.36670497200908636,-1.741466775197915,9.197694123732948,1.0,1.0
661093,2022,0.473583249526088,-0.8641223358634008,9.834489644242252,1.0,1.0
663063,2022,0.4805331292283521,-1.0828668737407452,9.78348135681015,0.0,9.0
662502,2022,0.44764776158852415,-0.523886130938196,9.200061455179215,0.0,15.0
662437,2022,0.42209003492101155,-1.0471231580968414,8.171893159675772,0.0,2.0
661742,2022,0.46036741357095196,-1.3104268648324384,8.845279901823487,0.0,15.0
662534,2022,0.5654065792787947,0.8361195643891718,8.290636065126323,1.0,14.0
662826,2022,0.5444750805971187,0.03481746763791135,8.690445259428428,0.0,7.0
663256,2022,0.5096134212501182,0.17489078801898902,9.487458405059513,1.0,11.0
662757,2022,0.6076086735362006,1.0331218178976123,8.346021442959854,1.0,16.0
662985,2022,0.41310631604716136,-1.5353789718891442,10.73674234690064,1.0,14.0
662362,2022,0.6468343974711176,0.9720614794584812,8.522099780233855,0.0,6.0
663335,2022,0.47077387055658143,-0.39842019437020665,10.141044514562516,1.0,9.0
662719,2022,0.6382181723685378,1.271296681416144,8.803713285459388,0.0,3.0
662171,2022,0.5377061864548782,0.2848249855867454,8.235762655396634,1.0,9.0
663239,2022,0.3898167922034632,-1.8467783327524179,9.67917264307182,1.0,9.0
661748,2022,0.5267036661525534,-0.6823712571425493,8.433309480314575,0.0,4.0
661123,2022,0.42443386093120544,-1.1574783267306763,8.725754250016141,0.0,12.0
661127,2022,0.46906147615308524,-0.9327368445704651,9.463085613430609,0.0,13.0
662368,2022,0.6113910019025688,0.9260242510243141,9.490838829050709,0.0,2.0
663062,2022,0.4981197196007525,-0.2812592871663392,10.799888670288976,0.0,10.0
662533,2022,0.6109742888707658,0.8879355788129373,8.325439351324524,1.0,5.0
662752,2022,0.6330406251210213,1.035423584538555,8.37831895058869,0.0,7.0
662194,2022,0.5248202034756118,-0.1510377591222801,8.830203919571508,0.0,6.0
662802,2022,0.5132641286091968,-0.053111331397898205,8.685719294558988,1.0,21.0
662500,2022,0.4320281980690601,-1.1570303516157237,8.598231276544732,0.0,3.0
662686,2022,0.6144947177203793,1.2635042401538952,8.829278020149479,1.0,8.0
663255,2022,0.5300195372592796,0.7328942237175505,9.57333922814954,0.0,13.0
662999,2022,0.44356559826886754,-1.1009684201173957,10.276364804763594,1.0,9.0
662170,2022,0.5746839798747367,0.6974284504225075,8.47010986194583,0.0,3.0
663351,2022,0.4759455392840064,-0.4589015178334037,9.67119347595607,0.0,12.0
662553,2022,0.39748350610496014,-1.0868349021612578,9.429483135197666,1.0,12.0
661122,2022,0.4287631377922852,-1.3194997559251842,9.189669446197705,1.0,7.0
663254,2022,0.5238889833244752,0.5070049000540032,9.075038215261847,1.0,10.0
661074,2022,0.4571013043618898,-0.9142393791473572,9.66519207949528,1.0,3.0
661741,2022,0.4604804590941997,-1.413067265509772,9.343491860474929,1.0,19.0
662532,2022,0.5853716780787509,0.6929486986523145,8.290861248673329,0.0,8.0
663061,2022,0.46629128735226844,-0.33063000988055086,10.409123938969396,0.0,9.0
662807,2022,0.5117119046522977,-0.45502120896900367,9.296254164461578,1.0,10.0
663218,2022,0.40611860995678145,-1.2691585687280187,10.71200837235931,0.0,6.0
662998,2022,0.4832346461482204,-0.9265297292842374,10.635415435056279,1.0,11.0
662361,2022,0.5752020026475233,0.493777494513176,8.917747893394177,1.0,4.0
662590,2022,0.5648097202335051,0.9069594435969575,8.267494946060108,0.0,8.0
662169,2022,0.5799137401076238,0.5482157000389961,8.357350151902562,0.0,4.0
663334,2022,0.5087707717206835,-0.160178744116657,9.644627901495715,1.0,8.0
662751,2022,0.590940704756905,0.8148745603204975,7.972023632601825,1.0,7.0
662522,2022,0.5621534641501091,0.9766069902408127,8.620568545779669,1.0,6.0
661121,2022,0.5827294248102695,0.5765486029479245,8.663613802747058,1.0,13.0
663253,2022,0.6952567226597235,2.3452148332036624,9.760070930166659,1.0,7.0
661893,2022,0.4785136456593623,-0.6136518839807719,7.612622032286878,0.0,6.0
661143,2022,0.5401257757318314,0.1580725865975617,8.965935037288112,1.0,3.0
661482,2022,0.46705136562118776,-0.8021445003405653,8.788873084165072,1.0,15.0
661186,2022,0.5514289917874579,0.08958863462721035,8.080723800775514,1.0,2.0
663443,2022,0.6633443480085925,1.7576888775421364,10.205026744909091,0.0,8.0
662221,2022,0.6405517411770303,1.0329178959030985,8.622756261226757,1.0,5.0
661148,2022,0.5678625952649594,0.38362590056958523,9.643141654700857,1.0,17.0
663041,2022,0.4380857472150159,-1.4317535742716272,9.720749537322089,0.0,10.0
661198,2022,0.6076755811732414,1.1007141933340574,9.837418758962459,0.0,3.0
661124,2022,0.6217662666065971,0.8919837725252315,8.70882605725097,1.0,8.0
663246,2022,0.7063056855816854,2.6206721240293858,10.027179403223046,1.0,9.0
661890,2022,0.43784335529817753,-0.7362495946677938,8.083552125060129,1.0,9.0
661142,2022,0.5667699389286432,0.43403623637972244,8.878777267482214,0.0,22.0
661677,2022,0.5416131342789039,0.5152949392957947,8.942015253583275,0.0,11.0
661846,2022,0.4946333591815214,-0.665663860126415,8.702624354957216,1.0,7.0
662750,2022,0.5323964988296285,0.2534676037921133,8.974653225460386,1.0,10.0
661481,2022,0.4651294550815587,-1.2313011948056585,8.000525815534411,1.0,13.0
661192,2022,0.500241420728117,-0.2546956552432966,9.5957924800031,0.0,8.0
663442,2022,0.6203932869715753,1.3992875051387605,9.822749373784179,0.0,23.0
662248,2022,0.6141716732759592,1.1289076871575374,8.634375172000082,1.0,5.0
662360,2022,0.4950310399757006,-0.3180596685107725,9.173243613718649,0.0,10.0
661457,2022,0.47629122631930165,-0.6762791014870078,8.897448784502227,0.0,14.0
662749,2022,0.5590295510506867,0.31964618604946915,8.5121573320321,1.0,8.0
661851,2022,0.46971511254796205,-0.858365267216098,7.790044698461966,1.0,6.0
662245,2022,0.6249669023630111,1.2750277676199864,8.81419162811078,1.0,14.0
663040,2022,0.4480600202192673,-1.2082928253071197,10.155407873294994,0.0,12.0
661393,2022,0.6239176647974519,0.8028497086259481,7.99382567154943,1.0,11.0
661246,2022,0.6437242879434933,1.3886039446552008,9.988298756122648,1.0,7.0
661107,2022,0.5814102563073217,0.429257297470829,9.033917278701733,0.0,19.0
663252,2022,0.6913107655489606,2.2155875682584507,9.871040439678685,1.0,8.0
661889,2022,0.44504538971645374,-1.0051385990441457,8.468809744456852,0.0,9.0
661141,2022,0.529456457806494,-0.17575332446535352,8.350333886429222,1.0,7.0
661690,2022,0.5317218809618879,0.2295207470054618,8.77155272612218,0.0,21.0
661230,2022,0.48583516238393787,-0.3421077275918897,8.373118770301618,0.0,9.0
662359,2022,0.5258969234498349,-0.37787181165032346,9.39756216432021,0.0,9.0
663389,2022,0.6416091694885734,1.3721345043659041,9.84497683805887,1.0,5.0
661392,2022,0.5637119541955363,0.759774787615448,9.069516994214984,1.0,5.0
661140,2022,0.5593462826628577,0.40080364140244285,9.014154086315477,1.0,13.0
663039,2022,0.403351492268795,-1.4919842049581065,8.954419318724794,0.0,15.0
661106,2022,0.5956442801667038,0.7690490133472646,8.704692344235273,1.0,15.0
661685,2022,0.4776180184170571,0.30426061674815325,10.276244890449693,1.0,1.0
661183,2022,0.5262664036094156,0.23302486582233123,8.955563255182938,1.0,10.0
662358,2022,0.5066978330288047,-0.2460088242932909,7.803798836249059,0.0,3.0
661325,2022,0.5811047036159328,0.4224749350446434,8.498571356047968,1.0,13.0
661456,2022,0.616138304687261,0.7997217766823337,9.234416170356031,0.0,4.0
662227,2022,0.5851769052848492,0.5404301033473161,7.995528646186448,0.0,8.0
661382,2022,0.5327363182981363,0.09769016431639081,8.339828602901743,0.0,8.0
661274,2022,0.586372433591758,0.485296095572534,8.227882585456632,0.0,4.0
663054,2022,0.5114458766601772,-0.09522429694719924,9.116635999460694,0.0,9.0
661888,2022,0.6679678301081232,1.190981885451443,8.709463575705216,1.0,7.0
661139,2022,0.4539375058631535,-1.500966285845031,9.27561139185097,0.0,5.0
661844,2022,0.6638080443191915,1.4454057457788037,8.924901407471058,0.0,3.0
662664,2022,0.6118508866960906,1.2290250024551426,9.740257208631219,1.0,4.0
661684,2022,0.5594105599007316,0.6578089987508089,9.382497721249797,0.0,1.0
661455,2022,0.5981519839503785,0.5335500347654439,9.032642837921403,0.0,5.0
661190,2022,0.500167211688071,-0.47315682045539703,8.719542855034756,0.0,13.0
661971,2022,0.6852015724717545,1.2400429700783955,9.706629478636996,0.0,3.0
663388,2022,0.5483040188801064,0.4777187011688479,9.50389740607981,0.0,7.0
663333,2022,0.6755507377404121,1.271672608020652,9.436605436745827,0.0,6.0
662255,2022,0.5349370315954689,0.0005011141596863433,8.063424481699434,1.0,1.0
662067,2022,0.7359395707147962,2.366412633168282,8.607074515229643,0.0,6.0
661271,2022,0.6111780729898877,0.5092155085374188,7.928825274778693,0.0,3.0
661887,2022,0.6732526314235673,1.328336650480508,8.870552311687247,1.0,11.0
661454,2022,0.5775296988912668,0.9311355189237246,8.99645460315515,0.0,8.0
661970,2022,0.6916480950568158,1.5832731507826037,9.256281252057189,1.0,8.0
661898,2022,0.6444647255677033,1.4029135833301956,8.683831269255085,1.0,5.0
661381,2022,0.4846640462323651,-0.8572473744204827,8.51241727160703,0.0,8.0
662672,2022,0.6297763488769701,1.4408951349211603,9.554702131367558,0.0,16.0
661264,2022,0.5738106090011742,0.14843148672137696,7.839163124081295,1.0,9.0
663042,2022,0.5476481440286559,0.43117149426594525,7.848255151070896,0.0,6.0
662083,2022,0.7424623436712097,2.322148488466391,8.977166132663328,1.0,11.0
661686,2022,0.5422800956686505,0.5433000257647971,8.878658377696118,1.0,6.0
661138,2022,0.5560053147357276,-0.4127104177373414,9.240991749311114,1.0,8.0
663441,2022,0.5341339633607995,-0.08773606779682096,8.905479041263677,0.0,8.0
663346,2022,0.6111467705620729,0.831451687401507,9.816143963649633,0.0,9.0
662247,2022,0.5531738230288519,0.15233600317960477,8.707021026319147,0.0,6.0
661380,2022,0.4581628200928495,-1.0835954643095211,9.728171209295263,1.0,5.0
661273,2022,0.6030770780999531,0.7033783108447157,8.535834706008012,1.0,9.0
663121,2022,0.4929364930170934,-0.1776068403035761,8.84959744083988,0.0,11.0
661886,2022,0.6839691837875251,1.8063523003706528,8.567494178713199,1.0,6.0
661453,2022,0.5908807845322367,0.771139352454039,9.032386088856606,1.0,7.0
661206,2022,0.47038629398306747,-0.37636664864088565,9.281707977290417,1.0,13.0
661692,2022,0.6383120111979732,1.1135673625253635,8.65903113435483,1.0,9.0
662665,2022,0.6426990670711548,1.5351532978505733,9.21537529045785,0.0,8.0
661969,2022,0.6513688342698658,1.1835115468074398,9.057859296533028,0.0,11.0
661847,2022,0.6322282395035301,1.5190549384455618,9.204511793582208,0.0,10.0
662061,2022,0.7089182225310094,2.297586968145716,8.459777370112453,0.0,13.0
663387,2022,0.531097434617234,0.8160883982360683,9.697886703742366,1.0,3.0
663331,2022,0.5976373796678159,0.8914217205959619,9.820693997998923,1.0,18.0
662254,2022,0.5622933605427598,0.12728052717509528,8.307828206647082,0.0,13.0
661512,2022,0.532627042352407,-0.43794577733044493,8.881005279546397,0.0,8.0
662487,2022,0.6284466099975391,1.152573448421416,9.332830995284246,1.0,5.0
661275,2022,0.7186553906728382,1.9770850867052416,8.852038704443014,1.0,14.0
661740,2022,0.5621722539173982,0.5557389956523625,8.882195882072383,1.0,9.0
663016,2022,0.4828402231782254,-0.1671104722129987,8.748746351425506,0.0,12.0
661968,2022,0.5749749550529433,0.2458568706593082,8.284235214045772,1.0,9.0
662681,2022,0.497402522871953,-0.6214521916828141,9.75214042041613,0.0,14.0
662912,2022,0.37245745521709916,-2.0180303509047075,10.532226804987072,1.0,4.0
663440,2022,0.5271640431018383,0.00749642510919438,9.777403584020405,1.0,7.0
662168,2022,0.5859729111578728,1.1042418280274036,8.555203141244299,0.0,11.0
663045,2022,0.4879113434995592,0.34434846216119036,9.870244987741314,1.0,5.0
662484,2022,0.607466796762931,0.921072872810019,9.783297746928223,1.0,4.0
661580,2022,0.5479360558347532,0.010808995391758032,7.728855721675069,0.0,8.0
661272,2022,0.7263484895469011,2.2529342367712935,8.933445912414232,1.0,3.0
661728,2022,0.5021376937544916,0.2949857694953835,9.190920499622496,1.0,11.0
661885,2022,0.508776313930818,-0.2717672976553684,7.9679116270008485,0.0,8.0
663033,2022,0.5301287689486079,0.370878172687757,8.746890169404837,0.0,6.0
662521,2022,0.5207175852734236,0.367813713977171,8.537425428786547,0.0,10.0
661967,2022,0.5967770807134853,0.3354302262252756,9.215875232662627,1.0,8.0
663231,2022,0.586885129487047,0.9506848336531785,9.373948154185147,0.0,8.0
662615,2022,0.48577129157340065,-0.6465328821413594,10.00791868549999,0.0,11.0
662911,2022,0.3788947435779139,-1.8421098119392099,10.426528873924788,1.0,11.0
663392,2022,0.5118959159606997,-0.25930884680000615,9.470320980523953,0.0,15.0
663344,2022,0.4393627390549764,-1.0653037545689552,9.464885155188078,1.0,13.0
662060,2022,0.7069595702361202,2.2729952931413577,8.714685317738919,1.0,7.0
662186,2022,0.596022405933254,0.8346516846376011,8.28131584727318,1.0,2.0
661879,2022,0.5237455160221127,0.1897795310776633,8.80695933446778,0.0,8.0
662493,2022,0.6220479965191207,1.2099608297261213,9.229710595806996,0.0,15.0
661263,2022,0.7210097601779232,2.2494921025369923,9.419573187808318,1.0,8.0
662440,2022,0.4783697648154105,-0.10996510009649692,8.463514006358295,0.0,2.0
662675,2022,0.47894756030764674,-0.6319690018812735,10.214544495596062,1.0,3.0
663325,2022,0.4573991583260632,-1.1724298658470496,10.542396454523198,0.0,4.0
662080,2022,0.709443826280441,2.176393401434575,8.882576805442987,0.0,5.0
662151,2022,0.5896053199597695,0.6106054127898441,9.422832590225216,1.0,12.0
661584,2022,0.4989315158338387,-0.18621976150380357,8.419956290868285,0.0,5.0
661727,2022,0.5449005003608253,0.19395795587576206,8.662901519980323,0.0,11.0
663030,2022,0.5194195442018419,0.2677652596037431,9.53711006971351,1.0,13.0
661134,2022,0.5654903472840443,0.33715170495109187,9.064838185345705,0.0,7.0
663215,2022,0.5822656181938116,0.571105812182079,8.60825556651007,1.0,11.0
662894,2022,0.39333240615790493,-1.7472105846993176,10.10053254314799,0.0,12.0
663396,2022,0.5289245505328413,-0.08154677365223018,8.390130799762655,1.0,5.0
662983,2022,0.5401198207487231,0.5506049290643006,8.23961312317651,1.0,8.0
661579,2022,0.5244314360755155,0.12114478616523242,8.548154926109811,1.0,18.0
662788,2022,0.5064162737085317,-0.9601792501799743,8.1702671827279,1.0,3.0
661105,2022,0.4441792380590043,-0.7790154006292136,9.07467371574531,1.0,15.0
661726,2022,0.5413075267216297,0.4673788993398601,9.613033709941005,1.0,5.0
663199,2022,0.5791218861784329,0.9304158557338428,10.181186385025294,1.0,22.0
662733,2022,0.5416204805654304,0.30013285115102767,8.489899278999486,1.0,4.0
662150,2022,0.7026281344160981,1.969371414284818,8.559729747742304,1.0,14.0
663185,2022,0.4186239160307955,-1.360530929752807,9.734516556882927,1.0,11.0
661725,2022,0.5238479783980015,0.027717500159409464,9.24346737956543,1.0,11.0
661582,2022,0.45693172440777874,-0.35256867089885946,8.863016531830976,1.0,8.0
662492,2022,0.5091669195498821,-0.37830377439998286,9.199874227406296,0.0,9.0
663038,2022,0.4077877687144874,-1.4088116567759343,10.053756424854722,0.0,10.0
661104,2022,0.4332934803623418,-1.2332991971387406,8.167041561285169,0.0,21.0
662834,2022,0.6211085015520136,0.7924505409321378,9.494024776189953,0.0,4.0
662439,2022,0.5896195184780112,1.1176719332667815,8.768624522531844,1.0,7.0
662997,2022,0.6226449747635693,0.7451633965801822,10.354037753771602,0.0,12.0
662748,2022,0.6236568232314812,1.2804665275009666,8.502699027315872,1.0,9.0
661691,2022,0.6290087426621013,1.1958873563727495,8.890435863543907,1.0,5.0
662609,2022,0.5976084898626246,0.5838496686725412,8.046855859173212,1.0,6.0
662149,2022,0.662510123574713,1.4779021308315867,9.527331701191693,0.0,4.0
662079,2022,0.5805314502815554,0.8905187728779225,8.436395673435765,0.0,1.0
661724,2022,0.5824809096873925,0.26360449411597947,8.20565179581362,0.0,8.0
662964,2022,0.42387115496333244,-1.1474632940650729,8.273454407908584,0.0,17.0
661683,2022,0.6233398991874308,1.0518988476058317,8.87974684973885,1.0,7.0
661103,2022,0.41704495753533416,-1.02316827823174,9.896300451574609,1.0,11.0
662482,2022,0.4875184018800445,-0.34533778578795166,10.197713851794225,0.0,8.0
662101,2022,0.576150142163849,0.3402734355311937,7.701601288573147,0.0,8.0
661581,2022,0.5455750451616999,0.5205532829552839,8.972747012182326,0.0,13.0
662890,2022,0.5788810839639451,0.5370402659590504,9.253801509051623,1.0,10.0
662904,2022,0.5793485754086997,0.3735730572212077,9.604925746620452,1.0,7.0
662163,2022,0.6529102759860668,1.4185359949898,8.954601739041841,1.0,3.0
662456,2022,0.5725130785892335,0.5094163223716663,8.525383833025678,0.0,10.0
663037,2022,0.4269021088760322,-1.3553947045388384,9.060997874710086,0.0,5.0
661836,2022,0.5336179814071584,0.25879472538226006,8.976065723439937,0.0,16.0
662954,2022,0.4002954987448499,-1.3274995285683344,8.95668978811125,0.0,7.0
663198,2022,0.4305344754848257,-1.4455644577655387,10.662486843996474,1.0,4.0
662718,2022,0.5589666027658231,0.593931354184635,9.058281201411775,1.0,9.0
662910,2022,0.5784587059033259,0.8976530517855632,10.300486544636634,1.0,18.0
662794,2022,0.6473056459144388,0.937227124463532,8.798149478432702,0.0,11.0
662486,2022,0.4930573066517431,-0.7520019395870794,9.019698299419243,0.0,11.0
661102,2022,0.42073975366456984,-1.3143489823362307,8.669289959800489,0.0,2.0
661723,2022,0.5359002665017735,0.6054029906735818,9.313092151818843,0.0,10.0
662957,2022,0.3932876463084397,-1.406522607238767,9.090870933887752,1.0,2.0
662509,2022,0.5452881656826923,0.6910492281873314,8.683484961404696,1.0,5.0
663052,2022,0.45193964355292116,-1.2806375673197314,8.82612286887391,1.0,7.0
662889,2022,0.670416334482716,1.2830751340461943,8.797627534668113,1.0,6.0
661689,2022,0.5982134216626788,1.271791651209335,9.72966227245471,0.0,4.0
663186,2022,0.439059015933657,-1.3899993608950298,9.790381570883783,0.0,6.0
662913,2022,0.5562325384572591,0.16589053606738235,10.095146409151278,1.0,11.0
662099,2022,0.5644960188399688,0.5743755304961952,8.287242928428908,0.0,17.0
662684,2022,0.6202754475643301,0.7953722997125923,8.778475490785315,0.0,6.0
662162,2022,0.6485113545846373,1.7272773983973126,8.26192579514035,1.0,3.0
661630,2022,0.5545694085893571,0.3500976099834148,8.494458278057337,1.0,4.0
662541,2022,0.49170761988052925,-0.4461276641983254,9.84032343211783,0.0,5.0
661073,2022,0.5071011834806968,-0.013536443193638947,9.704625038855621,1.0,13.0
662906,2022,0.4690504024755615,-0.3423140554979379,8.757420197543015,1.0,5.0
663251,2022,0.5653387526461541,0.4659507260267411,9.22782696009427,1.0,4.0
662874,2022,0.7046759652932186,1.3469711508545448,9.275201194698182,1.0,13.0
661181,2022,0.62131098804371,1.1769473467089897,8.253742733429338,1.0,7.0
663343,2022,0.4482801057631861,-1.0524808532391199,9.597529249426334,1.0,11.0
662841,2022,0.5011741219540119,-0.7307354810503963,8.697496941819251,1.0,8.0
663036,2022,0.4357818768906101,-1.35976970966902,10.205867262676326,0.0,11.0
662270,2022,0.5387235603405793,0.6522229469116472,8.510977643897109,0.0,10.0
661511,2022,0.5770922981004685,1.0717058206741668,9.546970476254309,1.0,9.0
661452,2022,0.49963356096592837,0.01878145628566064,9.234474250746723,0.0,9.0
662355,2022,0.4428071857921881,-1.0056497131249196,9.16905011790687,1.0,6.0
662732,2022,0.6888987843077872,1.4349363803540203,8.710987656870277,1.0,8.0
662226,2022,0.5113876405048012,-0.020747385629213303,8.46342052102756,0.0,8.0
663035,2022,0.4161690792275984,-1.321144775341924,8.812254982620567,1.0,1.0
661379,2022,0.5953143579817363,0.8587123238104283,8.34028696685071,1.0,3.0
661244,2022,0.509649055762644,0.23844653503024166,9.523870974917173,1.0,19.0
661578,2022,0.6630860808803952,2.124224573145736,9.176523316340315,1.0,11.0
662329,2022,0.4054187361947726,-1.453615706445416,9.160593200679717,1.0,7.0
663245,2022,0.524698042154111,0.0669133825957377,9.055096321690728,0.0,12.0
662905,2022,0.4996864247122999,-0.4573986365076675,9.204727967520682,1.0,15.0
661510,2022,0.54035518694281,0.5350662115254888,9.276781245876666,1.0,8.0
661187,2022,0.6457233201577958,0.9752531517901811,9.578456334243077,0.0,11.0
662847,2022,0.7170488226645074,1.6688715823804077,8.91120090491296,1.0,16.0
661426,2022,0.5322294793632588,-0.008952656793315592,9.291609880453018,0.0,10.0
663320,2022,0.44502616950813334,-1.1459423360985237,9.518907337226057,1.0,8.0
662354,2022,0.4514689570214535,-0.7091686991410715,8.646174694760035,1.0,8.0
662731,2022,0.6343285076808037,0.9176150295633103,8.935005524297933,1.0,7.0
662814,2022,0.49320911536691464,-0.7242808540420722,8.844995687134801,1.0,10.0
661413,2022,0.46359913626436655,-0.6628738062116135,8.865569386824257,1.0,17.0
661225,2022,0.688695009899035,1.5950811895980999,8.053296051532843,0.0,3.0
662353,2022,0.4487870829933106,-0.9899266235903046,8.939881081561065,0.0,3.0
663051,2022,0.4437290704272939,-1.3868391016915644,10.693021459295865,0.0,11.0
661378,2022,0.5608778965638748,-0.19091030762160963,7.703551030862382,0.0,7.0
662328,2022,0.4331817884382545,-1.6467622103635986,8.976708900274302,0.0,16.0
661564,2022,0.6985980985454373,2.2221817267557693,9.139279071660695,0.0,5.0
661245,2022,0.5213065909855833,0.14262054528332768,10.274875146039108,1.0,3.0
663244,2022,0.5249875511688219,-0.01505207371897552,9.216290665637077,0.0,8.0
661509,2022,0.5858278675102966,0.4553563790320612,9.363372188002385,1.0,3.0
662747,2022,0.7254620145723619,1.4932342001273742,8.604291613646737,0.0,11.0
663318,2022,0.4805904300014872,-0.8933562254928842,9.418908272396434,0.0,12.0
662630,2022,0.665188447250946,1.0525024108748173,8.676372264133422,1.0,3.0
662746,2022,0.7175958160813477,1.4376355171132886,9.10027529255889,1.0,7.0
663071,2022,0.6100699901264243,1.030276831411644,10.099448658955419,0.0,6.0
661566,2022,0.6614169310416096,1.7689602267356686,9.160205056914418,1.0,8.0
661091,2022,0.5488926099321954,0.07650107265666797,9.995204252097267,1.0,5.0
663140,2022,0.6216065404758702,1.2321342090060587,9.901443616019117,1.0,6.0
662508,2022,0.5852891337152724,0.9850454931782653,8.99057550384985,1.0,10.0
663233,2022,0.4458326051591762,-1.0009192111323402,9.073084324102487,0.0,11.0
661521,2022,0.6081354080941671,0.8228319694222621,9.249093765372024,0.0,5.0
661425,2022,0.6352172890485644,0.9640373470792167,9.154249126671047,0.0,3.0
663317,2022,0.5236685661392998,-0.07072030687415135,9.761505177993019,0.0,7.0
662253,2022,0.5087961945137013,-0.23006289911161842,8.193060932151406,1.0,3.0
662730,2022,0.6859630875874381,1.3991098633876131,8.184718933081639,1.0,8.0
662156,2022,0.49369517961871023,-0.21170845084955559,9.246949057345722,1.0,11.0
663053,2022,0.45004615937711806,-1.0400980590184465,9.17194226522728,1.0,3.0
661108,2022,0.5890201798095389,0.5959546634166373,10.356574780315594,1.0,9.0
662498,2022,0.5839461105463581,0.354033040052648,8.493838076154477,0.0,7.0
663202,2022,0.4247907765496638,-1.270992939500428,9.503732531295089,0.0,17.0
661522,2022,0.724527301063735,2.1312698054497274,9.703243223167982,1.0,14.0
661843,2022,0.4397394608164105,-0.7964325173221938,8.535220597996513,1.0,11.0
662614,2022,0.5045932249670372,-0.43992600570130586,9.29682948598739,1.0,7.0
661412,2022,0.5769333585768467,0.2704989035543687,9.177831748392746,0.0,12.0
661177,2022,0.6851249114753309,1.1988529342995051,8.8076620977235,1.0,7.0
661136,2022,0.4955188887058826,-0.24120330595538347,7.650349132487765,0.0,2.0
662225,2022,0.5654696015090521,0.5916147309579988,8.538452833285954,1.0,9.0
662352,2022,0.4587844696294656,-0.9971096213751001,9.557711012088696,0.0,11.0
663319,2022,0.5833657667189803,0.9081753810556625,9.70189708629523,0.0,11.0
662610,2022,0.6843148234384955,1.4607247598838518,8.693806327319754,1.0,7.0
662155,2022,0.5209934423333605,-0.043531509261438533,8.545122359772362,1.0,7.0
661411,2022,0.5987796569727439,0.9224186478320402,9.309403078324898,1.0,8.0
661137,2022,0.49758715180427937,0.0016964468514813508,9.160500605283813,0.0,1.0
661071,2022,0.5574455131448193,0.14279506731571043,9.478737340437641,1.0,1.0
661842,2022,0.4941302101356691,0.26503091056688544,9.148532405587977,1.0,16.0
662351,2022,0.42915769198195053,-1.2793740008822916,8.805990490125225,1.0,5.0
663310,2022,0.5542226866151108,0.5119120394071984,9.921934289521861,1.0,11.0
662663,2022,0.4931384108508844,-0.7998765091274932,10.10145626010496,0.0,14.0
663092,2022,0.46370676891196366,-0.888627497890072,9.985353337074933,1.0,9.0
661508,2022,0.7443041634082316,2.3416030866169857,9.82120214202266,1.0,7.0
662497,2022,0.5997971813643407,0.655019717545173,8.756931404839387,1.0,9.0
661224,2022,0.7037631487851962,1.7112760262417572,8.565397021445804,0.0,7.0
663223,2022,0.4238744475964395,-1.4129175618400867,9.623630242311986,1.0,11.0
662266,2022,0.5356754610875737,-0.15175678363413694,7.5495581355261745,0.0,4.0
662683,2022,0.7192234239200141,1.8518904104747735,8.701160719771002,1.0,6.0
662147,2022,0.5176063469490894,-0.25623583079334167,7.85215494049137,1.0,3.0
661092,2022,0.5404771231167844,0.4018596342590148,9.670968735020981,1.0,14.0
661520,2022,0.7166676209955917,2.17678411843502,9.690109938340916,1.0,7.0
663048,2022,0.4656333469114535,-0.6879101494567691,9.676836006671206,1.0,15.0
662496,2022,0.555549476346388,0.5355954414658646,8.608529091983373,0.0,2.0
662662,2022,0.4664238606501463,-0.4082945544244288,10.159940197077363,1.0,6.0
661410,2022,0.6065680614606627,1.021208177147529,9.264220094026777,1.0,6.0
661178,2022,0.6703523757599242,1.1821350266736346,8.559851308041994,0.0,14.0
661135,2022,0.4997522157255764,-0.06851305509878848,9.119380618019772,1.0,7.0
661808,2022,0.48889492602775503,-0.22349986864986257,8.837618592037169,0.0,11.0
662215,2022,0.44358045114667133,-1.0958571220547646,9.58796507942861,0.0,7.0
662198,2022,0.5460564187386696,0.127544116475053,8.342486584975973,0.0,12.0
663307,2022,0.5225051212795647,-0.1643236470043761,9.776090106434056,0.0,5.0
662183,2022,0.5578730925388298,0.14505844430872575,7.944314192709052,1.0,11.0
662729,2022,0.7008562160799282,1.7025703259806455,8.871414604254376,1.0,20.0
663232,2022,0.4489722904440653,-1.1251333873760965,9.34776586826386,1.0,17.0
662700,2022,0.5553584885167797,0.5730595862093701,9.951885473054897,1.0,4.0
661324,2022,0.6532377391530955,1.0442255490145573,8.728219800506771,0.0,6.0
661878,2022,0.500509371685057,0.013079566912777195,8.425983345359557,1.0,15.0
662956,2022,0.4896534745687149,-0.19720638389906284,9.121653685949648,1.0,12.0
661120,2022,0.4735200180793515,-0.33216124284724563,8.109470803168982,1.0,7.0
661507,2022,0.5527349118278816,0.20868121285928398,8.383158822058627,0.0,5.0
661814,2022,0.6150793938722946,1.393604141584274,9.395293480344092,1.0,18.0
662661,2022,0.5687090429893914,0.7258369276842415,9.515259833472966,1.0,10.0
662996,2022,0.4453380452224537,-1.2395969352180731,10.821095552823904,0.0,11.0
662100,2022,0.6404307684366469,1.5420672583817088,8.724505465898313,0.0,7.0
663087,2022,0.5808593297706174,0.49846399911883776,8.190707957866335,1.0,5.0
661377,2022,0.6077064566260881,0.8761255443923855,9.037702465626333,0.0,5.0
661262,2022,0.7292277997084181,1.961572808304674,8.36163396003206,0.0,7.0
661722,2022,0.47527907209162484,-0.3021959233076158,8.633762717662147,1.0,7.0
661877,2022,0.5411969292254833,0.05048257577384439,8.281348338153292,1.0,5.0
662976,2022,0.5021999596474441,-0.28406490290230524,7.601153960767265,0.0,7.0
661506,2022,0.5988058498899828,0.7090217522433145,9.02534049899282,1.0,5.0
661688,2022,0.5270408332921505,0.5758385385593761,9.543861247679633,0.0,9.0
661119,2022,0.44594877263478544,-1.234949585126482,8.584792569445327,1.0,13.0
663187,2022,0.5096765827942498,0.4208203103409634,9.660398630193765,0.0,6.0
661813,2022,0.6333944863914354,1.2653549820174426,9.380332137235623,0.0,21.0
662660,2022,0.5877387102076955,1.0689040893642012,9.686305675981165,0.0,12.0
662984,2022,0.46370011028525765,-1.1894586360107477,10.451907008660731,1.0,8.0
663402,2022,0.4339267017548017,-1.2895594835708264,9.326240299398265,0.0,11.0
662108,2022,0.6616031375470913,1.2664022552563956,9.065885163545836,1.0,13.0
662517,2022,0.4502166812028882,-0.740021898989183,9.872033443279793,0.0,10.0
661505,2022,0.5471621346308038,-0.004801440654137511,8.872437022813253,0.0,10.0
661687,2022,0.5001823006597148,-0.14863118002611547,8.55482486798721,1.0,5.0
662659,2022,0.556950635434934,0.5428066201855253,9.273636793684075,1.0,7.0
662107,2022,0.6478365685871715,1.5893510170052314,8.819590675422447,1.0,7.0
662531,2022,0.46797924126359175,-0.8538534758900631,9.087794490089795,0.0,3.0
661376,2022,0.6436869370464963,1.0928065272203744,8.72535449321214,1.0,9.0
661269,2022,0.7184254164038387,1.720639066872128,8.649393977129773,1.0,13.0
661721,2022,0.4474866452178628,-0.4533052346218668,8.369363590902653,1.0,10.0
661876,2022,0.553488188014928,0.5287756680358007,7.975088582197356,1.0,5.0
662949,2022,0.4796692435882753,-0.2511742615792063,8.19633873888391,0.0,3.0
661118,2022,0.5013201460181178,-0.6924958615121715,7.950841514591425,0.0,13.0
663230,2022,0.5437385679059719,0.4887642512030724,9.689406646889886,0.0,8.0
661812,2022,0.6255256828053848,1.085026703636657,9.003732783885518,1.0,7.0
662895,2022,0.4376011044467411,-1.315503322747384,10.45223796435316,1.0,16.0
663401,2022,0.4920336050848021,-0.7216445256196252,8.513300451641973,1.0,8.0
661375,2022,0.6185168427704574,1.289445082260997,9.08913766908443,1.0,5.0
661100,2022,0.4543612462492312,-1.208614133872123,10.705206209194843,1.0,13.0
661261,2022,0.6980467887956611,1.811950718087764,8.521503414124345,0.0,13.0
662518,2022,0.38032453929640075,-1.9167201336073392,9.356607352677743,0.0,9.0
661720,2022,0.7022662244564494,2.2093476554197973,9.200391818335177,0.0,4.0
663123,2022,0.5882391524284454,0.5750756921071708,9.04284371921855,1.0,4.0
661875,2022,0.5668830106532553,0.34337775960194444,8.245901605125443,1.0,9.0
661117,2022,0.4670355393282008,-1.1145823462205853,9.38594012599654,0.0,4.0
661675,2022,0.5445074821332689,0.20942185157032409,8.78400688058213,0.0,14.0
661101,2022,0.4129977514861685,-1.6923714183273402,9.920720710270393,0.0,8.0
661811,2022,0.5044033486647977,0.22836551835955973,9.816902936030054,0.0,11.0
663386,2022,0.44377172883438987,-1.0855668949521355,9.551402592190277,0.0,5.0
662109,2022,0.5365994831831306,-0.043695597365641825,7.530083645722435,0.0,5.0
661374,2022,0.547984544917566,0.33323470207202815,8.121130298157802,0.0,3.0
662516,2022,0.40921587391411535,-1.4576904801003594,10.23888091744643,0.0,12.0
661260,2022,0.5879664182079491,1.1520071290855194,8.809076008464766,0.0,9.0
661719,2022,0.6809831756031024,2.0826537324245518,9.164103546821481,1.0,9.0
661874,2022,0.540180787674717,0.5572762033609573,8.853992745366735,1.0,9.0
662942,2022,0.5928695304292823,0.6196745268300453,9.394691616120948,1.0,11.0
661810,2022,0.4339342965053769,-0.7635461066542004,8.484872812758054,0.0,11.0
662923,2022,0.6675741969797329,1.624105005214581,9.651492824874902,0.0,6.0
661674,2022,0.49265170766850125,-0.2981854895981435,9.903878702956037,0.0,8.0
661116,2022,0.6275667187863573,1.07028017700557,9.346850447409697,1.0,10.0
661113,2022,0.6129787046206867,0.8195407819479226,10.276968120815997,1.0,15.0
663385,2022,0.45795461868961845,-1.2285035428173412,8.367966765325951,0.0,10.0
662197,2022,0.6378179307081601,1.4107308664515892,8.62721344274673,1.0,8.0
662072,2022,0.5067437746554273,-0.26023096983501287,7.863756735923298,1.0,13.0
661673,2022,0.47864829396404807,-0.05311545275806969,9.105850176541963,1.0,9.0
661966,2022,0.6735854623754866,1.5993102929262926,9.064250478309509,1.0,14.0
661114,2022,0.43986206034372033,-1.2747963835758218,9.746884012421061,0.0,3.0
661718,2022,0.6329860662926275,1.2424350667119903,9.16221778264569,1.0,11.0
661081,2022,0.61713765804872,0.9278890703153919,10.354193662849447,1.0,2.0
661809,2022,0.426293253092466,-0.8190646881933161,9.847346778055957,0.0,5.0
662483,2022,0.37384028595618624,-1.6777548477042514,9.313576063122941,0.0,9.0
662952,2022,0.6019483394611526,0.7852417631730577,9.588147731544499,1.0,10.0
662909,2022,0.7121883969144305,1.8724573301587475,9.305016767145679,1.0,5.0
661873,2022,0.5689911689715865,0.20761445151017527,9.68297658690275,0.0,10.0
661359,2022,0.478810023703115,-0.554070757427339,8.398016999050778,0.0,10.0
661259,2022,0.5934643933916042,0.8415479691509169,9.09347369769011,1.0,15.0
662113,2022,0.552523977662349,0.3655365219797343,8.825399682893961,1.0,3.0
661115,2022,0.4093324297831483,-1.5367861031588523,8.596613928599247,0.0,7.0
662271,2022,0.6397600650431592,1.6091946389853913,8.4961999231235,1.0,7.0
663415,2022,0.3998774089685657,-1.5162129200877978,9.179442475991259,0.0,8.0
661717,2022,0.6442062156789881,1.4766214144067404,9.466443063817321,1.0,6.0
662530,2022,0.393706580540947,-1.807075437040683,9.254489471297266,1.0,10.0
661258,2022,0.6498808370242989,1.3386366573803195,8.492482415501877,1.0,15.0
661373,2022,0.45832590142776747,-1.100706101744654,7.754018439033415,0.0,4.0
661872,2022,0.5913736092928829,0.5073296622909704,8.606739818163188,1.0,12.0
661672,2022,0.47615232504996335,-0.32302111834195785,8.317187280471295,0.0,11.0
662908,2022,0.7013516075537798,1.8117324101565264,9.490974554456072,0.0,7.0
661082,2022,0.42456116694647966,-1.4443606894871164,9.608342640781608,1.0,5.0
661821,2022,0.4330075814912576,-0.47018680691578757,9.967030911140276,0.0,8.0
661080,2022,0.6213694943098895,1.2102056476791867,10.277460848581876,0.0,11.0
662059,2022,0.5767607105713941,0.33888420788772555,8.662084847154382,1.0,14.0
662269,2022,0.6207278931774703,1.1778472550612198,8.425995985721352,0.0,4.0
661421,2022,0.5727114312508842,0.31791699763049247,7.908112124001018,0.0,8.0
662776,2022,0.54441260345058,-0.4393318058843839,8.299418291891307,1.0,5.0
662411,2022,0.585339436921227,0.18698045987039574,9.108946448172057,0.0,9.0
662408,2022,0.6394008832635574,0.902839764732501,8.64758464870115,1.0,5.0
662775,2022,0.5638212951778588,-0.2910076860136157,8.247586968806528,1.0,12.0
662685,2022,0.5615702242791409,0.8477709565413701,8.170082162197096,1.0,15.0
663060,2022,0.43697893580511993,-1.1021997298868926,10.514993506941416,1.0,14.0
661072,2022,0.4407724666350392,-1.3584698909407225,10.125429542096999,0.0,13.0
662327,2022,0.5107179405250232,-0.6936437504736009,9.614918865698053,0.0,9.0
661560,2022,0.6698554481921475,1.721615730493384,8.696889855039423,0.0,17.0
662481,2022,0.5681610299874742,-0.04868851565258682,8.524661088534879,0.0,5.0
663222,2022,0.45748789025232667,-0.5854786413542894,8.714746316546872,0.0,33.0
661504,2022,0.6210913531595789,1.1524562607658881,8.503980279988957,1.0,9.0
662658,2022,0.4506412755151525,-1.2643110111487197,10.120751574538167,0.0,10.0
661409,2022,0.5085289939092852,0.48401743506225287,8.352911635070324,0.0,10.0
661193,2022,0.6565070194216659,0.8665461298734302,7.859100586076519,1.0,11.0
663306,2022,0.6505789633575796,1.5278459892041534,9.895964248802137,1.0,11.0
662344,2022,0.5429904703602922,-0.05548724640900205,9.749761954831827,1.0,9.0
662167,2022,0.4606168324717352,-1.2947650145105791,9.72992025097933,0.0,7.0
662589,2022,0.5782214085288917,0.8675675142681528,8.653592235473184,1.0,6.0
661523,2022,0.49153512037001035,0.031435017628621005,8.835388956087042,0.0,11.0
663221,2022,0.44757814208661906,-0.5809653006912153,9.573284347796749,0.0,5.0
662146,2022,0.4509021738896704,-1.1868830503521204,8.052413363207329,0.0,4.0
661559,2022,0.6974302737883512,2.225699372297603,8.799014837203647,0.0,8.0
662902,2022,0.46133518153033165,-0.721558534121094,9.572848430498848,0.0,12.0
663047,2022,0.43315212704008743,-1.155677836947864,10.089177106996122,0.0,9.0
662436,2022,0.5414360857509956,0.04733015706358548,8.827135422041504,1.0,1.0
661057,2022,0.4142702778970769,-1.8852091528952803,9.309959075053348,1.0,9.0
662495,2022,0.5844468635410628,0.04287690068703965,7.75517892655227,0.0,3.0
662657,2022,0.4733775382253388,-0.6377790291870342,9.558532744916656,1.0,9.0
661201,2022,0.6701375606948724,1.0504464460364538,7.846550404171929,1.0,13.0
662608,2022,0.6146773138376832,0.8169004411115739,8.46062949398299,1.0,6.0
661408,2022,0.5178515061215325,0.09727973197748957,8.50765158323442,1.0,9.0
661503,2022,0.6555294960567651,1.8570072966380393,9.398837821356052,1.0,9.0
663305,2022,0.6310926185111441,1.2277680465836043,10.237596998773688,1.0,9.0
662348,2022,0.5119292513584042,-0.4566146929300542,9.051340086229454,1.0,4.0
661556,2022,0.6197978467920966,1.4529274626018636,9.157009794504383,0.0,7.0
662357,2022,0.5318267141012986,-0.2599454011351036,8.815221298084003,0.0,11.0
661056,2022,0.4064744215637056,-1.9234435520871458,9.6930943496111,0.0,6.0
663220,2022,0.4419156799277138,-0.8535212492159882,10.156061896199246,0.0,12.0
661502,2022,0.6849346411244607,1.698078278653058,9.617087949752923,0.0,10.0
663059,2022,0.4575308111885315,-0.6197116583944619,10.204275300506271,1.0,9.0
662901,2022,0.4450119318708463,-0.6490295764472854,8.680776190757435,0.0,10.0
662656,2022,0.4473128486797866,-1.231884398008074,9.8057806381581,1.0,6.0
661407,2022,0.4944371177169329,-0.48437955846289577,7.485699728157398,1.0,9.0
661184,2022,0.604135105344136,1.0480179265724743,8.220295937977815,1.0,19.0
662343,2022,0.5308560617330401,-0.5193100084731606,9.056713619293799,0.0,19.0
662145,2022,0.5064218625286485,-0.7819013884515145,7.987522345048287,0.0,13.0
662682,2022,0.6389955024762884,0.9992480845612342,8.402420848884717,1.0,11.0
663316,2022,0.6343509421933866,1.7326089663141764,9.816702962283365,0.0,7.0
662458,2022,0.5174140588414058,-0.2725600471112691,8.467886660100465,1.0,13.0
663046,2022,0.5022258726235583,-0.5275210823734304,9.52950107036301,1.0,13.0
661555,2022,0.4625806316780336,-0.5684983234100565,8.441447939517836,1.0,10.0
661055,2022,0.40701992092245765,-1.7137891072119609,9.75624592082665,1.0,6.0
662809,2022,0.4583532321807631,-0.8459950624219718,9.701312838170288,1.0,16.0
663219,2022,0.48609353508776104,0.39183443736747314,10.305917570861483,1.0,4.0
661065,2022,0.6218914733382951,1.0225798817050749,9.744585717835076,1.0,5.0
662655,2022,0.5430352247438507,-0.2657711150889097,9.828497094160245,1.0,7.0
661231,2022,0.6206515603329437,1.048478284032804,8.563020062998868,0.0,2.0
662347,2022,0.4274775620781219,-1.7277454311835185,9.833970524658662,1.0,12.0
663315,2022,0.4754936841106758,-0.9376226262368619,9.81295366936137,1.0,7.0
662576,2022,0.7385207404204367,2.0062472351345626,8.933852350681114,0.0,5.0
662166,2022,0.598462761912346,0.5173901958026879,9.151996422850566,1.0,7.0
661064,2022,0.6456454689563867,1.387547280684343,9.59469604134843,1.0,6.0
663029,2022,0.5175550411841348,-0.21207935648715157,9.482592528590546,0.0,3.0
661054,2022,0.41904685023849114,-1.6627412770281953,9.488662017282069,1.0,8.0
661563,2022,0.47825554724770925,-0.6648402663630244,7.8256617909072075,0.0,9.0
661716,2022,0.5454824213364414,0.747657137889041,8.972772628698024,1.0,13.0
662813,2022,0.4505440914019846,-1.0425041563027084,9.274657639732066,0.0,10.0
662438,2022,0.5030318127044494,-0.6973128761603273,8.139301289119564,1.0,9.0
663203,2022,0.5220393899275008,0.21387297734719513,10.828456431116454,0.0,11.0
662653,2022,0.590487096435456,0.6283038771824371,9.354264231904073,0.0,6.0
661281,2022,0.5355775525044241,0.3000743484700115,8.759030996146283,1.0,13.0
661079,2022,0.45965590789058275,-1.0226188002849113,10.012926860365953,0.0,3.0
662346,2022,0.4787513810937387,-0.905820235385659,8.499046260873,1.0,8.0
663314,2022,0.4390452341197176,-1.4740176830787188,9.49024727473194,1.0,10.0
662573,2022,0.7261808643053839,1.736850173350769,8.94638267530298,0.0,11.0
662184,2022,0.5641141464827847,0.5105956565203864,8.551440619308188,1.0,9.0
661554,2022,0.43810696253024106,-0.9378478115598154,8.28503303621802,1.0,9.0
662900,2022,0.4531738392854416,-0.627292683537799,8.787024571049713,1.0,7.0
662652,2022,0.5607564410818426,-0.0237069572245041,9.769751099272689,0.0,4.0
661249,2022,0.6002881242630301,0.6751868613577798,7.8900610117232475,1.0,14.0
662565,2022,0.7167566652945832,1.585579500471691,8.958333114423704,1.0,8.0
661078,2022,0.49440899023282986,-0.8710589258310276,10.343903234462816,1.0,11.0
662345,2022,0.42732072559348866,-1.5206571557366688,9.256784138877482,1.0,6.0
662165,2022,0.5464245148830722,0.16185762348247948,9.210559891931258,1.0,6.0
663294,2022,0.4446380431493623,-1.2012175540017604,9.395292154356873,1.0,8.0
663028,2022,0.5559591499494607,-0.28254348420604336,9.843016237810229,1.0,8.0
661053,2022,0.4612431916661518,-1.3154942178114921,9.71411652052796,0.0,10.0
661715,2022,0.583285861858215,0.4855980349905134,8.697313115883327,0.0,7.0
663191,2022,0.5209604953671017,0.754677822713015,10.413941999190838,0.0,13.0
662420,2022,0.5623926604404343,-0.14088155675265798,8.027266480444457,1.0,5.0
661052,2022,0.44741627052569655,-0.783654285789459,10.209945301552407,1.0,3.0
663027,2022,0.5491464492687811,0.6214830072406662,10.352231930632968,0.0,13.0
662326,2022,0.44131679332706675,-1.0144930235498932,9.239498299371567,0.0,15.0
661257,2022,0.7043715115055679,1.3503619012755648,9.029440257580752,1.0,1.0
661714,2022,0.6653032434084354,1.9242278542904427,9.406565960777291,1.0,8.0
663200,2022,0.504359511416467,0.1730740611569313,9.988291910555382,1.0,6.0
662907,2022,0.5535206900864279,0.1483981671938994,9.138200825600293,1.0,6.0
661077,2022,0.3631788858706835,-2.321332038306828,10.745366535713128,0.0,13.0
663380,2022,0.6091683559340314,0.7707325271605612,9.342886943657154,0.0,2.0
662058,2022,0.6319703359408366,1.5813060669489758,8.507112685430954,1.0,6.0
663026,2022,0.5082314346583168,-0.03385317162685266,10.124040893884303,0.0,8.0
661372,2022,0.5053835959776418,-0.6052199834483217,8.042827290553408,0.0,10.0
661256,2022,0.7189750376036992,1.414235339697695,8.596152847579482,1.0,16.0
662477,2022,0.4225223387987464,-0.970479184828934,9.780189180506083,0.0,8.0
662435,2022,0.48745165350516934,-0.19043745332334022,8.66684022967772,0.0,6.0
661713,2022,0.7289246887871819,2.2123077870815795,8.819356255923555,0.0,6.0
661871,2022,0.48842579895167054,-0.42866869114574835,7.639769233237803,0.0,5.0
663190,2022,0.4188273061289032,-0.7588297523513476,9.328307377112997,0.0,5.0
661501,2022,0.657614578539921,2.056804444037438,9.538651873232157,1.0,7.0
662745,2022,0.5979787707833505,0.6397322615601876,8.495719738231202,1.0,12.0
661406,2022,0.6303968075973665,1.1409166296916724,8.857372558191981,0.0,10.0
661076,2022,0.35690445246964686,-2.371853089712388,10.604365922508055,0.0,9.0
663379,2022,0.5988381311470417,0.7368595819823363,9.076425028706586,0.0,9.0
662268,2022,0.5263798038906043,0.14143696560973498,8.203315998510835,1.0,11.0
662057,2022,0.6294453861411643,1.5412532565803694,8.638222643252302,0.0,6.0
661870,2022,0.5309768297421918,0.359979399156568,8.413262700117468,1.0,10.0
661255,2022,0.7223477157439325,1.4964105515053419,8.809327055750618,1.0,10.0
661712,2022,0.6846224680978349,1.6998581008013594,9.006865955164802,1.0,8.0
663192,2022,0.4511935331941435,-0.6460419593736593,10.270631624623368,0.0,13.0
661371,2022,0.4320601234491759,-1.364870532035946,9.538196103301232,0.0,4.0
663025,2022,0.5248898610270206,-0.21173180321284638,9.875387405295363,1.0,10.0
662738,2022,0.624156947537021,1.236485446881538,8.880144690831594,0.0,9.0
662476,2022,0.4340435938886448,-0.5730326220626176,9.600047167408155,1.0,13.0
662196,2022,0.5522938869838624,0.10612591875354033,7.77909836753568,0.0,11.0
662415,2022,0.49182224232855076,-0.5492160672451626,8.964248449778152,0.0,3.0
661451,2022,0.6372996214394558,1.0434370425082862,9.185142129105575,1.0,5.0
661499,2022,0.6296469509003285,1.056156247598758,9.314008321929874,1.0,8.0
662989,2022,0.35992606345881467,-2.1596734414714542,10.570725060591677,1.0,8.0
662112,2022,0.6056131573100916,1.309656152329073,9.181262021796012,1.0,9.0
663378,2022,0.5286446800246553,0.4687819367658262,9.544403283240113,1.0,16.0
661711,2022,0.6830537333429864,1.5236390626961371,9.210755537115157,1.0,5.0
662475,2022,0.44256328505663783,-0.7557386759761227,9.807057408672588,0.0,5.0
661498,2022,0.6546388656882141,1.6793926428651955,9.314687407419997,1.0,1.0
661254,2022,0.7288732853409955,1.8735914492224892,9.009829031213885,0.0,14.0
662414,2022,0.4365443436282899,-0.8306332178945527,7.844683403347646,0.0,10.0
663189,2022,0.4297457572229915,-1.2130242970484222,10.727273923050994,1.0,9.0
663024,2022,0.5292262674433582,0.06539636848143049,10.048782471029329,1.0,5.0
661869,2022,0.5717525298392501,0.3123186190206171,8.469457861657741,0.0,8.0
661370,2022,0.4812247529571218,-0.6537449004417784,8.196857552276889,0.0,12.0
662918,2022,0.5622097699762094,0.8894558781503855,9.450751673247105,1.0,5.0
661388,2022,0.6506526435362501,1.1535932916658924,8.746749622413045,1.0,5.0
662988,2022,0.37768870715204755,-2.1489398886641897,10.009921799698112,0.0,10.0
663377,2022,0.5407575925651941,0.3382158899925321,9.256572446020652,0.0,7.0
662267,2022,0.5502299431038039,0.22808597187629434,8.227180109924776,1.0,5.0
662071,2022,0.6558576936018461,1.7372247777837861,8.689672334757951,1.0,4.0
661369,2022,0.5432864836383956,0.5499108507888885,8.46569258135685,0.0,4.0
662474,2022,0.39948247978907603,-1.6520078825624114,8.893542176368816,0.0,10.0
661268,2022,0.6307274276181505,1.3168962863872045,9.298460058708581,1.0,9.0
662947,2022,0.5861642921689387,0.5333730637887613,9.330147053613935,1.0,11.0
661671,2022,0.615726791171896,1.642698107645663,10.030061406221984,1.0,8.0
661820,2022,0.5648189040625354,0.7021087375877637,8.781802130333544,0.0,9.0
662737,2022,0.6005865953243255,1.0617873676830205,8.99995517080082,0.0,5.0
661387,2022,0.6428395917993744,0.9183183506067638,8.858203764094693,0.0,3.0
662224,2022,0.6133379361270263,0.9509059621811085,8.06109531827829,1.0,5.0
662070,2022,0.515101898837556,-0.2857729938175323,7.951828368655387,0.0,10.0
662250,2022,0.6648912385467406,1.112975826437739,8.266742608363483,1.0,18.0
661368,2022,0.6069971797903723,1.032796360655335,8.386128949508148,0.0,3.0
662298,2022,0.4324639514161804,-0.8928368513358121,9.31869760473555,1.0,8.0
662529,2022,0.4079554220805573,-1.4823865046967535,8.406085656751578,1.0,6.0
661253,2022,0.6123220996305203,0.840505809692486,8.984374813187122,0.0,14.0
662941,2022,0.5523443682808385,0.40107487641696465,8.763261336903227,0.0,9.0
661868,2022,0.4652808567852911,-0.4247346000792512,7.550501536858142,0.0,4.0
661496,2022,0.5978173001383285,0.574017386547511,8.871417231668948,1.0,14.0
661661,2022,0.6503508281498971,1.5858991469251285,9.309684919022173,0.0,8.0
661959,2022,0.6384093727416678,1.2233381725108898,8.497256695001294,1.0,6.0
661819,2022,0.5057583094272199,0.03591751673026898,9.414109280106626,0.0,10.0
662736,2022,0.6372593587994061,1.0187421782412809,8.636051762267385,0.0,3.0
661386,2022,0.62645067925334,0.8764131309033325,8.768066802370077,1.0,11.0
663376,2022,0.5708275000900834,0.8300610192077147,9.161813663215735,1.0,4.0
662056,2022,0.4773837717656202,-0.5567284870062038,8.477925459540613,0.0,14.0
662220,2022,0.6370472343307401,1.0633453950676273,8.558383327325947,1.0,5.0
661867,2022,0.5002553845795991,0.029090684134477227,8.196822604163144,1.0,5.0
661500,2022,0.5389707137154904,-0.059817983859401506,8.315127694988993,0.0,4.0
661293,2022,0.6395368276672939,1.2621834166148966,8.398337836036337,0.0,10.0
662946,2022,0.6134425168647948,0.6811759017062309,8.387934581146531,1.0,11.0
661664,2022,0.6371110002742558,1.9791575464044644,9.117539437636912,1.0,5.0
661818,2022,0.5465627746672924,0.30327532273365626,9.123767815746502,0.0,9.0
662725,2022,0.6050769322933087,0.6697199525576002,9.25694350244364,1.0,7.0
661385,2022,0.6465095445475295,1.261307876143668,8.479309738386416,1.0,5.0
662552,2022,0.3940221687375594,-1.7033629767310179,9.172981518977041,0.0,14.0
661367,2022,0.6151033717295015,0.8718854776867796,8.17061681654292,1.0,3.0
662324,2022,0.45600092552591603,-0.8017176184794476,9.161327390197533,1.0,15.0
663375,2022,0.6295152791363343,1.13948672063248,9.29336359426712,0.0,4.0
662244,2022,0.6431177927496491,1.1863961311915276,8.40217974642545,1.0,10.0
662055,2022,0.47898975545039135,-0.5722303918112861,8.381053272132045,0.0,3.0
662303,2022,0.43642858966392034,-0.9698549788409175,9.24736733654344,1.0,9.0
661945,2022,0.6234188568629524,1.1430297156588036,9.166259972287797,1.0,7.0
662114,2022,0.4090848246434866,-1.2642465454852232,7.966573985242258,0.0,8.0
663374,2022,0.6036929045439777,1.1120217176070715,9.250053801099964,0.0,15.0
662219,2022,0.6856977853936164,1.1680800700536962,8.200202548807704,0.0,10.0
661565,2022,0.6736381465441441,2.0961491143604847,9.302822933260527,1.0,9.0
662975,2022,0.4010756165226812,-1.7219403400523177,9.301750602738075,0.0,6.0
662812,2022,0.48310681839535713,-0.8322598219422299,9.550702596473126,0.0,8.0
662419,2022,0.5310478212664609,0.07864885587452469,8.134915478776058,1.0,10.0
661660,2022,0.4579882488850074,-0.6466422292697364,8.11862147753124,0.0,12.0
661932,2022,0.6516451169776445,1.3135832235263347,9.11383220431952,1.0,9.0
661817,2022,0.45733666482848306,-0.34516461944805904,9.274063914118512,1.0,5.0
662651,2022,0.4870834815654287,-0.743238883497863,9.383594984465116,1.0,10.0
661063,2022,0.5714406140318481,0.36468444381855747,9.334552683509196,1.0,3.0
661048,2022,0.6220324560586634,1.057661743920675,9.91516712186246,1.0,1.0
661562,2022,0.6807272470021221,1.9472688344924267,9.198772515610722,1.0,9.0
662945,2022,0.40074411095650403,-1.4772688337565656,8.485468958780805,0.0,12.0
662811,2022,0.4484046120783105,-0.9894168726916118,8.949922987860901,0.0,8.0
662418,2022,0.5453306839738743,0.5247595417584008,8.279166590012615,0.0,15.0
661816,2022,0.4436492347981851,-0.8790228329703786,8.510575308361439,0.0,3.0
661174,2022,0.6119339900505963,0.6969542314314596,8.625402655655853,1.0,6.0
661659,2022,0.4399894562226119,-0.8249163743462354,8.491275792758408,1.0,11.0
662650,2022,0.4778815040923886,-0.14203767437586723,10.0569043730979,0.0,11.0
661946,2022,0.463205668309959,-1.514199434876669,9.478857469827263,1.0,7.0
663313,2022,0.5339773785033266,-0.052509698573511614,10.115370080268402,1.0,11.0
662564,2022,0.6215366219528657,1.1865678685518746,8.514384663870464,1.0,9.0
662164,2022,0.5757413968027918,0.518545811232721,8.230570753568841,0.0,7.0
662499,2022,0.5243438650443905,0.4376377942838403,8.723671628782368,1.0,13.0
661062,2022,0.5247524375340044,-0.033320140253741665,9.07237500656593,1.0,4.0
662154,2022,0.6074225980224642,1.0227809644156642,9.000512225910299,1.0,3.0
661050,2022,0.6394642238062259,1.8576753657485172,9.957737349275384,1.0,9.0
661561,2022,0.7138026723043519,2.1578592346835577,9.079867407385143,1.0,16.0
662856,2022,0.4291170307111654,-1.459260087933161,9.231014393442097,1.0,10.0
662937,2022,0.3925238893094401,-1.5959695209103992,9.649202651635903,1.0,5.0
661815,2022,0.46969172932213,-0.5454950381369528,9.11732035211981,1.0,8.0
662308,2022,0.46334665913371503,-1.0998056469369581,9.040519971559766,0.0,10.0
662417,2022,0.5252246515142907,-0.06328908326063004,7.999322867077531,1.0,8.0
662649,2022,0.45939206067603466,-0.8236307145579912,9.002938788033887,1.0,9.0
661662,2022,0.43053898648672806,-1.0567840793300045,9.329028159509779,1.0,10.0
661949,2022,0.5209455523763764,-0.5148441106098438,8.388705520531914,1.0,1.0
661173,2022,0.6250923714922605,1.1805830184057278,8.279252762133371,0.0,12.0
663288,2022,0.6387501360719512,0.9500601388868241,9.904248243929864,0.0,5.0
662654,2022,0.6063251862461357,1.0301984631428551,8.815803977190344,1.0,11.0
662193,2022,0.5937823150068747,0.47540512590170153,9.230250911900153,0.0,8.0
662944,2022,0.40316293782302415,-1.4055927114012579,8.160972582966844,1.0,1.0
661049,2022,0.6350606108141288,1.6662886377998796,10.110685542256096,0.0,9.0
661558,2022,0.7254515572399803,2.3705065596561576,9.008754794420247,1.0,14.0
662810,2022,0.48050867759996213,-0.8407566309616494,9.315649497354661,0.0,7.0
661653,2022,0.39311385066242444,-1.0702975798728205,8.294146236026881,0.0,5.0
661172,2022,0.6731821870498871,1.5708827987570466,8.21182768423974,0.0,6.0
662648,2022,0.45422865201582474,-0.9833911378767176,10.077188774018344,1.0,18.0
661948,2022,0.4774864238199779,-1.0821001127882335,8.084181743555689,1.0,21.0
661061,2022,0.5616874315552469,0.3482838972294755,9.559225295426511,0.0,3.0
661835,2022,0.4658794731642048,-0.6859601775475823,9.290992816201495,0.0,10.0
662332,2022,0.45946420324434983,-1.0359544116211554,8.63798926652013,0.0,10.0
663300,2022,0.5317862653020338,0.2554783355394042,10.102872127739644,1.0,10.0
662153,2022,0.5585391205491845,0.1397808814052366,9.319713404296914,1.0,9.0
662416,2022,0.5606336023515865,0.045255780121393245,7.486207953555764,1.0,7.0
662563,2022,0.5963814493276112,1.1001485843982044,9.01043972806602,1.0,4.0
661047,2022,0.42627978393800076,-1.109944771804664,9.959667517435136,1.0,11.0
662445,2022,0.6877686861552516,1.4852947542648665,8.300408278954764,1.0,6.0
661060,2022,0.6403048321656754,1.4939661300133118,9.314576692225701,1.0,9.0
663304,2022,0.6389609176629868,1.3014938181283646,10.174652795624175,1.0,3.0
662218,2022,0.5108061564216446,-0.12983706447108354,8.193270594829704,0.0,1.0
662331,2022,0.5581285535703,0.32051474011418174,9.451843541923513,0.0,1.0
662152,2022,0.47867466614279036,-0.6559542616936409,8.095673147695495,0.0,13.0
662647,2022,0.4381947664189243,-1.0369675272360852,8.580460709150476,1.0,6.0
662779,2022,0.46860619577327545,-0.9824408667496664,10.173824890046776,0.0,5.0
661046,2022,0.42316144592391763,-1.2180835936547627,9.47297626611877,1.0,11.0
661553,2022,0.6510404883420177,0.9999067410701409,8.735017273531064,1.0,5.0
662793,2022,0.42510467400095914,-1.214529921675445,9.022872532983373,0.0,7.0
662444,2022,0.6692937440106587,1.3521191033503073,8.89663255942281,1.0,8.0
663201,2022,0.41089919040455947,-1.5329551499320286,9.496478918882781,0.0,16.0
661059,2022,0.6564407950465183,1.512488150195741,9.45695810832633,0.0,11.0
662724,2022,0.6218649948430497,0.9164162715428041,9.091084266800703,1.0,12.0
661182,2022,0.5799387932130456,0.620317616009212,8.610830634231554,1.0,8.0
662979,2022,0.3977890142656747,-0.9216157540395141,10.56661051227298,1.0,21.0
663303,2022,0.6009766472427093,1.18877419834808,9.722248550204172,1.0,10.0
662246,2022,0.5229362441504093,-0.34355887071304103,7.982397164291974,1.0,11.0
662330,2022,0.5073203203858941,-0.5474821543154476,7.926625844115035,0.0,6.0
662562,2022,0.6655615374678738,1.2133514255800313,8.970425132339463,1.0,13.0
662148,2022,0.4689242881583921,-0.7203479481966092,7.807495619419781,1.0,1.0
662443,2022,0.6584390320256053,1.0579314165063822,8.890210070465363,1.0,12.0
661207,2022,0.554179311656718,0.2266692712691918,8.563148320413156,1.0,7.0
663229,2022,0.640293363237099,1.0686229473074784,9.35447682720024,1.0,6.0
662316,2022,0.5226142085344821,-0.3521811162265271,9.555439225224232,0.0,9.0
662217,2022,0.5409783623312051,-0.1186683455026813,8.483678350912038,1.0,20.0
662185,2022,0.4480530932559177,-0.8811325241935941,8.016809272757122,1.0,7.0
661557,2022,0.5721933549878346,0.8894719275427366,8.892903004578104,1.0,7.0
662791,2022,0.4484268563753034,-0.9146357206001248,9.787211852020969,0.0,5.0
663188,2022,0.40660373295657215,-1.6823714902121178,10.338690029462636,0.0,12.0
662723,2022,0.6985040529779181,1.4279129309759586,9.177539152627407,0.0,12.0
662639,2022,0.457934856173339,-0.9626058935838344,9.87942257258337,1.0,11.0
662892,2022,0.3972917577211429,-1.9254133238296702,11.072463419881569,0.0,14.0
663302,2022,0.6080817040336632,0.9819378934918851,10.146258661082907,0.0,10.0
662575,2022,0.6023344616028264,1.1219081783697344,8.718065251122363,1.0,13.0
661608,2022,0.6276692156346023,1.2027276691893847,9.339147752646099,0.0,3.0
662790,2022,0.4383899048349399,-0.8385200743802081,9.632941154438813,0.0,7.0
662722,2022,0.6598437553958786,1.5794753367244454,8.737879510319138,1.0,10.0
662645,2022,0.4538362473939629,-1.231887611054424,9.37416071272215,1.0,8.0
662891,2022,0.445830781303505,-0.6794577635241992,10.510188471166503,1.0,14.0
663293,2022,0.6615187449787379,1.4174169916671655,9.944371617876461,1.0,12.0
663274,2022,0.5344122713714331,0.37362913595742037,10.65257191584881,1.0,7.0
663023,2022,0.5520111608940037,0.7735845063937028,9.461415091623284,0.0,6.0
661366,2022,0.49769312916767383,-0.5430623406659087,7.9481989343168,0.0,7.0
662551,2022,0.4118005282273534,-1.3203221204217437,10.086249957006437,0.0,15.0
661710,2022,0.5413367120327984,0.5525300717242632,9.283932411834007,0.0,8.0
661866,2022,0.5897008252606386,0.6067555318979672,8.786749860208294,0.0,13.0
662434,2022,0.5865739565438209,0.34336237639820694,8.1354051805425,0.0,3.0
661384,2022,0.6473794531886357,1.3231135515465353,8.322543072409658,1.0,2.0
663177,2022,0.49246227022059097,-0.46995493165833546,10.35300735102824,1.0,5.0
661791,2022,0.4374000910570752,-1.0036677149759157,9.498381141573574,0.0,8.0
662817,2022,0.7016673928241778,1.685775574035174,9.026449782035167,1.0,12.0
662671,2022,0.3847475180526135,-2.0678533963417127,9.355370618174291,0.0,11.0
661947,2022,0.5466526048315938,0.26380556995792087,8.577943662265042,1.0,4.0
662978,2022,0.6025952927329309,1.1370162634252967,10.679939152438195,1.0,8.0
663373,2022,0.5326012669086347,-0.2320086703609749,9.089156868533964,0.0,4.0
662111,2022,0.6761045959062444,1.8327024652672694,8.895182546038592,1.0,8.0
661428,2022,0.4828310127917236,-0.985963370343122,8.704639617014642,0.0,7.0
661709,2022,0.5217900812452497,0.26906770248480716,8.96679041327332,1.0,3.0
661865,2022,0.5723103493246522,0.4840168971595908,8.269498695492723,1.0,10.0
663022,2022,0.5835741475082579,1.0070307463218664,10.277009618777077,0.0,9.0
662473,2022,0.3919828603135822,-1.522935957313766,9.641584305954765,1.0,7.0
662428,2022,0.5678034812908063,0.16625796022373238,7.705426526286718,1.0,1.0
662824,2022,0.729702534541624,2.0678893992120124,8.917124850181732,1.0,8.0
661383,2022,0.6510634880749252,1.2277860338696764,8.73410020915718,1.0,10.0
661360,2022,0.47712301793871453,-0.8145121235597341,8.249376279222242,0.0,8.0
662670,2022,0.3857044977491377,-2.110878664456441,9.920722219494653,0.0,16.0
661790,2022,0.5060807258129839,0.08153244679166187,9.703912129092073,1.0,11.0
663176,2022,0.401347359545658,-1.4142634814814492,9.856897006148532,0.0,5.0
661951,2022,0.5003483867666827,-0.1437992126918053,7.979418025586665,0.0,5.0
662882,2022,0.519769896398902,0.3146276916799236,10.378793416738558,0.0,6.0
662110,2022,0.7029715623915358,2.1282997071359713,8.846453876513394,1.0,2.0
663372,2022,0.4850266061321962,-0.24163484804103877,9.569604326671348,1.0,8.0
662472,2022,0.40823388757058104,-1.3849997327836896,9.177882354278994,0.0,6.0
661708,2022,0.5453935196000076,0.06599321213464472,7.972877258443395,0.0,9.0
663021,2022,0.5511344139840366,0.6747509077086056,9.919839196734301,1.0,13.0
661864,2022,0.5935197379011585,0.7796689799709356,8.642180065749741,1.0,5.0
662427,2022,0.5273564200813805,-0.06664064280770952,7.760822209228523,1.0,6.0
661338,2022,0.5062688427552609,-0.17399398233206242,8.35910139939122,0.0,4.0
662669,2022,0.4097834575226672,-1.491589009709282,9.27013213647498,1.0,4.0
662801,2022,0.7242745816742848,1.915212719442808,8.797490495198952,1.0,9.0
661450,2022,0.6570778785011686,1.8286401188908554,8.889979911778376,1.0,8.0
661957,2022,0.5270817968032792,0.03294843513153878,9.399031651544954,1.0,9.0
661789,2022,0.48235060434803045,-0.3483047432964303,9.378213723073127,1.0,8.0
662881,2022,0.5411810617179811,0.763640640678911,10.310287473077219,0.0,11.0
662035,2022,0.6869769593670998,1.9738608555365909,8.993689784105957,1.0,15.0
663371,2022,0.5051221489366339,-0.23063244614283174,9.6807544677734,1.0,6.0
663175,2022,0.4315073659332751,-1.104021771526577,10.439950621556104,1.0,3.0
662977,2022,0.6525115950586954,1.4386564156174677,8.818978607761546,1.0,5.0
662948,2022,0.661236662034561,1.7339571071525903,8.831658398266654,0.0,12.0
663020,2022,0.41371515842202905,-0.8986326985527937,10.245419092622335,0.0,7.0
661358,2022,0.495285198886902,-0.5252264152247311,7.711431892704835,1.0,3.0
662471,2022,0.4896760229112315,-0.35736756879759923,9.698591729281384,1.0,9.0
661283,2022,0.6425264251614504,1.2858054421313556,8.646834998117818,0.0,4.0
661707,2022,0.5471881055886145,0.40838357449037405,9.509457476185272,0.0,10.0
661497,2022,0.5653657790395221,0.3457428245752889,8.69640558398067,1.0,14.0
661676,2022,0.6336998776151445,1.3114518053500561,9.105958386263243,1.0,6.0
661834,2022,0.6234227294561984,0.75402491016193,9.375471736099293,1.0,3.0
661449,2022,0.45468506737978404,-0.906966456171751,9.641999308820786,1.0,6.0
661199,2022,0.49939194229705774,-0.8658170230928348,8.021089157241327,0.0,4.0
663370,2022,0.5236726757814122,-0.46781662663212564,8.878413962686777,0.0,8.0
662034,2022,0.5977442166914037,0.8598065809807706,8.85662588793334,1.0,7.0
663019,2022,0.40907927670773764,-0.9514200800832983,10.023072351169041,0.0,15.0
661357,2022,0.43871691678078384,-0.9963072763929754,8.88101961258399,1.0,7.0
662550,2022,0.5127531742061953,-0.15517275656089713,9.927343177519685,0.0,12.0
662302,2022,0.5073203826004596,-0.35659542902907404,9.002258793229707,0.0,8.0
661250,2022,0.5971228872775844,0.8115525677483487,8.682924250288998,0.0,4.0
661706,2022,0.6160165947436503,0.9278048076544293,9.000497225573495,0.0,6.0
662943,2022,0.6490560334399958,1.490787207894676,9.712896082794655,0.0,7.0
661495,2022,0.5674994233582986,0.4382495763334919,8.836828259144497,1.0,5.0
661682,2022,0.6426382765342644,1.8326698549744935,9.105279091870013,1.0,9.0
661955,2022,0.6471878991114102,1.3085749700574043,8.772001387712729,1.0,9.0
661833,2022,0.6042285539296199,0.849103844458588,9.535853853099423,0.0,6.0
661191,2022,0.542312085632717,-0.26768085931096247,7.876409124983244,1.0,9.0
661448,2022,0.48596142414874577,-0.975824384445806,8.038104878283626,1.0,7.0
663369,2022,0.48008991623789193,-0.6444431998022739,8.739565649750254,0.0,10.0
662004,2022,0.5493148155919648,0.42188239158629953,8.654245318331213,1.0,3.0
663017,2022,0.4207033150111388,-1.3300013453181379,9.69031226197469,1.0,1.0
662470,2022,0.49683118051202024,-0.40185451100869507,9.68399691609241,0.0,5.0
661654,2022,0.6486907775523771,1.2298010114778557,8.916746484517631,1.0,4.0
661705,2022,0.5750170659757432,0.6398709799161206,9.349712110931772,1.0,7.0
663408,2022,0.46304471873060754,-0.6673192320861745,9.447396981888806,0.0,18.0
661356,2022,0.48865117391196505,-0.644979764945368,8.158024366013604,0.0,13.0
662301,2022,0.47489144219437773,-0.5424786489005521,9.077544388064725,0.0,11.0
661266,2022,0.5756417990825486,0.557028402729528,8.812087330615977,1.0,15.0
662951,2022,0.6549364817735388,1.197902216288668,9.656780789170169,1.0,12.0
661494,2022,0.4911099431024688,-0.1002498163603146,8.660915146578322,0.0,16.0
661938,2022,0.6529530089458414,1.0309294735630492,8.590709374516601,1.0,6.0
661788,2022,0.6183509246277642,0.8068279937608162,9.506108531452826,0.0,9.0
661171,2022,0.43482083435982305,-1.2919887057371557,8.441071677994795,0.0,3.0
661447,2022,0.4400496296699481,-1.3772260067903608,8.2679180853594,0.0,5.0
662003,2022,0.6256789438094665,0.8547951548127309,8.564174357925495,0.0,5.0
661937,2022,0.656339715465152,1.0227809249134048,8.335607937044403,1.0,13.0
661787,2022,0.646915342771591,1.1699997795553023,9.292719342198872,1.0,13.0
661446,2022,0.43943957156949187,-1.2723325189284034,8.291146548775195,0.0,26.0
661179,2022,0.5345038633470428,-0.2951425511114252,7.559317740946908,1.0,8.0
661109,2022,0.5283718319239605,0.5369418655628995,9.92137882368447,0.0,5.0
662002,2022,0.6017624006250247,0.43217329791476544,8.517733304944498,0.0,5.0
662413,2022,0.46943457059885196,0.07369376255360917,8.789166755370525,1.0,10.0
661265,2022,0.6224420867068226,0.9455668486384251,8.904615644556213,0.0,11.0
661863,2022,0.6195985548291864,1.0540627095111614,9.208664334757842,1.0,8.0
661493,2022,0.5338671832155896,0.13023414380574327,8.380029341133792,1.0,5.0
662182,2022,0.6868223788927207,1.566380594590407,8.896430675339795,0.0,4.0
663228,2022,0.4253369951489176,-1.270695443178007,9.686213210664722,1.0,15.0
661607,2022,0.4907226221142677,-0.5425689580879478,8.307074892330343,0.0,9.0
661319,2022,0.5478094825932918,0.14970030778742763,8.318180108594657,0.0,4.0
662396,2022,0.5621282715808932,0.4597243625235562,9.18746742015096,1.0,9.0
661044,2022,0.48458073484623077,-0.37133588812420526,10.031922642268524,1.0,25.0
662808,2022,0.5128102394670343,-0.4558395656017975,9.011542366524106,0.0,1.0
661862,2022,0.702704363772522,1.6025088373455276,8.519020640575139,0.0,5.0
662936,2022,0.5104885514893136,-0.23639671349964447,8.854953604680944,1.0,7.0
661492,2022,0.5104924323894982,0.09924421548707786,8.784090200623965,1.0,8.0
661655,2022,0.5354366941457656,0.20565222692546087,9.360611132677302,1.0,3.0
662880,2022,0.4061289955002221,-1.2800753761565533,10.743759075036339,1.0,11.0
662181,2022,0.6928918412605453,1.9087477628626213,8.867022712994704,0.0,9.0
662341,2022,0.4768931691649314,-0.2626688238376334,9.862367514399367,0.0,12.0
663292,2022,0.4230443936438577,-1.0306356670352208,9.8703743815775,0.0,6.0
662574,2022,0.6816928464440118,1.2766133495762675,9.353639352094932,1.0,3.0
661240,2022,0.6310865925108571,0.74185623477443,8.313354800720031,0.0,7.0
661628,2022,0.5678496072755447,0.16426300292617566,8.603912431633583,0.0,10.0
662917,2022,0.4915892853904205,-0.7455230981264143,9.26185894025519,1.0,7.0
663116,2022,0.44990089335676653,-1.131306180507516,8.338827152933314,1.0,11.0
661043,2022,0.48831986767161345,-0.362397635096945,9.869297519186295,0.0,7.0
661861,2022,0.667117103401555,1.081418049253203,8.971891210170805,1.0,7.0
662953,2022,0.5976307533894216,0.42234065419677547,8.279872121624154,0.0,2.0
662395,2022,0.5948997600074033,0.36878478013344157,9.415064949951951,0.0,11.0
661670,2022,0.5641189868968104,0.598729685510174,9.19984908910113,0.0,7.0
661606,2022,0.48083706026601436,-0.6654031640768586,8.903835630856726,1.0,5.0
662340,2022,0.4471666244868402,-1.0590245850768902,9.338786017457814,1.0,7.0
661610,2022,0.5727150020851945,0.30502847171013814,8.457641317895673,1.0,9.0
662879,2022,0.4124813392925322,-1.0614011294921708,10.186649577392586,1.0,7.0
663291,2022,0.4470800771108395,-0.7414781035412717,10.082993321548155,0.0,23.0
662180,2022,0.6833340049598157,1.6671616095927093,8.656521504577336,1.0,3.0
662561,2022,0.6703695972107637,1.321580987098381,8.641093497341538,1.0,7.0
661239,2022,0.5761334360433579,0.24104808367012379,8.344635564336643,1.0,6.0
661480,2022,0.5698597057083991,0.4687578469419641,9.177096401217996,0.0,9.0
662300,2022,0.5439470602133589,-0.14491369491578,9.297777354461775,0.0,14.0
661602,2022,0.5234652993796294,-0.31425842948594834,8.85309862993244,0.0,19.0
662805,2022,0.4986130123256938,-0.428271567802552,7.816321131478888,1.0,4.0
661860,2022,0.6326743309806846,1.0522973670129652,9.540592538842288,1.0,5.0
661652,2022,0.5812221338871045,0.9356338467824178,8.970395811757147,0.0,7.0
663115,2022,0.457504591380706,-1.2241494096089722,8.369549122155782,0.0,7.0
662878,2022,0.4124453960053681,-1.3819505174171334,10.90755513768643,0.0,17.0
662315,2022,0.47461412230001293,-0.7731879582980793,8.494858416850711,1.0,8.0
662179,2022,0.6616547201622477,1.5976145004492255,8.845233229301835,1.0,3.0
663301,2022,0.4802515389513234,-0.9642966864735242,9.576992808590077,0.0,10.0
662600,2022,0.6302737763745736,1.3576936262301817,8.966035777465509,1.0,13.0
661051,2022,0.4750269184455682,-0.21110294504447033,9.294113020796368,1.0,8.0
662767,2022,0.46716838201963823,-0.6320675035379222,8.887375966175233,1.0,10.0
661238,2022,0.5134047297619005,0.15494834970479496,8.257186251475456,1.0,6.0
661601,2022,0.6548462911192116,1.5420680900631498,9.835820917793626,1.0,5.0
662394,2022,0.38018698351950947,-1.5165646181171133,9.284821787432982,0.0,3.0
661859,2022,0.6316971538363579,0.8670569248799428,8.683294458956402,1.0,3.0
661658,2022,0.5960918698173914,0.8859953429403342,8.825428759574558,0.0,3.0
663114,2022,0.4211562611673712,-1.5910153796784927,9.733045673892443,0.0,1.0
662314,2022,0.5386021021660559,-0.3144349553653323,9.574924725160946,0.0,3.0
662594,2022,0.6776948041234668,1.447982218833078,9.026314807898421,0.0,4.0
663163,2022,0.4089683310639603,-1.2238812386992344,9.555944729979618,1.0,2.0
663461,2022,0.46560559433207216,-0.3401672204034676,8.723044684116807,1.0,8.0
661237,2022,0.6027588908446245,0.7317043893170998,8.75870572120807,1.0,6.0
661600,2022,0.6651038570500303,1.8723902655000666,8.906075752835232,1.0,13.0
662383,2022,0.39331826490124255,-1.4784888512808962,8.864471317347284,0.0,7.0
663174,2022,0.4212797340257439,-1.443969917906498,10.373052634355602,0.0,12.0
662914,2022,0.4748906968189026,-0.908970893756007,8.882068609499527,0.0,4.0
661858,2022,0.6199257408702408,0.7113583490901921,8.909657127540761,1.0,12.0
663113,2022,0.4740906397329849,-0.7163639825013683,9.844884956420183,0.0,16.0
662800,2022,0.6594274188812592,1.356086248042705,9.108686712497402,1.0,6.0
662668,2022,0.5330432785736571,-0.039538576097474104,9.849815933234915,0.0,10.0
662876,2022,0.504456435394588,-0.14599161050002557,10.20100997905522,1.0,13.0
662213,2022,0.5185634927612339,0.07685035839369111,8.756560322517918,0.0,4.0
662339,2022,0.5216200092594644,-0.22359168202162585,9.115776899773866,0.0,8.0
662142,2022,0.6728233927098459,1.352029697000879,8.510771871030387,1.0,6.0
662605,2022,0.6053327561104086,1.1405624108057213,8.187224329487185,1.0,11.0
662371,2022,0.4271506943915876,-1.617682773184704,9.922808366836021,0.0,16.0
662916,2022,0.47218459780542205,-0.8482010029555747,9.085750644952617,1.0,7.0
662877,2022,0.49477242761883816,-0.6742659017740894,10.69242707104882,0.0,20.0
662338,2022,0.5287756670073118,-0.23585548595299743,9.419672544861944,1.0,5.0
662212,2022,0.54493530177085,0.7314799977147637,8.595176848206268,0.0,7.0
662144,2022,0.6739164411241518,1.6683220366523233,9.093631396609304,0.0,4.0
663460,2022,0.49097654626062487,-0.35001152174025335,10.08148144772685,0.0,8.0
661605,2022,0.6396880748646185,1.4147783080824228,9.185944659113332,1.0,12.0
661857,2022,0.6621661719586007,1.1230378762650068,8.669166283828641,1.0,7.0
663173,2022,0.44619413019666,-1.0855030571405326,9.858124138181353,0.0,5.0
663216,2022,0.40972791607165354,-0.8976570301307794,9.794341254038212,1.0,8.0
662640,2022,0.5427420341516702,0.0424929555080489,8.809558231599176,1.0,8.0
662799,2022,0.649159738148123,1.1586606596764892,9.036755172658955,1.0,8.0
662604,2022,0.6172722256549364,1.1528849333637883,8.703754585039201,1.0,18.0
661856,2022,0.6472126869573576,1.2411151630065367,8.581883985967458,1.0,11.0
663240,2022,0.48434262450326737,-0.060195766137833416,9.22165307079393,0.0,11.0
662141,2022,0.47748589650782686,-0.42327325923760006,9.59462603378696,1.0,4.0
661604,2022,0.6854848580905998,1.9568824348424594,8.969488057069551,1.0,4.0
663459,2022,0.4658124662675671,-0.5385958507933781,9.797665629241031,1.0,7.0
662433,2022,0.7094091407709701,1.4618436908505534,8.630634946423845,1.0,4.0
663172,2022,0.398241172476454,-1.371916966520739,9.227703411149129,0.0,11.0
662711,2022,0.6289759988262675,1.0830167138012363,8.609353067579045,1.0,9.0
662337,2022,0.4179921991167525,-1.5172886376514052,9.257344918477074,0.0,17.0
661355,2022,0.4334526009235362,-1.13146972914764,8.459447796593576,0.0,16.0
662469,2022,0.5590455935143485,-0.09340579376074118,9.22381522731308,0.0,10.0
661603,2022,0.6975363091501685,2.0640822820842666,9.264044708901968,1.0,11.0
661704,2022,0.6812688469993495,1.8119157136941508,9.100113229383574,0.0,12.0
662432,2022,0.7027072901518387,1.424592648952811,8.672693291309846,1.0,13.0
663171,2022,0.4782038477362297,-0.9823691715156526,10.1797326637129,1.0,17.0
661786,2022,0.5836538344049811,0.8763164328222146,9.839949039330085,1.0,13.0
661445,2022,0.6113080277851365,0.583348893217123,9.57892579345378,0.0,9.0
662710,2022,0.6620062844458371,1.1922146496898471,8.83930283335313,0.0,2.0
662667,2022,0.44932626274439186,-0.787413916545576,9.404044575220194,0.0,18.0
661189,2022,0.6085953515915048,0.6495042902135034,8.402610608577618,0.0,7.0
661669,2022,0.473148102570781,-0.3092340456268166,8.636982188440173,1.0,9.0
661940,2022,0.515132602133948,-0.12755067089401367,8.139666808606213,0.0,15.0
662342,2022,0.44079538653529715,-1.1988515459245725,8.474247882159998,0.0,5.0
662143,2022,0.4803977962679005,-0.38760357753294267,7.647888288220558,1.0,5.0
661703,2022,0.644147413448393,1.1870489297733098,8.056450891726815,0.0,2.0
663170,2022,0.41207878661752645,-1.6808983570530418,9.739820095443466,1.0,6.0
661599,2022,0.7137929075284507,2.3279982771390477,9.001035767445792,1.0,6.0
661354,2022,0.4994659746238667,-0.791721841763663,7.621618453942372,1.0,3.0
662468,2022,0.5539091524244965,0.11520598391565455,9.742104904766407,0.0,8.0
661785,2022,0.601685586030771,1.0785694725555608,9.648937421409679,0.0,13.0
662442,2022,0.6617179303443195,1.6051810981089616,9.334567599696221,1.0,3.0
661444,2022,0.520470593886333,-0.0570069660267589,8.554690216161326,0.0,15.0
661090,2022,0.6122339335361305,0.6587668866786955,9.252135242776939,0.0,4.0
661180,2022,0.6078892192333075,0.7469118363165667,8.554294299934018,1.0,7.0
662666,2022,0.4167516699142322,-1.0276221502084302,9.282832378767123,0.0,7.0
661657,2022,0.5146224740336237,-0.18471431612012856,8.478100938470265,1.0,5.0
661939,2022,0.5015795879577201,-0.13869258916726218,7.901891800621836,1.0,11.0
662336,2022,0.4331125397189535,-1.4667734873335885,10.128113748139524,1.0,5.0
662140,2022,0.5665463236129086,0.7435794901503993,8.636504583399374,0.0,7.0
661353,2022,0.4185006946346009,-1.2532807535783672,8.67138367824477,0.0,9.0
662467,2022,0.530875410577329,-0.13920985108964487,9.778414787801834,1.0,5.0
663211,2022,0.41190266491143307,-1.8183311120073244,9.990255735941586,0.0,16.0
661598,2022,0.7213824642135149,2.568344333512206,10.01451930285816,0.0,5.0
661773,2022,0.6550297187212815,1.3376371048392044,9.407776445096927,0.0,11.0
662446,2022,0.7227480080331031,1.5213335856783177,8.73283566481145,0.0,1.0
661443,2022,0.5992956867956596,0.7441223154215391,8.610317318107091,0.0,5.0
661089,2022,0.6733027617435341,1.3309671155979927,8.926893503370417,1.0,4.0
662638,2022,0.43102965118868136,-0.9091033866831301,10.345422998309225,1.0,22.0
661168,2022,0.5768631601643243,0.5130875288597587,8.694430678468983,1.0,16.0
661663,2022,0.47743909069088636,-0.4210958175185723,9.660367784102688,1.0,11.0
661784,2022,0.575384450674416,0.7091937254158167,9.691425716435846,0.0,17.0
662335,2022,0.44362666919016824,-1.07215454509931,9.00630067767518,1.0,5.0
662139,2022,0.544846523807864,0.20025303549922246,8.323279521730115,1.0,4.0
661950,2022,0.5653857524749258,0.5624021578593963,8.278958322464359,1.0,9.0
661352,2022,0.4773172115048785,-0.652413729759378,7.994606445922706,0.0,5.0
663018,2022,0.4083269249687598,-1.0201372872494887,10.32077382132611,0.0,17.0
661801,2022,0.6153902662185806,0.8556294795191147,9.184215895929459,1.0,9.0
661651,2022,0.5066457878076792,-0.05699564986589037,9.739460991332589,1.0,6.0
661167,2022,0.7146808363598331,1.815084640191614,8.718789070359094,1.0,12.0
663424,2022,0.4370572481722247,-1.2294542753458106,9.077856392825636,1.0,7.0
663332,2022,0.43340914612758186,-1.5664263126679803,9.97600840182395,1.0,20.0
662001,2022,0.5496291710793154,0.5130663925399961,8.47279137024961,0.0,11.0
662973,2022,0.5644459814476384,0.591151995278202,9.469599012325572,1.0,6.0
663137,2022,0.42916579727108667,-0.9935729476985822,10.197648239390624,1.0,6.0
661351,2022,0.4278872236203541,-1.1663385419935401,8.06176733889318,0.0,9.0
662466,2022,0.5613825992535599,0.08499020134629492,9.802425748925293,0.0,16.0
661800,2022,0.6848204705872364,1.5759996775257812,9.0825456745899,1.0,8.0
662426,2022,0.4796604148046868,-0.9898615846350032,8.55378858249569,0.0,7.0
662804,2022,0.44831234681571525,-1.2794451059841159,9.345226970958262,0.0,12.0
661479,2022,0.711145204730209,1.321526095274238,9.81167706308733,0.0,5.0
661648,2022,0.5253921066438704,0.04038533418948202,9.06937163712641,1.0,15.0
661832,2022,0.4106808582767785,-1.8416539990614182,9.265383642107206,0.0,6.0
661442,2022,0.6201803119488952,0.7375149909207779,8.715893054696485,0.0,16.0
661166,2022,0.6699048564587781,1.262263622251615,9.334729963628513,0.0,6.0
663437,2022,0.4313194604755981,-0.8693093972905106,9.725627487909223,0.0,11.0
663286,2022,0.44031598258535704,-1.0760311964977403,8.544629285319898,1.0,15.0
662000,2022,0.5414836213289078,-0.02957748642271165,7.594741035029922,0.0,7.0
661831,2022,0.4486242415190187,-1.3751250302812172,8.192922542270647,0.0,8.0
661165,2022,0.7114033060811404,1.7069305807563406,8.722683491562748,1.0,7.0
662033,2022,0.4621801195207665,-0.4503020234122361,8.587703054926509,0.0,9.0
662972,2022,0.5591938681466566,0.5565078423680604,8.91941047612787,0.0,4.0
662995,2022,0.41376189044153217,-1.4570884682342589,10.364510905793177,0.0,8.0
661350,2022,0.47145063658550185,-1.0498434448348624,8.201369953496414,0.0,3.0
662465,2022,0.5531287268798212,-0.3001970853728614,9.806447308060259,1.0,6.0
661779,2022,0.6777997652102529,1.5025326364599332,9.19695378021349,0.0,12.0
662903,2022,0.46129751152039344,-0.6701463072568056,9.667240289859127,0.0,8.0
662447,2022,0.5362481102424287,-0.1484414968508838,8.0838223544575,1.0,3.0
661478,2022,0.689117207596937,1.543892204219969,9.72918107277003,1.0,5.0
661649,2022,0.5507863652301908,0.10028857966130694,8.76274773969799,0.0,11.0
661441,2022,0.6181771217753055,0.9175309105755395,9.103899874405137,1.0,6.0
663410,2022,0.4641179082924296,-0.8525699982741918,8.46766551654059,1.0,5.0
663312,2022,0.4360298616652674,-1.4573918927946565,9.69167713257738,0.0,20.0
662785,2022,0.47065813089556413,-0.9752038188012784,8.508555473896168,0.0,7.0
661440,2022,0.6640533188720016,1.2329915840912709,9.324620862510365,1.0,8.0
662491,2022,0.58034933460969,0.2869254061918365,9.624529963764415,1.0,12.0
662410,2022,0.47824708602960087,-0.9060507373788408,7.753813157907697,1.0,8.0
662971,2022,0.5737468347582979,0.5078845453056189,8.537249645126392,0.0,3.0
663210,2022,0.5855762798852525,1.1159120206274664,10.105394436277384,1.0,17.0
661477,2022,0.6991793032445472,1.3304727337648958,9.510500336895397,1.0,3.0
663290,2022,0.451237505242466,-0.9537069961178177,8.504330523444782,1.0,5.0
662356,2022,0.43236813652145295,-0.8758358273551115,8.867489485560933,0.0,4.0
663133,2022,0.5416423313975339,0.3915883266202574,10.186930579224388,1.0,5.0
663356,2022,0.6301504885028715,1.7112878114633754,9.75864165900181,1.0,7.0
662409,2022,0.6947896998267609,1.8904833471034308,9.271546964935622,1.0,10.0
663212,2022,0.5709910079131751,0.8381630218024512,9.970348841075513,1.0,10.0
662915,2022,0.607874137241875,0.35540066379853,9.369170567173887,1.0,9.0
661855,2022,0.5395774362854928,-0.2775899226151732,8.350629382578294,1.0,9.0
662961,2022,0.47424161894630906,-0.3630868622769379,8.476378448459828,0.0,7.0
661476,2022,0.6628536224286072,2.116268421495148,9.061905227956796,1.0,9.0
661439,2022,0.4923879419114172,-0.09252506945202969,8.241505512749416,1.0,7.0
661920,2022,0.6692527755790231,1.4263694958111366,8.978026619452594,1.0,8.0
663428,2022,0.4142021407230422,-1.337374951272084,9.036060066445083,0.0,6.0
663285,2022,0.452384270587882,-0.8297470548463863,10.054405570903658,1.0,3.0
662603,2022,0.6102933428916162,1.2982898409771169,8.58112307704996,0.0,8.0
662032,2022,0.5036075377719257,0.19070422523508884,8.559154212220589,1.0,14.0
662031,2022,0.4688830632206256,0.18673602956778812,8.98542446321639,1.0,9.0
663214,2022,0.5912323119352554,0.6509926423796089,10.067560514969097,1.0,8.0
662803,2022,0.5946122943239642,0.5630424329184196,9.513829832535961,0.0,14.0
661854,2022,0.5384027301299412,-0.43544953472175096,8.369472443113176,1.0,3.0
662286,2022,0.4281868491799258,-0.6252263913522657,8.322410643791516,0.0,5.0
663355,2022,0.667850069152715,2.0254290918198934,10.097335414701508,1.0,9.0
662425,2022,0.7165721439423056,1.663259274637973,8.85643944676509,0.0,8.0
662963,2022,0.47320847617534384,-0.4300722716005867,8.137361317832827,0.0,4.0
661928,2022,0.6933687644076619,1.6006565702054385,8.97548115586931,1.0,12.0
661438,2022,0.5133753120804697,-0.3568277439937447,8.167250968120381,1.0,13.0
661475,2022,0.6611446608479874,1.8942259445504046,9.583606202384665,1.0,3.0
663321,2022,0.4393613905562374,-0.8372536355403974,9.371558072898305,0.0,14.0
663436,2022,0.4621130141112056,-0.9312208692202979,9.000765417319563,1.0,3.0
662597,2022,0.6590187619328873,1.3708722696705484,8.81608130586599,1.0,13.0
662299,2022,0.4108714704437004,-0.9972515065133141,9.211677887110788,0.0,7.0
663107,2022,0.5990567540858833,0.8099827290774776,10.061477387603054,0.0,12.0
663108,2022,0.5262306534099511,0.23850335656924507,10.231006328993514,1.0,10.0
663213,2022,0.561481593201006,0.6396673345046838,10.03464594152577,1.0,7.0
661474,2022,0.7064488069801301,2.3619294270949327,9.359134576735023,1.0,8.0
663354,2022,0.649607784031431,2.077214026843166,10.215071997104959,0.0,5.0
662424,2022,0.6845503792940394,1.4189517619824352,9.10251421709601,0.0,8.0
661853,2022,0.5003603708952619,-0.6627204235642361,8.51190332694384,0.0,3.0
662786,2022,0.5926749960458924,0.7078482257197299,9.409938812313364,0.0,5.0
661437,2022,0.5272472458463686,0.32466489047395614,8.772870452864973,0.0,6.0
661927,2022,0.6765229892834287,1.3887869321375232,9.444342219708236,1.0,2.0
662962,2022,0.4601223150167478,-0.7082659670097743,8.963891699988974,0.0,9.0
662030,2022,0.5369458772113294,0.13963190502262726,7.997782902698058,1.0,8.0
663435,2022,0.4325344379132806,-1.30466395497308,10.018315151675985,0.0,10.0
663311,2022,0.5059166596141149,0.31287368474608807,9.656729646322372,1.0,6.0
662599,2022,0.6565424767023957,1.518023446638873,8.895530350284183,1.0,13.0
663353,2022,0.4595969714270886,-0.8633270948151466,8.674899220377359,0.0,10.0
661236,2022,0.6182437358972112,0.694548595969663,8.799072345944525,1.0,7.0
661045,2022,0.44460801751753853,-0.7902874372141747,9.804735848763798,0.0,12.0
662860,2022,0.46017378753007654,-0.33784371080981657,10.387299088286099,0.0,10.0
661852,2022,0.5494211366627401,0.21879026171202048,8.674057887528496,1.0,7.0
661926,2022,0.6885455254211337,1.776202090856462,9.2001064285463,0.0,6.0
662211,2022,0.5954552093571817,0.5709811201464837,8.480031547893324,0.0,5.0
662121,2022,0.5177535165219038,-0.323569552920928,9.424210635959628,0.0,5.0
661088,2022,0.6439058691489968,1.2236441359181252,8.72036366170409,1.0,1.0
662646,2022,0.46802404522691754,-0.6476526313935874,9.161574833493992,0.0,11.0
663434,2022,0.6310695882883997,1.2322610813489805,9.55506877217614,1.0,10.0
662602,2022,0.6100073143301896,1.0630140796151764,8.672783394437607,0.0,11.0
662282,2022,0.4642595314387781,-1.085594078470961,9.561468922590379,1.0,10.0
662043,2022,0.5853311353245947,0.4051166438063467,8.061126529291553,1.0,12.0
661597,2022,0.6634262505914892,1.658374400942516,9.04975917135875,1.0,5.0
663458,2022,0.43878419087185305,-0.9105274945055386,9.495103785139214,1.0,15.0
663242,2022,0.5902674630316302,0.8349668170721415,10.133297828308196,1.0,12.0
661925,2022,0.7053212564089866,1.8828823257111844,9.05911693647691,1.0,5.0
661087,2022,0.6939620278670396,1.4235047348230643,8.845937702681123,0.0,7.0
662644,2022,0.4481434668731961,-1.2343578813142386,9.683582085358319,0.0,5.0
662859,2022,0.4241850761785876,-1.1692055549087512,10.191584126816089,1.0,17.0
663407,2022,0.6169923491594544,1.0307193972320248,9.296307121851692,1.0,9.0
662205,2022,0.5730853089064862,0.1127066660399165,7.9676568897517255,1.0,11.0
662313,2022,0.39129888741632723,-1.8252485430310665,9.542917329713895,0.0,19.0
662138,2022,0.5597574587476667,0.3134826884284208,8.288077248840208,1.0,3.0
662601,2022,0.6475892124803885,0.9659620942654356,9.094294270374087,1.0,9.0
662283,2022,0.4633540454643736,-1.3075312975320843,8.764024953352575,0.0,6.0
661251,2022,0.6046232813483545,0.9923457525777644,8.918235577800367,1.0,9.0
661235,2022,0.6512668417179834,1.2156361364120183,8.62810169796207,1.0,8.0
662871,2022,0.4421754722147599,-0.89006556761098,10.92349585096475,1.0,12.0
662312,2022,0.3956267934916456,-1.8618294469515493,8.224130079599902,0.0,10.0
663409,2022,0.6746713407066014,1.6154820019274314,9.352865677170673,0.0,9.0
662137,2022,0.5924685165958307,0.5239356236664201,8.32174705675954,0.0,15.0
662582,2022,0.6718433471817061,1.1008707616436044,8.590285316423929,1.0,10.0
662285,2022,0.4242042422839213,-1.3188287438088142,8.201971153330392,0.0,10.0
662065,2022,0.6084947979156758,0.28316863055821523,8.003623307030491,1.0,1.0
661596,2022,0.6248683535848262,1.805955843058168,8.851145709926497,1.0,7.0
663457,2022,0.43192156826398526,-1.2822678166324286,9.499940155479953,0.0,5.0
663168,2022,0.6061785408216894,0.7295141769525305,9.524272891605188,0.0,8.0
661924,2022,0.6970389943130536,1.5540468899102284,8.969917505422915,1.0,11.0
662643,2022,0.4780985832882555,-0.8486339615951495,10.425542844995396,1.0,3.0
661086,2022,0.6745602242191124,1.838904847246336,8.870248195643846,1.0,7.0
662216,2022,0.6035842361282007,0.5675090820280666,8.228572557390955,1.0,9.0
661923,2022,0.6954164806657884,1.6464726084042969,8.971085222697358,0.0,17.0
663241,2022,0.5894237856751545,1.0234203843597205,9.817219778959126,0.0,7.0
661219,2022,0.5831110131545136,0.38587296658518594,8.119334931881,1.0,3.0
661233,2022,0.5896331551174613,0.5071963371169865,8.4528214617261,1.0,6.0
661595,2022,0.6121983409736553,1.7670245577634014,8.78666457768657,0.0,11.0
661252,2022,0.6349224909242035,1.1918826528269952,8.469374534876431,0.0,7.0
662334,2022,0.48473800300251774,-0.7147073250014793,8.793343991401343,0.0,16.0
663217,2022,0.45240314568372364,-0.8005354023958694,8.271513697947844,1.0,6.0
662284,2022,0.4134808281641766,-0.9314207755496153,9.644446312386268,1.0,10.0
661337,2022,0.42549374369912,-1.19528012486802,7.859567279686478,1.0,9.0
663456,2022,0.5069721823877726,0.24120037361825955,9.580845537516034,1.0,5.0
661594,2022,0.6776221545242264,1.8794669966320356,9.857892500223846,1.0,8.0
661234,2022,0.5735627657551978,0.2617498940175327,8.396693426011604,0.0,6.0
661830,2022,0.39904983363177765,-1.6645992592044505,9.680233709041072,0.0,7.0
661085,2022,0.6672351507016411,1.3659361640169538,8.811238187850346,1.0,7.0
662637,2022,0.6197447178923693,1.0340476357914994,9.459799021372293,0.0,12.0
661650,2022,0.4897081275843361,0.04289007771090323,9.775425946717757,0.0,13.0
661185,2022,0.557814951484119,0.29765142285834023,8.878340261959222,0.0,10.0
662870,2022,0.5307469874238895,0.2521076551354213,10.322396245601656,1.0,23.0
662136,2022,0.4751561994368072,-0.8049126447604891,7.396862193762667,0.0,10.0
661850,2022,0.42530848281845235,-1.2113824342294273,8.15314066335012,1.0,9.0
662333,2022,0.44319518478129877,-0.7888837384032815,8.94884748686492,0.0,8.0
661282,2022,0.5432796742386722,0.24021027548162366,8.986322479584736,1.0,13.0
663127,2022,0.4872544854275833,-0.5395126326063012,8.964897963358164,0.0,7.0
662322,2022,0.42813401835539017,-0.9393720810249013,8.918939927187864,0.0,12.0
662636,2022,0.6029185109488617,0.8393552081753005,10.039773954683085,0.0,12.0
663455,2022,0.49326170734892416,-0.31256656141820927,9.865350265886383,0.0,21.0
661593,2022,0.6765962147271852,1.8522276721688786,9.001499114470011,1.0,13.0
661323,2022,0.4704186662258189,-1.0917904051121763,8.427908176625476,0.0,14.0
661841,2022,0.40112360455842944,-1.4679339993687055,9.604178949616928,0.0,18.0
661084,2022,0.5972193336580164,1.1545692214678485,8.303630245390615,0.0,7.0
661665,2022,0.4761974061415041,-0.04242005336727139,9.452549660068275,0.0,10.0
661175,2022,0.5994602629821325,0.5833314839450773,9.854407068933014,1.0,6.0
662265,2022,0.42049660910898323,-1.1594253039816331,8.920608049156886,0.0,12.0
662869,2022,0.5112831594932513,-0.149509996221611,10.640925188380256,1.0,5.0
661849,2022,0.48530955454149755,-0.8101166530163156,8.262301403509227,0.0,12.0
662088,2022,0.450715886183879,-0.9459198054016338,8.188210333592268,1.0,4.0
663264,2022,0.5070332680697865,-0.1026810396191901,9.451458116848146,0.0,1.0
661592,2022,0.6917980681727613,2.1419175201370995,8.97079120961658,1.0,12.0
662325,2022,0.43639258152077803,-1.4056792023556668,9.507740814071592,0.0,7.0
661232,2022,0.5855004162156959,0.9137452339467448,9.035804701684587,1.0,14.0
661322,2022,0.440392291701549,-1.169667659041543,8.843769145575564,0.0,12.0
661083,2022,0.6574839429790628,1.3487174251954857,8.844372421009624,1.0,16.0
662635,2022,0.6119889394953348,1.2649333935268912,9.209354393560286,1.0,4.0
661647,2022,0.43139755708646155,-0.6853127775192589,9.392344289777606,0.0,5.0
661176,2022,0.6386145144236152,1.088114901666543,8.374862251016378,1.0,13.0
661839,2022,0.4749622220891982,-0.4728344316197224,8.977496506304952,1.0,5.0
662868,2022,0.5047282801955189,-0.29987974730407346,10.158063576476298,0.0,18.0
662323,2022,0.4370335218120313,-0.4191593037924777,9.743842649451343,1.0,13.0
662120,2022,0.4672446436083061,-0.8818637705482126,9.373670562474418,1.0,15.0
661848,2022,0.4811158031151473,-0.5664299702581801,7.720990683964178,0.0,13.0
663130,2022,0.49782058561925396,-0.5451917491826862,10.198537760337077,0.0,6.0
661420,2022,0.6073645514556937,0.6718547830624082,8.523980798026347,0.0,5.0
662970,2022,0.5830269586687647,0.3787739956700264,8.706213481949055,1.0,9.0
662782,2022,0.432731714145417,-1.5630235927671399,8.51706602898121,0.0,7.0
663085,2022,0.6190787154236811,1.2073854667899229,10.19524453802624,0.0,9.0
661799,2022,0.5470260308174808,0.36958461287613015,9.072414672274151,1.0,5.0
661419,2022,0.5679263736046412,0.39020043564729595,8.471404450246453,1.0,16.0
662423,2022,0.6979988203290992,1.511945299436635,8.557891356568268,0.0,7.0
663324,2022,0.4206312762681898,-1.3516425157527956,10.145784517833016,0.0,6.0
662029,2022,0.4454086717778646,-1.0456479136268624,7.6062568124695416,1.0,5.0
663158,2022,0.601751211677847,1.1000471790547683,10.223247293965095,0.0,7.0
661840,2022,0.48683785352075376,-0.1749363449600515,8.793976693112263,0.0,6.0
662965,2022,0.5658613820149102,0.45210272197919854,8.657819315938344,1.0,4.0
661320,2022,0.4837635553837484,-0.3109050393206841,8.290167159295816,0.0,3.0
663106,2022,0.6317989073245507,1.2922056123437662,10.025476432828079,0.0,1.0
662787,2022,0.4371098230068462,-1.5183782813177291,9.781675973344585,0.0,9.0
662464,2022,0.4774905414699505,-0.835125430442826,9.690841817732212,0.0,7.0
661798,2022,0.5879644574770072,0.6870350547159484,8.764607239229065,1.0,9.0
662430,2022,0.6918828256294809,1.6609988652931542,8.61504638870342,0.0,5.0
663160,2022,0.41560651899833845,-1.6962435607430542,9.220138544909258,0.0,13.0
661645,2022,0.6073392004872796,1.1752388400461549,9.024642684073022,1.0,9.0
661922,2022,0.5892679763125644,0.2938613318275415,8.33713856682651,0.0,12.0
661838,2022,0.6073725124019491,0.5484142467410063,10.115134452375468,1.0,15.0
661436,2022,0.5966295900088902,0.5939207878493847,8.742301712731154,1.0,6.0
663323,2022,0.4160359132104521,-1.6496715155381794,8.809208656275345,0.0,4.0
662119,2022,0.5133648981253466,-0.1899865126047922,8.396085178154372,0.0,2.0
662028,2022,0.44006666208204975,-1.28133678720254,8.597176305264828,0.0,6.0
663006,2022,0.6222884085905551,1.3664714584337867,10.059710295852936,0.0,14.0
662969,2022,0.5586808925881549,0.21071317211527152,8.838482150348266,1.0,8.0
662792,2022,0.43818918080543484,-1.3817484825389232,8.065881420589106,0.0,3.0
661435,2022,0.6432825699583665,0.7946128029552985,8.31620834724784,0.0,3.0
662027,2022,0.49528725838073595,-0.503448552501428,7.489438559673206,1.0,5.0
662118,2022,0.5798404668737016,0.4229514793165861,8.53563998746526,1.0,7.0
661336,2022,0.4423664227031361,-0.6452977123272012,8.79097833189878,0.0,7.0
662463,2022,0.47914970389790107,-0.6308086422025669,10.132396183720017,0.0,8.0
661770,2022,0.5244150575983754,0.09087852446205336,8.799864056246758,1.0,6.0
662422,2022,0.6695076794207179,1.8736565920085977,9.188051381686527,0.0,9.0
663159,2022,0.4648992733157239,-1.2849523936669736,9.927667665716605,0.0,8.0
661646,2022,0.6669645661783384,1.9484671598598826,9.153729929740297,1.0,4.0
661921,2022,0.5374170456763996,0.2468322840481396,8.235677279632112,1.0,5.0
661829,2022,0.637166830739451,1.015091961689928,9.521418111324605,0.0,15.0
663322,2022,0.39605203855366033,-1.7482104949175774,10.447516463352407,1.0,8.0
662974,2022,0.5064658047954226,-0.25363465060188195,8.931159636934186,0.0,10.0
661822,2022,0.5658745420311216,0.11146848807728318,8.161267464376541,0.0,11.0
661321,2022,0.4588433467082633,-0.10153418715616491,8.217504420659301,1.0,8.0
662398,2022,0.7013888825843634,1.5833860279669278,8.97865522260898,1.0,8.0
662709,2022,0.7312371292989006,1.8519827497016699,8.970887957169706,1.0,7.0
661644,2022,0.6144736129240728,0.9893319956606148,10.06721841328062,1.0,5.0
661919,2022,0.6900940809478526,1.4621615647619628,10.11784144329626,0.0,5.0
663284,2022,0.4554821335893082,-0.5393091949886509,9.697339335144733,1.0,4.0
663126,2022,0.6150181110858217,0.6798674375877346,9.232576063424027,1.0,3.0
662490,2022,0.5535876426312192,-0.4819618344807494,9.569204218242158,1.0,9.0
661776,2022,0.5590108854705003,0.4997048849602626,9.28616537587863,1.0,9.0
663209,2022,0.6682762516767737,1.7862092867934976,10.358589465685133,1.0,3.0
662064,2022,0.6147927871554517,0.8544973121993565,8.550823919779223,0.0,7.0
662959,2022,0.5316044458890774,-0.07528728250331305,8.537465312351292,1.0,7.0
662404,2022,0.6848321271754858,1.0476097955540709,8.792592253662443,1.0,7.0
662781,2022,0.4615159624242763,-0.7885592032958951,9.486113079484245,1.0,5.0
661473,2022,0.6186461135272073,0.7677263179193176,8.997033775898284,1.0,9.0
661164,2022,0.43013677584158727,-1.4302337822802051,9.371295164864668,1.0,13.0
662740,2022,0.7438576245034814,2.012380455551666,9.207718936699074,1.0,5.0
661953,2022,0.6455418599375653,1.753253177762864,9.077897017349873,1.0,11.0
663427,2022,0.4275360912350532,-1.5885140687505415,9.721441931799593,1.0,15.0
663283,2022,0.46470946166145344,-0.863180349165111,9.958948259028114,0.0,15.0
662026,2022,0.49929633561978265,-0.6845113332621122,8.09206238853184,0.0,5.0
663141,2022,0.5802756004140374,0.22024087018612892,8.23459317984098,1.0,6.0
661965,2022,0.6697586045099762,1.476754050164038,9.680897077668837,1.0,6.0
663129,2022,0.5718199540257398,0.8061182381752144,9.152045081644523,0.0,4.0
661769,2022,0.5776777296264878,0.400368304876965,9.216334530045911,1.0,9.0
662462,2022,0.5694708738816653,-0.10957639908771835,9.628031131655776,1.0,8.0
663208,2022,0.6596561073613156,1.3798975152979371,10.170423813562126,0.0,9.0
662015,2022,0.5886077543615286,0.9153436266355943,8.484246718938977,1.0,6.0
662784,2022,0.4862955867722462,-0.3439970331022394,8.365135227822705,0.0,7.0
662403,2022,0.7010100669684957,1.5129990286043122,8.839248667919072,1.0,6.0
662823,2022,0.6932139912450047,1.5248721075291924,9.29973381107354,0.0,13.0
661163,2022,0.5115391790710123,-0.2360422171491645,8.150799474717365,1.0,5.0
662958,2022,0.5333311002387601,0.2333350878431158,8.923884997161345,1.0,13.0
661952,2022,0.7015498039473549,2.062022009082537,8.794369911334144,1.0,1.0
661472,2022,0.531258276408482,0.36550794753912563,8.82588938579245,1.0,7.0
663289,2022,0.48050221669711235,-0.3722044172267989,9.60430077087013,0.0,2.0
662024,2022,0.43009095831839106,-1.2459665359357528,8.489796033984877,0.0,9.0
663426,2022,0.47802419752639025,-0.9713826242616586,8.88121484237175,1.0,3.0
662783,2022,0.44937727765330565,-1.0224343665808593,9.752264834222224,0.0,16.0
661994,2022,0.6485002896897071,0.9829460962535065,8.430314607049564,1.0,8.0
661471,2022,0.6293899314070031,0.6936771061743501,9.323686477332872,1.0,7.0
662461,2022,0.5506723888518061,-0.22097045799823128,9.661367674352194,0.0,4.0
663207,2022,0.6243817579491513,1.2917205116635413,10.244521412837553,1.0,16.0
661780,2022,0.6336161347564154,0.9355888731176135,8.754747447020323,0.0,9.0
662402,2022,0.7105153322978811,1.7503708346120554,8.541274139137778,1.0,10.0
662968,2022,0.49301916994866524,-0.2533454644399693,8.986219513120476,0.0,3.0
662822,2022,0.7407227550561227,1.9935076690625595,8.937861546138327,1.0,13.0
661162,2022,0.4299743688356046,-1.4051076912308025,9.35005939616027,0.0,20.0
661930,2022,0.7256217954649388,1.8784569112741687,9.229337875610314,0.0,3.0
663112,2022,0.5756002420726201,0.4555052412980933,9.273628111349874,0.0,7.0
663425,2022,0.46340527407629795,-0.6337621652966373,9.579562334502713,1.0,6.0
663287,2022,0.4532703206063802,-0.566448283937908,9.297187003454454,0.0,7.0
662025,2022,0.4728599692328617,-0.8388433036488219,7.861006674572789,0.0,7.0
663044,2022,0.5138849900011769,-0.2573245448291389,8.721900007336654,1.0,15.0
663423,2022,0.4455492438023898,-1.4338188689232945,9.203070428905859,0.0,10.0
662013,2022,0.5202134075558267,-0.31936085223952154,8.142145830638825,0.0,4.0
661299,2022,0.5630528543601365,0.5603920642862243,8.887221052139454,1.0,13.0
663263,2022,0.6253247748416726,1.4055127914819983,10.239955613876543,0.0,11.0
661470,2022,0.732173638313149,2.1976378995428973,9.7801461520381,1.0,7.0
661161,2022,0.48899718419959676,-0.9498523746945903,7.558781200111772,0.0,9.0
662886,2022,0.4347026873946136,-1.343410761659991,10.419561317047663,0.0,17.0
662622,2022,0.6996293925824544,1.458570756073723,8.74452271830732,1.0,7.0
662621,2022,0.6597340365792219,1.1690610316419265,8.71757669138902,1.0,11.0
661298,2022,0.589562031849984,0.9385404237003615,8.221965206455096,0.0,3.0
662012,2022,0.5204654961427841,-0.43800493793537093,7.47310114364141,0.0,5.0
663104,2022,0.49897144550155603,-0.4201255800836667,9.991060873020253,0.0,8.0
661591,2022,0.498434728953332,-0.03272617382464307,9.131643402576138,0.0,29.0
663262,2022,0.6363978109146068,1.680509912891961,9.474213745200858,0.0,5.0
661229,2022,0.7364774889237182,2.292391682258174,8.857817567580502,1.0,17.0
661469,2022,0.7286901247512635,2.0132931131061342,9.447033641962408,1.0,5.0
661159,2022,0.46075166287099306,-1.4259935877061312,8.641571983970094,0.0,12.0
661837,2022,0.4967650426107281,-0.32585629751219886,9.556500708047963,0.0,7.0
662634,2022,0.44585129791140915,-0.15328115482001822,10.040013593051556,1.0,9.0
661434,2022,0.5298103506123912,0.27780905924802446,8.503679252432908,0.0,17.0
662867,2022,0.46403011744079764,-0.9085939878877086,10.62798860343411,0.0,9.0
662204,2022,0.4707249544012867,-0.7818281856127592,8.766672460837347,1.0,5.0
662321,2022,0.42595189970441877,-1.4246897328403987,9.691099403555466,1.0,5.0
662607,2022,0.6477438574183403,1.1102357150204119,8.763128805432547,0.0,7.0
661468,2022,0.7260392292243587,2.242259112335799,9.675910649094824,0.0,5.0
661158,2022,0.4418483601179646,-1.5759738768048692,9.473541152858592,1.0,6.0
661070,2022,0.4538797215313398,-0.5808074687580146,10.123919966587517,1.0,6.0
662011,2022,0.46872979539372644,-0.8270100926097353,8.13770239157137,0.0,7.0
661297,2022,0.5524699717020343,0.09873803085673988,8.777848519466083,0.0,7.0
661588,2022,0.5081295839879335,-0.18624822120520032,7.850704442007929,1.0,7.0
663261,2022,0.6122211442813249,1.2491099756828599,9.919490676582827,1.0,9.0
661228,2022,0.7150078446818692,1.7522871240007092,8.789531089664159,1.0,16.0
661783,2022,0.538058467257563,0.4087897144469909,9.345236666060156,1.0,9.0
662633,2022,0.4424452045102259,-0.6807742095802805,9.522694694140089,1.0,7.0
661433,2022,0.5094249458831158,-0.0643952693671448,8.83218848542711,0.0,10.0
662899,2022,0.4287396096010585,-1.069606302207196,9.97409163704718,0.0,7.0
662320,2022,0.43709299750280356,-1.341849645093998,8.974155706660198,1.0,3.0
662203,2022,0.5452941674978963,0.31709910098731325,8.68837703307703,1.0,1.0
662606,2022,0.6636815677070166,1.1537975729952195,8.627403188343118,0.0,7.0
661806,2022,0.5910240305721676,0.8416325497510022,9.303261546015918,1.0,8.0
662632,2022,0.4642485712425053,-0.4983502062096107,9.897863089745204,1.0,5.0
662898,2022,0.4625212684210197,-0.8516129909575554,10.609012236658065,0.0,3.0
662306,2022,0.44563395596611094,-1.3967695339317592,9.351824842886671,0.0,14.0
662202,2022,0.5603621281533556,0.1421977213304806,8.502738932552266,0.0,9.0
662264,2022,0.5597123014855735,-0.19220653130294674,9.007113879558936,0.0,5.0
662041,2022,0.4891975181255968,-0.00038369642656566836,8.596103727229229,1.0,15.0
661069,2022,0.43727605686358656,-0.8531012113074393,8.897943397131206,0.0,6.0
663260,2022,0.40533518018396025,-1.42007440822511,9.273941475646406,1.0,2.0
661609,2022,0.4524484536928452,-1.1831949672523225,8.586433783465173,1.0,1.0
661243,2022,0.6140198757642432,0.8150481102845274,9.053898358284025,1.0,9.0
661432,2022,0.44830095712188517,-0.49702061806408027,8.866880356472308,0.0,6.0
662586,2022,0.6673292334221794,1.3293622312645588,8.72126283053902,1.0,5.0
662263,2022,0.5130591412306578,-0.3353927674909816,9.631981106697229,0.0,11.0
661296,2022,0.6163795130163768,0.9182372752304079,8.720147280706419,1.0,7.0
661068,2022,0.43900423502840014,-1.0129873491307644,10.258621012694434,0.0,8.0
663259,2022,0.42206756965386416,-1.0441998160783788,10.039876945714779,1.0,6.0
661587,2022,0.510288281287455,-0.18601892154913874,8.913396239145039,1.0,10.0
661222,2022,0.675740926095831,1.1894998030361335,8.083842300837327,1.0,9.0
662040,2022,0.5619313063512608,0.3710462739076219,8.002406962257405,1.0,16.0
661807,2022,0.48182242260709673,-0.3721455994743143,9.604895750932208,0.0,9.0
662897,2022,0.4376358156705678,-0.7965557507449098,10.247065143289708,1.0,7.0
662642,2022,0.4803249263910939,-0.18060261119828414,9.36866313937822,1.0,6.0
661668,2022,0.5149618406809846,0.0131480195272239,7.67810146692746,0.0,6.0
661431,2022,0.6328935015784638,1.257245380609799,8.532753434609242,0.0,8.0
662305,2022,0.4065605157107703,-1.680831804292354,9.607103724016044,0.0,11.0
663282,2022,0.4532719267435483,-0.9784592762506376,9.235670871489258,0.0,11.0
662585,2022,0.5974003514296347,0.8376803533712261,8.751987274787773,0.0,11.0
661221,2022,0.6047862883819833,0.9344689743244083,8.782914963858776,1.0,12.0
661586,2022,0.46043217593239283,-1.318152639105489,9.332811653407404,0.0,9.0
662311,2022,0.40550957019950923,-1.5214586161276824,8.140029184278772,1.0,14.0
662039,2022,0.5454439317109426,0.1701322511493836,7.9125786735556725,0.0,4.0
661295,2022,0.6418411015714566,1.0987170653387646,8.551686933895397,1.0,5.0
662249,2022,0.4928877261952872,-0.3111346027537762,9.267132933006035,1.0,6.0
661067,2022,0.4502196202977262,-0.8966968539107439,9.760616153270439,0.0,12.0
663258,2022,0.4307329959500169,-1.307987416237226,9.257730364030165,0.0,21.0
661805,2022,0.43521415815402714,-0.6072542157036306,10.548502959381452,0.0,6.0
662641,2022,0.4616018495860401,-1.4044745301187436,10.203269634598222,0.0,11.0
661656,2022,0.5581438314874478,0.5080817144620936,8.656047257438967,1.0,12.0
661430,2022,0.6376014273047526,1.3327675268583254,9.24065414918702,0.0,9.0
662866,2022,0.43323106000648987,-1.129004003285779,10.554452824925017,0.0,12.0
663281,2022,0.48784108727918307,-0.4728562611839483,9.302795591303168,1.0,7.0
662584,2022,0.6498908550225556,1.3169480540677208,8.858336000467986,1.0,8.0
663454,2022,0.40226680269894216,-1.286467802880849,8.885139665964644,0.0,9.0
661585,2022,0.43264163621510354,-1.3486194454929097,8.525795870504622,0.0,15.0
662063,2022,0.5774797319731193,0.15306906000532813,7.875488870405892,0.0,8.0
662243,2022,0.5267213046839213,-0.15676786020164815,8.919823033103292,0.0,11.0
661294,2022,0.5999780625737628,1.0139643781552765,8.958517206040135,0.0,7.0
661066,2022,0.45150272307369343,-0.8284934383216864,8.743479041225722,1.0,3.0
661429,2022,0.6634516035888773,1.628706578669821,8.669557676630962,0.0,5.0
662631,2022,0.4309490868719458,-1.3436947210798724,9.04993751439688,1.0,25.0
661667,2022,0.5372305022550136,0.0650740987230523,9.67912108578679,0.0,13.0
661828,2022,0.41268336641786846,-1.4147253160505306,10.237636765173226,0.0,14.0
662865,2022,0.4404348423989575,-0.7194821707989776,11.000142694242598,0.0,19.0
663280,2022,0.4988013273634021,-0.07931231237226824,9.450470232315048,0.0,5.0
662310,2022,0.39868429258327487,-1.5378166287481314,9.014348017845258,0.0,17.0
662598,2022,0.5647216867406057,0.9650087156341088,8.968866538893147,1.0,5.0
661220,2022,0.6507627338600634,1.0164926759646975,8.183366396389808,1.0,2.0
662242,2022,0.5718648754423616,0.23395632388182488,8.81899815972097,1.0,11.0
662460,2022,0.4131099023840502,-1.4416699747644768,10.107440443907532,0.0,8.0
661768,2022,0.5479359939884242,-0.4016417519911091,8.585200257149193,1.0,5.0
663250,2022,0.518531780493536,0.3995672260066269,10.183612570283168,0.0,22.0
662955,2022,0.5621562495970802,0.12497097851342065,8.473694609949415,0.0,11.0
662241,2022,0.5946688174737301,0.3652826618475308,8.41155456465541,1.0,5.0
662774,2022,0.6156314640903614,0.8979168477163882,8.649402499726687,1.0,7.0
662489,2022,0.4000034510057913,-1.3951540336958559,9.71449051304767,0.0,10.0
661778,2022,0.49240600571176935,-0.8605265978363184,9.13988070430262,0.0,7.0
663206,2022,0.551040250621801,0.5326135499480131,10.044383668489166,1.0,22.0
662401,2022,0.6464155782263987,1.7048123392912706,8.723888284128314,0.0,10.0
663128,2022,0.4454015135453296,-0.7546910976842757,7.9677547179807195,1.0,3.0
661666,2022,0.47437461245166085,-0.09696584640583708,8.924951094509282,1.0,4.0
661155,2022,0.46025192000061227,-0.42710598544383804,9.289582766099912,0.0,8.0
662821,2022,0.6628916650149693,1.10763759232436,8.781231373174222,1.0,12.0
663422,2022,0.6679340351376307,1.5476865576786063,9.63801162478328,1.0,7.0
662210,2022,0.513465679465573,-0.5128475447314763,8.251509559923843,1.0,7.0
662117,2022,0.6217045296998327,0.952750429830652,8.196733012054436,0.0,5.0
662046,2022,0.6664335141044365,1.1056913337084338,8.521980564860543,1.0,7.0
662240,2022,0.5604170381422455,0.16056551284066647,9.515644639955756,1.0,7.0
662967,2022,0.5116652637653669,-0.06003029195317199,7.841183642338916,1.0,3.0
662773,2022,0.5981201204437591,0.48107268460947034,9.318616191113891,1.0,3.0
661099,2022,0.3874472588821408,-1.5809842887328929,9.866073651392476,1.0,5.0
661737,2022,0.47597955084672117,-1.0480171711432305,8.610548811422609,0.0,11.0
663181,2022,0.550275985717798,0.6053924754881258,10.019793858363405,1.0,4.0
662400,2022,0.642250718051149,0.9472659672914522,9.009808888175176,1.0,9.0
663098,2022,0.4289021008620846,-0.8683129565226397,7.888945415929458,1.0,6.0
661133,2022,0.48168106834522895,-0.22214639816275475,9.581979901852234,1.0,12.0
661154,2022,0.5237148231663912,-0.28659233309072357,8.01977927312857,1.0,6.0
662820,2022,0.6734545571202922,1.4320671557586024,8.765357438716137,0.0,7.0
663421,2022,0.6257754246098719,1.102831270182042,9.739918421552096,1.0,5.0
662214,2022,0.4733533073429227,-0.9214095864084704,8.207988279153014,0.0,1.0
661112,2022,0.6277732520612718,1.0091443777343867,8.626076267336712,1.0,4.0
662045,2022,0.6605937262370968,1.1733511657371698,8.736868485297759,1.0,9.0
662772,2022,0.5813435036901505,0.7722675815394686,8.582804470324096,1.0,13.0
661132,2022,0.48239203459975744,-0.3620325858704225,8.934789112898573,0.0,7.0
663180,2022,0.5827945906703288,0.7457934514340744,10.154427454641507,1.0,8.0
663110,2022,0.4639970902399241,-0.8929463438125121,9.020859662796669,1.0,2.0
662932,2022,0.5038189884945311,-0.40418329950645104,8.88820506106817,1.0,3.0
661156,2022,0.5959930393726434,0.5668281102252927,8.603537597125408,0.0,6.0
663420,2022,0.6685960172778137,1.483844767046582,9.463628558321918,1.0,6.0
662209,2022,0.47491018577610367,-0.9300496153903935,8.456716213977012,0.0,7.0
661128,2022,0.5735806639863705,0.6889929295938251,9.306713689149696,1.0,19.0
662050,2022,0.6941854845708442,1.4094617641136018,8.515789961197374,1.0,10.0
661097,2022,0.4332554642936198,-0.9388351214777181,9.976350767012663,0.0,6.0
663099,2022,0.6101752215494607,1.2182011440495157,9.339197628605667,1.0,7.0
661218,2022,0.6368578864884413,0.8597557024757435,8.970874520875254,0.0,3.0
661751,2022,0.606230290287457,0.49592826202033796,8.584892615403144,1.0,9.0
662940,2022,0.6404424377291137,1.143573990599672,8.871555139749843,1.0,9.0
662771,2022,0.4535638849930877,-1.1422207596349332,9.397314418419977,0.0,7.0
661467,2022,0.5545264602781483,0.2953904462496235,8.468864997782616,1.0,7.0
661157,2022,0.6149364063878856,1.0053339019038647,8.294152606228248,1.0,1.0
662819,2022,0.6152184386143035,0.6571373650632885,8.607734404451065,0.0,10.0
661958,2022,0.6908729056488615,1.6741677703342956,8.932027574570483,1.0,3.0
663406,2022,0.5991692325251211,0.9434003112568444,9.595983872603503,1.0,5.0
661111,2022,0.7082384040622788,1.8546834496458535,8.948381740885186,1.0,3.0
662208,2022,0.6030880941243347,0.7069050910566369,8.411732269749193,0.0,4.0
662596,2022,0.7392032868514039,1.8851557458884127,9.025223733315242,1.0,11.0
662049,2022,0.605560387355841,0.49936792714586775,8.323635523447003,1.0,14.0
662572,2022,0.4395981767359735,-0.8394008540519577,10.075669182538336,1.0,17.0
661217,2022,0.6787299692907716,1.1153711957346,8.412581054729646,1.0,8.0
663167,2022,0.5987984832204458,0.7962439530342682,8.429705166419096,1.0,3.0
661736,2022,0.5572887009615209,0.4934453518161817,8.810366679976479,1.0,10.0
662023,2022,0.5748724490930162,0.21968887915590699,8.508956569050515,0.0,12.0
661110,2022,0.6990510731175206,1.774222554535191,8.900944446079022,1.0,6.0
662939,2022,0.6259498843529516,0.8155386842063751,9.460589085694398,0.0,8.0
662770,2022,0.4637422849544414,-0.5060308858784899,9.63107453238887,1.0,5.0
661098,2022,0.42172052457395764,-0.7218592478740429,9.714980294037204,0.0,10.0
661152,2022,0.6014636064650696,0.9000023412537884,8.939451031427835,0.0,7.0
661956,2022,0.7109397072193719,1.9470356881793245,8.940571568431748,1.0,16.0
662818,2022,0.5708467446846083,0.4350106499260301,8.1929977681498,1.0,3.0
661466,2022,0.5369788085614519,0.22171388458737673,8.453191472824361,1.0,6.0
662207,2022,0.5100993990144754,-0.5547668637976626,8.0929286383731,1.0,7.0
663405,2022,0.6221945756596386,1.1112107234532391,9.697079639620162,1.0,5.0
662595,2022,0.7037516139942209,1.4366292685905242,9.101247430766994,1.0,10.0
662769,2022,0.5055369659543362,-0.5677762726725253,8.569217739661523,1.0,7.0
661096,2022,0.4363230268219896,-1.001559358202913,9.576955432216886,0.0,9.0
661215,2022,0.605241188392491,0.7831339661827447,9.934435893795023,0.0,4.0
661735,2022,0.6368995088253129,0.542511989723448,8.801621231990877,1.0,9.0
662938,2022,0.6757020380564058,1.2874810762570403,8.685955955796596,1.0,12.0
662825,2022,0.5781530748700603,0.5341666426164909,8.706530649029029,1.0,4.0
661153,2022,0.6234792947587644,1.0824199052400312,8.541048243701399,0.0,7.0
661954,2022,0.7186417056373509,2.1060684543500408,9.650949242303257,0.0,12.0
663097,2022,0.6456957877262451,1.185417631344413,8.99749436142176,1.0,9.0
662022,2022,0.6008579962750307,0.8220067997127771,8.914815090996845,1.0,7.0
663419,2022,0.574784434826888,0.6235242391659173,9.932568324853067,1.0,11.0
662190,2022,0.5619042042545129,-0.0438809012155609,8.661857016535633,0.0,3.0
662581,2022,0.7347433054165401,1.8133234164028753,9.948946569724404,0.0,5.0
662087,2022,0.7005218017632796,1.9226940067250808,8.558687910437673,0.0,13.0
661465,2022,0.5493848227804085,0.1216481648630629,8.803270188725788,1.0,8.0
663105,2022,0.6778182505598995,1.5444733474023082,8.726008886734814,0.0,7.0
662309,2022,0.46106398806225946,-1.429342708049075,9.44926279004017,1.0,5.0
663096,2022,0.4764244190484079,-0.3234533959841016,9.45613475092636,1.0,4.0
661424,2022,0.4486110675617179,-1.1843592397897713,8.793059297620774,1.0,4.0
663273,2022,0.4046193202005087,-1.4320914281922512,9.981487000811423,0.0,6.0
662044,2022,0.46974948453888,-0.9773612612327633,9.207589385626356,0.0,4.0
663453,2022,0.4434206865519998,-1.195244728436842,9.25519198632901,1.0,7.0
661213,2022,0.637400939374187,0.7506297165635177,8.49514513452491,1.0,11.0
661464,2022,0.5102952312493296,-0.15880176864655954,9.563572155265954,1.0,5.0
662777,2022,0.5857885735615285,0.5736278174450814,8.10967546662546,0.0,3.0
662431,2022,0.49344677626591676,-0.5820803066947049,9.135434632597766,1.0,9.0
662201,2022,0.6677474374062371,1.7550496739957202,8.993146865987917,0.0,7.0
662239,2022,0.5347107652733293,0.12984982502069153,7.750277557655739,1.0,11.0
662629,2022,0.719284607369378,1.622880103190744,8.788219153021238,0.0,3.0
662062,2022,0.42158264565114467,-1.1243506529752598,9.220082140765763,0.0,9.0
661094,2022,0.7127283836986088,1.6172744006168733,9.104715242930283,1.0,6.0
661095,2022,0.704774538407885,1.6833863723347116,9.146514254553242,1.0,8.0
663077,2022,0.6526317424453362,0.7892847859027837,9.362030766872723,1.0,8.0
662200,2022,0.6213832812877544,1.3429331630763124,9.178111166924113,1.0,13.0
662199,2022,0.6159849783915431,1.3698070943298761,9.408277310793332,1.0,15.0
662319,2022,0.43169494729150815,-0.697923328334888,9.027524331196236,0.0,15.0
663243,2022,0.5026741861910774,-0.12785273748882248,10.408973701287978,1.0,5.0
661423,2022,0.48187501913985076,-0.888013157863473,8.574666956917637,0.0,3.0
663452,2022,0.4412619013931276,-1.274269459312765,9.904592899433625,1.0,6.0
661223,2022,0.5506561855655633,-0.10334010409367975,8.535168318043851,1.0,3.0
662010,2022,0.3973549258356149,-1.4254501167414302,8.276641835454011,1.0,5.0
662768,2022,0.6323973777929357,1.147650651306386,8.75841187357622,1.0,10.0
661463,2022,0.5341685366004963,0.5398726940905749,8.720925913812767,1.0,11.0
662429,2022,0.4770595239960827,-0.5669914242290189,9.432931335197528,1.0,3.0
662252,2022,0.5189857706012608,-0.12528381334846847,8.141025470634004,1.0,8.0
662624,2022,0.7274726080807495,1.715915865755519,9.06907300824697,0.0,7.0
663451,2022,0.4400597843319777,-1.003314532395259,9.616357116673171,1.0,9.0
663272,2022,0.4213033443224289,-1.4212701661662763,9.813513637228207,0.0,6.0
662421,2022,0.4751347865224105,-0.6489345011559129,8.099710887924648,1.0,5.0
662304,2022,0.43895907243097043,-1.0089862357377977,9.24947231144738,1.0,8.0
661996,2022,0.3972702184908925,-1.5223643977755736,10.317129628831028,1.0,6.0
662789,2022,0.6443356708529018,1.2589213952264322,9.040650453825315,1.0,5.0
663352,2022,0.49439574200802094,-0.5634722704775905,10.021018603137517,1.0,9.0
661427,2022,0.5351180586864427,0.36533338855099956,8.754737654449244,0.0,11.0
661422,2022,0.4456540315223888,-1.2382569169304687,8.994276969038484,1.0,21.0
661227,2022,0.647423457638884,0.7800484895794646,8.281355221115628,0.0,6.0
662195,2022,0.6050849829021935,1.3214812507041949,9.803715676060435,1.0,9.0
663095,2022,0.6416597332551447,1.0019908839840108,9.131720080003856,1.0,11.0
663131,2022,0.5377764018211159,0.34504498962282304,10.012715251390519,0.0,17.0
662488,2022,0.7143561661000714,1.4617913025426303,9.026776525877535,1.0,11.0
662238,2022,0.523446946358024,0.033451012809024426,8.495338917913543,0.0,9.0
662623,2022,0.743488481182037,1.7989286173350458,8.982243203814896,1.0,7.0
715770,2022,0.5619602479088782,0.003650998827992412,7.617399922526931,1.0,3.0
715764,2022,0.5224200211183223,0.11329679937029288,8.161897162347481,0.0,9.0
715767,2022,0.5468249754111296,0.12480877129092882,8.314924408435488,0.0,4.0
715761,2022,0.5707187292484517,0.0927333620939106,8.550588255740978,0.0,8.0
715769,2022,0.5268624019059809,0.0815061289790096,7.729365399214577,1.0,1.0
715766,2022,0.5638400521506091,0.3141166612470625,8.382715703173218,0.0,19.0
715760,2022,0.5941342800366666,0.2473738351734182,7.900764527342512,1.0,10.0
715763,2022,0.506351036505341,-0.2225297160368948,8.949018034524356,0.0,2.0
715759,2022,0.5656711019819524,0.029552939610581676,8.297895999573312,0.0,6.0
715743,2022,0.6251684340940029,0.8155633229375262,9.285214442186279,0.0,13.0
715758,2022,0.6369034564386297,1.1605054943230044,8.754257346077422,1.0,15.0
715753,2022,0.619684433019237,1.0721299632023698,8.631153907793633,1.0,5.0
715748,2022,0.6766329732264117,1.6589183132740701,8.995460398951193,1.0,8.0
715742,2022,0.5675016357408214,0.3422136296899644,8.523796491487825,1.0,3.0
715747,2022,0.6536456141629656,1.4992557296348779,8.832887134329795,0.0,8.0
715757,2022,0.6033011177012819,1.0025909147777095,8.522180390050943,1.0,6.0
715752,2022,0.5596848428486532,0.4262658208409051,8.112317178853663,0.0,6.0
715741,2022,0.4796203537654955,-1.0340374512042054,7.835915409849008,1.0,10.0
715746,2022,0.5099976552881291,-0.7543786557431755,8.020996259567152,1.0,3.0
715740,2022,0.464101724572699,-1.0387517506166586,9.30502836851813,1.0,11.0
715756,2022,0.49355750986557,-0.9439661179675842,8.168637335692368,0.0,1.0
715751,2022,0.48759465084634057,-0.7097408264025395,8.431428564319685,1.0,11.0
715745,2022,0.49210320290808773,-0.5490784313334683,8.047079748041671,1.0,8.0
715750,2022,0.46138830053154933,-0.9971350858692685,8.96644375316303,0.0,6.0
715749,2022,0.6284334820781023,0.9746460309301795,8.915126008708976,1.0,6.0
715731,2022,0.5111746826061653,-0.28286260750011033,7.399885464419903,0.0,2.0
715730,2022,0.5123378819762615,-0.2971382312265213,7.674615652378443,1.0,13.0
715738,2022,0.587653522500121,0.7535101462563102,9.048001822546356,1.0,6.0
715737,2022,0.5741251732381657,0.2962232299324836,8.632115998792385,1.0,5.0
715729,2022,0.526238358883872,0.03666633303472612,8.423242346853927,1.0,6.0
715736,2022,0.5615177490285403,0.030521044610382325,7.9271668706002,0.0,5.0
715728,2022,0.5244947187705827,0.4911431215977531,9.392761316452463,1.0,16.0
715727,2022,0.5576733983042306,0.18779218618341503,8.743919601053072,1.0,7.0
715735,2022,0.5298307358163106,-0.23687384019745342,7.38256674636418,0.0,11.0
715724,2022,0.6093319273690898,0.8570359151235749,7.202313784017061,0.0,11.0
715723,2022,0.581881396800461,0.7223023990288362,7.120375084719025,1.0,7.0
715722,2022,0.481290925414473,-0.8472958882310836,7.840283866689602,1.0,7.0
715721,2022,0.5180713503077363,-0.5333891096275775,8.217941066070317,0.0,5.0
715720,2022,0.4435993899786833,-1.3885193010011365,8.2358603404164,0.0,5.0
715719,2022,0.5752532682051179,0.7211811693980779,7.141758785682273,1.0,5.0
718780,2023,0.3852186125303638,-1.3152698575707689,8.988700081686824,0.0,9.0
718781,2023,0.5409509102156235,0.0154648264158528,7.547487833404396,1.0,5.0
718782,2023,0.539469891340483,0.20880688338380574,9.897357800185645,0.0,19.0
718777,2023,0.4584975292572615,-0.7796161525311603,7.628525224643937,1.0,4.0
718776,2023,0.5843070169488577,0.5201169250867373,7.804649391138037,1.0,4.0
718779,2023,0.47779272421394253,-0.6603003519923043,7.981397752418018,1.0,18.0
718773,2023,0.5392095499057352,0.17804343000751896,8.986760986097678,0.0,9.0
718772,2023,0.48997511882843087,-0.13919933171403956,7.775318480962239,0.0,19.0
718775,2023,0.46183318268699286,-0.6315943107537706,8.667204047014582,0.0,2.0
718774,2023,0.4539056563605362,-0.8367835657374622,6.764106413446367,0.0,8.0
718768,2023,0.56513802482149,0.26841663012439004,7.55107809809452,0.0,5.0
718778,2023,0.6217239198165269,0.674018893023093,8.081984050172156,0.0,9.0
718769,2023,0.42917324738976204,-1.0066802210551098,7.835692142174537,1.0,3.0
718767,2023,0.4600598287572745,-0.4607592194305099,7.271504719965169,1.0,3.0
718770,2023,0.5712082952606867,0.7529429098194599,7.5188407696074036,1.0,10.0
718771,2023,0.4373784734802188,-0.6787662898824018,7.671919071644541,1.0,3.0
718764,2023,0.5529800555942223,0.2051340318883998,8.028810121866462,1.0,9.0
718766,2023,0.5689401342834459,0.6048532809815729,8.132033442884527,0.0,5.0
718765,2023,0.609427670783269,1.2126478441615178,8.49108310042529,0.0,3.0
718763,2023,0.5593250123620772,0.28251428320423116,8.639849620627212,0.0,13.0
718760,2023,0.5913999517734974,0.4350438856563079,8.530105393982549,1.0,10.0
718759,2023,0.46354019589669504,-0.35903350833141173,8.50700862745727,1.0,5.0
718758,2023,0.48509212529302304,-0.5903564792621903,7.52109255671825,0.0,4.0
718752,2023,0.49321046599635016,-0.3900055749761638,8.212736412818217,1.0,19.0
718753,2023,0.4031903200334421,-1.262987812475738,8.112197991198755,0.0,8.0
718762,2023,0.5638933769050444,0.71024668023482,8.250799847797232,0.0,12.0
718757,2023,0.4631164380990013,-0.6833057306758796,8.168412263660882,0.0,14.0
718751,2023,0.4287356797912542,-0.839981843267698,8.33375819538773,0.0,2.0
718755,2023,0.4100563862234783,-1.236547700290589,8.192936905968384,0.0,8.0
718761,2023,0.5262265669205481,0.4314874462428035,9.657442072368125,1.0,17.0
718754,2023,0.6290798898909392,1.05519662208091,8.219242076973272,1.0,14.0
718756,2023,0.549330733592297,0.3268271472137858,8.8207735072187,1.0,8.0
718750,2023,0.5616986082354429,0.6832776966814461,8.261937996381125,1.0,12.0
718749,2023,0.6908546479712188,1.940704998435855,8.402730805883301,1.0,11.0
718746,2023,0.5120437812836541,-0.014976432146927975,8.175710781822737,0.0,2.0
718742,2023,0.6663322836914447,1.3398068977858058,8.06970950386819,1.0,6.0
718743,2023,0.38916378099870585,-1.798607673011216,8.84795584568142,1.0,5.0
718747,2023,0.5228833422544792,0.10542089139654592,8.444182670968793,1.0,6.0
718748,2023,0.5539946242419643,0.6507333965896578,9.85504848525798,1.0,14.0
718744,2023,0.5621743140962232,0.29385844527206084,9.25981300974152,1.0,4.0
718741,2023,0.4232675177822032,-1.1391933369290597,8.51109055891161,0.0,6.0
718745,2023,0.41099928305652544,-1.0603566574080938,9.163329346136702,0.0,11.0
718740,2023,0.6710105770609931,1.4668562108821936,8.481937709561807,0.0,9.0
718737,2023,0.5420696590329951,0.208816220994393,8.247982810454541,1.0,13.0
718738,2023,0.48871408818015477,-0.15724169833667734,8.47012824920151,0.0,14.0
718734,2023,0.4192892573854003,-0.966282223171227,8.057309591589108,0.0,6.0
718735,2023,0.4847043420733996,-0.2820153906895983,8.961751769221003,0.0,11.0
718736,2023,0.6756539719816792,1.3530227150600198,8.835029279960489,0.0,3.0
718733,2023,0.5745656331513499,0.5330042637316261,8.354127294396491,1.0,4.0
718739,2023,0.6277100453079758,0.9970882486457947,9.034201027575804,1.0,3.0
718731,2023,0.4714319231262617,-0.7013770158250547,8.269011518665389,1.0,10.0
718730,2023,0.520658661225069,0.1025190701588748,8.719584871253039,0.0,15.0
718728,2023,0.5314623274921919,-0.1225119521733599,9.66277865758897,1.0,13.0
718729,2023,0.43884757907582134,-0.7360538901193503,7.9975055662288375,0.0,12.0
718732,2023,0.39144932704527713,-1.3034804765307493,8.370117040674238,0.0,8.0
718725,2023,0.6525671004535689,1.3578662561548542,8.23671006583836,1.0,9.0
718724,2023,0.5714985177710448,0.7176213054529816,9.32413955729961,0.0,13.0
718719,2023,0.5044952007085586,-0.005557497264928987,8.529446849074054,1.0,14.0
718727,2023,0.5448278568434888,0.1598572641134644,8.58985900385158,0.0,12.0
718726,2023,0.578309647068835,0.5294731025835696,8.712911672050657,0.0,2.0
718723,2023,0.679911333567331,1.5873049487005688,8.27388794536592,0.0,13.0
718720,2023,0.5321070067964867,0.08868271228117246,8.056877977964751,0.0,10.0
718721,2023,0.42071336668602227,-0.9053459006859106,9.083968025384257,0.0,23.0
718722,2023,0.5413463894874139,-0.1352878547271518,8.261057573478993,1.0,9.0
718718,2023,0.652726311355692,1.1468359416126874,8.68586160952758,1.0,17.0
718717,2023,0.5347006210516817,-0.23523822337889005,7.24588154675894,0.0,14.0
718716,2023,0.49782978998981847,-0.3345679714437968,8.745169256530934,0.0,17.0
718714,2023,0.4745119316526443,-0.48114122154657446,7.876041417359237,1.0,1.0
718715,2023,0.4099088401693698,-1.6531130550542514,9.35493467569962,0.0,16.0
718710,2023,0.6364868969830932,1.1839332053631886,8.644837237487595,0.0,5.0
718713,2023,0.5617222773223114,0.3950148277027241,9.724923856345493,0.0,5.0
718712,2023,0.4457209168936802,-0.6867134764555058,7.9095571716771085,1.0,9.0
718708,2023,0.4854216008153906,-0.44601666530195117,8.774667027303108,0.0,5.0
718711,2023,0.5104782773811432,-0.08799632903632527,8.60824077156693,0.0,5.0
718709,2023,0.5667941205927046,0.5001959930134758,8.643734362585024,0.0,9.0
718705,2023,0.6729963158039554,1.4728633422884234,7.942749925123319,0.0,9.0
718706,2023,0.49307034337245226,-0.03835098609274925,7.8783223818911825,1.0,13.0
718707,2023,0.3773016146664896,-1.2612170004690142,8.21904802129565,1.0,7.0
718703,2023,0.681175944711217,1.7364688063484806,8.581988712511167,1.0,7.0
718704,2023,0.3669358391012921,-1.9425615503066183,9.151594641697145,0.0,9.0
718699,2023,0.5779555020280873,0.893691318039666,7.235217054710785,1.0,6.0
718701,2023,0.4232458702237125,-1.0773680127849392,7.828046342161096,1.0,7.0
718697,2023,0.49010940440829726,-0.63859247691598,8.538936543133087,0.0,7.0
718702,2023,0.5759647587732531,0.45410531407447735,10.015298522685349,0.0,5.0
718698,2023,0.5570649699145747,0.014768871332163407,7.868318277544763,1.0,13.0
718694,2023,0.5809529230265188,0.6046319116931447,8.779554787220167,1.0,7.0
718696,2023,0.6584996839344555,1.5145473035692236,7.890889641607906,1.0,10.0
718695,2023,0.532689694278619,-0.13164472460212484,8.471551625325526,1.0,10.0
718689,2023,0.4585666197545176,-0.6194673348608666,8.609453795002654,0.0,10.0
718691,2023,0.4296809423890554,-0.9718759364549223,8.028268565518408,0.0,7.0
718692,2023,0.4609586705565258,-0.32345026964222157,8.755187592210488,0.0,3.0
718690,2023,0.5117142487673159,-0.15329291016500254,8.579599443794793,0.0,9.0
718686,2023,0.43416409958854374,-0.6690280872779516,8.60805246517977,0.0,9.0
718687,2023,0.5302605585334876,0.24530781276833769,8.811624482537303,0.0,22.0
718682,2023,0.6000375673576818,0.86774448345909,9.90201286135689,1.0,1.0
718681,2023,0.6029531505226616,0.9715246378061615,8.026475682058502,1.0,13.0
718683,2023,0.4281348245364275,-1.183722047146851,8.862398999871802,0.0,7.0
718693,2023,0.5824936625651513,0.6921726990827668,8.27804173714245,1.0,12.0
718675,2023,0.4962492219796292,-0.26715480964123417,8.288313872308848,1.0,2.0
718685,2023,0.5508233436540152,0.26693279763189276,8.650301841976349,1.0,7.0
718688,2023,0.45918647310242555,-0.7038756464257193,9.637528008535783,1.0,13.0
718677,2023,0.5239795873757407,-0.10860436349325804,8.034397201617368,0.0,8.0
718684,2023,0.5274723447164491,0.4201422559284642,8.378209997951664,1.0,5.0
718679,2023,0.5326864328750192,0.14287260522593154,8.661898639341242,1.0,22.0
718680,2023,0.6508851796007772,1.9785330198713162,9.133449650332171,0.0,4.0
718678,2023,0.7121447465618178,1.711105896819162,8.752021427607087,1.0,14.0
718676,2023,0.6152839354423798,1.2125194927161649,8.95944009635444,0.0,9.0
718674,2023,0.6251624026137269,1.0230161581267971,8.03221580949105,1.0,4.0
718673,2023,0.5525050573724622,0.3053270640885615,9.799081211790476,0.0,15.0
718670,2023,0.544328241525595,0.6861068008748528,8.52603422847219,0.0,7.0
718671,2023,0.3601870155490522,-2.005932869520327,9.020052563884525,1.0,9.0
718666,2023,0.5116999747673147,0.22688128978564479,8.54307032735015,1.0,15.0
718668,2023,0.5228612803578494,0.07622056695379084,8.612150375298,1.0,5.0
718672,2023,0.5392545011097744,0.09964626611297668,8.812144579327125,0.0,11.0
718669,2023,0.5020815404843441,-0.11366423645658234,7.859439983954315,1.0,13.0
718667,2023,0.48362298515295604,-0.2448236393128468,8.50365491727961,0.0,19.0
718665,2023,0.6966280480842931,1.5854441216178872,8.56556717790125,1.0,11.0
718661,2023,0.6533329680444467,1.3508089823452252,8.215232437582198,1.0,7.0
718663,2023,0.5574982145365336,0.5828721839070301,8.531246184382816,0.0,5.0
718662,2023,0.5336220397774325,0.38330937397263365,8.987600154835715,0.0,16.0
718664,2023,0.4651252585421534,-0.4712479586174203,9.741893696887756,0.0,5.0
718660,2023,0.5496211710055801,0.3339303303572757,8.492143752540303,0.0,6.0
718659,2023,0.6006750978930813,0.5786350678841878,8.877804567846896,0.0,5.0
718656,2023,0.4019493544354642,-1.2015432380292035,9.46816897318513,1.0,20.0
718658,2023,0.5331635405963436,0.13016838447490325,9.594709315767119,0.0,13.0
718657,2023,0.5658720148925859,0.7978349067188141,8.448557241061419,1.0,14.0
718652,2023,0.5869234762653472,0.768161232585844,9.077190069396131,0.0,10.0
718654,2023,0.477791410047721,-0.5128599778782795,8.615331391747514,0.0,5.0
718655,2023,0.6977197604264548,1.8736411522424814,9.149850257464221,1.0,11.0
718653,2023,0.5221298771871489,0.22134865937764978,8.989119115611766,1.0,1.0
718651,2023,0.3964466743314403,-0.9717649702260901,8.821082687643754,0.0,8.0
718646,2023,0.4654784207000989,-0.36462978811354424,8.414532389720048,1.0,13.0
718647,2023,0.6408738960097666,1.2027241633819363,8.187266543700058,0.0,9.0
718649,2023,0.5350862309047223,0.13618706444292994,8.089605937956872,0.0,6.0
718650,2023,0.6191614581876415,0.918801216258563,8.35685658778727,1.0,7.0
718642,2023,0.546542997372171,-0.021443813653568913,8.44161026229451,0.0,10.0
718645,2023,0.5504435846975696,0.7016046603040091,9.575452173951145,1.0,13.0
718643,2023,0.5981082159288462,0.42986475577941724,9.032287987525562,1.0,4.0
718644,2023,0.5632533966760016,0.39453145236724574,8.745874022626985,0.0,23.0
718639,2023,0.43952925722531866,-0.8034124075418339,9.10800855372365,1.0,17.0
718648,2023,0.5613856127814472,0.30837746972960856,8.789848532503266,0.0,12.0
718640,2023,0.5288644707879571,0.14364596710863897,7.529831764120046,0.0,7.0
718637,2023,0.5420004775849852,0.1574858459517233,7.848753721192762,1.0,5.0
718635,2023,0.6419602160777242,1.5740399070119266,9.251960988514814,1.0,6.0
718632,2023,0.4156158201964668,-0.9944671233497462,8.265898625579343,0.0,10.0
718638,2023,0.673547454741945,1.6663033705080692,8.489254813180343,1.0,1.0
718633,2023,0.5224396222547857,-0.15627995282815627,8.488055195085751,1.0,18.0
718634,2023,0.5177150826678439,-0.31706257724948456,7.63656576146327,1.0,5.0
718636,2023,0.6492016636412242,1.37516724129999,8.576372808685981,1.0,9.0
718628,2023,0.44792112682009644,-0.3903319945597035,8.180653947197072,1.0,5.0
718630,2023,0.5772573004639913,0.49720868715073663,8.54045217666717,1.0,13.0
718629,2023,0.44446472531472947,-0.3802133169932534,9.459759947846567,1.0,11.0
718631,2023,0.6428755319266104,1.4058868263996294,9.120506853121688,0.0,10.0
718627,2023,0.5132698611707649,0.03989607538317324,9.108080868194508,1.0,3.0
718641,2023,0.4591255411023407,-1.0435333215629676,7.9633342577434565,0.0,10.0
718626,2023,0.44000966465390035,-0.7797874455870442,8.560044850613162,0.0,13.0
718618,2023,0.6492759070612714,2.142319208853744,9.204975654766269,1.0,20.0
718623,2023,0.4314423591163855,-0.7185150957247062,7.816426575706573,1.0,11.0
718625,2023,0.6279575608586451,1.3304276188571689,8.11324512611062,1.0,9.0
718619,2023,0.5819075091349244,0.7699545434054628,8.6880525541727,0.0,12.0
718622,2023,0.670952607772181,2.237902458997701,9.142166288661102,1.0,12.0
718621,2023,0.5434499828145098,0.11597553897627133,8.041468270014175,0.0,6.0
718620,2023,0.685303506036546,1.8082561493230802,8.559880492701371,1.0,13.0
718617,2023,0.5268576547453182,0.4758264137141107,8.498165613078903,1.0,23.0
718616,2023,0.5967059633570058,0.782519975382342,8.186984743821144,1.0,7.0
718615,2023,0.660560748529622,1.6995615353209101,8.63924972608546,1.0,13.0
718613,2023,0.48699453139263793,0.0035271449204653483,10.067677285109038,0.0,15.0
718614,2023,0.6573655081369266,1.7497683437895253,8.205096806204859,1.0,2.0
718611,2023,0.4380450102264452,-0.6217810016262019,8.37237455952809,0.0,8.0
718624,2023,0.44531808248322585,-1.1934423742303633,9.062631877921751,1.0,5.0
718608,2023,0.440770551043605,-0.6420399288992595,9.177877807773928,0.0,7.0
718610,2023,0.4899379774935756,-0.2098132217979788,7.466611479780202,1.0,7.0
718605,2023,0.6187659032303325,0.7701064840299808,8.100718348907655,1.0,4.0
718604,2023,0.49015655357039845,-0.3303323088971826,8.342725694933602,0.0,7.0
718606,2023,0.5235809899413136,-0.1797629736749291,8.368269818414696,0.0,7.0
718607,2023,0.46557928200752685,-0.34632042538118696,10.532172763499036,0.0,11.0
718598,2023,0.4386463587075374,-0.8327860602115806,8.91110506615104,1.0,10.0
718609,2023,0.5979557203224019,0.9988104638352966,9.034042621028583,0.0,5.0
718602,2023,0.6265194056136201,1.165009113784208,8.731208302194556,1.0,5.0
718599,2023,0.6613939125287428,1.7541628940304803,9.6137398722513,0.0,12.0
718600,2023,0.6707278912039467,1.652879966602766,8.88079768476948,1.0,16.0
718603,2023,0.7010072604204903,2.7454132774232267,9.365911433289169,1.0,7.0
718601,2023,0.6710959243466128,1.859965012265483,8.365993044353463,1.0,9.0
718595,2023,0.6782859592814643,1.7212068206736486,8.813070325279003,0.0,11.0
718612,2023,0.4511979221449613,-0.8672053234167891,8.14757169183975,0.0,15.0
718596,2023,0.6661637295606475,1.6351636319803895,9.634331192644867,1.0,15.0
718594,2023,0.6826772582706829,1.610067360423849,8.331621218810168,1.0,12.0
718597,2023,0.5425581097698372,0.26700115462114343,9.125132155914873,1.0,8.0
718590,2023,0.5724984774901989,0.3270890627022628,8.542344533838941,0.0,13.0
718593,2023,0.6788334437190591,2.381885666136051,9.265340360778541,0.0,4.0
718591,2023,0.6349859285095113,1.2653671971363132,8.466836804180067,0.0,5.0
718589,2023,0.48472045678177805,-0.5376994588479018,8.425354496667472,0.0,7.0
718585,2023,0.5001161268949863,-0.5139184442733437,8.585795704802775,1.0,12.0
718586,2023,0.5367808459667196,-0.017961182652238762,9.146788005922497,0.0,11.0
718584,2023,0.5154694678774518,0.16795293769328445,8.626204641731654,1.0,6.0
718592,2023,0.4710912735637012,-0.2803286897562885,8.872431908145654,0.0,7.0
718588,2023,0.6277843213129944,0.9465235569575076,8.43808212686754,0.0,7.0
718587,2023,0.39110911263367193,-2.01203873215681,8.932940930943671,1.0,9.0
718583,2023,0.4553940036721629,0.061051466250957115,9.148057961291999,0.0,9.0
718580,2023,0.45188764722194863,-0.5025885088542626,9.429837280594318,1.0,8.0
718581,2023,0.5243763689336238,0.03076564830507135,8.26147576188381,0.0,8.0
718579,2023,0.45691933228338344,-0.5252343547123177,8.37469629282464,0.0,13.0
718582,2023,0.5351936323888087,0.08708626827170182,8.702169791598227,1.0,3.0
718578,2023,0.4094330175561727,-1.3889371444250582,9.511312053614114,0.0,23.0
718574,2023,0.4822672866251771,-0.47468763777006673,8.708332327829321,0.0,13.0
718575,2023,0.5723627507000854,1.1586067837068235,8.724558241580603,0.0,10.0
718577,2023,0.6138250694171805,1.2891109175703677,8.697158520713295,1.0,8.0
718572,2023,0.5531304791772097,0.3266270083725682,8.571227680339383,1.0,7.0
718571,2023,0.4807475476901119,-0.5828530439904788,8.566162977087867,1.0,13.0
718570,2023,0.4558592340175425,-0.28630806312846147,9.069045949019042,1.0,13.0
718568,2023,0.5824700376455317,0.5279963890957358,8.502528089955298,0.0,9.0
718569,2023,0.4420378131311613,-1.5653527507933942,9.353594753034852,1.0,7.0
718560,2023,0.43492369828079697,-0.9708695723095659,7.97721594509106,1.0,13.0
718573,2023,0.4450946018476262,-0.8909745044358488,9.248723530907792,0.0,10.0
718565,2023,0.39488090201587034,-1.876891844039539,8.88197077373855,0.0,5.0
718576,2023,0.4447315426805482,-0.4300043187732382,9.183674267201008,1.0,16.0
718566,2023,0.5192929466738808,0.0067028648846912155,9.1285966963387,1.0,13.0
718563,2023,0.39775204270562825,-1.2287414490880686,8.683318140012812,0.0,12.0
718567,2023,0.5355745885276185,0.18153279790247168,7.992720295264692,1.0,5.0
718562,2023,0.5565583476771082,0.10304835611385978,8.394291665529554,1.0,10.0
718564,2023,0.5686489429567859,0.9468899980109095,8.909978301673531,1.0,3.0
718561,2023,0.6641997594304091,1.5532516964148024,8.177995087184515,1.0,11.0
718559,2023,0.5504492597624888,0.36306891401578395,9.636751342334962,1.0,3.0
718555,2023,0.39747520161620115,-1.3176309800246697,9.029393115889144,1.0,13.0
718557,2023,0.5586035432474575,0.20671955402906392,7.808930222582254,1.0,2.0
718556,2023,0.4508985970509963,-1.10201107829602,7.765181204639359,0.0,9.0
718550,2023,0.5386410016595494,-0.2718840767598275,7.040675517608816,0.0,5.0
718554,2023,0.48034927083798484,-0.4070626900894331,8.983593208177,0.0,17.0
718553,2023,0.5386501975614846,0.171718675535671,8.757533069279079,0.0,12.0
718551,2023,0.38501654166065663,-1.5490933053197449,9.210378844706744,0.0,9.0
718548,2023,0.5718700234248894,0.36961080464573504,8.510905572333805,1.0,9.0
718546,2023,0.40408958403813694,-1.5618222853930481,8.878134084771638,0.0,7.0
718547,2023,0.6430745725761838,1.7542903836011619,8.534089331669657,0.0,5.0
718545,2023,0.6772758916185356,1.6161561942506129,7.845162754173879,1.0,1.0
718549,2023,0.5079973113555054,0.1726613353967505,7.972442670707465,0.0,1.0
718552,2023,0.5783536578642648,0.2843541432649373,8.108754244744745,0.0,10.0
718540,2023,0.4811037192040429,-0.5976885955326783,8.68715297934872,0.0,9.0
718542,2023,0.386032904328892,-2.2491342715224927,9.037907868077022,1.0,9.0
718544,2023,0.5461940701500658,-0.0933724482932762,7.759738667351022,1.0,7.0
718539,2023,0.43748710865532753,-0.7299401122646213,8.01462851905232,0.0,4.0
718538,2023,0.49577629314238886,-0.3408282523315648,8.275599525419725,0.0,9.0
718537,2023,0.5264238255795274,-0.40546954742316194,7.255544599957781,1.0,11.0
718535,2023,0.5365986881821551,0.40213818844132754,9.547532084578897,0.0,17.0
718533,2023,0.3917694613734121,-1.4072892230198408,8.151616354103867,0.0,2.0
718536,2023,0.42898775461412086,-1.0875020999946219,8.485441254824803,0.0,11.0
718534,2023,0.41149956948238725,-1.1367727047865548,8.47289117621189,0.0,10.0
718532,2023,0.564477015402644,0.4724171060912413,8.365850246560047,0.0,14.0
718530,2023,0.4686421718911244,-0.5018379736571958,8.598219260817677,1.0,7.0
718541,2023,0.4392581099586264,-0.6786880510222357,9.034188397509064,1.0,1.0
718525,2023,0.4898086684874764,-0.017625001549931664,8.695804968416251,0.0,11.0
718543,2023,0.5093918090393563,0.15117134055036074,9.426475415360462,1.0,3.0
718526,2023,0.41383274227999706,-1.8915826551006598,9.225425324958197,0.0,10.0
718528,2023,0.5112878141824022,-0.3347557102257406,8.220457357179379,1.0,6.0
718531,2023,0.47003346928011136,-0.11217501050418482,8.932600696048977,0.0,1.0
718529,2023,0.5889826789333615,0.5403709835988787,8.564734586214763,0.0,7.0
718524,2023,0.43619299291936975,-0.6844430940960804,9.117094063147876,1.0,9.0
718522,2023,0.42536501696381057,-0.9272787409414801,9.444075723035153,0.0,14.0
718527,2023,0.5646280395610952,0.06047613311527483,8.36753756344542,0.0,15.0
718520,2023,0.5561566135370071,0.7151000645432549,8.609758095001899,0.0,6.0
718521,2023,0.4618232803583556,-0.4598291367764872,10.010047012138049,0.0,8.0
718519,2023,0.42260886497136096,-1.0216123710925906,7.807202550612601,0.0,9.0
718517,2023,0.4962651816737739,-0.3512410388315357,7.991061522326556,0.0,11.0
718523,2023,0.38991080139002243,-1.477394227554265,8.868250190677593,0.0,4.0
718516,2023,0.5919829138512795,0.6414561629796433,8.625147287343122,1.0,5.0
718515,2023,0.3418886361145935,-2.350951254121087,8.66932364580021,0.0,8.0
718513,2023,0.44940317683534475,-0.3423741182383062,8.607689521958864,0.0,5.0
718511,2023,0.5029143770129209,-0.3374237560285661,8.236952768961265,0.0,7.0
718512,2023,0.5777707773626993,0.7302925108329261,9.017090859260222,1.0,19.0
718514,2023,0.40937888870805855,-0.9065795958467225,8.364709690808077,0.0,15.0
718510,2023,0.5004310247712167,-0.06830107044662963,9.059576994409648,0.0,7.0
718508,2023,0.5138235252085448,0.026423793185657338,8.545428713943307,0.0,8.0
718509,2023,0.450443739211823,-0.6480315399446921,9.857886749351506,0.0,17.0
718506,2023,0.37968828936692284,-1.5234556737364782,8.427630004152274,0.0,14.0
718507,2023,0.4205393846683219,-1.2182385242895493,8.32949208034213,1.0,1.0
718502,2023,0.46346096485662713,-1.0788817445247307,9.154654980431225,0.0,8.0
718504,2023,0.5893602220645322,0.5072811201238998,8.540023745982026,1.0,5.0
718518,2023,0.4687319020032688,-0.3883830308452712,8.75222185257189,0.0,4.0
718505,2023,0.4765933297995144,-0.28497791520703786,9.411732963133124,0.0,14.0
718501,2023,0.6092766181009757,0.5780637146230381,8.537562938076931,1.0,9.0
718497,2023,0.46518145890699203,-0.6869800935012143,9.677965849653704,1.0,16.0
718496,2023,0.612346391459186,0.6170752486122172,8.01031777383057,1.0,12.0
718500,2023,0.5666260881932985,0.2923932331605929,9.0041067383103,1.0,7.0
718498,2023,0.6360338307081802,1.9394475144477463,9.267765440590239,0.0,5.0
718499,2023,0.5377664151704216,0.11064918143049317,8.696879179918211,0.0,8.0
718494,2023,0.5050660014104854,0.03852052710459308,9.526036279253864,0.0,12.0
718503,2023,0.4461784409283009,-0.6965134119734709,9.325295863880207,0.0,13.0
718491,2023,0.47019291466446317,-0.5979928594524943,8.53880946190805,1.0,13.0
718492,2023,0.6000907342525406,0.7585341664048939,8.91549322822549,1.0,6.0
718486,2023,0.6727850835187752,1.6348227137935092,8.991817164849545,1.0,15.0
718493,2023,0.637315149151745,2.168080032146489,9.207357680265918,1.0,7.0
718495,2023,0.6196006498920018,0.8265760738679478,9.177992090705045,1.0,3.0
718487,2023,0.663067521662487,1.214775004704595,8.550835169619244,0.0,7.0
718489,2023,0.5673117769569052,0.6978259962995419,8.405452551360865,0.0,10.0
718490,2023,0.7068083276242032,2.1841325537467218,9.082716105766224,0.0,9.0
718482,2023,0.6170200372424399,1.237856660574826,8.349671082570172,0.0,5.0
718483,2023,0.6777058160492041,1.291380100435581,8.428320405960216,0.0,8.0
718485,2023,0.6838585578889723,2.173928832281634,8.25022866260671,1.0,2.0
718484,2023,0.5379541068610355,0.5402626156427871,8.860598185765118,1.0,9.0
718481,2023,0.5722674014289723,0.5105239248651994,8.110691184014623,1.0,7.0
718480,2023,0.4524314006352136,-0.960202767629831,9.298281294154501,0.0,7.0
718476,2023,0.6133975650325412,0.948355004782652,7.704420777716025,1.0,5.0
718468,2023,0.6630253303804743,1.792990686541673,8.236804600713167,0.0,14.0
718479,2023,0.5778682735768619,0.592542942313004,8.76063905092498,0.0,13.0
718475,2023,0.6003871312512242,1.1855850747427157,9.454810091543694,1.0,7.0
718473,2023,0.6522280240718155,0.9889468238788591,7.806721514232092,0.0,7.0
718488,2023,0.4964287626056341,-0.10966523799148288,8.346742964273272,0.0,5.0
718478,2023,0.45758203961300387,-0.7494020188833218,8.719709649546608,1.0,11.0
718477,2023,0.6295435326451853,1.2792029485356446,7.854313867439694,1.0,7.0
718474,2023,0.5994855710500446,0.6974051744062217,8.985539603086156,1.0,3.0
718472,2023,0.619998824403992,1.0593941967778027,8.945019047044124,1.0,6.0
718469,2023,0.6943244757216841,1.724179672125211,8.80701152015951,1.0,21.0
718470,2023,0.6012010290044639,0.9755956941063192,8.373596573606823,1.0,9.0
718471,2023,0.5517586647642845,0.38497448838285514,7.946326515857144,0.0,9.0
718467,2023,0.5131804406670927,-0.3126854306533155,8.652851840948047,0.0,8.0
718466,2023,0.6769805352546925,1.5544783463772098,8.573762960485052,0.0,19.0
718464,2023,0.5847927518278585,0.84358440017184,7.546736657262373,1.0,9.0
718458,2023,0.6669463441377066,2.1018281187763894,9.236538443747827,1.0,12.0
718459,2023,0.6413164707558218,1.691387423165006,8.801526956086976,1.0,3.0
718463,2023,0.5607929021600202,0.45450036898988044,8.634553400766777,1.0,2.0
718462,2023,0.5518122251870119,0.18741472245466442,7.930684887732218,0.0,7.0
718465,2023,0.5291998140849968,0.34231800675472385,8.219491746128709,0.0,6.0
718457,2023,0.6801596330830845,1.480591451393182,8.83373020619174,1.0,5.0
718460,2023,0.49000812726116955,-0.6111837723840906,7.730492653291801,1.0,11.0
718461,2023,0.6483053647427348,1.1004706504388695,7.89304200250839,0.0,17.0
718454,2023,0.6344630112083879,1.5013879286020457,8.336343939179647,1.0,4.0
718451,2023,0.5001869350982474,-0.30369098916144543,8.065172311566903,0.0,10.0
718453,2023,0.7098659602176217,1.968618791134961,8.821469739490219,1.0,7.0
718452,2023,0.6671425393115469,1.9124854590212175,8.840011357318163,1.0,7.0
718456,2023,0.47007732150769643,-0.5808531893726481,8.458311681941964,0.0,12.0
718450,2023,0.5377539382586339,0.14809550119191664,8.52700456840814,0.0,10.0
718455,2023,0.46041667768917116,-0.6459314275019732,9.410396060199504,1.0,9.0
718448,2023,0.6599059133933955,1.3072919928632305,8.548701804390753,0.0,6.0
718447,2023,0.5658716904931864,0.252532115643284,8.9407748543143,1.0,9.0
718449,2023,0.6340108963092176,1.3731881161848032,8.465374761118362,1.0,11.0
718445,2023,0.404225564433343,-1.283927907812263,9.305852995528797,1.0,13.0
718444,2023,0.6113842016062329,0.7867575113834476,8.852955296580637,1.0,7.0
718443,2023,0.6488503264099563,1.5302162617256234,8.468175749751499,1.0,11.0
718441,2023,0.6724999342854118,1.7963663476868308,8.408280344771532,0.0,6.0
718442,2023,0.5235433739927119,0.16771017394375196,8.065227392990419,1.0,7.0
718437,2023,0.6641210460368803,1.8500006546004786,9.052972882788172,0.0,21.0
718438,2023,0.5880029350059277,1.2580751626604474,9.645609637190573,1.0,9.0
718446,2023,0.5194387984011185,-0.043870993290438885,9.029542890037531,1.0,4.0
718440,2023,0.6481142056217807,1.4648774048076145,8.474967415455398,0.0,6.0
718435,2023,0.5782883915589321,0.5262019482441094,8.908135037964044,0.0,14.0
718432,2023,0.5384623629442743,0.12379765991822293,8.539240659199864,0.0,15.0
718434,2023,0.39973329439404565,-1.038129518244119,8.70016797000465,1.0,13.0
718430,2023,0.5099896341812657,0.13762176037842375,9.436700940282632,0.0,8.0
718436,2023,0.6250351007378062,1.7233808790241658,8.570359202898587,0.0,5.0
718433,2023,0.6512121486353643,1.2867658748056843,9.137863631638476,1.0,7.0
718431,2023,0.6560469879784488,1.5387255621551688,8.701705290686157,0.0,5.0
718429,2023,0.6711545432033812,1.7068324322338606,8.961874802968033,1.0,11.0
718427,2023,0.4434626466028393,-0.5281754238121124,8.07386254058145,1.0,8.0
718428,2023,0.6475633919116843,1.4490393714383263,8.540063072194533,0.0,7.0
718426,2023,0.5422549778698939,0.02453290482529614,8.196188476301543,1.0,6.0
718425,2023,0.6596069131893593,1.9296550332284164,8.9356384619987,1.0,8.0
718422,2023,0.5803843750299601,1.3089996102524466,9.328466123902512,0.0,9.0
718439,2023,0.5566757586715132,0.9771458974529295,9.134563030026623,1.0,9.0
718424,2023,0.4383279690082367,-0.7581060434788955,9.742264985980365,1.0,8.0
718416,2023,0.5527894808081396,0.3660780545611954,8.878004482422163,1.0,8.0
718420,2023,0.6184721864615806,1.4050731589890801,9.0546018476237,1.0,8.0
718421,2023,0.6271149626599511,1.254651283881879,8.554064618664551,1.0,5.0
718417,2023,0.5240447268523691,0.3056874312606413,8.83563361957358,0.0,18.0
718419,2023,0.678189308784371,1.9141358434457363,8.421539437667622,1.0,8.0
718418,2023,0.6891111307821653,2.4908154606143817,9.288540741065379,1.0,2.0
718413,2023,0.4485646233541404,-0.8471247655909943,8.625686267046627,1.0,9.0
718415,2023,0.47935245717584274,-0.48237425010606416,9.36387991248328,1.0,11.0
718414,2023,0.572901856554029,0.9322064151167571,8.857157969525375,0.0,1.0
718412,2023,0.61212296174801,1.0959068882537586,8.406279210926355,0.0,5.0
718411,2023,0.6102529391360384,1.2856879124307101,7.999413433683953,1.0,10.0
718407,2023,0.5614159746942252,0.40052230507657255,8.510165678761641,0.0,8.0
718408,2023,0.6856797170617392,2.1469163790326133,8.994018210987427,1.0,14.0
718423,2023,0.542848569866714,0.28895295604726756,8.87400575118203,1.0,10.0
718410,2023,0.6705467061962933,1.332807643712615,8.583088276342716,0.0,9.0
718403,2023,0.4816746573037083,-0.7938990525038686,8.551755731223558,1.0,8.0
718404,2023,0.4920243393527455,-0.4705314551020649,8.998352307707297,1.0,1.0
718406,2023,0.5336909108185024,0.10973441211978388,8.558456300934811,1.0,7.0
718409,2023,0.5786491481986795,0.867368519855511,9.134732652224942,0.0,6.0
718402,2023,0.6994804520027311,2.4506737526214732,8.535448259696704,1.0,15.0
718405,2023,0.43124620975288486,-0.9204587144636808,8.669718777620266,0.0,11.0
718398,2023,0.6191549642760481,1.3667565478825434,8.065473586882552,1.0,17.0
718396,2023,0.4094342952471047,-1.7450844029640566,7.922392955980924,0.0,19.0
718400,2023,0.6918249559404182,2.195111964138016,8.417114804641328,1.0,8.0
718397,2023,0.47107547041309433,-0.4178957790568257,8.216978575742804,0.0,6.0
718387,2023,0.7072704262370141,2.4263866187292717,8.565354576665342,1.0,14.0
718391,2023,0.4474871516164821,-0.5981203284314062,8.364191771369066,1.0,5.0
718392,2023,0.5040396747891611,-0.42375772032614434,7.45831700015431,1.0,5.0
718393,2023,0.34858059446063616,-1.901121927157881,8.792881502157096,0.0,5.0
718395,2023,0.4406718375659902,-0.6168777736527393,9.295796704904529,0.0,7.0
718394,2023,0.45301628828389895,-0.9347942237513986,8.381535331033286,0.0,4.0
718388,2023,0.5505284448084222,0.6104685621264747,8.68923378950125,1.0,7.0
718389,2023,0.5794228190841445,0.6484484131000378,7.268372427543816,0.0,4.0
718386,2023,0.5735113351886971,0.5653364560457994,8.192512726226052,1.0,3.0
718390,2023,0.4858593424460511,-0.15203048280034845,9.508331080044423,0.0,10.0
718380,2023,0.5273379009341328,0.13400950471684514,8.834804326424614,0.0,18.0
718382,2023,0.6141566043462204,1.0623257408668825,8.550740158906635,1.0,10.0
718381,2023,0.4506721940631355,-0.41137028223005406,8.819009544292904,1.0,11.0
718383,2023,0.43726471568922337,-0.9157875468198542,9.352715238570342,0.0,9.0
718378,2023,0.7091444311771049,2.305160184055343,8.552009336304673,0.0,5.0
718379,2023,0.6114515217859543,0.7439902582483885,8.482872480123048,1.0,1.0
718375,2023,0.44251081170299394,-0.35531253255450584,8.289795827706934,1.0,13.0
718377,2023,0.48214816158891466,-0.97375677726719,9.404048183423644,0.0,5.0
718385,2023,0.5119347952130279,0.210182082719765,9.834509632080573,1.0,15.0
718372,2023,0.5523748384602498,-0.09241177625851002,7.313368115542462,0.0,7.0
718401,2023,0.4469138425067844,-0.7066201718093248,8.641865894144788,0.0,10.0
718399,2023,0.4364386011054225,-1.2085094216722656,9.43395633172782,0.0,17.0
718384,2023,0.5735346438207931,0.44698664198333327,8.069399801174296,1.0,27.0
718374,2023,0.551598481681222,0.5475983062035031,9.06781862984983,1.0,2.0
718373,2023,0.3964182368396443,-1.5689654294064592,9.23529992754412,0.0,15.0
718376,2023,0.6305822322298904,0.7782637054428149,7.966382806054882,1.0,12.0
718366,2023,0.535516835567877,0.449385990231229,9.343074850558846,0.0,15.0
718369,2023,0.6084783935739219,0.79203893858439,8.290127694948303,1.0,1.0
718364,2023,0.41979715316374183,-0.9185232622635511,8.681088153369977,1.0,7.0
718370,2023,0.504127643959469,-0.03699085915573456,9.590089360811044,1.0,8.0
718367,2023,0.41613271035922095,-1.4797698164540745,8.743489650376699,1.0,9.0
718363,2023,0.595006987710272,0.6859615986447807,8.916649974132362,0.0,18.0
718360,2023,0.44605578212127367,-0.777902123958177,9.275624526979618,0.0,8.0
718362,2023,0.676697333669711,1.9233799853517386,8.491598688576566,1.0,12.0
718355,2023,0.35152667709106367,-1.974769434711075,9.736522488882809,1.0,21.0
718365,2023,0.5796370730005238,0.5768653123264496,8.74698457304156,0.0,3.0
718356,2023,0.5240876772165288,0.019858292295957026,8.312914503713376,1.0,17.0
718358,2023,0.4746289469149306,0.006808699195748227,9.830538237763514,1.0,16.0
718368,2023,0.5418409039581911,0.11914021595034585,7.927309616307977,1.0,10.0
718357,2023,0.475213627574883,-0.6220374188445899,8.73136185869394,1.0,9.0
718359,2023,0.6002553067305774,1.008152534678954,8.94626679878189,1.0,9.0
718354,2023,0.5899946120948981,0.4266406411352537,8.73665505596962,1.0,7.0
718352,2023,0.44994613014602863,-1.0061638977280878,7.741080596452664,0.0,17.0
718361,2023,0.49662391209607243,-0.828888745633228,8.447357323812215,1.0,8.0
718349,2023,0.4433653611152807,-1.0153768995401042,8.916357707799454,0.0,6.0
718351,2023,0.5345062596942605,0.16828419421737653,8.60504251272555,0.0,5.0
718353,2023,0.4869834145475023,-0.3027048894999708,10.175488136337624,1.0,11.0
718350,2023,0.6395727850207485,1.3185896522625749,8.306558824973223,1.0,10.0
718345,2023,0.5636014649958936,0.4250177897249037,8.127466800948646,1.0,11.0
718343,2023,0.5949707140793761,0.6162945805124455,8.413933641097351,1.0,17.0
718347,2023,0.6127479434896376,1.0665336548720936,8.803599720711677,1.0,5.0
718346,2023,0.4821871923618752,-0.4952332641255125,7.724110799297398,0.0,6.0
718344,2023,0.4525982186743231,-0.6539157921086813,8.821666836565736,1.0,5.0
718339,2023,0.555165546369426,0.3995598714298001,7.705061691083792,1.0,6.0
718341,2023,0.541105085888679,-0.01471383620141218,9.691341854010085,1.0,13.0
718340,2023,0.40724895687075024,-1.0433483433733552,9.172170094694904,1.0,5.0
718336,2023,0.4113984830309794,-0.9721521995738887,9.949930101100334,0.0,18.0
718338,2023,0.46690335670507793,-0.2848912167142941,8.587164882029759,0.0,6.0
718342,2023,0.5415123001463982,0.5334796338916579,8.175125459499371,1.0,10.0
718337,2023,0.6847375195812957,1.6867086136223204,8.078303325292785,0.0,2.0
718334,2023,0.41561227240797227,-1.4156022059181508,9.135993157355827,1.0,5.0
718332,2023,0.45932200075582086,-0.8431522953857186,8.684028412740972,0.0,3.0
718335,2023,0.5863082403452684,0.7655393835094538,8.417192962658158,0.0,3.0
718331,2023,0.5973815197638901,1.2894564083204956,8.064089208562457,1.0,14.0
718348,2023,0.4281082606878528,-0.7389770502962023,8.879698744145223,1.0,11.0
718325,2023,0.6176184644306193,0.9072380094191069,8.742540949513042,0.0,19.0
718326,2023,0.6274089175603852,0.9878137833214602,7.477952276520001,0.0,6.0
718330,2023,0.5944393440861748,0.9829515316451765,8.32997410701631,1.0,8.0
718327,2023,0.5541774664755725,0.903712048393512,8.439376816226279,1.0,16.0
718329,2023,0.3973461352922822,-1.3103031130421048,8.216313182372021,1.0,9.0
718328,2023,0.6735096525216459,1.6040745551068212,8.074348424481219,1.0,9.0
718321,2023,0.4113810023908542,-1.378374264355369,8.169877392133893,0.0,20.0
718333,2023,0.4241399077922863,-1.0297135896590128,8.974570413997471,1.0,3.0
718324,2023,0.4694414649210809,-0.5186764073289212,8.270164096336144,1.0,7.0
718323,2023,0.47642660164517364,-0.3604283785461076,9.661557512606004,1.0,11.0
718322,2023,0.4772931775602111,-0.380640321683055,9.058933493605617,1.0,10.0
718314,2023,0.44748066326737534,-0.9344228630328112,9.914185589896569,1.0,6.0
718320,2023,0.44247289457652916,-0.8695736738109474,8.17564050575051,0.0,10.0
718315,2023,0.45193029990682976,-0.9976072297274148,10.389282490202802,1.0,8.0
718319,2023,0.3868688360024257,-1.426917368360421,9.084087177717484,0.0,9.0
718317,2023,0.4296987294317397,-0.9774759232556478,9.543102275980829,1.0,7.0
718318,2023,0.4291730974821912,-1.084905013417422,8.323370919359496,1.0,2.0
718309,2023,0.6839051407007307,1.5731844213291055,8.541042469326266,1.0,5.0
718311,2023,0.4302951496868876,-0.7861074021517154,8.571084590145775,0.0,18.0
718312,2023,0.4541323055898574,-0.6489891064611656,9.781725558416634,0.0,23.0
718310,2023,0.4157564372095183,-0.7432129408134855,8.978416885136264,0.0,10.0
718313,2023,0.4393198341099215,-0.6019068875370471,9.76785935172758,1.0,15.0
718304,2023,0.38427704285184405,-1.4300677751658564,8.827105040697825,0.0,8.0
718308,2023,0.4310624191258834,-1.2846119654716668,8.708414778418149,0.0,9.0
718316,2023,0.5015825977745332,-0.5171400258528479,9.434452383556504,1.0,16.0
718303,2023,0.6278216092422018,1.2809039539739764,8.364440208050219,1.0,5.0
718307,2023,0.5326552872629954,0.28086407996068147,8.90503326864649,0.0,4.0
718300,2023,0.6447977039414466,1.3195287028076186,8.522508003417215,1.0,9.0
718305,2023,0.5851536321854403,0.1824290602337056,9.123979600089495,0.0,9.0
718301,2023,0.5372996866592663,0.03545495329771656,8.998177771957787,0.0,8.0
718302,2023,0.6209841005417852,1.6765132917831616,8.228480324279403,1.0,1.0
718306,2023,0.45208860343943036,-0.9783191914177424,8.383457720459164,0.0,2.0
718298,2023,0.6424075743490739,1.1651427043195541,8.518817968002441,0.0,13.0
718299,2023,0.5806365647120678,1.0924519968689999,9.613676208215706,0.0,20.0
718292,2023,0.5912839052825847,0.7554386572982255,9.264252138155328,0.0,9.0
718294,2023,0.5652715208708904,-0.08880142970540568,8.681478604817327,1.0,9.0
718296,2023,0.6344696521767227,1.4260538036166557,9.59676946143927,1.0,4.0
718295,2023,0.4511738329245688,-0.8601375252205375,7.264054550515895,1.0,7.0
718297,2023,0.4740063753072679,-0.4266733187474124,7.064532136000296,0.0,10.0
718293,2023,0.4305720710312547,-0.9823208079309823,9.1137502523328,1.0,10.0
718288,2023,0.5825075177221435,0.7825646317051574,9.667569181431164,0.0,11.0
718289,2023,0.629854850976129,0.876024232288524,8.502410221869605,1.0,6.0
718291,2023,0.6503492046253456,1.8611093644402061,8.57346442494648,0.0,5.0
718290,2023,0.6434336501579437,1.478484594938011,8.657101477135994,0.0,7.0
718285,2023,0.4578973574400531,-0.872752596392137,7.687212920799505,1.0,7.0
718286,2023,0.567108023414859,0.32436578030206925,8.835882932251026,0.0,10.0
718281,2023,0.5983011695515771,0.9201831114382903,9.471601910703273,1.0,8.0
718280,2023,0.6155789262846668,1.6273473930261582,9.305422372854425,0.0,9.0
718284,2023,0.4222540070420208,-0.5078080423951848,9.875825190512465,0.0,11.0
718283,2023,0.6389240014089641,0.8711468657540877,8.514266612413898,1.0,9.0
718287,2023,0.5228567432207224,0.08857165400772438,9.60572424260078,1.0,5.0
718282,2023,0.5601172707378445,0.48851650871958063,9.832732781274053,1.0,15.0
718279,2023,0.5096571867076204,-0.406487889314132,8.083902961629626,0.0,3.0
718275,2023,0.4965390172805342,-1.0165913641268842,8.78622545231624,0.0,11.0
718274,2023,0.46983591152826015,-0.5393146041931495,8.895268379473299,1.0,12.0
718277,2023,0.6185787426162529,1.0032735968413564,8.9238256327595,1.0,5.0
718278,2023,0.5455557149674835,-0.08476922156658721,8.92975352438841,0.0,11.0
718270,2023,0.4325897634113167,-0.6678716980523451,9.61396695591251,1.0,7.0
718273,2023,0.4788507674044316,-0.6442181912679107,8.108982361910964,1.0,2.0
718276,2023,0.6635576810704867,1.6344460848166578,8.426056741564729,0.0,19.0
718271,2023,0.529228152604286,0.6756575488164046,8.7646451213201,1.0,15.0
718268,2023,0.5425197884703788,0.4744124920856458,9.663421208267868,1.0,6.0
718272,2023,0.5446796398938819,0.34278591388895985,9.519391592913964,1.0,18.0
718269,2023,0.5577871172392301,0.2573293818548055,8.462473537918282,0.0,9.0
718267,2023,0.5173390949884603,0.32042942367239613,9.606496084611557,0.0,10.0
718264,2023,0.45444396570964557,-0.7814786407381539,8.867240620376084,0.0,24.0
718263,2023,0.55696258049743,0.6580077005933479,10.02221695522701,0.0,17.0
718265,2023,0.4950037379686119,-0.2846983380775042,8.13758731314537,1.0,4.0
718262,2023,0.6076328365723284,0.9203958712251581,9.510818696010855,0.0,21.0
718266,2023,0.47035656195512515,-0.9597976460685529,7.955865997779893,0.0,7.0
718261,2023,0.6279579314783373,0.8910667933530525,8.168029161807675,0.0,8.0
718258,2023,0.6534077689974369,1.4948681102910004,8.760158109981099,1.0,2.0
718259,2023,0.43728025340348,-1.1808612659830942,8.865330366279375,0.0,3.0
718255,2023,0.7361054339309241,2.421298134007246,8.801863107944978,1.0,9.0
718253,2023,0.5352068638228026,-0.08722595591047844,9.187544809353023,1.0,17.0
718257,2023,0.4870097742955932,-0.5208831044199063,8.06350754024555,1.0,12.0
718256,2023,0.592428160760579,0.8424799273053927,8.33350182517485,0.0,4.0
718254,2023,0.4737067907783501,-0.7455591078404248,9.302803839990998,1.0,10.0
718251,2023,0.5527890978656267,-0.16575618451130716,8.040765126777703,0.0,3.0
718249,2023,0.6203257506053805,1.6078139933940878,9.597532084053242,1.0,7.0
718260,2023,0.6091154325137891,0.8533124450008789,9.65468735401447,0.0,6.0
718248,2023,0.6211257386450031,0.8119027995753382,7.782884887722469,1.0,2.0
718252,2023,0.6318718504005929,1.2442384791772385,9.014022892903405,0.0,11.0
718246,2023,0.42306876978330465,-1.579639549109225,8.98571512127319,1.0,6.0
718243,2023,0.47490733473785746,-0.5004322354805072,9.09313907459474,1.0,13.0
718244,2023,0.5095643110414069,0.0775837154543676,9.244411881856308,1.0,12.0
718247,2023,0.6968947458200502,1.9213393800490755,8.80223214916084,1.0,15.0
718245,2023,0.6494780512697301,1.140186119076472,8.934777855403947,1.0,12.0
718238,2023,0.5321579635114246,0.18215468649685235,9.732980249138143,0.0,6.0
718240,2023,0.6179691178824762,0.7889436751894755,8.541332994814164,0.0,10.0
718242,2023,0.5183314768964271,0.0536443705414932,8.62253617131176,0.0,7.0
718241,2023,0.5009195404453398,-0.08295173379501097,8.594601293662837,0.0,8.0
718237,2023,0.487272589574008,-0.47048488730972104,8.81513435988835,0.0,4.0
718239,2023,0.5504473867091866,-0.30059218708583263,7.671759290030695,1.0,5.0
718236,2023,0.5483773613243993,0.4908947392763912,9.305216851963976,0.0,8.0
718250,2023,0.593319171307853,0.9740340498998262,9.410826398653375,1.0,5.0
718231,2023,0.605057783647691,1.092405766355469,8.684098347966176,0.0,7.0
718232,2023,0.6640340796611287,1.1954975580189855,8.984342167850418,1.0,14.0
718234,2023,0.5407285144949645,-0.030603875330490374,8.278336524695998,0.0,5.0
718228,2023,0.44266962201193566,-0.966512540347004,7.7320823095164215,0.0,9.0
718229,2023,0.5962019306644412,0.5822168682268155,7.800762004289294,0.0,7.0
718226,2023,0.6106895167220867,1.6714964433242598,9.492238627692315,0.0,9.0
718230,2023,0.5385699428656529,0.3304688976883165,9.689008459967452,0.0,17.0
718233,2023,0.5045734364512132,-0.4377086736263011,8.907215863115146,1.0,3.0
718235,2023,0.4302302303044674,-0.793064008616996,8.635604382568214,0.0,9.0
718227,2023,0.48711486064619336,-0.7826018947966571,9.345987270381757,1.0,3.0
718225,2023,0.4646421108171434,-0.6073001872775052,8.631938788326687,0.0,3.0
718220,2023,0.6443114133412284,1.2992298269520433,8.64197956164188,0.0,7.0
718222,2023,0.5135915669705576,-0.29846414535778965,9.657696081972666,1.0,10.0
718221,2023,0.5454600375466196,0.00514306277215369,8.14969643229866,1.0,14.0
718224,2023,0.5212928342303066,0.26611386118679164,8.266086236641343,1.0,7.0
718223,2023,0.4670181076217477,-0.6969281081742028,9.267633533685634,1.0,5.0
718216,2023,0.4777036068016623,-0.3634056641501431,7.799727772075226,1.0,8.0
718218,2023,0.576983332903026,0.7345935840789525,9.526418818396778,1.0,7.0
718219,2023,0.46584456345524605,-1.4618592406194681,8.59745961934475,0.0,10.0
718215,2023,0.4951338297155051,-0.29043541603282813,9.879469915082598,0.0,8.0
718217,2023,0.3630609664033498,-2.0753897637695697,9.410429791092291,0.0,4.0
718208,2023,0.4655956789771743,-0.23336280386204628,8.639925685556284,0.0,11.0
718212,2023,0.5539419387222723,0.46455279730974525,8.832977267035858,0.0,11.0
718214,2023,0.4772369157216436,-0.4555716975813906,8.791044360562184,0.0,5.0
718213,2023,0.5542611638018955,0.3729728957420649,8.824703817821332,1.0,9.0
718210,2023,0.5722371926752454,-0.4677366348740597,7.8196768838664585,1.0,11.0
718206,2023,0.44796291057211585,-1.221335747815789,8.417728726148793,1.0,3.0
718211,2023,0.5681577841155202,0.7645205283552647,10.17319106953954,0.0,14.0
718205,2023,0.5206758590220364,0.20096558992903787,8.12606497479789,0.0,9.0
718204,2023,0.704994123956778,2.351202805227247,8.084869536110608,1.0,6.0
718209,2023,0.5341652693283302,0.4992176526577166,8.041566588713481,0.0,8.0
718207,2023,0.4228619720392497,-1.0030232781554504,9.525143237773431,0.0,6.0
718202,2023,0.497189035748963,-0.10345513240180683,10.09617458631297,0.0,9.0
718199,2023,0.5144965572667082,0.21398510656627376,10.184204650055909,1.0,12.0
718200,2023,0.3901459272401739,-1.6534566743460715,9.385535700974653,1.0,16.0
718201,2023,0.5866733729804907,1.079713026201688,8.177454444454971,1.0,6.0
718197,2023,0.46262334484576306,-1.3092941256485293,7.334228712078195,1.0,17.0
718194,2023,0.428530642755579,-1.0794150939016414,8.968113590204169,0.0,5.0
718198,2023,0.5656103571066388,0.635033248830895,8.401140396057723,0.0,11.0
718195,2023,0.5075091602568258,0.3560249461468571,8.224864789868894,1.0,12.0
718192,2023,0.4681467095121018,-0.7132067109179347,9.128802167354648,1.0,7.0
718190,2023,0.39475919235126383,-2.314539162880488,9.987605339651896,0.0,5.0
718196,2023,0.591934741764244,0.6533084321319863,9.991989965008699,0.0,7.0
718191,2023,0.5051299283827106,-0.04472251645333803,8.440888229763168,1.0,14.0
718193,2023,0.5833410660413992,0.5668772066343425,9.081127467135833,1.0,2.0
718183,2023,0.6497011653773979,1.5435292726794925,8.689569825405425,1.0,7.0
718185,2023,0.5824851320432839,0.82821763691763,8.424188084022866,1.0,6.0
718189,2023,0.4686981096530078,-0.7725771791066655,9.161100760502313,1.0,4.0
718184,2023,0.5896442847910873,0.6926578666320624,9.587641308199364,1.0,9.0
718188,2023,0.49928686381580406,-0.21626425359267984,9.555523713732434,0.0,11.0
718182,2023,0.5239775410224682,-0.14041631456049541,8.001644457395999,1.0,7.0
718203,2023,0.4687741527256161,-0.4308659849759031,8.906284454558845,1.0,5.0
718179,2023,0.5653922000188436,0.365839088867947,9.17396366419495,0.0,4.0
718180,2023,0.4607339687977211,-1.3971840823142785,8.607400597019476,0.0,15.0
718181,2023,0.48296244681102296,-0.44467362795789045,9.274612026490452,1.0,11.0
718173,2023,0.4145708874778876,-1.2949319657477651,9.04016377327607,1.0,8.0
718178,2023,0.5349031376967139,0.20966768435410488,8.67531977136894,1.0,4.0
718176,2023,0.4166732652146213,-0.9258498754152885,9.098433704240108,0.0,7.0
718177,2023,0.6481377002135492,1.9239254946189532,8.694966822758186,1.0,15.0
718175,2023,0.5012330730331489,-0.07573207905838614,8.416372952763025,1.0,19.0
718174,2023,0.47004319137409967,-0.4845916007937048,9.8238630321171,1.0,4.0
718172,2023,0.3930201747809447,-1.9176457869511676,9.0161918358223,0.0,14.0
718168,2023,0.6266027064799963,1.1889788636867518,8.272999526865387,1.0,4.0
718169,2023,0.5003024693366552,-0.04617765381881855,9.705608969753095,1.0,3.0
718186,2023,0.41344290832829034,-1.1822345459061219,8.421715546109462,0.0,10.0
718187,2023,0.5469321378167469,0.5340850715078217,10.448971952952057,0.0,10.0
718167,2023,0.4382097905429074,-0.6455478436865387,9.679187016753831,1.0,13.0
718171,2023,0.5114016252698894,-0.04312504765158602,8.363973282636634,0.0,14.0
718164,2023,0.5528352498488277,0.3629063847270285,8.612602070661428,0.0,11.0
718163,2023,0.4798012281079812,-0.6534892523194654,9.763816273469596,0.0,11.0
718166,2023,0.4399767958213116,-1.0464748942383126,9.29719399341998,1.0,19.0
718165,2023,0.5521524637698036,0.15229172179677145,8.859922539637282,0.0,12.0
718158,2023,0.6241790970836506,0.871190458499173,7.828782340465932,1.0,10.0
718161,2023,0.5154065649593328,-0.1464473361862244,9.309063209397918,1.0,17.0
718162,2023,0.6796596358223528,1.366074413503265,8.301829957142287,1.0,4.0
718160,2023,0.43254686982280915,-1.4155583700298615,10.052520866569115,0.0,7.0
718170,2023,0.5206403856345997,0.20254593236734825,9.277948109165886,1.0,9.0
718159,2023,0.5431043788680918,0.388263914818327,8.861115648287273,1.0,17.0
718154,2023,0.6102250109606195,0.7361878923194365,9.413676139646707,1.0,10.0
718155,2023,0.48309683810728626,-0.3878520554121775,8.76435107651001,1.0,4.0
718153,2023,0.5544403507549673,0.3109197500920953,8.645827303793526,1.0,9.0
718157,2023,0.5784685232889434,0.6349173855607366,8.577707925250449,0.0,9.0
718149,2023,0.4343416767647507,-1.1834512024234343,9.711318493381492,1.0,13.0
718150,2023,0.48482240352130007,-0.7910625798915354,7.694283630130546,0.0,13.0
718151,2023,0.5568787316226858,0.28538055272717633,9.125768942818832,0.0,5.0
718148,2023,0.5507303635080794,0.8034461930759481,9.116793530003202,1.0,11.0
718152,2023,0.6024099876597908,0.48701736874685136,7.531045769911299,1.0,10.0
718147,2023,0.42338825294877064,-1.1406488247310507,9.242269042788852,1.0,11.0
718145,2023,0.5494114566024794,0.18672033532211937,9.814717018061538,0.0,4.0
718144,2023,0.6410295219658806,1.145791315954536,8.16752355989331,0.0,9.0
718146,2023,0.4766251383068888,-0.7515857082284948,10.053083115599497,1.0,17.0
718156,2023,0.5087495986359769,-0.4512131155120948,8.81411279629511,1.0,7.0
718141,2023,0.6027364068699813,0.44193209463681105,8.05159746627482,0.0,6.0
718142,2023,0.5030404589969841,-0.15958308671486607,8.003043528728252,0.0,8.0
718138,2023,0.5407675661688591,0.3941699439789786,10.057850080454507,1.0,17.0
718136,2023,0.5601205620795007,0.2329349941470314,7.983696014392656,1.0,10.0
718139,2023,0.45323335923348806,-0.618217528431424,9.177521070548098,0.0,8.0
718143,2023,0.5292641360621958,0.4510510359341845,9.811231467463967,1.0,11.0
718140,2023,0.6972148765159082,1.7972925912259237,8.046999857583952,0.0,7.0
718137,2023,0.5825307610040585,0.7015152624450894,9.024196829578141,1.0,4.0
718132,2023,0.5169942439242321,-0.18525755511579609,8.959023239394506,1.0,7.0
718134,2023,0.4849514209483483,-0.46888699357526625,7.946472292729064,1.0,3.0
718133,2023,0.5256506673192297,0.15611968907521726,10.40754678197056,1.0,15.0
718135,2023,0.4456547518239455,-1.0412735636213732,8.326209355858296,1.0,15.0
718131,2023,0.45442044920184793,-0.9911098806079685,8.647065203456206,1.0,3.0
718126,2023,0.5090878320349167,-0.08918601282781098,7.960432841451605,0.0,11.0
718127,2023,0.6046910042490166,0.6636470021104082,8.524926654632667,1.0,13.0
718129,2023,0.4832808645335135,-0.35212153167058036,9.665700804344015,1.0,9.0
718128,2023,0.5540718129850182,0.7090132583231629,8.963933245423016,0.0,11.0
718122,2023,0.3962970197207125,-1.6303627456528358,8.440177690695304,1.0,5.0
718130,2023,0.5203014032358838,0.10815376465901728,8.774357960559398,1.0,8.0
718125,2023,0.5141474565711971,-0.19703719758135668,9.135466462834328,0.0,4.0
718121,2023,0.49642649437736514,0.07039694173882068,9.021300034313967,0.0,6.0
718124,2023,0.44876147045416476,-1.4612148220270618,8.824955019309341,1.0,24.0
718118,2023,0.49414938868098107,-0.5356920633950896,7.590742241633827,1.0,16.0
718120,2023,0.4421551091027031,-0.7550774751357118,9.567261480289154,0.0,8.0
718117,2023,0.6695415539780366,1.6722130096903518,8.159436863024519,1.0,1.0
718123,2023,0.5396744623182949,0.20297338143603383,8.746101677316506,0.0,14.0
718116,2023,0.5311369555134189,-0.38874330809481045,9.551144285782776,0.0,11.0
718115,2023,0.505643027891973,0.19012033721443233,9.378814399128764,0.0,8.0
718119,2023,0.5088259564887919,0.027927596271156378,8.489602214154493,1.0,19.0
718110,2023,0.5764651295488943,0.5371716918925489,8.546590024840434,1.0,8.0
718114,2023,0.6591226631703486,1.4254502224664605,8.834509762591098,1.0,9.0
718112,2023,0.7001966011028561,1.582802992410639,8.9767387226438,1.0,6.0
718111,2023,0.5429519779710101,0.4642282908288901,9.896823656870579,1.0,2.0
718113,2023,0.4763445826339411,-1.282625208865864,9.031194896953462,0.0,5.0
718106,2023,0.44793145154306546,-0.8280663136611014,9.121831100734404,1.0,9.0
718107,2023,0.5372337211311414,-0.09159130290999495,8.095982570336382,0.0,7.0
718105,2023,0.5088084565185708,-0.15100034069039547,9.117879249986565,1.0,7.0
718104,2023,0.5757835274532489,0.817652526457401,9.200685605721528,1.0,6.0
718102,2023,0.5325004928230591,-0.06503153265191934,8.948379411989485,0.0,11.0
718103,2023,0.576661006269646,0.6768211936472437,9.227673437506379,0.0,1.0
718100,2023,0.6388224613643361,1.4131658671972398,8.7621373194694,1.0,16.0
718097,2023,0.5474621713488469,0.25956008383809864,9.680828119127996,1.0,15.0
718108,2023,0.5197426434627528,0.15935092865707812,9.241811420593253,1.0,7.0
718101,2023,0.5647583212129881,0.7581537543080081,8.320087288074923,0.0,7.0
718098,2023,0.7339168569531596,2.2058864462426344,8.930470085202982,1.0,5.0
718095,2023,0.47336129680774675,-0.1920623115815966,9.853578712934343,0.0,11.0
718093,2023,0.6543852238171536,1.7862712352226802,8.649086254036192,1.0,12.0
718109,2023,0.5074904163152136,-0.7839636091400386,9.261762365163376,1.0,11.0
718094,2023,0.5656023961861143,0.5538807325435683,8.563019948849048,0.0,10.0
718096,2023,0.5369362937937099,-0.01063956064471203,9.7408537516909,0.0,8.0
718092,2023,0.5350312637679746,-0.11244281539032419,7.663253242516651,0.0,6.0
718085,2023,0.4322400856750827,-0.8428611303075545,9.420702833788573,0.0,5.0
718090,2023,0.5265133617469141,0.18546042183779005,8.674773870781598,1.0,5.0
718089,2023,0.5253994970579319,-0.06927079160007343,8.902048377010198,1.0,10.0
718091,2023,0.4873188451825009,-0.19275456954486414,8.511464606259146,0.0,11.0
718088,2023,0.5066829140870761,-0.31352545951291116,9.30088551685613,1.0,3.0
718087,2023,0.5586641447308185,0.6808190803142342,8.429752537714574,0.0,11.0
718081,2023,0.5795010160657675,1.3143153994171444,8.30905545151525,0.0,10.0
718099,2023,0.5321302993645967,0.023182650893401973,7.955038658515093,1.0,9.0
718086,2023,0.7407717413081003,2.3366371469490006,8.696759363258746,1.0,2.0
718084,2023,0.5753354197766481,0.8070136594038354,9.158214198844068,1.0,7.0
718083,2023,0.42610385205274887,-1.7012972772548296,8.806194838712102,1.0,15.0
718076,2023,0.6543995759557732,1.361838107480105,8.830148305408859,1.0,16.0
718078,2023,0.5107183152678979,-0.4599881133113537,9.17981858484983,1.0,12.0
718080,2023,0.49772907580272324,-0.029171244303841548,9.176417422998352,1.0,6.0
718079,2023,0.5167322419447918,0.08049679793145526,8.378259108602942,1.0,7.0
718082,2023,0.5085683628154543,-0.4747887965227451,7.604506942881403,1.0,3.0
718072,2023,0.5381850965585905,0.19221426056756133,8.958082719681395,1.0,3.0
718075,2023,0.4462791712396641,-0.668836905351379,8.704905190969681,1.0,10.0
718071,2023,0.42384867740912635,-0.9012400371684877,9.608271072803895,1.0,11.0
718077,2023,0.570634040997817,1.2671667934605386,8.80241983301704,1.0,10.0
718073,2023,0.5808486680633809,0.9825881638847024,9.39292696378308,0.0,9.0
718074,2023,0.6103521863890521,0.8485331790330762,9.165361446978586,0.0,14.0
718066,2023,0.5453095331336401,0.3437136762769278,9.12365456658623,0.0,13.0
718067,2023,0.5878491933910547,0.5142386601575851,8.268391094320032,0.0,5.0
718068,2023,0.45508721590569473,-0.7747072967932492,7.46911630368658,0.0,14.0
718069,2023,0.5271247726330676,-0.07363885519126522,9.645087275654351,1.0,8.0
718070,2023,0.5218057260833503,0.17238397295309218,9.553981083408097,1.0,3.0
718062,2023,0.7430169289718465,2.2835972705890897,8.261551056603274,1.0,13.0
718063,2023,0.5587855835582828,-0.24539578741776147,7.38109027003629,0.0,6.0
718065,2023,0.4447426956639051,-1.047078234133793,8.656395168632365,0.0,7.0
718059,2023,0.4922231417145302,0.06194800146116394,10.462010599359003,0.0,13.0
718061,2023,0.6515962863369932,2.1402028352961526,8.446499349522364,0.0,21.0
718060,2023,0.5419923992402643,0.7641574532919418,9.550209856877496,0.0,7.0
718064,2023,0.4056867824587491,-1.2997038447213398,8.421585464327833,0.0,11.0
718058,2023,0.6284311407119961,0.8762062375628887,7.896602609953322,1.0,11.0
718057,2023,0.6422563332649535,0.9501720974382849,8.585861467466358,0.0,9.0
718056,2023,0.4515046533549069,-0.9059434593745876,9.136256505983528,1.0,6.0
718054,2023,0.558201815148789,0.13872108715868003,7.978198410703779,0.0,7.0
718049,2023,0.49132462142254224,-0.33833164383734643,9.167659177943989,1.0,5.0
718055,2023,0.5353184174096175,0.3130415804772441,8.61911278750611,1.0,9.0
718051,2023,0.5071392100279403,0.04223306652766479,10.183889994752375,1.0,9.0
718053,2023,0.5177637742699857,0.09648025570776024,9.502853195212378,1.0,4.0
718050,2023,0.6252118280124819,1.1414529815507144,9.153210773111564,1.0,5.0
718045,2023,0.4774242619901446,-0.49889614994319187,8.453900174676889,0.0,5.0
718043,2023,0.4729333232812485,-0.5069510676020325,8.758471170901664,1.0,11.0
718047,2023,0.592654795927152,0.37224212009997293,8.024055710085884,1.0,8.0
718048,2023,0.570757214236654,0.6086995754168065,8.539926048877078,0.0,6.0
718046,2023,0.463923861638671,-0.7353517410349174,9.203884328705993,1.0,4.0
718041,2023,0.46274429888172436,-0.4894409694185158,9.472162862578044,1.0,13.0
718044,2023,0.6641045962478026,2.0620948643906356,8.310188165163892,1.0,10.0
718052,2023,0.4638383664959771,-0.44493355553654446,9.242292700664374,1.0,8.0
718040,2023,0.6059731298655477,0.6877962038810443,8.43584422359055,0.0,15.0
718042,2023,0.5665470247856358,0.3670386415072867,8.469925533536088,1.0,7.0
718038,2023,0.5308429092058602,-0.007988099929823049,8.474758097407268,1.0,6.0
718039,2023,0.5434189058539015,0.19346906976867884,9.423834523302993,0.0,10.0
718036,2023,0.4842033922549314,-0.4143879301978247,9.257408127214369,0.0,12.0
718034,2023,0.5640478955496633,0.3263964771212262,9.391887764267734,1.0,10.0
718037,2023,0.7420839996079177,2.2314783213624962,8.584829352324238,1.0,7.0
718030,2023,0.4634605952121605,-0.27561316696866006,9.690833966499154,0.0,3.0
718032,2023,0.6198918148459494,2.01579256258528,8.593215463342451,1.0,9.0
718033,2023,0.49495341043231283,-0.15770595145464686,9.887508687290374,1.0,13.0
718035,2023,0.43580349190420375,-0.9103968806578205,8.647662561517894,0.0,14.0
718031,2023,0.5007995576857354,-0.3247874519006092,8.744082021350934,1.0,9.0
718029,2023,0.6112159769189274,0.8101730192704062,8.712769193043265,0.0,4.0
718026,2023,0.5304046321466043,0.5755312442251903,8.848626035684656,1.0,13.0
718024,2023,0.493395672007107,-0.004153035083893179,8.930437471136283,0.0,11.0
718028,2023,0.5309418988042046,0.2712356308287456,8.445399567232602,0.0,5.0
718025,2023,0.736221121364834,2.3487241298094728,8.7081620380129,1.0,5.0
718027,2023,0.6092266281376557,0.9324275879308707,8.331369364739416,0.0,9.0
718021,2023,0.4871307056220995,-0.47758399891547215,8.785910228571318,0.0,15.0
718018,2023,0.5981049632826501,0.9039555085802714,8.581746750579727,1.0,12.0
718020,2023,0.5191460114285443,-0.4785808189424125,9.298499567679412,0.0,14.0
718023,2023,0.5361903909140642,0.2576159683917978,8.61293589773774,0.0,6.0
718022,2023,0.5498975299597225,0.40939496142795256,7.6415098923664075,1.0,7.0
718019,2023,0.6015167382956561,1.304939049245779,8.944721931220704,0.0,10.0
718014,2023,0.5198034121346667,0.155761500714396,9.491628647985053,0.0,22.0
718013,2023,0.48633573699178206,-0.23374614726455425,8.471872421476053,0.0,4.0
718017,2023,0.5393427421031233,0.035049930470846924,8.463975392636867,0.0,16.0
718016,2023,0.43295231668035833,-0.966274883327341,9.47648988823526,0.0,7.0
718015,2023,0.5619100373666097,0.2640537389173055,8.890175572081832,0.0,8.0
718010,2023,0.4982192545561487,-0.3723437106255412,9.541148053210408,0.0,9.0
718009,2023,0.38587411595405774,-1.7946083235379882,9.83243043026818,0.0,7.0
718012,2023,0.5510472095060223,0.10311079770294213,7.8296979357983085,0.0,17.0
718006,2023,0.5738288733165963,0.26879297992910667,8.268999415179566,1.0,5.0
718005,2023,0.5275353408130391,0.023366733375481456,8.679142903621356,1.0,10.0
718008,2023,0.5571185399547967,0.3222534112109286,8.299709738864584,1.0,16.0
718001,2023,0.5416380851903537,-0.47221751774125326,9.129315445398676,0.0,8.0
718003,2023,0.3792614975523165,-1.691903829044801,10.018740655506145,0.0,9.0
718000,2023,0.5425156192187416,0.14316191500255224,9.198239715231217,0.0,6.0
717997,2023,0.5582685485638761,1.2666602482273666,8.562080357151299,0.0,3.0
718004,2023,0.6142642916563534,0.6860522554952283,7.796137851889155,1.0,5.0
718002,2023,0.5276683650278426,0.25819637292118974,8.011832418032986,0.0,11.0
717999,2023,0.4980662201760096,-0.3143725829621599,7.4267134601414515,0.0,4.0
717991,2023,0.48361152061362417,-0.12647752638901225,9.609906755340699,0.0,3.0
718007,2023,0.5644142066954122,0.5906127045771481,9.003772292101722,0.0,13.0
717996,2023,0.5370709322524234,0.1576249616238653,8.090069861714051,0.0,3.0
718011,2023,0.41237200504109106,-1.1250466043295786,9.290666223200084,1.0,17.0
717998,2023,0.6177532596413977,0.582955973651,8.56143214533067,0.0,13.0
717994,2023,0.59996839679649,0.8047125676012634,9.142883646104108,1.0,21.0
717990,2023,0.5376473146554113,-0.1677152508202905,9.090863209084812,1.0,5.0
717995,2023,0.5477839805888034,-0.0021033990374078014,7.627636651453676,1.0,17.0
717989,2023,0.5355937316187823,-0.29383435955950454,7.814889545494537,1.0,11.0
717993,2023,0.4590332808984015,-0.5740743129319863,8.892853808615188,1.0,7.0
717985,2023,0.4981195517149933,-0.07637880539272009,9.247775320779917,1.0,5.0
717988,2023,0.5879142778775561,0.5734213388210126,8.251769840095053,0.0,3.0
717986,2023,0.46692318512944425,-0.5380296251171006,8.440699689301407,1.0,12.0
717987,2023,0.5953738263578129,1.0815408414708287,8.769953061292316,0.0,13.0
717982,2023,0.46717599750138544,-0.31137230813480765,10.674809437720775,1.0,21.0
717980,2023,0.38231785359606074,-1.8289208926128406,8.77866908985491,0.0,11.0
717984,2023,0.6081078412356797,0.6372126035297683,9.503049598869383,0.0,2.0
717981,2023,0.5421468171833461,0.4195716239203503,9.479092169964533,1.0,6.0
717983,2023,0.5433155964114585,0.19868392205276741,8.806538550979988,1.0,9.0
717992,2023,0.6689436168818428,1.9480092320206392,8.587177382968035,1.0,15.0
717974,2023,0.5658807148235315,0.4488706061701047,9.053755593349749,0.0,5.0
717979,2023,0.41754940845913696,-1.7820383323564521,9.25998927340866,0.0,5.0
717975,2023,0.6635831601982316,1.3570273722376869,9.163751857077711,0.0,7.0
717976,2023,0.4477554106900673,-1.1996171944724972,8.870003063687387,1.0,1.0
717968,2023,0.5743312288685402,0.33175418528401496,8.15932621973827,0.0,12.0
717977,2023,0.6452204542059343,1.2967517189327493,10.273460704843476,1.0,12.0
717978,2023,0.5324677262408888,0.2550201663037655,8.913895339206222,1.0,18.0
717970,2023,0.403018476367971,-1.4352312170824724,9.236483289840807,1.0,9.0
717971,2023,0.4531499197093238,-0.4115859913664112,9.25397589521083,0.0,10.0
717973,2023,0.6483849464066733,2.3105550454392305,8.707981413117126,1.0,7.0
717969,2023,0.5489669017594972,0.6049400725104266,8.01690061245421,0.0,14.0
717964,2023,0.4342132069180344,-1.409539279880606,8.89952316286466,0.0,16.0
717963,2023,0.5344264863370403,0.38186010549677074,7.7738456338056885,0.0,13.0
717967,2023,0.5813259537359766,0.5851877679512156,9.184176372851022,1.0,13.0
717965,2023,0.5421071303438059,0.1917871301259374,9.07710390739037,1.0,9.0
717966,2023,0.5712265392548823,0.4229083225064364,10.158414984891648,0.0,17.0
717962,2023,0.5239172398087417,0.18567232339932058,8.694647097684925,1.0,2.0
717960,2023,0.6669907977530061,1.3602535090567114,9.50210669952474,1.0,3.0
717961,2023,0.4101792824092192,-1.4855082238264858,8.608056112391322,1.0,3.0
717959,2023,0.46843212944636137,0.1858653545109548,9.039015209605742,1.0,10.0
717956,2023,0.5321950124236985,-0.016778778847871385,8.295003680791266,1.0,6.0
717955,2023,0.6906339272112586,1.8530805146639406,9.585448272465037,1.0,6.0
717958,2023,0.3847594883445573,-1.5075360183306936,9.183759607757521,1.0,3.0
717952,2023,0.5024390305725729,0.17827951673182882,7.968798556253926,0.0,12.0
717972,2023,0.5644513472381558,0.6383654886533007,8.807658266265422,0.0,3.0
717957,2023,0.683594758212019,2.207744971334268,8.551102321968294,1.0,12.0
717951,2023,0.4336462655101922,-1.434056664525259,9.484611794543971,1.0,5.0
717943,2023,0.4749744743739961,-0.08070290157402081,9.13722988813496,0.0,17.0
717950,2023,0.4595641084232813,-0.9565375643759549,8.405107142405377,0.0,7.0
717946,2023,0.5332417109688128,0.353107409692078,8.450735420236667,0.0,20.0
717949,2023,0.3999455019941299,-1.51512008537564,9.954716111143835,0.0,6.0
717953,2023,0.531880395919843,-0.2844679866953585,8.626886138270926,0.0,13.0
717954,2023,0.6623878723336104,1.6518484693267095,9.210078593640349,0.0,16.0
717945,2023,0.48847471761591066,-0.34341591033703567,8.13726131486781,1.0,3.0
717947,2023,0.5689773520056045,0.21350607802873778,8.890036079034138,0.0,6.0
717948,2023,0.5711433285454717,0.49713858528768606,10.24957962189985,0.0,9.0
717944,2023,0.4739225121578328,-0.40504271417658194,8.501906619106242,1.0,5.0
717938,2023,0.6478879921466536,1.0703136550513408,8.19157828285869,0.0,10.0
717940,2023,0.5739497219060207,0.8649450152531319,10.31541856070258,1.0,6.0
717939,2023,0.5236079322298246,0.07892686605178548,8.049276458343895,1.0,1.0
717942,2023,0.5783689144448878,0.2754349038810766,8.39155141007144,1.0,4.0
717934,2023,0.5904497931846838,0.5189804652811267,7.866248820378079,1.0,6.0
717941,2023,0.46723215778270055,-0.4951782057160722,7.887355886781527,0.0,11.0
717933,2023,0.6253393154576332,0.9813532353837107,10.035686019236804,1.0,9.0
717932,2023,0.5697380667666875,0.3365694869451669,10.189944217344433,1.0,10.0
717937,2023,0.5458157352658976,-0.09096141119313086,8.248929124486859,1.0,13.0
717936,2023,0.5946699700691355,0.8101759905357507,8.413565953944282,1.0,7.0
717931,2023,0.4656344435716076,-0.7584937184920472,8.765321934655066,0.0,9.0
717927,2023,0.6400714603618954,1.8876140711604654,8.49366431709837,1.0,4.0
717935,2023,0.4459206231377565,-0.7451613840510828,8.691544765167396,1.0,15.0
717930,2023,0.4862756698045145,-0.21888982678907687,8.809106802573147,1.0,12.0
717929,2023,0.5650480334105142,0.3502338169021833,7.882384720015339,0.0,3.0
717922,2023,0.5280264299971023,0.3717855745296377,8.215518228249175,1.0,2.0
717926,2023,0.5898973870253906,0.7468062501574247,7.054939148616176,1.0,8.0
717923,2023,0.5389666481726545,0.5089482605381823,9.714256022794117,0.0,9.0
717924,2023,0.5687417047970313,0.7129017072588916,8.213536672884056,1.0,1.0
717925,2023,0.5220534320754983,0.10489463049943357,9.271206597646158,1.0,3.0
717921,2023,0.5847542930458858,0.407249810449248,8.10211220562258,0.0,3.0
717919,2023,0.5414887506687511,-0.11122772831266316,9.220042849040254,1.0,5.0
717917,2023,0.5710278166236106,0.3913523200275394,8.228609155988437,1.0,12.0
717920,2023,0.5613378530266797,0.8360477093148343,8.329381015675802,0.0,5.0
717918,2023,0.530184169041762,-0.13482290276618822,10.434770364431522,1.0,13.0
717915,2023,0.5676116981023537,0.6337888354172927,8.94222060284389,1.0,3.0
717914,2023,0.5020443721550958,-0.33591228622134767,8.516657745155765,0.0,6.0
717912,2023,0.5988632977459636,0.7095013029531342,8.945327483118342,1.0,22.0
717907,2023,0.465967391625979,-0.5847031763026549,8.88136472893924,1.0,7.0
717908,2023,0.6372212832555133,1.1105621807946617,7.645157191368835,1.0,15.0
717909,2023,0.5522755935832708,0.7041021060928908,9.165910109850818,0.0,10.0
717910,2023,0.4840093893989458,-0.4203740037112518,8.585045738049534,0.0,3.0
717911,2023,0.6568805931847669,2.1222376799461005,8.604955928478722,1.0,13.0
717906,2023,0.5076322964248448,-0.02896629064268221,10.00796662275116,0.0,18.0
717885,2023,0.46869996464438407,-0.9351361022452305,9.975138201005374,0.0,6.0
717913,2023,0.5659787444977813,0.3575647465439187,8.009485619324215,0.0,6.0
717905,2023,0.5000281012845229,-0.07559618135853198,9.282551551731212,0.0,9.0
717916,2023,0.5456000872139735,0.5102602864950452,8.770691638303488,1.0,4.0
717901,2023,0.4752092243783852,-0.8179478229569539,9.614864059146388,0.0,7.0
717903,2023,0.5885153425150322,0.138080132400934,7.84035107789491,1.0,6.0
717898,2023,0.5131020075918687,0.24361118306315505,9.021828873274979,1.0,3.0
717902,2023,0.49029828159176053,0.14145928926985607,9.1667678560335,0.0,14.0
717904,2023,0.4536128213957564,-1.0338455987230255,9.985274420093196,0.0,8.0
717897,2023,0.5145605801332124,0.31632628620058073,9.550638040225893,0.0,6.0
717900,2023,0.5181810164315394,-0.14183712368295576,8.193690163726744,0.0,10.0
717896,2023,0.667100144109813,1.9239128175314415,8.45416362362401,1.0,12.0
717899,2023,0.6480276690715165,1.286427285574545,8.64478799442444,0.0,3.0
717893,2023,0.557489502012486,0.7518370624141327,9.206761897571296,1.0,2.0
717895,2023,0.5162538513730961,-0.2403081512995182,7.80524339449298,0.0,3.0
717891,2023,0.5359544775573571,0.019619315340733537,9.000076368711817,1.0,8.0
717894,2023,0.5833757925343414,0.8090256780394468,8.339686756021363,1.0,15.0
717890,2023,0.5116584981411303,0.07070222680187987,9.22582549806913,0.0,11.0
717892,2023,0.5795716239358112,0.45010565378110656,9.13043769337522,0.0,13.0
717889,2023,0.5175919607392097,-0.38321784778605483,8.50004096824161,0.0,8.0
717888,2023,0.5684704526385896,0.6479380294737728,8.857682292552377,0.0,5.0
717928,2023,0.43952219356492067,-1.1758847616657377,9.27967955546476,0.0,5.0
717886,2023,0.5887446353601176,0.9300704815242209,9.57536603387674,1.0,11.0
717887,2023,0.6197097977835399,0.9129603535363487,8.207736678674245,1.0,15.0
717884,2023,0.6729092864887626,2.147468431496628,9.211231097326195,1.0,9.0
717878,2023,0.5130614195768897,-0.6617286695447743,9.074054098669459,0.0,15.0
717883,2023,0.47795437082332787,-0.5465720823031621,9.457066587172978,1.0,2.0
717879,2023,0.6312244476826142,1.1686255476315424,8.580142720734672,1.0,7.0
717880,2023,0.6054307900547626,0.6401961162532867,8.196017765264106,1.0,5.0
717882,2023,0.6309257960549557,1.5656161897385978,8.684808860683365,1.0,7.0
717875,2023,0.5843159825891838,0.5303848365177104,9.71322376135142,1.0,1.0
717876,2023,0.6209925575225603,0.9711085927930969,8.089958019672066,1.0,7.0
717881,2023,0.4697735292601166,-0.36510080193870736,9.349961322533256,0.0,15.0
717874,2023,0.7036515703116817,2.4398994944318266,9.078902968628904,0.0,13.0
717877,2023,0.6756424322868684,1.5860048798162147,8.498264477509853,0.0,5.0
717871,2023,0.5158880728192349,-0.3140103415961499,7.959119452379838,1.0,6.0
717873,2023,0.5603352478054582,0.06304366825393874,7.426256353796991,0.0,9.0
717870,2023,0.44463967469421023,-1.0807830747283835,9.286927233507399,1.0,17.0
717872,2023,0.6200373527989975,0.798388224234361,8.729163745696757,1.0,10.0
717867,2023,0.5073353428246341,0.29513579350975244,8.41031741056783,1.0,7.0
717868,2023,0.6365126005007054,1.1206842741277052,8.816554701696896,1.0,10.0
717869,2023,0.4530311128201426,-0.8704144080060405,9.926682671085986,0.0,14.0
717861,2023,0.5742972806524906,0.579014754466701,10.004648642869974,1.0,11.0
717864,2023,0.5196967846716479,-0.3856855375150016,7.716525936674779,0.0,5.0
717865,2023,0.613997745257752,1.5540630703404312,8.792446623526699,0.0,14.0
717863,2023,0.4920363740529055,-0.25636467581315825,7.684221178940715,1.0,13.0
717860,2023,0.6268760084808555,1.029460859225498,8.373393871080346,1.0,7.0
717859,2023,0.5535512781356922,0.9232086374748278,8.274990835796922,1.0,3.0
717866,2023,0.4621334833098244,-0.14325761774961898,9.721686537964983,0.0,8.0
717856,2023,0.519781617366736,-0.2869689029399756,8.869165257824292,1.0,5.0
717858,2023,0.5356626652096097,0.29145425027843386,8.035038386377028,1.0,7.0
717853,2023,0.4780198058268181,-0.5178816609303621,9.805904180427374,1.0,14.0
717850,2023,0.5400074190682687,0.5398574657996114,8.256113899191293,1.0,12.0
717851,2023,0.5339970861490629,0.37436717187180174,7.652601326586659,1.0,12.0
717854,2023,0.6554366140712452,1.4346980658887407,8.735989158790572,0.0,1.0
717852,2023,0.4129120522616933,-1.004200500851884,10.331116389111711,0.0,9.0
717855,2023,0.5682394435697585,0.1493261575402772,9.443558162965752,1.0,8.0
717844,2023,0.43838632013032286,-1.0607683891142732,9.934467550219681,0.0,6.0
717845,2023,0.5696529445855706,0.4558561776873761,8.70787583261889,1.0,6.0
717849,2023,0.4882081632900491,-0.2493476316162863,8.744229441357087,0.0,9.0
717846,2023,0.4249415214052252,-0.7855125243716228,10.17202667569248,0.0,10.0
717848,2023,0.660965024042727,1.4990472876218024,8.809583344543855,0.0,11.0
717857,2023,0.6731079186168444,1.3757551276326054,8.757830522530602,1.0,3.0
717862,2023,0.6098659013142441,0.7846885754095969,9.557548362622358,1.0,5.0
717843,2023,0.4618502607903309,-0.5962540271547274,8.778911332453452,1.0,5.0
717842,2023,0.5663886668069661,0.39990514534452976,8.317561585608559,1.0,13.0
717840,2023,0.5898647134695132,0.8751360405250955,7.642972850730372,1.0,23.0
717838,2023,0.5516148653156856,0.01859702141889591,9.521490523131998,1.0,4.0
717834,2023,0.45551136794894953,-0.6277903284521524,8.740087184927132,0.0,17.0
717827,2023,0.574145003624675,0.3489233583635415,8.367644695817747,1.0,11.0
717841,2023,0.6319302267442428,1.0001602107694156,8.024367587337723,0.0,5.0
717836,2023,0.5364767624417051,0.31748611044642433,9.164850923418895,1.0,21.0
717839,2023,0.6751551871402905,2.090542573017268,9.373536214043733,1.0,5.0
717837,2023,0.5094518317649804,-0.3642774132506785,9.635343235323,1.0,9.0
717835,2023,0.49252791189606476,-0.4306292398093033,9.1160506673657,0.0,5.0
717833,2023,0.4395976304506237,-1.1471672223524483,7.324937249439692,1.0,19.0
717829,2023,0.7175878400828153,2.2624139459225265,9.081421910613331,1.0,5.0
717828,2023,0.5074627131650329,-0.031105811476000163,9.031526466139624,1.0,3.0
717831,2023,0.6311355371111249,1.3007980290927879,8.621488568710523,0.0,7.0
717832,2023,0.597454360579032,0.6949622375427075,8.551626894744524,1.0,11.0
717830,2023,0.3911104284585181,-1.304090724821482,10.895296292502127,0.0,15.0
717824,2023,0.5079754683170593,-0.7946075157599369,7.875091281980843,1.0,9.0
717823,2023,0.5209135184666495,0.02127810844282557,8.711632751460636,0.0,5.0
717821,2023,0.49927592239914204,0.10358421380486187,8.89684447625918,0.0,5.0
717820,2023,0.4323861322480429,-0.804381783483559,8.931509318490269,0.0,6.0
717817,2023,0.6070184772213403,0.8138329556696149,8.60843325189578,0.0,12.0
717822,2023,0.4703106975165603,-0.6488818345876765,8.604813197715144,0.0,13.0
717819,2023,0.46821590563789717,-0.25275745950165596,11.235734422761647,0.0,5.0
717818,2023,0.6206807324906758,1.4042687047310611,9.322922220453838,1.0,7.0
717812,2023,0.5361039888203787,-0.14769275605534965,8.956923830284657,0.0,6.0
717811,2023,0.533253220180256,-0.3738078308584027,9.263475852378004,0.0,9.0
717813,2023,0.565283565976635,0.1441219851333363,7.908097860231286,0.0,12.0
717816,2023,0.6454827008931662,1.2005312704275706,8.956901623167717,1.0,10.0
717814,2023,0.6517729945532131,1.4338510490620362,8.800843103637241,0.0,3.0
717815,2023,0.5118377790984104,-0.5663364694012568,7.926525740447343,0.0,10.0
717826,2023,0.5982384145180902,0.755699612751756,8.772036081735386,0.0,4.0
717825,2023,0.6042178540866855,0.798492881937516,8.500362574411827,1.0,4.0
717809,2023,0.5695634639603826,0.2980529136073854,9.021785273345063,0.0,8.0
717804,2023,0.4486000055811348,-0.8084075343125384,7.990092777846473,0.0,12.0
717802,2023,0.5238652944656272,-0.248374292977356,7.874994029424658,1.0,5.0
717807,2023,0.707979755244665,2.2307165609469255,8.926662558219698,0.0,8.0
717803,2023,0.5626217749116958,0.5886202225216187,9.072280030758947,1.0,3.0
717808,2023,0.6681276742701064,1.3393950902558243,9.333432586681647,1.0,14.0
717806,2023,0.45810564489608685,-0.797419094932959,9.440375214134237,1.0,10.0
717805,2023,0.5601213394770288,0.5352607441333909,8.574192672511167,1.0,13.0
717801,2023,0.603469953137391,0.6319924843931373,7.806423865272584,1.0,10.0
717795,2023,0.4477100838189052,-0.5175976649719297,9.089581062447888,0.0,11.0
717800,2023,0.6555007754376823,2.098094160019037,8.670250716885112,0.0,14.0
717797,2023,0.5798990595675452,0.4045236458337179,8.925836756476683,0.0,7.0
717798,2023,0.41533652119932524,-1.009902437041158,9.884972265031726,1.0,9.0
717796,2023,0.5532539876811399,0.5874892924926595,8.825561696651787,1.0,16.0
717799,2023,0.4802498426191726,-0.6728804466098562,9.023839035851763,1.0,13.0
717810,2023,0.5990755944814475,0.778551837345886,8.569759279284249,0.0,5.0
717790,2023,0.38885296015619875,-1.6592813288738808,9.745245495302928,1.0,11.0
717794,2023,0.6578007020481698,1.445849093466725,10.474313202697523,0.0,7.0
717791,2023,0.44195159015296254,-0.6549690634396791,8.728636405727817,0.0,7.0
717792,2023,0.572748519654434,0.9758391727751033,8.92715674032463,0.0,15.0
717793,2023,0.5062347024721512,-0.18071787889762583,9.84408696984534,0.0,9.0
717789,2023,0.34336411910138376,-2.349136649477592,10.060275612201544,1.0,7.0
717785,2023,0.5177811657405939,0.06881805490833441,9.609428918610117,1.0,17.0
717786,2023,0.47837480184703063,-0.4077549342630147,7.938300075606639,1.0,9.0
717787,2023,0.5448020702725613,0.10461726390188715,9.301665315986265,1.0,17.0
717788,2023,0.6107880170941181,1.1469716973947548,10.313375668815494,0.0,13.0
717779,2023,0.49215142277018536,-0.34473799652029813,8.351211421890564,0.0,13.0
717783,2023,0.5034504692272876,-0.393989493828808,7.530923213000454,1.0,12.0
717781,2023,0.461846187443819,-0.539401500398969,8.467192237682735,0.0,14.0
717782,2023,0.522223620270779,0.6328406711223556,8.595105504265302,1.0,14.0
717780,2023,0.5669705221357058,1.0147991004223476,8.846839289620947,0.0,10.0
717777,2023,0.5091952842103895,0.10022909572246029,9.78535699817216,0.0,9.0
717778,2023,0.7306950825887811,1.8131213273965212,8.374560650600227,1.0,7.0
717773,2023,0.5603849510497243,0.2335125943641237,7.603691737600839,1.0,12.0
717775,2023,0.5149245880207957,0.0269543799483358,9.43558059758434,0.0,18.0
717772,2023,0.5358803650380295,0.03594291232754266,7.9210767696358735,1.0,9.0
717774,2023,0.3878265650800038,-2.087282237628079,9.433536161514446,1.0,3.0
717776,2023,0.6402252927427168,2.1271945796246157,8.697603232897315,1.0,6.0
717770,2023,0.3979620672192896,-1.534866669593044,8.018825674636702,0.0,17.0
717771,2023,0.6100855903508036,0.7508635133300195,8.356376338546399,1.0,6.0
717784,2023,0.44337897493202955,-0.8145007907865811,9.213131374391015,0.0,11.0
717767,2023,0.530208484426631,0.4517654847977903,9.205411089453069,0.0,13.0
717769,2023,0.5757887777488012,0.3509034968354432,9.240766971693944,0.0,4.0
717768,2023,0.6540112440758182,1.2531037579207958,10.38944714449594,1.0,9.0
717766,2023,0.4639928424249535,-0.7044686070855748,7.920013740776084,1.0,7.0
717763,2023,0.5161171986524745,0.31913282440090474,8.405874402739977,1.0,16.0
717765,2023,0.5718285160518409,1.3812766116493116,8.770221592444807,1.0,9.0
717764,2023,0.4728814607766621,-0.25059568827323575,9.164783056793944,0.0,11.0
717762,2023,0.7273230743125506,2.217724125019087,8.154625669262376,1.0,9.0
717759,2023,0.595916300643243,0.4356263151097416,7.737331777161895,0.0,5.0
717757,2023,0.5806616828862403,0.6224738686998273,9.724291605482012,0.0,7.0
717761,2023,0.37583165797232737,-2.088278829358208,9.410590512566019,0.0,9.0
717758,2023,0.53263521931392,0.32203090404758605,8.005131414995075,1.0,5.0
717760,2023,0.6928535950507314,1.985278799715443,8.32669472911345,0.0,12.0
717753,2023,0.6033625888837387,0.5256359299025938,9.217320053481437,1.0,6.0
717756,2023,0.36857067923381465,-1.9904883408353506,9.068369148846713,0.0,7.0
717755,2023,0.499656883760997,-0.18716556676311533,9.770854728865409,0.0,9.0
717752,2023,0.6917540611542151,1.784813578746851,8.267308341993235,0.0,12.0
717754,2023,0.6929220675129332,2.1745579902394137,8.70652797179956,1.0,11.0
717747,2023,0.5535908329190872,0.5733275060326347,8.073897289959296,1.0,9.0
717751,2023,0.5537232922942938,1.1762612393171725,7.96372677195753,0.0,8.0
717746,2023,0.7051121863663092,1.694143082354533,8.078460288761107,0.0,5.0
717750,2023,0.5014319921121939,-0.46093290203701004,8.73357295647275,0.0,14.0
717748,2023,0.5707721461502727,1.1328348360674658,8.84396237000643,1.0,9.0
717744,2023,0.461596821716898,-0.18665222438105922,9.110854825658219,1.0,13.0
717749,2023,0.4320105406174688,-0.6508524771474069,8.950614522867445,0.0,11.0
717743,2023,0.4927357261851269,-0.023525123560937146,9.173513607943484,1.0,7.0
717742,2023,0.47769007496553306,-0.6058853462959194,10.320515016673632,1.0,20.0
717745,2023,0.6775006046351105,1.7392422115884847,9.30119176429293,1.0,9.0
717741,2023,0.5424528799287804,0.8854120978496414,8.325581217847484,0.0,3.0
717737,2023,0.6139151819866866,1.0113897077565874,8.537029757524428,0.0,3.0
717736,2023,0.44506051563505244,-0.421748556575857,9.157547754174209,0.0,3.0
717738,2023,0.6514369378579707,1.187686269518492,8.144829012697823,0.0,8.0
717740,2023,0.551623541559551,0.4214422955936874,8.127657464637013,1.0,9.0
717739,2023,0.6245951282120015,0.9976150683420605,9.414572348408742,1.0,6.0
717732,2023,0.4503802281556164,-1.2440642126857893,7.149685363541002,0.0,8.0
717735,2023,0.43551438466805364,-0.8782548448536361,9.195729540669966,0.0,7.0
717731,2023,0.5382504943175865,0.30715602045928714,8.756461295219347,0.0,12.0
717733,2023,0.5816766501645697,0.6663441143031416,8.508357270608958,1.0,5.0
717728,2023,0.6368253750303625,1.236186217634471,8.5648172877457,1.0,2.0
717729,2023,0.5265388393736196,0.637673135598474,8.158698878316178,1.0,5.0
717723,2023,0.5813442217207531,1.182610374825654,9.186105962159399,1.0,6.0
717734,2023,0.4335753559496311,-0.9490972832002289,9.69812636560497,0.0,7.0
717725,2023,0.4418401947954489,-1.2975729408957333,9.853357567394607,0.0,5.0
717727,2023,0.5788087596902042,0.685041781340245,8.759028816185348,0.0,13.0
717726,2023,0.42710693654838955,-0.7864675671057517,9.441391377580507,1.0,19.0
717718,2023,0.5625575778147153,0.7014316127854139,8.357722998206606,0.0,8.0
717724,2023,0.7128417385250942,2.1739268106671887,8.872969114701897,1.0,12.0
717722,2023,0.6141305299875398,0.5637217799566625,7.9111107534279945,0.0,7.0
717720,2023,0.4911711611822281,-0.23263557963192233,8.56365674557499,1.0,5.0
717717,2023,0.45203734135192997,-1.4663504513921872,7.889469352708086,1.0,2.0
717721,2023,0.5716936818504411,0.5850418914262202,8.576820969499362,0.0,15.0
717719,2023,0.49962117963418345,-0.015305696384883544,10.235280094878627,1.0,9.0
717708,2023,0.4983694351962828,0.1977093807078724,8.925554084735408,0.0,9.0
717714,2023,0.43333237725032425,-0.8806006556285441,9.44393434908233,0.0,6.0
717730,2023,0.4688554128873303,-0.5791072425085662,9.990098267456707,1.0,8.0
717716,2023,0.6934018821428666,1.994801071794102,9.084488006915512,1.0,20.0
717713,2023,0.5591065577862367,0.7026727563570602,8.656220134619756,0.0,15.0
717707,2023,0.6232809348543786,1.1431211838761295,8.787757281729705,0.0,16.0
717712,2023,0.45888235895568175,-0.05124721338618225,9.907820979744399,0.0,7.0
717711,2023,0.5974069536593117,0.6241543781354393,8.65575891110567,0.0,10.0
717710,2023,0.5739880205251687,0.8193734685157149,8.6124898681913,1.0,7.0
717709,2023,0.5817216432055955,1.1335631511782402,8.796228617506388,1.0,18.0
717705,2023,0.4072926910156238,-1.332292613456032,8.928437966288113,0.0,5.0
717706,2023,0.5449924510072054,0.16149149452036085,10.056148113130273,0.0,15.0
717702,2023,0.523233168518233,-0.11939365938687535,8.40702689524463,0.0,10.0
717703,2023,0.5360111715328605,-0.6155377184799263,7.9561788128297755,1.0,9.0
717704,2023,0.5934808382062584,0.34216735817305965,8.134712217676896,1.0,6.0
717715,2023,0.5158536239585265,0.18203683584427421,9.81997143733161,1.0,5.0
717699,2023,0.47971673705104073,-0.28567168558523776,9.093457204261558,0.0,14.0
717700,2023,0.47347795991567343,-0.5000065286124592,8.568772286776346,1.0,11.0
717692,2023,0.6036150987280982,0.8949564650818761,8.593918034709354,1.0,10.0
717698,2023,0.5091082070924404,-0.3626650472858372,9.188980033937659,0.0,8.0
717701,2023,0.5987057132334241,0.7153533972477137,9.963805507003013,1.0,9.0
717693,2023,0.5605157355033833,0.06099912505816975,7.949388124008966,0.0,12.0
717694,2023,0.5629437001396078,0.2742990419481105,7.887383949523455,0.0,12.0
717695,2023,0.4281454622948378,-1.3447558721339365,8.735899652907738,0.0,7.0
717696,2023,0.5357769961032736,0.030511697103552296,7.510737436972508,0.0,10.0
717697,2023,0.5109964004275838,-0.11092477501057552,8.564820524200739,1.0,11.0
717681,2023,0.5986399835129036,0.757288067272246,8.727194164644978,0.0,1.0
717687,2023,0.6136932289954017,1.067188187184246,8.384217800257995,0.0,14.0
717689,2023,0.42142910070184686,-1.1788805734404486,8.552639358108165,0.0,6.0
717690,2023,0.5609119315386946,-0.10352337595978131,8.1487379244899,0.0,2.0
717686,2023,0.4732332584683316,-0.6590557625314183,8.850707473160004,0.0,4.0
717691,2023,0.4540746699419185,-0.6145800517114169,8.92706860815197,0.0,12.0
717684,2023,0.5262441227753315,-0.19258202829450485,7.717614765008864,1.0,4.0
717679,2023,0.6846117626008552,2.1436271867528127,8.767794094839227,1.0,5.0
717685,2023,0.622666870988515,1.0225826058016774,9.63457540150293,1.0,14.0
717683,2023,0.569231414634626,0.6706141262788288,8.217600410635562,0.0,14.0
717682,2023,0.5468713249628966,0.12296424542429323,7.391763801417835,1.0,6.0
717675,2023,0.43093633597329806,-1.4476910953891469,8.772336711486254,1.0,13.0
717680,2023,0.5043828409640804,0.4722877519010607,8.453795863455815,1.0,12.0
717688,2023,0.5277790080959569,0.2014013267191806,9.075114655591054,1.0,7.0
717678,2023,0.49747107467597707,-0.7614271273988387,8.528088917143677,0.0,2.0
717677,2023,0.6150779429080088,1.0066188293811271,8.417522207841115,1.0,9.0
717676,2023,0.505887796660247,-0.6128891878020228,7.099111246545609,0.0,9.0
717669,2023,0.601148188471362,0.8696966559400728,9.845812478066268,1.0,8.0
717671,2023,0.5076974697692631,0.2101766952569988,9.115530255620417,0.0,11.0
717668,2023,0.5474736486837828,0.298521942233598,8.798216353423511,1.0,13.0
717670,2023,0.6460291429533885,0.7541192323700424,7.986110937538005,1.0,18.0
717672,2023,0.4799217730238794,-0.5318044084349063,7.39320101069772,0.0,6.0
717673,2023,0.4799098376851004,0.17768224923997725,9.411399861358419,1.0,3.0
717666,2023,0.45578323545105703,-0.8075122817045943,8.680179038206989,1.0,6.0
717663,2023,0.6614782991581906,1.7819242075062842,8.582794395539075,1.0,13.0
717665,2023,0.5284926838522739,0.5578129796589054,8.026552635163108,1.0,9.0
717667,2023,0.4476478342590424,-0.960033904485349,9.278648235632403,0.0,9.0
717662,2023,0.5529808199358199,-0.3126423118665558,8.345778819487297,0.0,2.0
717674,2023,0.4925628020428611,-0.1874670905117756,8.466931316407907,1.0,6.0
717847,2023,0.48756326870353595,-0.3145372213936785,9.782310517281525,0.0,8.0
717657,2023,0.4773800400670535,-0.8217783293171163,9.045107186320273,0.0,6.0
717660,2023,0.6860527238494183,2.070379196702061,8.388217867983963,1.0,7.0
717658,2023,0.565998547880929,0.6668264972161774,8.109539929445559,1.0,6.0
717661,2023,0.527047479979479,-0.21727839578043917,8.566438767745367,0.0,10.0
717659,2023,0.6940251231178712,2.142852579831257,8.801548731258181,0.0,11.0
717654,2023,0.5749545459811582,0.23242007402796755,7.839710273256646,1.0,10.0
717652,2023,0.555234613098764,-0.11355024597246909,8.483415368624105,0.0,12.0
717653,2023,0.6296068115594131,0.968253801791449,7.968278822661185,0.0,4.0
717650,2023,0.4026187723937451,-1.5048934004806076,10.074674309979706,1.0,21.0
717647,2023,0.4449678437115292,-0.8562116220488569,9.131984648487036,0.0,5.0
717649,2023,0.708610255136852,2.0911933569609156,9.061229477641113,1.0,14.0
717651,2023,0.5021817239045026,-0.08682402273264966,9.028795174712092,0.0,14.0
717656,2023,0.5304967085477534,-0.2654242843989627,8.988478252810475,1.0,6.0
717655,2023,0.5854474619230284,0.4340234059876548,8.715419583605339,0.0,6.0
717646,2023,0.7095174374336827,2.530752287222008,9.094118127052745,0.0,9.0
717648,2023,0.5931700382254256,0.4519420619006565,7.807558443752292,0.0,8.0
717645,2023,0.4598689633110905,-0.2707354118654274,9.027073020288416,0.0,4.0
717644,2023,0.4432479163793714,-0.45335511381147553,11.012390405283918,1.0,11.0
717642,2023,0.7119792741568284,1.7059435850329208,8.234729300691033,1.0,16.0
717643,2023,0.5451489684444093,0.41571553720104526,9.176993571637057,1.0,5.0
717641,2023,0.6285529236190649,0.9947300315715707,8.416145833090216,1.0,13.0
717637,2023,0.4818356219047044,-0.2541267606170384,9.6744746720131,0.0,10.0
717636,2023,0.4899854849284576,-0.6738901514663427,8.842695778187418,1.0,1.0
717635,2023,0.47852040887564934,-0.46810332761251694,8.667992074737548,0.0,6.0
717628,2023,0.5144999503426938,-0.00900418393694198,9.259269725925838,1.0,10.0
717639,2023,0.5280008179693477,0.006693080946151728,8.417849390318175,1.0,13.0
717634,2023,0.6930666706644938,2.3958598586402022,9.16377550758113,1.0,10.0
717632,2023,0.6731624040362036,1.3685903280489549,9.336379523741837,0.0,13.0
717631,2023,0.44037773089660825,-1.0833309242214986,10.90312503517187,0.0,13.0
717629,2023,0.4634125283626846,-0.33096775568994213,8.917618761566654,1.0,9.0
717630,2023,0.5536740856554601,0.3240865312225122,8.30156016911973,1.0,7.0
717625,2023,0.5350037226851081,-0.07586110008141443,8.162409869806043,1.0,6.0
717626,2023,0.5731245467684818,0.8339789873548455,8.960714950017689,1.0,15.0
717633,2023,0.4193641596108381,-1.0007845373990671,8.821415443226428,1.0,5.0
717638,2023,0.6748340478784154,1.6758044545868436,8.676247320129596,0.0,2.0
717640,2023,0.4292388338026747,-0.773612890819104,10.638081232135418,0.0,26.0
717623,2023,0.4245643048773242,-0.9344679906130036,9.948850230748475,1.0,12.0
717621,2023,0.4163844527739984,-1.2446916443070208,9.21189886273599,0.0,9.0
717622,2023,0.5333693143341908,-0.4193448441903436,7.73910250669742,1.0,8.0
717624,2023,0.5878907050499858,0.6734091268244262,8.815437716027402,1.0,13.0
717627,2023,0.4940200253554503,-0.11755462929972073,8.833246963671877,1.0,5.0
717617,2023,0.6430918987544839,2.0560573994060216,9.270352608912065,1.0,13.0
717619,2023,0.7001350640172014,2.085816788076821,8.950884249284176,1.0,4.0
717618,2023,0.4071511147253578,-1.5351941752573621,9.8856926388491,0.0,13.0
717620,2023,0.590049700427787,0.6509507887342361,7.856747327619742,1.0,2.0
717613,2023,0.4956923960806571,-0.5330514564838433,8.217894292644614,0.0,9.0
717614,2023,0.45685363654273836,-0.3681523672935102,9.055423133190107,1.0,5.0
717616,2023,0.4274680802885332,-0.5284922404739554,11.084122934883268,1.0,7.0
717612,2023,0.5764592238192442,0.565313334967572,9.003043335643776,0.0,7.0
717610,2023,0.6762145137265543,1.322088042379857,8.272596155497254,0.0,11.0
717615,2023,0.5354908922681795,-0.1307942181007189,8.356517613162959,0.0,11.0
717611,2023,0.593316195738231,0.9132453077277772,9.584036100974364,1.0,13.0
717607,2023,0.5593460601360366,0.5054656662992266,8.54734849801636,0.0,3.0
717609,2023,0.5876419419944069,0.641727832632484,8.117644618224444,1.0,5.0
717606,2023,0.631586339093624,1.2732676365305968,8.723477742091427,0.0,9.0
717608,2023,0.5752546874469178,0.8400456746752303,8.446117535818237,1.0,3.0
717602,2023,0.6838488664603765,1.6140252984177677,7.816086697982362,1.0,12.0
717601,2023,0.5734625539486852,0.8652281368796311,9.18327711614961,0.0,4.0
717603,2023,0.4683341635394789,-0.1940807568284037,9.159116736727013,1.0,13.0
717604,2023,0.5935333060748753,0.607514222967625,8.483232293738187,0.0,3.0
717605,2023,0.48995123663080453,-0.4012715585479193,9.952685778416475,0.0,11.0
717597,2023,0.4709392199149025,-0.4650140324097998,8.85482343049817,1.0,9.0
717600,2023,0.5793122201370794,1.014299521957455,8.20549222788083,1.0,8.0
717598,2023,0.4591653661936547,-1.0059532643533526,8.882495400094584,1.0,6.0
717599,2023,0.6636000452514054,1.5323174921540457,8.908800539972486,1.0,11.0
717596,2023,0.49554741457104,-0.1108931557269058,8.728440648078516,0.0,6.0
717591,2023,0.46892277284295153,-0.39453664879591854,9.2528588403339,0.0,3.0
717594,2023,0.40463381330443005,-1.409070210211024,10.731600822812595,0.0,5.0
717592,2023,0.6377943012046978,1.5863826561352312,8.50394084524587,1.0,6.0
717595,2023,0.4601030217873812,-0.461431097492352,8.694109762675735,1.0,3.0
717593,2023,0.5318722450855652,-0.22615225694211635,8.760427174965647,1.0,12.0
717590,2023,0.6670817976474914,1.4957833271882848,8.211950189199365,0.0,11.0
717588,2023,0.6071431143619744,1.2966594762291508,8.967995215097437,1.0,3.0
717587,2023,0.7141652983835644,1.6238347735786243,8.083115288897337,0.0,5.0
717589,2023,0.6073129705261769,0.8011314114353101,9.611493704444149,0.0,18.0
717585,2023,0.48823281870255725,-0.18872773618291816,8.066212848031466,1.0,8.0
717586,2023,0.462249121844483,-0.5106529758209538,8.58923339274212,1.0,7.0
717583,2023,0.45113757168771995,-0.8437856249588173,9.684784642775357,0.0,8.0
717581,2023,0.5047850219971772,-0.08566009628977897,8.507664706081885,0.0,7.0
717582,2023,0.459780521015602,-0.9812120094973876,9.447332484886523,0.0,17.0
717580,2023,0.6562943668447829,1.2730694851762876,9.167937895810425,1.0,12.0
717584,2023,0.4645086307700903,-0.5287426787088987,8.202287109911204,0.0,13.0
717577,2023,0.44256980750690517,-0.7252548569399596,9.20814068525271,0.0,15.0
717578,2023,0.42873564872439074,-1.0987061618595098,10.891976787025403,1.0,17.0
717576,2023,0.6171450134914707,0.8967537679557803,8.818392911173966,0.0,16.0
717579,2023,0.41961708064604286,-1.1676994897574602,8.797966005086627,0.0,11.0
717575,2023,0.4205415453549351,-1.508436027370771,10.043413794798228,0.0,5.0
717571,2023,0.41511923340255635,-1.0873865685724478,9.572074501744982,1.0,9.0
717570,2023,0.6335964297489336,1.4820911615782097,8.83644948754425,0.0,13.0
717573,2023,0.39041167601377025,-1.2191759966083275,9.950512671330507,1.0,7.0
717574,2023,0.40408214687754784,-1.3735736836889743,8.974798865447944,0.0,14.0
717568,2023,0.462104469896584,-0.6178619395019302,10.006977249467807,0.0,7.0
717560,2023,0.5997947314965707,0.7297643055087394,8.96353012206391,0.0,16.0
717569,2023,0.4630387120687562,-0.627463782858356,9.70357682357812,0.0,2.0
717564,2023,0.5633251913218065,0.38861737535930146,9.031104020761038,1.0,3.0
717565,2023,0.5333228656149329,0.5711034955861344,8.295245033467346,0.0,5.0
717566,2023,0.4868186772949077,-0.5402846966070441,10.322536960645817,0.0,14.0
717567,2023,0.49518421943781205,-0.1542801726490569,8.67540276947387,0.0,4.0
717572,2023,0.43416861209747026,-1.1773696343928193,10.986509920012248,0.0,17.0
717559,2023,0.5396203786811984,0.661517494137336,8.174446496738025,1.0,11.0
717557,2023,0.47620593526926436,-0.4561605883347397,10.580324693745546,1.0,12.0
717563,2023,0.6423329418591679,1.294133274502091,9.229590664905441,0.0,3.0
717561,2023,0.5181974035027488,0.09102194193842834,8.985232763247113,0.0,9.0
717562,2023,0.46171280514095264,-0.30445147399471756,8.312455814941803,1.0,15.0
717555,2023,0.5416510679486328,-0.004836517039488864,8.92414676028123,0.0,5.0
717556,2023,0.41685277619711003,-0.8854161363969673,8.72090691092569,0.0,9.0
717558,2023,0.6021613081879098,0.6419433742755334,9.167808279283923,1.0,20.0
717554,2023,0.624866605453791,1.1822723180967354,9.019788278003901,0.0,8.0
717552,2023,0.5178358888043297,-0.011006216438483733,10.901159307171392,1.0,13.0
717553,2023,0.41677269899824365,-1.2055729329413225,9.117685258723474,0.0,12.0
717549,2023,0.5684898999117677,0.6718268874394259,9.601292777397735,0.0,8.0
717551,2023,0.4926681136026742,-0.5576231778631796,9.20066120273659,1.0,11.0
717548,2023,0.4335205464220431,-1.0333799246187767,7.448793598761889,0.0,19.0
717539,2023,0.47207012566577483,-0.8778916660323979,10.168527764553225,0.0,17.0
717545,2023,0.4671750636882522,-1.116526605062515,9.339310923109432,1.0,15.0
717547,2023,0.5249927554839061,-0.0902793701639247,9.34357682080666,0.0,13.0
717542,2023,0.562295401383734,0.4103041408101437,8.220796882388434,1.0,7.0
717541,2023,0.5063245271191766,-0.18814685894879024,9.252035353108987,0.0,1.0
717543,2023,0.6636224441616575,1.086843236945366,8.389449310556877,1.0,23.0
717540,2023,0.4697726201857772,-0.6869402299828973,8.123515737905091,0.0,19.0
717538,2023,0.482993061257614,-0.4749388244592046,9.601784111007028,1.0,13.0
717535,2023,0.5034373320536711,0.30323191377325215,8.252670966936199,1.0,5.0
717536,2023,0.6116789353695946,1.021076947284304,8.57133017360824,1.0,7.0
717534,2023,0.49640673071567126,-0.571818512743449,7.483920134892884,1.0,11.0
717537,2023,0.3873299156550709,-1.5837434346406842,9.015247660988322,1.0,10.0
717550,2023,0.42984393454180436,-1.2167797924033597,10.317263451742594,0.0,8.0
717546,2023,0.5475686848352121,0.360357915271086,8.145918545002036,0.0,6.0
717544,2023,0.5288074153557762,-0.2025866231094486,10.176188274260278,0.0,6.0
717533,2023,0.5641849313930567,0.7918390735639218,9.61229115047235,0.0,4.0
717529,2023,0.4983430344503934,-0.24871685324507872,9.420557623904607,1.0,3.0
717532,2023,0.6109897559694951,1.1281704085834972,8.0918112826954,1.0,9.0
717531,2023,0.48579192755283995,-0.13344116514474347,8.960541143488678,0.0,9.0
717528,2023,0.6659241241057022,1.7329915341407613,8.876372180920006,0.0,9.0
717530,2023,0.5870581197469185,0.47811584401390766,8.334480747531474,0.0,9.0
717526,2023,0.5251486143759618,-0.35810898178007244,9.92640284549517,1.0,7.0
717527,2023,0.42835993170729425,-1.2140509572250664,8.705906165979313,1.0,10.0
717524,2023,0.4462747235796499,-0.8981755215216354,8.681879649458756,1.0,6.0
717520,2023,0.5808309314413543,0.7218396607647329,9.14620619755755,0.0,8.0
717523,2023,0.5329347919666141,0.2137904017570247,10.827370953459965,0.0,23.0
717522,2023,0.48742490091945706,-0.5155079562941861,8.412834342871513,1.0,7.0
717518,2023,0.5276775445571575,0.047420251967256855,8.756476167803424,0.0,15.0
717519,2023,0.48885234840249325,-0.8220562440854997,7.43224151935449,1.0,13.0
717521,2023,0.49675335381941205,0.12708447131727035,9.049765504831917,0.0,14.0
717525,2023,0.44397345539236005,-0.5871538423413378,8.695986852237334,1.0,12.0
717514,2023,0.5532106455391749,0.2213840925579945,8.599885495410593,0.0,23.0
717511,2023,0.5397555258950796,0.20452299297307827,8.60237578626419,1.0,14.0
717517,2023,0.48416555867506916,-0.4823173217676145,9.630314069382221,0.0,5.0
717515,2023,0.5769953514498354,0.8219921600072888,7.963866113938619,1.0,9.0
717513,2023,0.5530126259428032,0.06624268902116795,8.888235438836697,1.0,9.0
717512,2023,0.42861322836399834,-1.4478265747970014,8.510050995766779,0.0,6.0
717510,2023,0.6910489236929865,1.7118668486482738,8.368218029860229,1.0,12.0
717505,2023,0.5807453010926664,0.4876164572843682,7.8137634011887345,1.0,13.0
717516,2023,0.5609719839978838,0.13631736313707052,8.434235597673784,0.0,11.0
717506,2023,0.5516941783395379,0.5291223876466221,9.093281545197128,1.0,7.0
717507,2023,0.47496587587866246,-0.4753763504129465,9.881075052055136,0.0,12.0
717508,2023,0.6122138809246418,0.6079095547971187,8.597111014516326,1.0,12.0
717502,2023,0.6146826813414422,0.9100562649987743,7.638952795954034,1.0,17.0
717501,2023,0.5216677685218034,-0.06545990689973723,10.397600715020333,0.0,8.0
717500,2023,0.6741606632408303,1.476462242125991,8.606421892773078,1.0,12.0
717504,2023,0.6350266651722325,1.1174754939942673,9.086246187692392,1.0,5.0
717498,2023,0.48172507711021445,-0.4996941911698988,9.772002826666894,0.0,13.0
717499,2023,0.5865530350320372,1.332432673597488,7.847819354249197,0.0,4.0
717503,2023,0.5803261244480925,0.6311759606310536,8.43074325751985,0.0,13.0
717509,2023,0.48109002357178676,-0.44503449711534837,8.799047998661202,0.0,6.0
717497,2023,0.5048602668777648,-0.2996249654028984,7.309560580473166,1.0,13.0
717494,2023,0.6649645575688153,2.4849411803784545,8.476568827394637,0.0,1.0
717495,2023,0.4911757442515177,-0.9416391055182239,7.55954549234311,1.0,11.0
717496,2023,0.4354705614847948,-0.8343236638916189,9.231413948107727,0.0,7.0
717492,2023,0.6396907812507908,1.7287495500179484,8.865142437579767,0.0,16.0
717489,2023,0.6789554879225189,1.1559732868263497,8.985710792366298,1.0,10.0
717485,2023,0.6715188835780819,2.3720499627370057,8.437748756189073,0.0,15.0
717491,2023,0.5911702601098109,1.1062508221706993,8.658777038077496,0.0,12.0
717488,2023,0.5685519297621803,0.44488146656131816,8.76902888510862,1.0,19.0
717493,2023,0.4827119163035773,-0.18897841785931085,9.170932350969927,0.0,11.0
717487,2023,0.5948038834589039,0.5125284019448842,8.72389470540248,0.0,9.0
717484,2023,0.49839714390447576,-0.5058202041885618,10.208224998178832,1.0,6.0
717486,2023,0.4638597223801999,-1.2444756298030442,8.81232820286731,0.0,9.0
717482,2023,0.7087163691438557,2.04020577873999,8.597434719623728,1.0,5.0
717483,2023,0.4907895330569793,-0.5048670663552712,8.607717099054588,0.0,7.0
717478,2023,0.5511455425717458,0.1506860131800797,8.114922145230826,1.0,8.0
717490,2023,0.5830748972568651,0.7558367350879736,8.785812529766055,1.0,2.0
717477,2023,0.5180190431866718,-0.21400569885224413,10.121043598076877,0.0,3.0
717479,2023,0.6276298595561076,1.6138344471738129,8.857225317646986,1.0,10.0
717481,2023,0.4824965868579103,-0.24847517237179795,9.077432013935134,0.0,9.0
717476,2023,0.6350374405545846,1.6510740904584835,8.730609555225062,1.0,9.0
717474,2023,0.4992487066376109,-0.3979846379803014,8.201141600903409,1.0,11.0
717468,2023,0.4348974071284411,-0.8742405729249413,9.450692840003493,0.0,8.0
717480,2023,0.45435716425280104,-0.8495044406873479,9.666890818420393,0.0,9.0
717472,2023,0.633983541610793,1.6277519491984571,8.443396130125683,0.0,4.0
717473,2023,0.6188017146465689,0.9340596304887101,7.804581548679911,0.0,3.0
717475,2023,0.5681455176969273,0.2295857199601088,8.678482317088932,0.0,15.0
717469,2023,0.6828309791537016,1.7869739960218345,8.174178617159173,1.0,7.0
717471,2023,0.4369348570022173,-1.1140441255194613,9.90947413701793,1.0,16.0
717467,2023,0.4883672487204387,-0.12230382684305133,9.017779217143152,0.0,6.0
717470,2023,0.5627054561303685,0.2229168181699138,10.459785207980902,0.0,9.0
717462,2023,0.6190322197089682,1.649403193795807,9.039555863480347,1.0,7.0
717457,2023,0.43237520147516145,-0.6832383548257671,8.92366118056849,0.0,14.0
717460,2023,0.5369010214276514,0.0290642551476278,8.27006478663565,0.0,3.0
717466,2023,0.4947423590249912,-0.7349550864816863,7.55275645362706,0.0,7.0
717465,2023,0.4143081121412727,-1.5062873477607261,9.302899819111426,0.0,9.0
717464,2023,0.6397810839601398,0.7981408183146442,7.948636130914159,0.0,3.0
717463,2023,0.6916284973350076,1.8971552502520759,8.470799681755718,1.0,3.0
717461,2023,0.6935373854873977,2.2422727883118383,10.367144011881276,1.0,10.0
717453,2023,0.515158507068175,-0.38138125609869283,7.657288251323828,0.0,11.0
717458,2023,0.5695694843858856,0.7772095863541142,8.311717448907746,0.0,4.0
717455,2023,0.5251801755022067,-0.19949701978863893,8.932499158256535,1.0,15.0
717459,2023,0.5371875840871501,-0.10070698869165699,7.2882015299829535,1.0,10.0
717452,2023,0.6545257268781671,1.1760178320076597,9.6411607357321,1.0,10.0
717454,2023,0.4822516614159933,-0.2713502609432761,7.603092363472935,0.0,12.0
717456,2023,0.6077796661344754,0.8287566319367456,8.71944606995667,1.0,15.0
717448,2023,0.6906885305207199,1.4995043533988126,8.850784168327777,0.0,7.0
717447,2023,0.6321443254003318,0.8526930559016079,8.11684195691118,1.0,9.0
717442,2023,0.39766588848397333,-1.4500690715110756,9.293307888961882,1.0,2.0
717446,2023,0.53642902543082,0.07954854438348093,8.093327298041151,0.0,8.0
717445,2023,0.4959971041459022,0.19817539090785347,9.32243325646957,0.0,3.0
717451,2023,0.6837346360056193,1.4384076387682843,8.801627252055884,1.0,8.0
717450,2023,0.405813124156724,-1.9054026135504996,9.821895032910708,1.0,11.0
717443,2023,0.6152159785254129,1.1675012748720142,8.581409288818547,1.0,16.0
717449,2023,0.6972206848929633,2.5960462494620966,10.449683897030404,1.0,13.0
717439,2023,0.6030572220115242,0.485789994880508,9.559094708353483,1.0,5.0
717438,2023,0.5109173216519214,-0.07864723676551638,8.189546362716213,1.0,8.0
717444,2023,0.541003567099422,0.651937640078242,8.770990967198975,0.0,13.0
717440,2023,0.602507528029682,0.26034912141262195,7.835692107313727,1.0,5.0
717441,2023,0.4882732236108604,-0.5154772969646406,8.307205971709097,0.0,7.0
717437,2023,0.5570706668153788,0.6314194061810086,8.77393816214539,1.0,15.0
717436,2023,0.5590595774413957,0.06474130238750328,7.869537990404919,1.0,4.0
717432,2023,0.4318042594376873,-1.163454057442738,10.053276749125507,1.0,9.0
717435,2023,0.6874435024532546,2.652472167623231,10.362383831484896,1.0,7.0
717433,2023,0.5975856530310533,0.6198373299432137,8.661679903253987,0.0,11.0
717434,2023,0.7171894877409476,2.087421460601871,8.105055988429205,0.0,5.0
717431,2023,0.4449537205712113,-0.5828264949871911,8.508870098873093,0.0,7.0
717429,2023,0.5586965371229405,0.27047572944891535,7.952615183042773,1.0,14.0
717426,2023,0.49392362663862627,-0.4158853087892726,7.343194428291269,1.0,10.0
717430,2023,0.49431179069974446,-0.48199458036082626,8.934988794390568,0.0,4.0
717428,2023,0.5557358268715007,0.6160510721344044,8.167897034293464,0.0,17.0
717424,2023,0.5245725913167956,0.20610392128027752,8.88293364998827,0.0,7.0
717427,2023,0.5349957711303422,0.5600364138314626,8.554909577863857,1.0,1.0
717422,2023,0.7050236221616089,1.7524651827226456,8.294826517261361,1.0,1.0
717423,2023,0.5074070385145188,-0.384820209951008,7.703878184553526,1.0,8.0
717425,2023,0.5733688516185563,0.3257272247012873,10.358957691277551,0.0,6.0
717418,2023,0.4849224460264609,-0.33908323765613224,8.968261599616783,0.0,11.0
717416,2023,0.43670595135407003,-0.595527387202474,8.956528677158854,0.0,10.0
717417,2023,0.5221682461295534,0.11735949815710532,9.006048151126928,1.0,7.0
717420,2023,0.586268326029712,0.6248031499214207,9.103517494565244,1.0,9.0
717413,2023,0.5155170838475356,-0.5954528879010489,7.859700224987388,0.0,6.0
717412,2023,0.46910834471339796,-0.8408190579102278,10.14319786063441,0.0,1.0
717414,2023,0.7039303120191823,2.31980489928676,9.067147304904895,1.0,9.0
717419,2023,0.47486368423336217,-0.06059785337778245,8.78046517497305,0.0,11.0
717415,2023,0.5596012579124771,1.1482685635810335,9.223771391763357,1.0,16.0
717410,2023,0.453449564999567,-0.6473795788681361,10.622238283353974,1.0,9.0
717405,2023,0.5174479447784907,0.14424386134971653,9.644002953256773,0.0,12.0
717409,2023,0.40272110678065426,-1.6871748045570754,9.361971723536426,0.0,9.0
717406,2023,0.6217348378243349,1.064822325764194,7.80345827441663,0.0,9.0
717408,2023,0.507432994327745,-0.37457285129954015,8.185184708542694,1.0,10.0
717411,2023,0.3784208497904149,-1.7247548627792713,9.061103502555213,0.0,7.0
717407,2023,0.6419533633031765,1.158394907276528,9.72979935723594,0.0,12.0
717403,2023,0.515408036962634,-0.32211509577741615,8.10313662902883,1.0,14.0
717404,2023,0.5141048551491106,-0.4975771730147967,8.119072621963124,1.0,7.0
717402,2023,0.5467237015783144,1.2524511044616795,9.191194766320276,1.0,2.0
717398,2023,0.4237806839024381,-0.9322079534781906,8.64013892700214,0.0,4.0
717401,2023,0.5359909157816883,0.01695006285614121,9.03975313697224,1.0,11.0
717397,2023,0.5934094648952911,0.803946951146757,9.095398206037618,1.0,13.0
717399,2023,0.395550709320377,-1.5936070222358705,9.8386432125281,0.0,17.0
717393,2023,0.3719500926331487,-1.8550606499145417,9.176803735290541,0.0,6.0
717392,2023,0.5283163539664281,-0.21721529867310235,9.519587441988277,0.0,3.0
717400,2023,0.481337137076864,-1.0733912182968404,7.880768729057049,0.0,6.0
717396,2023,0.6302583872731273,1.06355989295647,9.513302694262665,1.0,15.0
717395,2023,0.6753522976631733,1.8640424386674663,8.668304990983792,0.0,11.0
717394,2023,0.45944840850375973,-0.6645945107291947,10.952874278816482,0.0,9.0
717389,2023,0.43322127465889065,-0.9524854281734336,9.018299330558216,1.0,25.0
717390,2023,0.6251607939402358,1.0628771402742414,8.000849788047182,0.0,6.0
717388,2023,0.4384541731747062,-0.6134412918486896,8.712237981393407,0.0,12.0
717387,2023,0.5631464605809275,0.237995240848053,8.633393291134148,1.0,13.0
717391,2023,0.6361694379784391,1.4662291599616901,8.518283260528968,0.0,9.0
717384,2023,0.5437130646700022,0.08518631571394826,8.759086937254468,1.0,9.0
717386,2023,0.5716999227370076,0.3525876617451336,9.382223306662945,1.0,12.0
717383,2023,0.5247730578112644,0.40650175663886595,10.45549318539818,0.0,7.0
717382,2023,0.37818795636400643,-1.551271608557343,8.89536687706893,1.0,12.0
717380,2023,0.6253887501531061,1.1121686462816711,9.675279251345726,1.0,12.0
717376,2023,0.5582747168692276,0.5289834158423686,8.127993672118285,0.0,16.0
717377,2023,0.5723684273268552,0.9445096763699853,9.401550850647592,1.0,11.0
717378,2023,0.4314574456010071,-0.9661520323713547,10.204108521225402,1.0,15.0
717379,2023,0.37259620884872324,-1.6672703683784504,8.746503720678344,0.0,9.0
717373,2023,0.6111496169922632,0.818309583419736,8.067677298390361,1.0,2.0
717385,2023,0.49474163709608054,-0.7632127648713347,7.897591012818532,1.0,3.0
717381,2023,0.4865998192571576,-0.5366546435691358,9.481439077748252,0.0,17.0
717372,2023,0.5086419485989255,-0.4140077954152417,9.256581147367596,0.0,10.0
717371,2023,0.4623449381606995,-0.28588581030264243,9.285662046113618,0.0,11.0
717374,2023,0.4597941825700822,-0.6910318508798354,9.434750364924863,1.0,10.0
717367,2023,0.50641007591435,-0.09390515721319428,8.983608692263857,1.0,5.0
717370,2023,0.5814882673675396,1.1168658658892248,8.54319015933168,0.0,12.0
717368,2023,0.5120267082780621,0.13748659712663702,9.71058338175817,0.0,5.0
717369,2023,0.4919728126668649,-0.030355586730703585,9.565793231803811,1.0,7.0
717366,2023,0.42449320496834647,-1.1820588029010943,9.183161772226368,0.0,7.0
717365,2023,0.5126971009275646,-0.1477308048659319,7.627365286271148,1.0,13.0
717375,2023,0.42256708047015656,-1.092176845383321,9.819306126404394,0.0,6.0
717363,2023,0.5589796887153021,0.4385715229357411,8.971286195091697,1.0,7.0
717361,2023,0.5401129276201881,-0.0915778472720309,9.0842170910793,0.0,13.0
717364,2023,0.47008048905979954,-0.273303123830884,8.834271932856787,0.0,11.0
717362,2023,0.5079088070092057,-0.21746992597464057,8.590181072309043,0.0,10.0
717359,2023,0.5311830030446212,0.05890711990230647,8.488329227233425,1.0,21.0
717360,2023,0.45565374388817936,-0.4758380368989076,10.599915157212433,0.0,21.0
717358,2023,0.6887162685046936,1.368910040269279,8.918535129131419,0.0,29.0
717357,2023,0.52779672829937,-0.03505766699438216,9.154485690404496,1.0,7.0
717354,2023,0.5779375542872921,0.296906182102507,8.6000505142899,1.0,8.0
717353,2023,0.6214395779900915,1.195297597302763,9.103482069872706,1.0,20.0
717356,2023,0.48193889772865406,-0.3306980930396227,9.227372769969206,1.0,21.0
717355,2023,0.4322044943803974,-1.1569004557961924,9.791736695341477,1.0,7.0
717352,2023,0.519955764256417,0.42786449868086257,9.580923418374878,1.0,6.0
717349,2023,0.41802760972268416,-1.280378621745312,9.375763792839626,1.0,3.0
717350,2023,0.49986096677478964,-0.3777502298554787,7.778887812022614,0.0,13.0
717348,2023,0.4251121800984293,-0.7359538373190265,9.344904608608111,1.0,12.0
717343,2023,0.489834963691669,-0.8605432940273627,9.00651179560356,1.0,13.0
717346,2023,0.5792716704263579,0.7425848161153233,9.272279857269389,1.0,6.0
717351,2023,0.44266382593128,-0.7917475504147585,9.733180177978193,1.0,10.0
717345,2023,0.45058514051075915,-0.9192952682638997,11.37065665924644,0.0,5.0
717344,2023,0.40732939601580836,-1.6325190180922107,9.465615550688073,1.0,11.0
717347,2023,0.5456287435900462,0.1764938918182305,9.071766035162488,0.0,8.0
717339,2023,0.4740171989358174,-0.6926608323439983,9.178354679101409,1.0,10.0
717338,2023,0.5187134276189381,0.18935172865853417,8.84036948274015,0.0,2.0
717342,2023,0.434474330174632,-0.8196530463678698,10.675539233254078,1.0,5.0
717341,2023,0.6225427370689689,0.9964589635176115,8.06153857919463,1.0,6.0
717340,2023,0.6502463150940332,2.0812246201444693,8.825998811160394,0.0,8.0
717336,2023,0.5889856699201627,1.248037758550035,9.345768089034921,1.0,11.0
717333,2023,0.48008442189123224,-0.27805968405808446,9.830937479781987,0.0,5.0
717335,2023,0.5465329821292534,0.09408786863955619,7.842496515447028,0.0,9.0
717337,2023,0.5974899415382674,1.6033089903747424,7.713429318479709,1.0,12.0
717334,2023,0.4413026048379413,-0.8754687090437921,9.566551658108528,1.0,6.0
717329,2023,0.47250948036548435,-0.6496645600649221,8.28957557121203,0.0,4.0
717331,2023,0.5299210582914986,-0.3071789688924079,8.029070489954886,1.0,4.0
717330,2023,0.6173776973435919,0.8488671394906817,8.28949480931737,0.0,8.0
717332,2023,0.5032435574064565,0.04008207028411245,9.714885040306934,0.0,3.0
717327,2023,0.49895353423694927,-0.2742567122197072,7.409377659171059,1.0,5.0
717328,2023,0.6114689811577605,0.8618914459559659,8.174994868424955,0.0,7.0
717322,2023,0.5809473922730912,0.6761567185394255,8.302746265676372,0.0,9.0
717323,2023,0.42296336577683624,-1.4983959852361841,9.650485731271754,0.0,4.0
717325,2023,0.5970859385883345,0.8026258041215323,8.051343857918619,1.0,7.0
717317,2023,0.4567707429125328,-0.4993785539699534,8.592406359039796,0.0,9.0
717320,2023,0.612122315060706,0.8260356631897556,8.43852381442951,1.0,3.0
717319,2023,0.6649175267672822,1.7444040762049284,8.185398618462536,0.0,7.0
717326,2023,0.42523141253829294,-0.9070396657811224,10.543028461760862,1.0,8.0
717318,2023,0.7162199463252944,2.5556618659709005,8.850903585924259,1.0,9.0
717321,2023,0.5540037214407221,0.7022395026903024,10.603234481089348,1.0,15.0
717315,2023,0.5219567369685909,-0.1818454373851509,8.406229481133062,1.0,11.0
717316,2023,0.5426524275510957,0.34388350478472884,8.854822003091762,0.0,16.0
717313,2023,0.5081948672049263,-0.7127087934823695,8.52422231439543,0.0,10.0
717314,2023,0.6229190145533017,0.7287039319599955,8.28499983519551,1.0,13.0
717312,2023,0.6295856919041541,1.1239545054288371,9.54775722949552,1.0,13.0
717310,2023,0.39575414521184926,-1.7019733722677315,8.72745859118385,0.0,10.0
717311,2023,0.5228241063596217,-0.12864730560442525,8.142904988345263,1.0,5.0
717304,2023,0.701997842354346,2.03485232191005,8.342700880902449,1.0,7.0
717306,2023,0.6502123302832793,1.419583407560559,8.710504927776666,0.0,7.0
717324,2023,0.5256881535509421,-0.23133797850279408,9.754528841733505,0.0,9.0
717308,2023,0.5190067052530476,0.37912608391799574,8.812930451547713,1.0,14.0
717305,2023,0.5540194875426075,0.6245835116147992,9.18309617437174,0.0,19.0
717303,2023,0.5357507722636801,0.2463466009412015,10.428849597862806,1.0,6.0
717300,2023,0.6305696272166865,0.6628706868312781,8.371293670052228,0.0,11.0
717301,2023,0.457393593693963,-0.7706314973221947,7.150122543088237,1.0,17.0
717299,2023,0.47980733369205836,-0.3999205116796777,9.24722049698581,0.0,17.0
717307,2023,0.3856148288298854,-1.3818284408784731,9.267259282842879,1.0,11.0
717309,2023,0.5058471245695447,-0.36595304512946286,9.497856881522793,1.0,14.0
717302,2023,0.5062717390210676,-0.5339277542476701,7.336740342091656,1.0,1.0
717293,2023,0.6039169419442936,1.3004688157715307,7.8574379279735895,1.0,5.0
717296,2023,0.4575134723037425,-0.7424085143991721,8.766822347318122,1.0,7.0
717295,2023,0.3956277988961723,-1.5306120666472198,8.672648578532128,1.0,5.0
717297,2023,0.630233621478727,1.5897539573328723,9.737435747708608,0.0,3.0
717288,2023,0.41118197334473194,-1.1322078594274898,8.752694977534473,1.0,4.0
717290,2023,0.45553178657973176,-0.43638686215728467,9.382980829697246,1.0,7.0
717294,2023,0.6714504653391679,2.101291191150555,9.124188412628527,1.0,13.0
717291,2023,0.6031441943978263,0.6645866088823879,8.508241231214472,0.0,8.0
717283,2023,0.49220000460348695,-0.42097705707011557,8.096115510783228,0.0,13.0
717289,2023,0.5404398759395985,0.30157241560583115,10.441645573400178,1.0,10.0
717292,2023,0.6634330912612658,1.7257221099707893,7.740957467512159,1.0,5.0
717287,2023,0.46695115890453825,-0.6485990025253878,8.703159368327327,0.0,6.0
717285,2023,0.6736377187760239,1.8700385715944576,8.261323288561258,1.0,9.0
717286,2023,0.4936839503297582,-0.1425520044552686,9.032692013974092,1.0,9.0
717284,2023,0.56793200204187,0.6487551616622639,9.41668403266469,1.0,12.0
717278,2023,0.6038903121644178,0.5240378196984455,9.77374872582228,1.0,12.0
717279,2023,0.3939809814374295,-1.8287220980451075,9.372526143234671,0.0,5.0
717281,2023,0.5177514884454673,0.1582159722567237,8.235596650997266,0.0,7.0
717298,2023,0.5809902902695546,0.5221445140500581,10.040520300529097,1.0,7.0
718558,2023,0.46907278353668397,-0.2564106411261122,8.394954280291893,1.0,6.0
717280,2023,0.5222106524333122,0.2681134667555248,9.181063425041117,0.0,5.0
717282,2023,0.5332818315317035,0.48415795123808825,10.155519632002541,0.0,16.0
717277,2023,0.6898027290070595,1.8263518671729304,8.15564527162023,0.0,8.0
717275,2023,0.471604122002042,-0.458144675861324,8.119526553463293,1.0,7.0
717274,2023,0.522362661495638,-0.6175178497427293,8.862502759128388,1.0,19.0
717273,2023,0.55300841096747,0.6116863010104965,8.608699435554009,1.0,5.0
717276,2023,0.6539115355274273,1.4728884176631352,8.22154700216684,0.0,12.0
717268,2023,0.577954819483199,0.9089183019026104,10.297873029100419,0.0,16.0
717271,2023,0.5549642569124764,0.3589500736876734,9.131205707174683,0.0,9.0
717267,2023,0.5304284432302127,0.45157827556043456,9.030060286881291,1.0,7.0
717270,2023,0.6218381877873487,1.113499612143242,8.190326235903227,1.0,5.0
717265,2023,0.4989749471913372,-0.2898141110349806,8.391156951177962,0.0,13.0
717269,2023,0.5467827154249002,0.7419389910369609,9.857719235286007,1.0,11.0
717266,2023,0.4880425385931219,-0.21598270472607986,8.499113698098704,0.0,12.0
717260,2023,0.6919805312199077,1.8423466822316734,8.259654949235866,1.0,6.0
717261,2023,0.47250525073424643,-1.1218020551280312,9.78297987791949,1.0,8.0
717264,2023,0.499889270431218,-0.28135604724237717,7.810139173452568,0.0,16.0
717255,2023,0.5734210966307662,0.03574736162410739,8.704999619190177,1.0,7.0
717263,2023,0.4836400460904967,0.03287345650757198,9.354443299261291,0.0,10.0
717262,2023,0.5547016806345394,-0.13632374875074502,7.524863148278513,0.0,7.0
717258,2023,0.6300182144483811,1.05527040594467,7.905006968283508,1.0,6.0
717259,2023,0.566234388428531,0.5673741974664019,9.276243106272403,1.0,4.0
717272,2023,0.7103858656728126,2.589769503717929,8.915223750351378,1.0,3.0
717256,2023,0.5660233562066124,0.32851943646702225,8.861182711318321,1.0,15.0
717257,2023,0.5414370970656528,0.3392947334050694,10.337560032427078,1.0,9.0
717252,2023,0.5596772213722389,0.5923937119862077,8.118268652454358,0.0,8.0
717250,2023,0.5469515478827576,0.07753234031741357,8.171534447162777,0.0,15.0
717249,2023,0.6810397533918333,1.9090368774681699,8.581398086758504,1.0,11.0
717254,2023,0.5436683685547807,0.19484093116753576,8.673127900566179,1.0,3.0
717244,2023,0.6195104259146632,1.03391049271493,9.357181948387552,0.0,18.0
717246,2023,0.6252581675631302,0.9499342950912896,8.356405459560897,0.0,5.0
717253,2023,0.6096671754854954,0.609511180131544,8.652739485165371,0.0,9.0
717245,2023,0.5287417690953172,0.09436611164107706,9.060617625836134,1.0,10.0
717248,2023,0.5664210849184937,0.12972693965314072,7.856555511989349,1.0,4.0
717242,2023,0.45122460186656227,-1.1636389006604033,9.480482519047259,1.0,8.0
717239,2023,0.6099947147373332,0.127378279164731,7.888958083563985,0.0,18.0
717240,2023,0.47240760467196624,-0.33123134581503905,9.233221692164152,0.0,17.0
717251,2023,0.6974037441701368,2.2330249635832096,8.884985710101448,1.0,11.0
717243,2023,0.46255476279828456,-0.6323423472606885,7.973888910582288,0.0,6.0
717247,2023,0.4536198893017299,-0.507847591527788,9.254537347177404,0.0,15.0
717241,2023,0.6441790501147162,1.6129480352982022,8.202278093895922,1.0,3.0
717238,2023,0.5029673928157958,-0.35597842877494945,9.540520676444775,0.0,13.0
717233,2023,0.47069053492540924,-0.6487935387528135,9.076951571156775,0.0,9.0
717236,2023,0.5941200554286062,0.5007596337021522,8.226279618351658,1.0,11.0
717234,2023,0.45542482369270965,-0.7026596153310887,8.206545377473718,0.0,3.0
717237,2023,0.44595859709343805,-0.46179512279811064,8.89687030894613,1.0,1.0
717235,2023,0.6114936151917801,0.2930153948072446,8.198877887238156,1.0,5.0
717230,2023,0.6551174160865905,1.3008770319706786,7.845347168455935,1.0,6.0
717228,2023,0.44842328625492855,-0.5640532348700669,9.657169115217437,1.0,3.0
717231,2023,0.5936336010249661,0.920366687868844,9.364699122110524,1.0,17.0
717229,2023,0.4937249637441418,-0.6023474331602027,7.489454696332437,0.0,7.0
717232,2023,0.42600686185440007,-1.0513870317880183,9.110738850642031,1.0,13.0
717226,2023,0.5254440536649557,0.12433778708637339,9.119343143629143,0.0,5.0
717227,2023,0.5912449840960063,0.8678557323383295,10.961905182057972,0.0,13.0
717223,2023,0.45400124913344414,-0.7222980858988415,10.189659008241053,0.0,7.0
717224,2023,0.6009154522457397,0.5419257417937309,8.067965125772716,1.0,8.0
717225,2023,0.6360071907233924,1.7203548534184205,8.831778099049055,0.0,11.0
717220,2023,0.5725616811386556,0.4542535515588832,8.23405264794287,0.0,5.0
717222,2023,0.5365919515056432,-0.14901120620182007,8.577816001159174,1.0,7.0
717218,2023,0.6117942753385767,0.7865443804262323,8.299687556183725,0.0,5.0
717216,2023,0.40696577769763465,-1.3140431538839386,8.753439471579691,1.0,13.0
717207,2023,0.40936303362609516,-1.4841901219479963,10.286338677413504,1.0,17.0
717217,2023,0.4230304192202871,-1.0166624043612758,9.540982220611172,1.0,9.0
717215,2023,0.6058205265707202,0.9560863838078248,8.728169270650323,0.0,17.0
717221,2023,0.515840893575301,-0.21835412951432268,8.389239907122278,1.0,5.0
717213,2023,0.4738695010102168,-0.6285273284648099,10.144445556289996,0.0,6.0
717214,2023,0.5529906543675672,-0.1448115419056475,8.122039589384162,1.0,21.0
717219,2023,0.5313448421131863,0.21991137781796138,9.175794919910402,0.0,11.0
717211,2023,0.6235346852238307,1.635499982407218,9.221840564604591,1.0,16.0
717210,2023,0.4779867882435479,-0.36737543419267893,9.627685576595592,1.0,7.0
717212,2023,0.5444702287821641,0.5683518894759177,10.86583653841511,0.0,14.0
717209,2023,0.5679262179536247,0.5483999670292827,8.265201734796788,1.0,4.0
717205,2023,0.5889660618414545,0.9546871303609872,9.352095438462435,1.0,5.0
717201,2023,0.5369383504875366,0.3501990820326954,8.908597957396815,0.0,5.0
717208,2023,0.4500934174651431,-0.6520342948206662,9.255712532803827,1.0,10.0
717206,2023,0.5926471926679355,1.4078227525776317,9.276328615892346,1.0,14.0
717203,2023,0.6696542381307985,1.530458438728105,8.098444409797093,1.0,7.0
717202,2023,0.5623448345465943,0.08032118320254052,7.4926782649699035,1.0,14.0
717196,2023,0.529788085323506,-0.14154813694017526,9.101147479372878,0.0,10.0
717198,2023,0.4328853449341555,-1.1917160890549223,10.237189955309681,1.0,3.0
717204,2023,0.40997696456608373,-1.0612506415820888,9.516772865884745,0.0,5.0
717195,2023,0.5148275862310684,-0.09126170540997856,9.494202127068865,1.0,3.0
717199,2023,0.612302931542445,1.0794436307287507,10.795521805807802,1.0,2.0
717197,2023,0.5095056390822527,-0.2610087406853612,8.22621021061425,1.0,7.0
717193,2023,0.4801096023314603,-0.489874713670665,8.776095633430767,0.0,4.0
717191,2023,0.5832123740865601,-0.1482464219382181,8.011441815512283,1.0,8.0
717194,2023,0.6018420794992351,1.2194310659743577,9.226521629135508,0.0,9.0
717200,2023,0.5362139181410345,0.35607046870817405,9.29891200870354,1.0,12.0
717189,2023,0.4859094458441934,-0.35640088640485346,8.24691554815905,0.0,6.0
717185,2023,0.47166685894386545,-1.1198092056483617,8.85646933983694,0.0,6.0
717192,2023,0.41591576438918554,-1.2997985460547048,9.181946557979938,1.0,8.0
717186,2023,0.5686450344518913,0.3226830407885053,8.961519080953927,0.0,6.0
717187,2023,0.7027023227585104,2.327554513420966,8.783716770434431,0.0,5.0
717188,2023,0.5302612195490871,-0.12546505237583777,8.112905440775625,0.0,11.0
717184,2023,0.5570207094266728,0.6233491058378126,8.608158673561682,1.0,10.0
717179,2023,0.4000091539481132,-1.3716875740149654,11.13937988803058,1.0,7.0
717181,2023,0.5766207260571355,0.2487963945181572,7.911964240396501,1.0,8.0
717190,2023,0.5692728576447937,0.7758567973838919,8.799563769604632,0.0,7.0
717182,2023,0.5359189331348597,0.29193705163905526,7.8248716136080825,0.0,4.0
717183,2023,0.46059861246580647,-0.9091582310721533,8.972924281762253,0.0,10.0
717175,2023,0.5004951975333748,-0.6302988025071236,7.926542904085693,0.0,7.0
717178,2023,0.5530985220973687,0.40355359732356905,9.112760861178845,1.0,5.0
717177,2023,0.5138585345301008,-0.11669714901405143,9.046618108714956,0.0,16.0
717176,2023,0.6655995703529801,1.8727735182297391,8.26351467820142,1.0,6.0
717174,2023,0.4646466584114339,-0.5381825651641364,9.572902847295921,0.0,5.0
717173,2023,0.5583698425232453,0.5418767082507548,8.341062502667212,1.0,29.0
717168,2023,0.622194089537332,1.8582927516052519,9.143217390241068,1.0,2.0
717172,2023,0.6081051181059922,0.6928390964983265,8.11567798299247,1.0,2.0
717170,2023,0.4496422798540783,-0.44014077664293944,9.801916745680312,1.0,13.0
717169,2023,0.4265112004786603,-0.9814692492741598,10.447043757705321,0.0,13.0
717167,2023,0.5503724657646762,0.3704944602498583,8.329420166752087,0.0,10.0
717180,2023,0.530234709136853,-0.4118846206209087,7.239076374089394,1.0,7.0
717171,2023,0.6781863878634182,2.514270351326178,9.412425853733541,1.0,10.0
717165,2023,0.6016398775856273,0.9002535987375039,9.330472103716453,1.0,17.0
717166,2023,0.5340731767051969,-0.27663113920765114,8.815762868321682,0.0,9.0
717162,2023,0.4727691468136785,-0.41164919129167715,9.444089887720857,1.0,5.0
717163,2023,0.5202384312175259,-0.07817050933300757,8.980945789285082,1.0,5.0
717158,2023,0.42532601049044566,-1.1415552761584404,11.2177123731854,0.0,12.0
717161,2023,0.5708161736497455,0.41144004313049665,8.132846289938554,1.0,9.0
717159,2023,0.44874702128982,-0.752832569959612,7.626453574434996,1.0,17.0
717160,2023,0.49830626757833385,-0.4859067775245095,7.357002722762722,1.0,9.0
717157,2023,0.5119586955137972,-0.21063355370613263,9.469588785206728,1.0,5.0
717155,2023,0.42255959033080015,-1.045109227366683,9.737638433312979,1.0,10.0
717153,2023,0.5653213783758543,0.5946563469303616,8.918190298657093,1.0,22.0
717152,2023,0.6105654649971265,1.2096403694323055,8.768914172492966,1.0,12.0
717156,2023,0.4516858512214011,-0.7122797294812804,9.501376481894404,1.0,4.0
717164,2023,0.6020654985645248,0.7263098160989796,8.233164932194992,1.0,6.0
717154,2023,0.6885133947486048,2.429194928207446,9.370625091881308,1.0,11.0
717147,2023,0.5031536377245596,-0.08511297594325519,8.568671721275827,0.0,6.0
717149,2023,0.6879599104063864,2.3342967364475644,8.634145131078812,1.0,8.0
717148,2023,0.49729285616671354,0.06645862366623843,9.120475414360776,1.0,11.0
717150,2023,0.5940061358855293,0.570106142554566,8.329908228923351,0.0,7.0
717151,2023,0.5901999945661778,0.669178353564632,8.788645832622972,1.0,1.0
717142,2023,0.47786644035558135,-0.6405927841506218,8.31232978995572,1.0,7.0
717143,2023,0.5354234541636419,0.2248590822571655,8.494260021295949,1.0,15.0
717145,2023,0.43599373943553926,-0.9515697313287448,10.027150956952768,0.0,8.0
717146,2023,0.612981756313092,0.7102482651538543,9.159455904195339,1.0,8.0
717144,2023,0.5459161998012135,0.11671555734671951,9.31886096533347,0.0,8.0
717137,2023,0.7097628481164697,2.7436892403590143,9.305073964645887,1.0,10.0
717141,2023,0.41579790392799637,-1.688945969543789,8.768765156652377,0.0,8.0
717139,2023,0.5980834994986967,0.789223808964675,10.79381536211787,0.0,9.0
717135,2023,0.4144959047124115,-1.4478991145276554,8.800822114248573,0.0,8.0
717134,2023,0.5719695360032904,0.5320058738929628,8.815581873755166,1.0,13.0
717140,2023,0.7085318059807499,2.2033092115883814,8.920812687024604,0.0,12.0
717138,2023,0.4856964736144811,-0.6809467556277028,8.927863894444355,0.0,10.0
717136,2023,0.5479176435217837,0.3821032988348913,10.110502733403479,0.0,10.0
717132,2023,0.6799257074302294,1.3092932446043728,8.242354051849981,1.0,6.0
717133,2023,0.5549091307656926,0.7095756556448681,8.146081496731227,1.0,8.0
717128,2023,0.5547287545717445,0.20452501227047867,8.089755207434461,1.0,5.0
717131,2023,0.5868012453869905,0.7649356882782974,8.663151479459387,0.0,12.0
717127,2023,0.6112172478689148,1.074006305255594,10.289435076890058,0.0,13.0
717130,2023,0.45847500672325014,-0.5307568778308469,8.972973490189638,0.0,16.0
717129,2023,0.5433735074222762,-0.47554616238606146,8.187416571634598,0.0,15.0
717126,2023,0.4716052020813926,-0.6191671394438246,7.845269182897843,1.0,4.0
717122,2023,0.4216109054533622,-0.9023899796897453,8.682331839070184,1.0,6.0
717121,2023,0.43451032030002734,-1.3750398720472878,8.684869463637957,1.0,14.0
717124,2023,0.5749025729538679,0.8560391305750712,8.95913440125931,1.0,17.0
717120,2023,0.6557649574673308,1.5054472960605714,10.205028953305666,0.0,10.0
717125,2023,0.5101117042749831,-0.13514773804096392,10.06447264504174,0.0,9.0
717123,2023,0.7061230702112984,2.260387809246207,9.027465881085556,1.0,15.0
717114,2023,0.6190437886499466,0.8009688972730253,9.200221282131984,1.0,10.0
717117,2023,0.38665710299784095,-1.3368598390558584,8.825371430399288,1.0,3.0
717116,2023,0.664756171051208,1.3008712151579649,7.783086924277728,1.0,5.0
717118,2023,0.5947896193446696,0.8967808061967659,8.487247895440015,1.0,13.0
717115,2023,0.6171241819629324,0.7025260304001493,8.635276338051492,0.0,11.0
717119,2023,0.6187254856025333,1.290232657564595,9.49029147149723,1.0,8.0
717112,2023,0.5473939230602538,-0.5396580436503974,7.939435437129183,1.0,11.0
717109,2023,0.474068315878584,-0.3901147225857913,9.808762329547964,0.0,5.0
717108,2023,0.6220614514409469,0.7910884388806084,8.449591192248825,0.0,8.0
717107,2023,0.5796451184790525,0.7837837005395139,8.476575557735664,1.0,2.0
717111,2023,0.5035282792019302,0.19423777118182045,10.130583761505179,0.0,14.0
717113,2023,0.6934765420993172,2.212845516164222,9.026485877183582,1.0,12.0
717110,2023,0.5777611709089707,0.3843049545781538,8.471103059036698,0.0,16.0
717104,2023,0.6216572034254115,1.3073276223122727,10.414567823918851,0.0,9.0
717103,2023,0.43339802378348385,-0.7863116677494011,9.106399851100104,0.0,16.0
717105,2023,0.6223203498910289,1.1095532001678574,7.743446920506659,0.0,5.0
717106,2023,0.4685718810827915,-0.4606525061602474,9.101440360301002,1.0,8.0
717099,2023,0.6324826297948788,1.3168963761491705,9.41447988300768,0.0,1.0
717098,2023,0.4968628394312129,-0.6687052227877842,8.226106366272882,1.0,10.0
717102,2023,0.5341508715749005,0.5317240228616567,8.61314398646482,1.0,6.0
717101,2023,0.4454416327316493,-0.5661436869956848,9.599184067169316,0.0,5.0
717100,2023,0.3691136014827305,-1.978662497517195,9.263061385227083,1.0,14.0
717093,2023,0.513647269813433,-0.802917355739863,8.808732132412887,0.0,10.0
717094,2023,0.5257255366562518,-0.7025301404067963,8.3152368260264,0.0,20.0
717091,2023,0.4099744733195953,-1.2259797207257361,9.125644684732107,0.0,12.0
717097,2023,0.5056497752945623,-0.5640998026720204,9.891429673557221,1.0,7.0
717095,2023,0.36250447154321,-2.5179231271012608,8.573426994276394,1.0,13.0
717089,2023,0.6928726444663803,2.3310581576562357,10.846387246323467,1.0,8.0
717092,2023,0.49192447691801805,-0.3467533363720927,8.381484617411903,1.0,13.0
717087,2023,0.4928116431543043,-0.18491010760751106,8.414290005792722,0.0,4.0
717088,2023,0.443782303921221,-0.8371566990819719,7.958323173755266,1.0,6.0
717086,2023,0.6572196434272212,2.2362266560352406,8.307427490305342,1.0,13.0
717090,2023,0.435022916709784,-0.8185418313072208,9.30931862596387,0.0,11.0
717081,2023,0.412349986295698,-1.6775786649739017,9.668614658222904,0.0,8.0
717082,2023,0.6927192779028752,1.889364113707403,8.491017179845207,1.0,12.0
717096,2023,0.6826501155055236,1.8184498813625156,8.977277903174954,0.0,9.0
717085,2023,0.6473467245764997,1.720987434316216,8.259680076341617,1.0,6.0
717076,2023,0.4421185400205107,-0.756659843939071,8.490147879413913,1.0,6.0
717083,2023,0.48093925788559694,-0.23882848736082452,10.22058946087224,0.0,5.0
717084,2023,0.4840262328450768,-0.18298091559356613,8.786775166036552,0.0,13.0
717079,2023,0.4444875328266461,-1.095604294378524,8.945527608042088,0.0,14.0
717074,2023,0.4975026775676746,-0.41991713801852454,8.053745549766054,1.0,1.0
717077,2023,0.6450998012244624,2.211960144571333,10.336280137336491,0.0,12.0
717080,2023,0.46123105537313014,-0.47909122619223515,9.2359823119596,0.0,5.0
717075,2023,0.44280714826756074,-0.8610766804622648,9.10178944059276,0.0,8.0
717078,2023,0.6582349284360077,1.016487970638792,8.532265880875537,0.0,10.0
717068,2023,0.47173217637314524,-0.10436517049714919,9.602136637531958,1.0,12.0
717069,2023,0.3877844870608484,-1.9699281555318078,8.683054109587113,0.0,7.0
717072,2023,0.5899451040601238,0.4580458563793491,8.081833304038973,1.0,2.0
717073,2023,0.4043960209596948,-1.1541338102154706,9.562898805108974,0.0,9.0
717070,2023,0.5172635963309781,0.12021017486864903,10.72614467821652,0.0,9.0
717065,2023,0.6454495579075927,1.2016825587605606,8.815821198537742,1.0,13.0
717063,2023,0.37204008480550627,-2.0016766645661064,9.881345455936085,1.0,2.0
717064,2023,0.6590026340425572,1.678721328725065,8.263183798638577,0.0,10.0
717061,2023,0.4122425902582161,-1.3167824143309312,9.307515976482254,1.0,14.0
717066,2023,0.6780792920283834,1.4300692000114381,8.782704938556835,1.0,7.0
717067,2023,0.5112138121211336,-0.19160919815905778,8.92344402019826,0.0,10.0
717058,2023,0.35766479825409425,-2.7263618705627515,9.22861879984098,0.0,11.0
717059,2023,0.6697921250911055,2.5109058934881228,10.679904002635231,1.0,7.0
717062,2023,0.5202364064775782,0.02712570689293563,8.731719183298251,1.0,7.0
717060,2023,0.4349578276128121,-1.0659524377272414,7.365418409546501,0.0,1.0
717054,2023,0.4567304155979917,-0.577214574476302,9.442730096623633,1.0,11.0
717071,2023,0.5009486616383524,-0.10904556903077685,9.316741058204208,1.0,5.0
717055,2023,0.49329843938483753,-0.4136205377484909,8.521865956297816,1.0,7.0
717057,2023,0.4714981806119596,-0.6445305795720719,9.235774091352448,0.0,2.0
717053,2023,0.5108954033488713,-0.1457793635896283,8.998676395289749,1.0,9.0
717056,2023,0.38825703304351655,-2.123960791300696,9.767700738719872,1.0,12.0
717052,2023,0.4680924045039317,-0.39735222742771,9.110358605716105,1.0,7.0
717050,2023,0.43112415195872567,-0.9324664759574527,8.985413334758293,1.0,3.0
717048,2023,0.6904509361023118,1.542374372727033,8.574067874317409,0.0,7.0
717049,2023,0.6960324835537502,1.6860564000993703,8.723562359625479,1.0,8.0
717051,2023,0.6893750895853958,2.4422905954018566,10.756526177252567,1.0,2.0
717045,2023,0.6725310695971524,1.4590556253344718,8.354748673485465,1.0,3.0
717038,2023,0.6247349582682766,0.9202386148263274,8.472828271420186,1.0,17.0
717047,2023,0.5041456703988417,-0.18220798985765194,7.3533380630922895,0.0,13.0
717043,2023,0.5631321499283041,1.1001223231665795,9.384532031451226,1.0,10.0
717046,2023,0.5066754054461766,-0.24957700140912362,8.950312797160041,0.0,11.0
717044,2023,0.5877462574958462,0.5767241456209703,9.204407178695103,1.0,15.0
717041,2023,0.5955496277732739,0.7273165411163934,8.948276128736266,0.0,8.0
717040,2023,0.3906361971579356,-1.5874637338108264,8.954111461517115,0.0,7.0
717042,2023,0.5703104269325094,0.7553033009466256,9.874777634969716,1.0,7.0
717037,2023,0.6269312150079147,0.6615718438156384,7.872820182704107,1.0,14.0
717039,2023,0.47268374411487957,-0.3234671120976785,9.450717380833833,1.0,20.0
717036,2023,0.4086145690482584,-1.2802322885125428,8.5287509898914,0.0,13.0
717035,2023,0.4671811365117701,-0.6366741342696128,10.202027557836082,0.0,15.0
717032,2023,0.6574198638654302,1.4072823567576165,9.008489017875286,1.0,7.0
717034,2023,0.56507812861008,0.42551120318884317,7.696923908457887,1.0,11.0
717031,2023,0.5147476457247953,-0.24931889957477757,8.77894611363048,0.0,3.0
718371,2023,0.384689694599812,-1.45399047603734,8.722248608783193,0.0,24.0
717026,2023,0.5450979003339161,0.13109489568608804,8.394954255432726,0.0,9.0
717025,2023,0.5042185592420583,-0.2537162234015987,7.735183632259099,1.0,4.0
717033,2023,0.6184503899066912,1.6098325866869423,10.783733856821422,0.0,8.0
717024,2023,0.6078375433839682,1.1118973892045332,8.37255966510569,1.0,11.0
717028,2023,0.49053257014760715,-0.5077475363625094,8.459885774930632,0.0,9.0
717030,2023,0.5785395658854003,0.8724211835669987,9.816566935254766,1.0,5.0
717019,2023,0.4604542072014426,-0.5988119480790784,9.265534603159773,0.0,9.0
717022,2023,0.5717425701158023,0.8402671704283357,8.606148510948291,1.0,14.0
717023,2023,0.4155830592343095,-1.1387923506944273,8.29992480540496,0.0,5.0
717021,2023,0.4045559320770832,-1.5177520389252697,8.369523103652424,0.0,6.0
717020,2023,0.5589251627078097,0.5850530129421532,9.27139933988465,1.0,3.0
717029,2023,0.5247694688593505,-0.4006787603033295,7.931768597569704,0.0,12.0
717017,2023,0.672029302100721,1.53581979091707,8.953826825671,1.0,5.0
717018,2023,0.596164066348411,0.854959553541736,8.034413358594287,0.0,1.0
717014,2023,0.5658849180485506,0.8171352967879056,10.123890059634848,1.0,9.0
717009,2023,0.5198189627542298,-0.21026851790306364,8.525644097765086,0.0,3.0
717016,2023,0.5950914538884263,0.7690699348825727,9.968642175907416,1.0,15.0
717015,2023,0.5147485140649599,0.3578681893549545,8.683177862167328,1.0,6.0
717012,2023,0.567365222405843,0.5065564381971783,8.967883144899478,1.0,15.0
717011,2023,0.4339568256315323,-0.8852498141971163,7.53811566105988,1.0,15.0
717010,2023,0.6185308517656897,1.1650039520829365,8.262471061985275,0.0,11.0
717004,2023,0.616519496985156,0.5594380105438005,9.236584922791254,0.0,3.0
717006,2023,0.4668640741834084,-0.5709599134584478,8.351320170662337,0.0,10.0
717008,2023,0.5548946184859298,0.2926629263522536,7.909388175023972,1.0,5.0
717007,2023,0.6913199485435526,1.7845807034233576,8.838447617571122,1.0,11.0
717003,2023,0.4536877678271739,-0.4950183014871859,9.792404529614643,1.0,9.0
717005,2023,0.5501063449992178,0.25850544221799393,8.312917719298872,0.0,8.0
717027,2023,0.5158208810436434,0.3350167323433709,9.026311662655282,0.0,11.0
717013,2023,0.4423583221324269,-0.7247990351346568,8.826036833561036,1.0,13.0
717000,2023,0.41813508221258433,-0.8920175439367165,7.816763414566453,1.0,6.0
717002,2023,0.5400655117589818,0.4222257974854663,9.425713673725316,1.0,9.0
717001,2023,0.6523538105231013,2.154710189237187,8.671925222923512,1.0,14.0
716995,2023,0.6666946644327111,1.7281530686084465,9.942378576730226,1.0,12.0
716997,2023,0.6112421026349337,1.0764410181207635,8.314275946915787,1.0,12.0
716994,2023,0.38854770320468157,-1.5671108848836708,9.345462720365713,1.0,13.0
716998,2023,0.462097866708606,-0.31234035890637674,10.49369671447829,1.0,10.0
716996,2023,0.5380255938216818,0.15737012520075108,8.279678481902348,0.0,5.0
716999,2023,0.47658202260119376,-0.8731833383628015,7.962190128739777,0.0,12.0
716992,2023,0.48034252969932134,-0.423835753630307,11.040444315068022,0.0,3.0
716991,2023,0.4270334819465087,-0.9074603946717359,8.657852195850529,0.0,11.0
716993,2023,0.4682594713225076,-0.6010628681532352,9.19246087194392,0.0,9.0
716990,2023,0.4768003079504959,-0.4472696884661101,8.851528821400366,1.0,3.0
716988,2023,0.5701375623623653,0.6774712378522609,9.12624972820883,0.0,11.0
716987,2023,0.6415963275341902,1.4150411547493313,9.286487347388954,1.0,5.0
716983,2023,0.654925306727592,1.438971629776394,8.408724800656957,1.0,8.0
716984,2023,0.6213344601198196,1.3699028700994007,9.882214524117499,1.0,8.0
716985,2023,0.653892255680889,1.6161768808728922,8.694660858443982,1.0,10.0
716986,2023,0.6386131591136681,1.3709517331433547,9.261898482141152,0.0,8.0
716981,2023,0.4219108211178917,-1.3186001157866358,10.420513666180486,0.0,18.0
716978,2023,0.48718314717640965,-0.13044278130771841,10.578684503237751,0.0,13.0
716980,2023,0.5060033848178883,-0.05310377661902679,8.41463558286562,1.0,13.0
716989,2023,0.4661741008168576,-0.6399327444330729,8.653385003414607,1.0,7.0
716979,2023,0.6050952221161529,0.9992408413182104,8.52396599145597,1.0,8.0
716974,2023,0.5221996921596412,0.23243206734881988,9.370678974585418,1.0,11.0
716976,2023,0.6266495898546461,1.0459231729644796,8.343997781912567,0.0,15.0
716977,2023,0.4885032388940138,0.0027147359717830445,10.74258554206437,0.0,16.0
716975,2023,0.48213715274295565,-0.5800313818359665,8.25094066277549,0.0,7.0
716973,2023,0.5218837939757233,0.48760345717414166,10.242716614528634,1.0,9.0
716972,2023,0.4454084872817647,-0.768176569927147,7.566308240670294,0.0,17.0
716969,2023,0.5789344910176759,1.1724439135519433,9.863282446965469,0.0,8.0
716982,2023,0.4487781780744024,-0.6429281211766107,9.212608432013589,1.0,8.0
716967,2023,0.5321439770049204,0.14102277005807967,7.756986927736892,0.0,13.0
716970,2023,0.6278507980535797,1.5685970503022184,8.839519685165286,1.0,2.0
716971,2023,0.6323751663603824,1.2209085872957186,8.624541689802818,0.0,2.0
716968,2023,0.6429627098864995,1.3325194622503254,9.157785459915104,1.0,7.0
716963,2023,0.37188509816871806,-1.7519172996662418,9.1742400648088,0.0,11.0
716965,2023,0.5495242441681586,0.20446916592739522,8.026380724715057,1.0,7.0
716962,2023,0.6159615264329187,1.329475860843381,8.1661400923051,1.0,8.0
716964,2023,0.37840770999873075,-1.896507733586606,10.197282497820877,0.0,10.0
716966,2023,0.44074057711168224,-0.5937207364267943,10.067461713284292,1.0,17.0
716958,2023,0.49189834677305666,-0.21853911516092922,10.190089495616425,0.0,6.0
716957,2023,0.4912329408565826,-0.23847021696391318,8.573086393196208,0.0,4.0
716961,2023,0.5411612950371697,0.6568800870553985,8.806099662353782,1.0,1.0
716955,2023,0.6610940919500495,1.7020585861725015,9.212672671924423,0.0,7.0
716956,2023,0.5600951261355346,0.14241677650626502,7.778116920001437,0.0,6.0
716959,2023,0.6021240110730881,0.6759362959492929,8.508064452323797,1.0,5.0
716954,2023,0.4477932105058226,-0.9757408613516972,10.275362982018056,1.0,1.0
716960,2023,0.41094672448801645,-1.2079328353689862,9.860435992711459,1.0,15.0
716953,2023,0.4877332807846606,-0.06136420181581144,9.131635120010797,0.0,11.0
716949,2023,0.6179577363007905,1.3042777889688104,8.205195134182071,1.0,4.0
716950,2023,0.5239652296246361,0.4246807931738775,8.445514400296924,0.0,17.0
716951,2023,0.6456159468526256,1.603921026651085,8.362564026292686,1.0,6.0
716948,2023,0.5631093209951296,0.48856632917642345,8.425533037391844,0.0,2.0
716952,2023,0.5465886893604739,0.33666302669705833,9.267217018883564,0.0,8.0
716947,2023,0.528703639826819,0.0967088537092674,10.431966485967589,1.0,15.0
716945,2023,0.4906653578420432,0.12158465235472736,9.944019168808682,0.0,15.0
716944,2023,0.4050869252255796,-1.2322780247137708,9.087540831122565,0.0,13.0
716942,2023,0.6030775748831723,0.6440381399760693,8.52857373918974,1.0,4.0
716946,2023,0.5778530690458531,0.7937170508793376,8.445883864145335,0.0,14.0
716943,2023,0.5869403697107186,0.44992460228867465,7.967726183021386,0.0,9.0
716937,2023,0.6754530453491392,2.0666460185287066,8.901836304727759,1.0,10.0
716909,2023,0.619083720920223,1.3816631756018287,8.472741511367625,1.0,4.0
716919,2023,0.5160447655094336,-0.005004642108372943,8.33404131537606,0.0,10.0
716941,2023,0.4253044737898627,-0.9352726519336548,10.024115162755368,0.0,15.0
716938,2023,0.5534266773241177,0.6917936811785159,8.832858509056361,0.0,7.0
716915,2023,0.4154836564089626,-1.247573669618436,8.939799164981768,1.0,13.0
716935,2023,0.43157382326567273,-0.9861082173743041,9.995105020984983,0.0,7.0
716939,2023,0.6386121708904358,1.0505478498827099,7.993987067327318,0.0,7.0
716932,2023,0.5442935543426574,0.027463399033852323,7.808193820892383,0.0,13.0
716936,2023,0.6253136915161237,1.3010022965634767,8.05592526303163,0.0,11.0
716940,2023,0.5356267059556891,-0.3717099798676091,9.802460699176713,0.0,15.0
716934,2023,0.552157012982564,0.5944893943449155,9.239395993794831,1.0,11.0
716933,2023,0.5502026970129412,0.212582607763417,10.796500397827538,1.0,16.0
716931,2023,0.6003371276473957,0.2715946507649085,8.035317152208595,0.0,9.0
716925,2023,0.432435674170687,-1.0490206774821662,9.179011067101055,0.0,22.0
716930,2023,0.4191525413799453,-1.2612048610160267,9.464843966653422,0.0,9.0
716926,2023,0.6138366272860774,0.9844003894842857,8.275282129741399,1.0,4.0
716920,2023,0.5918564329615967,0.7888892344266379,8.352891361697267,0.0,13.0
716927,2023,0.6564516421991823,1.6733886648275098,8.55550246617035,0.0,7.0
716928,2023,0.5720870701156321,0.861031759582552,8.781627685636922,0.0,11.0
716924,2023,0.49340505356908365,-0.2166671503078461,10.221729485627092,0.0,13.0
716922,2023,0.571736879385147,0.12223300259531805,7.959572833007086,0.0,5.0
716923,2023,0.5489875106020676,0.5034969975087211,9.282699510338599,1.0,2.0
716921,2023,0.5247358312165146,0.21108700961074767,10.077310850060904,1.0,10.0
716917,2023,0.6727869029495417,1.7048990950705702,9.58607504944674,1.0,7.0
716918,2023,0.6072700585820491,1.186770644838505,8.388647963670525,0.0,8.0
716916,2023,0.5168011003644705,-0.5998897224738765,10.565847602914776,0.0,15.0
716914,2023,0.3923077623881062,-1.6370437432063114,9.335223843462085,0.0,13.0
716929,2023,0.3890669610732234,-1.5415143698256244,10.142862268692692,1.0,7.0
716913,2023,0.49157402575672954,0.019567452798046808,9.092647450965751,0.0,13.0
716911,2023,0.5485879620661679,0.2246902619304481,8.694125429104027,1.0,14.0
716912,2023,0.5274190184520177,-0.09888733636356059,8.88722101514429,1.0,12.0
716910,2023,0.6838227258096546,1.7633160738340945,8.651259760986617,0.0,14.0
716908,2023,0.5776943619589988,0.09793663999736642,8.293142820231827,1.0,13.0
716905,2023,0.3761703265944852,-1.6628267581473473,8.954350028163564,0.0,16.0
716904,2023,0.5858037991298308,0.7051184780278167,8.752206829622814,1.0,10.0
716906,2023,0.4065703908846812,-1.1799520812709492,9.65276518221899,1.0,7.0
716907,2023,0.6260209268410126,0.8673423341494854,8.39825802971494,1.0,8.0
716896,2023,0.4779463497983759,-0.27018787101757163,8.726307745094534,1.0,14.0
716898,2023,0.6921771720000998,2.0149644437876795,8.752111151108146,1.0,16.0
716899,2023,0.5497611179022348,0.15409690614766047,9.088279194288436,1.0,7.0
716901,2023,0.5545175051940191,0.5854454884842055,9.165047515830814,1.0,9.0
716902,2023,0.5495984082265687,0.27118947849994063,9.16264101535696,0.0,9.0
716900,2023,0.6410598722863079,1.3855749017325198,8.508762517089304,0.0,3.0
716897,2023,0.4144018454109254,-1.4058556030823002,9.168263714531694,1.0,11.0
716891,2023,0.6859983695210995,1.3928593766984056,9.18961118027277,1.0,5.0
716895,2023,0.6238405209158505,0.8222759280034896,8.113978277899848,1.0,10.0
716893,2023,0.4016666458218742,-1.1968778289493203,9.538231014970085,0.0,9.0
716894,2023,0.4848919449106625,-0.6153154613130626,8.291106488130113,1.0,10.0
716892,2023,0.530262862850254,0.8532030702793366,9.786299076158093,0.0,7.0
716889,2023,0.5235226751329362,-0.01074752712583358,8.976023499751431,1.0,9.0
716888,2023,0.5462802741189362,0.22616389679595542,9.18064845775905,1.0,9.0
716887,2023,0.5424884770806504,-0.15565255617637128,7.771661123688619,0.0,3.0
716886,2023,0.4827456626466213,-0.42957543855325203,9.483560629236639,0.0,10.0
716885,2023,0.5062189205370095,0.0655043451942414,8.544325392065709,0.0,10.0
716881,2023,0.38533929936921324,-1.7397169508204373,9.167020537803342,1.0,9.0
716882,2023,0.5501530037282163,-0.09496964426740623,7.548999529383115,1.0,15.0
716884,2023,0.5336072288186067,0.047081010199818564,9.297381247420741,0.0,4.0
716879,2023,0.520534508288137,-0.2181578569612627,8.564916176796611,0.0,14.0
716890,2023,0.547465960721728,0.01862334917989513,9.107063837973058,0.0,13.0
716883,2023,0.5056310934341812,-0.17969918124977594,7.859359279831313,1.0,4.0
716880,2023,0.7096944910983396,2.2270078770434263,8.72006085578309,1.0,11.0
716874,2023,0.479855484750459,-0.24027113080869764,8.788712704364961,1.0,7.0
716877,2023,0.5450342357451146,0.2938357982036277,8.982925880997966,1.0,10.0
716876,2023,0.6412965877931833,1.4849912207036606,8.662816679063404,1.0,7.0
716878,2023,0.5556521754333985,0.2761226566957027,8.895003697380554,0.0,12.0
716903,2023,0.5318212377321163,0.6623650583898647,9.714435034490883,0.0,10.0
716875,2023,0.40085652867131705,-1.552694057137223,8.160191706335638,0.0,7.0
716872,2023,0.6502407528092939,1.3656496816238728,8.42861894723585,0.0,11.0
716869,2023,0.701936003617852,2.4244832435730923,8.554214372743349,1.0,8.0
716873,2023,0.5853307537948687,0.5693688538325317,8.692026933954304,0.0,18.0
716871,2023,0.44371762885052135,-1.0224727019545643,7.742179568254878,0.0,12.0
716870,2023,0.450021143122904,-0.9655848070086291,8.861279313810323,0.0,9.0
716865,2023,0.5621846669459466,0.3410119052922802,9.290317509816607,1.0,8.0
716867,2023,0.5348905406059493,-0.14676144439878777,7.981046702073893,1.0,12.0
716864,2023,0.6230929347969723,1.5801339799378409,9.289008625577871,0.0,13.0
716868,2023,0.5603323856077748,0.5960889366267221,9.401049424298867,1.0,5.0
716858,2023,0.4134664951422045,-1.4914287550574445,9.594590505274127,1.0,5.0
716863,2023,0.6239040373692479,1.0122221355805658,8.293425065628492,0.0,11.0
716854,2023,0.5546099165988078,0.8969171074092174,7.919249354603724,0.0,8.0
716859,2023,0.6752029820142883,1.5850049230156105,9.248451521625707,1.0,9.0
716862,2023,0.5244550678936506,0.4672215933150474,9.001772461378945,1.0,3.0
716861,2023,0.5835537797576955,1.0309401149053357,9.104250383434003,1.0,9.0
716860,2023,0.544952820971678,-0.19438652903041856,8.684430832662784,0.0,7.0
716866,2023,0.45145950473254987,-1.2687885390381368,9.840540640096124,0.0,11.0
716855,2023,0.5451746944838365,0.10953841328184896,8.82478330095493,0.0,4.0
716856,2023,0.663229795399923,2.351431014726896,8.800568217415593,0.0,16.0
716850,2023,0.5769642566685137,0.3462017344213975,7.9854042871320905,1.0,14.0
716857,2023,0.4899420010154897,-0.3256553974375867,7.605596001267134,1.0,10.0
716851,2023,0.4831572154970417,-0.32715648510355905,9.517078653891144,1.0,18.0
716853,2023,0.6851870989209806,1.423694119041934,8.672191111654723,1.0,12.0
716852,2023,0.4229721655525732,-1.2588538878108515,7.346780373708601,0.0,6.0
716846,2023,0.5577026736360994,-0.0696946649997179,8.767415594273812,1.0,11.0
716848,2023,0.3723508592328973,-1.5949662843696175,7.8082553678700775,0.0,10.0
716849,2023,0.43157040589480283,-1.495424699250105,9.851552668119648,1.0,13.0
716832,2023,0.7171992852884114,1.8214740663503335,8.726822130427816,1.0,17.0
716844,2023,0.6120854812543162,0.8750894997184184,8.00999507267611,0.0,5.0
716845,2023,0.6196237391010951,1.425230662219897,8.244897924109027,1.0,3.0
716843,2023,0.453984258050288,-0.8280005444978827,8.279942527600303,0.0,11.0
716837,2023,0.7093614311125189,2.157285906559585,9.05068148181972,1.0,9.0
716840,2023,0.5280890570704773,0.21579139103941297,9.510167500973289,0.0,8.0
716841,2023,0.5834665715261288,1.428796336210454,9.22421290245315,1.0,8.0
716838,2023,0.5293956744757191,-0.29750165616806923,7.745462042010875,1.0,9.0
716842,2023,0.46091775586372336,-0.5515670299451036,8.96048080885822,0.0,16.0
716839,2023,0.5021215167788593,-0.6828319308691425,8.280955393119326,0.0,8.0
716847,2023,0.6962572863687058,1.5493697477649115,8.343960812705095,1.0,13.0
716833,2023,0.4805438244017363,-0.3480918696948015,9.902379203283658,0.0,15.0
716829,2023,0.5110018860922119,-0.08457600473516014,9.10493008865339,1.0,5.0
716836,2023,0.6801295726659086,1.9650498023209741,8.927722152596125,0.0,7.0
716831,2023,0.45362646719870303,-0.9644856120024059,9.65511488663442,0.0,11.0
716834,2023,0.4862001911044272,0.24023715830382147,9.1103514673664,0.0,11.0
716835,2023,0.6597273680803231,1.221060096196268,8.800242354006029,1.0,3.0
716825,2023,0.5553837192704166,0.32924584683008234,9.086477906176329,0.0,17.0
716828,2023,0.570480270033292,0.6994903753898574,8.313695572532723,1.0,11.0
716830,2023,0.4208769548052967,-1.471127612240028,9.05681495848784,0.0,21.0
716827,2023,0.6044489193892865,0.6850600653311237,8.459645676516525,1.0,3.0
716824,2023,0.5162446832813941,-0.5950702525340944,8.189340115452358,1.0,13.0
716826,2023,0.55805485227688,0.9854547300167923,9.197821425893334,1.0,7.0
716822,2023,0.4974786664648162,-0.2989926149179594,8.351522598037572,1.0,16.0
716821,2023,0.5523141249022547,0.6619143392160132,9.706423118575175,1.0,7.0
716820,2023,0.7257344337888436,2.165381744863778,8.826670902919243,1.0,5.0
716819,2023,0.4373467954587587,-0.6410652624677095,8.482329587262605,1.0,13.0
716817,2023,0.5954078254712833,0.6465976845496416,9.160464578931151,1.0,10.0
716808,2023,0.48588814725240587,-0.28962165034725335,8.90819677468127,0.0,5.0
716815,2023,0.6730479749861561,2.019433199773331,9.156229714410669,1.0,9.0
716816,2023,0.7350666196213835,2.391870488458742,8.46110142825109,1.0,9.0
716818,2023,0.4473301152536824,-1.073256228139709,9.301597089649743,0.0,7.0
716814,2023,0.5085659236299677,-0.4439931785942432,9.700748907583316,0.0,18.0
716813,2023,0.5628255880263952,0.3433473069027089,8.309488650691925,1.0,16.0
716809,2023,0.4503781199190683,-0.6925723010006366,10.140102314671504,0.0,5.0
716810,2023,0.5374434883051709,0.0870544669481151,9.0160042315309,0.0,8.0
716811,2023,0.49857344172410106,0.11108875898519228,9.688574898202182,0.0,5.0
716812,2023,0.37847625305613214,-1.8316643829253823,11.281657884131677,0.0,18.0
716804,2023,0.7136620496315312,1.8463337425252422,8.981883977033931,1.0,7.0
716823,2023,0.49969358043162676,-0.2237817356189921,8.399676226884324,1.0,5.0
716805,2023,0.5865037988154,1.106424444754155,7.81838479839357,1.0,11.0
716807,2023,0.45898258073893067,-0.87949947093893,7.771311483989106,0.0,13.0
716795,2023,0.4893882216781242,-0.0933616480622553,8.157060048306823,0.0,6.0
716806,2023,0.5900743516334352,0.9511896857958588,8.941640494902124,1.0,19.0
716800,2023,0.668224536754909,1.5478758173673384,9.113971921452062,1.0,12.0
716801,2023,0.6848775103602947,1.5857976191649907,8.827902428510939,0.0,9.0
716799,2023,0.5185646658472148,-0.421211756618538,8.490879236606647,0.0,3.0
716802,2023,0.5122143302777031,-0.2641453772431479,10.502750703032598,0.0,8.0
716796,2023,0.5601270860644023,0.08983584769804778,8.272292333326869,0.0,6.0
716797,2023,0.441070242632292,-0.7870384200237923,9.047435216333076,1.0,11.0
716798,2023,0.4954707443022048,-0.5023045210098968,8.155664865300988,1.0,1.0
716793,2023,0.5346152132377915,-0.024917448034991015,8.738637972418148,0.0,9.0
716791,2023,0.3663775827036252,-2.220187373373376,10.400097079523272,0.0,4.0
716790,2023,0.6699592642066808,1.173748947444444,9.506224435144011,0.0,4.0
716803,2023,0.5768492070596999,0.6772718412838798,8.56416648792955,1.0,7.0
716792,2023,0.6252927383151754,1.4190209816213593,7.910109549956783,1.0,10.0
716787,2023,0.5987563167735367,0.9005515228603791,8.993383885255438,0.0,18.0
716786,2023,0.6231439227535082,1.1599645013497968,8.76639274274912,0.0,15.0
716784,2023,0.5446760827137829,0.11936194629071067,8.057054991248478,0.0,7.0
716782,2023,0.4996996135495605,0.24093858841523746,10.151030117663016,1.0,9.0
716779,2023,0.46915672283598175,-0.6348095139685489,8.965281937106097,1.0,5.0
716785,2023,0.712083030971604,1.7676172075452377,8.953267336464831,1.0,7.0
716789,2023,0.5725926834003935,0.18370431665126116,7.641527995901312,0.0,5.0
716794,2023,0.4495068480673446,-1.0635773932142953,9.51299029005732,0.0,11.0
716788,2023,0.7212567830217159,1.9592949277483234,9.063778675004112,1.0,9.0
716778,2023,0.4132736305806272,-1.378716636682836,7.869285700758403,0.0,3.0
716781,2023,0.410990809842526,-1.0016660222865277,7.8478528308448166,0.0,8.0
716783,2023,0.469364473112612,-0.5733696943161436,9.226355081751532,1.0,11.0
716780,2023,0.47583072124469344,-0.3676082595053051,9.441263181316433,0.0,5.0
716773,2023,0.3797176617851963,-2.2682096464503125,11.181035383186162,0.0,10.0
716774,2023,0.6254401638180904,1.4557065754245893,8.748302710074936,1.0,7.0
716775,2023,0.43409545096635094,-0.6107059553457791,9.150404711822691,1.0,7.0
716776,2023,0.44817018241994655,-0.6389546969601736,9.326427549838641,0.0,7.0
716777,2023,0.49806266405744964,-0.1714935822746822,8.263726726562737,0.0,9.0
716768,2023,0.5096436598619015,-0.28119584861476077,9.029344842956469,0.0,15.0
718700,2023,0.4788158936787448,-0.318023331252861,10.562321307661508,0.0,8.0
716770,2023,0.4816405983202847,-0.26535148123170255,9.841342081124328,1.0,5.0
716771,2023,0.4521044551376554,-0.8720005456767893,9.122690895596655,0.0,13.0
716769,2023,0.42604205622789537,-1.3446349711163734,8.557671141011276,1.0,3.0
716767,2023,0.43236457566236297,-1.3590257211528256,8.50697172969383,1.0,5.0
716772,2023,0.5677443712741682,0.574466863691452,8.553453293858396,0.0,6.0
716765,2023,0.480337225243532,-0.8486658658539262,7.383411319475928,1.0,12.0
716763,2023,0.573385173824401,0.5480254995678321,8.023656036868312,0.0,8.0
716764,2023,0.45832319495767027,-0.5072311707256799,9.974395675610483,1.0,15.0
716762,2023,0.500883736385025,-0.3135243230856353,9.245285735596893,0.0,6.0
716766,2023,0.49227343211806823,-0.20623504610070145,9.924410569935894,0.0,6.0
716759,2023,0.4168004192207701,-1.0910414262182457,11.204551029635384,0.0,22.0
716756,2023,0.42797025163621194,-0.9656147459316274,10.672182465096997,1.0,6.0
716758,2023,0.46745312107983755,-0.22889045193717208,9.024585826512169,1.0,11.0
716761,2023,0.5022354496242685,0.009636629382378354,8.215785392783237,1.0,10.0
716757,2023,0.5293294461883084,-0.24484026220394436,7.956273343381874,0.0,9.0
716760,2023,0.4771539006306552,0.042193315358702216,10.036124153045456,0.0,16.0
716755,2023,0.4869055834116645,-0.3364426579617873,8.67993407942951,1.0,3.0
716754,2023,0.4658422152265086,-1.1023199184606225,8.413087028260621,1.0,13.0
716753,2023,0.5189425484930822,0.19113778513945243,10.079953161744426,1.0,3.0
716746,2023,0.5766818643004736,0.519574544904282,8.595705396109597,0.0,9.0
716749,2023,0.5178020985796984,0.04664412254732379,8.94794120158987,0.0,10.0
716750,2023,0.45072963487468315,-0.44449246141487864,9.319745651386054,0.0,14.0
716751,2023,0.37770074060574726,-1.6216738639664856,8.603812360435906,0.0,15.0
716744,2023,0.5273896164358751,0.22620515214491493,9.520382321765794,0.0,13.0
716752,2023,0.6373081697437554,1.3873516027354345,8.834261649645194,0.0,16.0
716745,2023,0.45974850252959115,-0.5533365068069429,8.878339777084209,1.0,12.0
716747,2023,0.41791170893389584,-1.0007177210075096,9.958292763360395,0.0,10.0
716748,2023,0.4409476569690025,-1.2376144769679593,11.03313465849792,1.0,15.0
716743,2023,0.5315494525531159,-0.15681496574845982,7.786916457591627,1.0,7.0
716741,2023,0.5159401777194774,-0.09964886859601087,8.869449175122128,0.0,6.0
716738,2023,0.48343166219371825,-0.4230010807558841,10.24477374814393,0.0,22.0
716736,2023,0.507938600000934,-0.12909547804262694,8.350817483511566,0.0,6.0
716740,2023,0.4178361040995432,-1.060184194175229,9.04269024507208,0.0,10.0
716742,2023,0.37124369363951915,-1.7853096296585815,9.544243376678141,1.0,9.0
716739,2023,0.4347261561333767,-0.8333683917724756,9.255162655208922,0.0,10.0
716734,2023,0.4848683153806559,-0.49999284369289165,8.828324476312865,0.0,5.0
716733,2023,0.5333047150149872,0.3475929700152487,9.386139956377002,1.0,10.0
716737,2023,0.5649691268696604,0.39926611085031516,8.822538771035283,1.0,11.0
716730,2023,0.40439924752420536,-1.6720338357943347,10.743602068818902,0.0,12.0
716731,2023,0.49627910676597686,-0.10487649278928664,9.777563502027135,1.0,16.0
716728,2023,0.4887028090993186,-0.32413632197367415,8.12745476108682,1.0,4.0
716732,2023,0.5162892695947159,-0.18370784735259402,9.356334837202063,0.0,13.0
716725,2023,0.5359909994482469,-0.3748192394934473,8.342176695808767,1.0,4.0
716729,2023,0.4666031729459079,-1.1004262549556554,8.661535212451835,0.0,8.0
716735,2023,0.5408410273219131,-0.08379634624349322,8.300981003223797,0.0,7.0
716681,2023,0.585269104353633,0.8659314300865675,8.898763652554347,1.0,13.0
716723,2023,0.5031431816905279,-0.38076404130407854,7.774590884391552,1.0,5.0
716724,2023,0.5645841736513513,0.7532711757674733,9.183519319312163,0.0,19.0
716726,2023,0.38836470082098434,-2.0476135136550195,9.682399624416638,0.0,11.0
716721,2023,0.6988959893385698,2.5837849780445628,9.752493711082845,1.0,6.0
716727,2023,0.41851463345638573,-1.212337610615694,10.02684091669208,1.0,9.0
716722,2023,0.6393705866520252,1.2755920454178011,8.401780670985588,0.0,10.0
716719,2023,0.46162162464535017,-0.5518514038551964,8.363052920409197,0.0,26.0
716718,2023,0.3984054457882202,-1.3671941776888747,9.72194769760831,1.0,6.0
716720,2023,0.4924591725809366,-0.026761152363087924,8.70855736406177,0.0,16.0
716713,2023,0.4251614260331796,-1.1801215832422287,9.820371263769607,0.0,9.0
716717,2023,0.4813581885729532,-0.3452698196981035,7.69659042817558,0.0,11.0
716714,2023,0.4146513611009011,-1.0254740671490015,8.417017019926954,0.0,10.0
716712,2023,0.3881110381497803,-1.3676737004017565,10.136590011130048,1.0,13.0
716716,2023,0.6739429093943796,1.4828742501777694,8.292772729821559,1.0,14.0
716710,2023,0.4232612429608556,-1.2720171434291123,7.299691056181382,1.0,9.0
716715,2023,0.4763889366893908,-0.16193723127414,10.046258756325933,0.0,16.0
716711,2023,0.6696417525641979,0.999825755874007,8.06629666337805,1.0,6.0
716709,2023,0.6167597140730567,1.0363131101045309,9.209884155154482,0.0,16.0
716708,2023,0.5214157662798917,-0.48891557582271156,8.599810057574352,1.0,19.0
716704,2023,0.5497469142933555,-0.04311619699964976,8.702550426805914,1.0,13.0
716705,2023,0.5315119503701841,0.2135897883682303,8.137362619581431,0.0,15.0
716706,2023,0.4335977941576573,-0.8495648346717393,10.092055383083805,0.0,9.0
716703,2023,0.5341701508019829,0.5333589331669485,8.281458980697971,1.0,8.0
716702,2023,0.6244156544434009,1.5850918003835568,10.082984357621406,0.0,5.0
716707,2023,0.3894494995052481,-2.1732044619856885,9.513903271507639,0.0,8.0
716697,2023,0.41988578247835046,-1.0903301707781645,8.506932310471358,1.0,9.0
716700,2023,0.46311340670340007,-0.9561593349575852,7.94864266314149,1.0,3.0
716699,2023,0.5474182705121209,0.1511882561917772,8.474202927070165,1.0,10.0
716698,2023,0.39009543058891005,-1.772741454922514,9.4145934362352,1.0,7.0
716692,2023,0.6421990829639475,1.529712538060991,10.353301744604098,1.0,17.0
716691,2023,0.48750496196544746,-0.5493509884300849,7.498184490307035,0.0,6.0
716693,2023,0.3805184972945595,-1.5531869614076286,9.947431395717048,0.0,12.0
716696,2023,0.6629398711696605,1.4575126376804883,7.996546609495617,1.0,4.0
716695,2023,0.4366509828169655,-1.1344260345653405,8.346282195258855,1.0,15.0
716701,2023,0.4845816963950779,-0.046286806934917483,9.37906798757674,1.0,5.0
716694,2023,0.6149845425388027,0.7367867022590218,8.684413502587674,1.0,7.0
716689,2023,0.7194968068610804,2.0396228993434615,8.357281639816078,0.0,17.0
716688,2023,0.5504776349646665,0.31695802604102435,9.785836151193475,0.0,10.0
716687,2023,0.5347252547701463,0.16950341790375756,8.079553308339332,0.0,15.0
716690,2023,0.4462013043704207,-0.5678075873354191,9.893789499298487,0.0,13.0
716683,2023,0.5311058941922383,0.047417117323763185,8.681524280535099,0.0,1.0
716682,2023,0.46660736126818364,-0.7428819302040452,8.220953116348817,0.0,10.0
716686,2023,0.6013937835505605,0.4419990162210589,8.168762714229079,0.0,13.0
716680,2023,0.7178012807036215,2.4430078193486544,8.44526751281713,1.0,13.0
716685,2023,0.6041297250871568,0.9225605086064603,8.886072544943216,0.0,8.0
716684,2023,0.5102346951387626,0.27701624452156703,9.737578726648888,1.0,5.0
716678,2023,0.5119229325117334,-0.028356562408654206,8.657026998122674,0.0,1.0
716675,2023,0.5808854958733906,0.6265487016426043,8.517152316960987,0.0,6.0
716677,2023,0.574825771173414,0.6468970321904232,10.188686051285295,0.0,13.0
716671,2023,0.5371847003056345,0.23631010141200595,8.320850329071185,1.0,11.0
716670,2023,0.5346667149703868,-0.22743182031953701,9.393044951861844,0.0,10.0
716679,2023,0.5519635238992939,0.31147181465905577,9.051437144001172,0.0,5.0
716676,2023,0.3885284930468122,-1.7170480073126901,9.237106834874846,0.0,13.0
716673,2023,0.6782162119595813,2.235526903422266,8.970443621475878,1.0,9.0
716672,2023,0.43700376158390875,-1.2647397115011305,10.193069384469489,0.0,13.0
716674,2023,0.6540700895557404,1.368743823098171,8.944120212015251,1.0,10.0
716665,2023,0.6948670911922973,2.3930406260299244,9.47011626542751,0.0,9.0
716669,2023,0.564746125347161,0.12847494563665163,7.906530805837925,0.0,13.0
716666,2023,0.48965930836045474,-0.48759578050335045,9.173701969437536,1.0,7.0
716667,2023,0.5214334130903984,0.2051122714276056,9.955416585525533,0.0,9.0
716668,2023,0.6219337558554472,1.6336045675861854,8.605269298838044,1.0,17.0
716659,2023,0.5467919082851103,0.016813386654802556,8.35713005081198,0.0,11.0
716654,2023,0.5723031615157431,0.16110474716238532,8.52486202772872,1.0,12.0
716660,2023,0.5685508650618951,0.31461002736781785,7.98409442993905,0.0,5.0
716661,2023,0.7213480146760323,2.080611664134065,8.808592841022438,1.0,6.0
716662,2023,0.34982458430041263,-2.2100475534408286,9.65403785588877,1.0,13.0
716656,2023,0.6135669807475751,0.618246076901996,8.42520110196857,1.0,12.0
716664,2023,0.48568096809320616,-0.4536438347401179,10.372067503980208,0.0,25.0
716653,2023,0.6021488875572794,0.8374013725672315,8.862681101190843,1.0,12.0
716658,2023,0.6009282196969288,0.9580949473225049,8.27277065564999,1.0,4.0
716655,2023,0.5355550328648178,0.12799573634590075,9.855030466634096,0.0,7.0
716657,2023,0.7255021799249098,2.922675771406046,9.353583575041824,1.0,5.0
716649,2023,0.5585451694053645,0.2968610379217612,8.378359846195638,1.0,12.0
716651,2023,0.5997623820728426,0.8738576620712297,9.31109093380479,0.0,12.0
716663,2023,0.7069701487473842,2.4031882566034604,8.116121951841793,1.0,10.0
716650,2023,0.5269855316597768,0.12941277034956683,9.865099557920622,1.0,8.0
716643,2023,0.5596606012323251,0.3405367915504378,8.704163809300248,0.0,9.0
716645,2023,0.6034906894849577,0.7347652117798944,8.252269576549782,1.0,9.0
716648,2023,0.5686260190552601,0.5030980678744266,8.542210008270544,1.0,5.0
716652,2023,0.4733144388383021,-0.8968319478310888,10.295086895018708,1.0,10.0
716647,2023,0.4052663800563076,-1.3923110679190276,10.379663128748955,0.0,10.0
716644,2023,0.6957814905491866,2.4692917316645193,8.974924087686965,1.0,7.0
716646,2023,0.4862617534910764,-0.6621913755268001,7.255032610645092,1.0,7.0
716641,2023,0.6605406616663988,1.6429442994260315,8.853984610303197,1.0,7.0
716642,2023,0.538590174168048,0.72521390788042,10.322317729309468,1.0,8.0
716640,2023,0.5977310545430694,0.7413313844119638,9.058892216520189,1.0,14.0
716639,2023,0.6278401162842386,0.689599080926812,8.403585678375977,0.0,2.0
716638,2023,0.582097842453065,0.5207830150623962,9.103917835107781,1.0,7.0
716637,2023,0.7074618131270821,2.6998428360296356,9.360391481545955,1.0,13.0
716633,2023,0.4815036278812647,-0.6308940607427977,9.691570083763338,1.0,3.0
716634,2023,0.6366426307782656,1.770490875733261,8.96857973567221,1.0,9.0
717664,2023,0.4670209158739329,-1.2412137724093204,9.020396944115825,0.0,18.0
716635,2023,0.5641639726651243,0.6876704153649382,9.047914486762277,0.0,8.0
716636,2023,0.6554702830981731,1.8083774239082933,9.21087904400141,1.0,16.0
716590,2023,0.4529500376747537,-1.5568346411844969,9.296076215615425,1.0,12.0
716630,2023,0.6112573567221034,0.7542175921677129,8.664421657382258,0.0,14.0
716627,2023,0.5714165428140633,0.8281392756506005,8.533067880843824,0.0,7.0
716629,2023,0.5056214719173547,-0.7090313779312021,7.663591678477473,0.0,11.0
716626,2023,0.5341996948666654,-0.19951036740398959,7.3514081144331165,1.0,12.0
716624,2023,0.6957253865495034,2.2911724685510575,8.878394089244841,0.0,4.0
716625,2023,0.4318306719354228,-1.1008874468365284,10.707920502855224,0.0,9.0
716623,2023,0.6752821782524708,2.0084608971688587,8.18261118705261,0.0,13.0
716632,2023,0.5317366766257137,0.07451888804567366,8.506127870858315,1.0,9.0
716622,2023,0.562770551463827,0.5717968083644612,9.291476793593198,0.0,19.0
716628,2023,0.5274175790974787,0.03684414144735769,10.16941458426548,0.0,5.0
716611,2023,0.5849778121939965,0.6042379008753637,9.03828426825152,1.0,8.0
716631,2023,0.5832433068420937,0.7538869620418968,9.142804896369949,0.0,21.0
716620,2023,0.5481372035829916,0.4379907630207585,9.06985521105074,1.0,6.0
716621,2023,0.6596479172035424,1.6659914202902057,9.068925124664213,0.0,7.0
716617,2023,0.4694959164670242,-0.5384872734633369,9.16162624337574,0.0,11.0
716618,2023,0.487096835429249,-1.0000932751081621,7.7770320782109605,0.0,13.0
716616,2023,0.5013711550990541,-0.48073197947721424,8.93038932446494,0.0,9.0
716612,2023,0.5173460784662427,-0.03435211220367012,9.516330990660755,0.0,5.0
716615,2023,0.5117483525682801,0.36803211139033537,8.995582055121021,1.0,11.0
716610,2023,0.5843884640445489,0.36460130888790304,8.003983845817197,1.0,4.0
716613,2023,0.49266983923932206,-0.5887152196278753,8.589062091184388,1.0,5.0
716614,2023,0.7271402954209083,2.5708980161814314,8.964228913021996,0.0,8.0
716609,2023,0.44465948375869735,-0.6772013146664827,10.756804990253922,1.0,10.0
716606,2023,0.5933724734992417,1.4304249770707846,8.575230165324207,1.0,8.0
716619,2023,0.5188049738501157,0.31365535084729645,8.81998829305456,0.0,4.0
716608,2023,0.5803036520904292,0.721730785637992,9.243150647971916,1.0,13.0
716607,2023,0.4586384115916081,-1.3764522647970454,9.41936878424779,0.0,9.0
716599,2023,0.42254244460146656,-1.0283484262530507,10.96393657546978,1.0,10.0
716605,2023,0.5006787206484193,-0.16247615437745694,8.769414971084206,1.0,11.0
716602,2023,0.6844306847121682,2.185679162642676,8.19231465556031,1.0,5.0
716600,2023,0.5328631191051209,0.13139401668184209,9.15316213990715,1.0,13.0
716604,2023,0.657876129768179,1.706419827781264,9.523020150784077,0.0,1.0
716601,2023,0.5192770514349929,0.0621764701757654,8.244284879640293,0.0,7.0
716603,2023,0.4504428884747278,-1.3844839178984518,8.735526614142392,0.0,5.0
716594,2023,0.503724989131468,-0.46558366532456796,9.026427500365651,0.0,10.0
716596,2023,0.6840325862032361,2.1504548765455302,8.866955024138498,1.0,8.0
716595,2023,0.4466308322763396,-0.5898284411921604,8.441402305369419,1.0,8.0
716598,2023,0.5924367022981163,0.7200432935366314,8.976200187342302,0.0,8.0
716592,2023,0.5562994543429347,0.12799338597722365,7.826787641853125,0.0,2.0
716589,2023,0.5860771630537438,1.1070274447449147,8.277056313692512,0.0,7.0
716591,2023,0.584724883583269,0.7855129953485462,8.712411988880621,1.0,2.0
716584,2023,0.5180169104528466,0.27653659820047166,8.63740868502443,1.0,10.0
716597,2023,0.49625584019392327,-0.38248490238569516,9.517251266278521,1.0,5.0
716585,2023,0.5380309827341843,-0.22919295508881476,8.450061473327615,1.0,6.0
716588,2023,0.5104261310332664,-0.07604924382141098,7.950649603378614,1.0,12.0
716587,2023,0.5952451593064609,0.05717919047980788,8.024408289765278,0.0,11.0
716593,2023,0.5120619427681244,0.04195621184918206,9.901762574583474,0.0,13.0
716586,2023,0.5372307377458779,-0.3319132609069389,8.82075922888407,0.0,7.0
716580,2023,0.4172287064029306,-1.070728734305638,10.057687994227175,0.0,12.0
716579,2023,0.413984102102893,-1.0718050298540331,8.302210311463318,0.0,12.0
716582,2023,0.4161323567056855,-1.322521830963677,8.951850330733258,1.0,15.0
716583,2023,0.4668890088847257,-0.9829942085449277,9.006393876698615,0.0,8.0
716576,2023,0.5397734673773408,0.42273873347771806,9.098424272330076,1.0,3.0
716574,2023,0.5095338825142152,-0.2416504863300791,8.630225277488108,0.0,8.0
716575,2023,0.4852694273661829,-0.6049911652070128,8.916897946634759,1.0,15.0
716573,2023,0.39702909715287205,-1.1355875626869278,10.215937240573362,0.0,12.0
716577,2023,0.3702307934590258,-2.249919899076961,10.244809613247641,1.0,6.0
716578,2023,0.6285614193725376,0.6592823172149089,8.39266572716436,1.0,8.0
716572,2023,0.4279051235295997,-1.1935656842065654,8.739512296792494,0.0,9.0
716571,2023,0.40739293417954525,-1.1754394077693904,10.776753501259604,1.0,5.0
716570,2023,0.5161902360742618,-0.45135205929334576,9.347420405615601,0.0,13.0
716567,2023,0.4425194510400289,-0.7432585023062813,9.45459953661814,1.0,10.0
716569,2023,0.3996683833469277,-1.8235461819038334,9.225221804260517,0.0,11.0
716568,2023,0.581944049118531,-0.01353102758217787,7.9414740088384175,0.0,9.0
716581,2023,0.47545949870180737,-0.36999573095978017,10.323933793524477,1.0,14.0
716566,2023,0.5786783193163904,0.14025905755113585,8.771644640813879,1.0,7.0
716564,2023,0.45990901102904586,-0.49081602756700377,8.872540122915813,0.0,7.0
716565,2023,0.43268919791985816,-1.3077245207190216,9.070028127706998,1.0,16.0
716562,2023,0.5407725560895563,0.332172529014644,7.740327033753629,1.0,3.0
716563,2023,0.49635064114074107,-0.43300884433676434,9.620633386421707,0.0,9.0
716561,2023,0.4823711747364149,-0.9437973444690094,8.864481564192035,1.0,8.0
716560,2023,0.45000590359415943,-1.2703928913441502,9.184738470895828,1.0,18.0
716555,2023,0.4765457462270163,-0.4211047904725054,8.944658030617346,0.0,5.0
716556,2023,0.38167833530047884,-1.4096006420148302,9.0397078752587,1.0,13.0
716559,2023,0.6970119955670087,1.500335095431007,7.878444741288505,1.0,14.0
716557,2023,0.4656929545422573,-0.5639807150050826,9.925038696172999,0.0,7.0
716558,2023,0.4718131172400348,-0.2641519418577317,10.250200061205696,1.0,13.0
716550,2023,0.4757898508083991,-0.11219620207248171,10.640499252695033,1.0,7.0
716554,2023,0.5585392986943503,0.32595104248837553,10.161902257787267,0.0,9.0
716552,2023,0.48501531213386834,-0.8095360941072406,8.077784813093244,0.0,8.0
716551,2023,0.45579988775479147,-0.6857969318279948,8.69241614153275,1.0,5.0
716553,2023,0.5281771230698245,-0.13560132400450683,9.415744118015919,1.0,9.0
716548,2023,0.5718099476725137,0.11672234994777109,8.87671926742883,1.0,5.0
716545,2023,0.5462777670652236,0.6693187326501264,8.38087962504189,1.0,12.0
716549,2023,0.4893075318382944,-0.6277951247408499,8.509327643717997,1.0,11.0
716546,2023,0.4500091568603871,-1.1284009565725233,7.799460916839652,1.0,18.0
716542,2023,0.4367810576724832,-0.9709516382649899,8.755382025190908,0.0,4.0
716543,2023,0.7048311669485656,1.5620470453919735,7.720839745699241,0.0,3.0
716547,2023,0.37966852268384427,-2.2040783695400425,10.225157581100198,0.0,8.0
716541,2023,0.44087706177534103,-0.4623475766515364,10.068919478070786,1.0,11.0
716540,2023,0.46099145342616843,-0.49308009897232663,10.760662747329766,0.0,21.0
716544,2023,0.5427717456176481,-0.015292541429359166,9.432013337508666,0.0,8.0
716538,2023,0.412685228464134,-1.306783164316688,9.257017299944971,0.0,11.0
716537,2023,0.5406536592556626,-0.15995410326944257,8.139828239274905,0.0,7.0
716536,2023,0.4722233461402476,-0.5132008307520538,10.378970956107125,1.0,8.0
716529,2023,0.45022732465037696,-0.5155969083165721,9.675388380467261,1.0,10.0
716534,2023,0.4161771554363663,-1.174486326456173,9.779225214976409,1.0,10.0
716535,2023,0.5118043906010883,-0.007803233249765862,8.359039916446715,0.0,3.0
716539,2023,0.5518732710806922,0.12782848243745848,9.172930910359035,0.0,7.0
716532,2023,0.5635992708232467,1.2227790019715874,8.238588743304982,0.0,8.0
716531,2023,0.4250869123700925,-1.2266616458560684,10.357262046360226,1.0,1.0
716533,2023,0.6013931334350877,0.7511941856546619,8.859132524855461,0.0,6.0
716530,2023,0.6003850628506202,0.8454401797328903,8.36745796879522,0.0,15.0
716526,2023,0.6845556946214154,2.015438925754782,8.673720605606773,1.0,20.0
716527,2023,0.3881128940788133,-1.8255145328996056,9.274269952703373,0.0,5.0
716528,2023,0.6024562078516977,1.158895791122163,9.24300191702157,1.0,11.0
716524,2023,0.6025586506649458,1.345325899493235,8.693338929140259,1.0,8.0
716522,2023,0.4954611890997777,-0.42410346855305403,9.737223962565263,0.0,7.0
716523,2023,0.5579567238861637,0.5614558165606944,8.218559839144842,1.0,7.0
716520,2023,0.5451301642038024,-0.19248808583787919,8.635082121232404,0.0,8.0
716525,2023,0.5607676479156054,0.8970977464201576,9.098035031883684,1.0,7.0
716521,2023,0.6407162279207327,1.3119607275489054,8.51583967344176,1.0,12.0
716517,2023,0.42693527351624583,-1.0813885745836362,9.73957650523467,1.0,13.0
716518,2023,0.5819507576541457,0.6380551123169876,8.802096055810296,1.0,15.0
716515,2023,0.42832332890175473,-1.238207150278071,9.435157580990337,0.0,10.0
716519,2023,0.5944859261764794,0.7531156427674125,8.678146664598133,1.0,10.0
716514,2023,0.5655704480386473,0.47209018518434176,8.398486410291122,0.0,14.0
716516,2023,0.7053974760728134,2.2118369755733513,8.0497008350628,1.0,2.0
716512,2023,0.36796782173075293,-1.531560549996807,8.163616140438629,0.0,9.0
716511,2023,0.5448072044850457,0.010273198388798898,9.175139430584949,1.0,12.0
716510,2023,0.651578883267152,1.5310644310402617,8.405816100363644,1.0,5.0
716509,2023,0.5690341483174411,0.8833916495974067,8.576365761707748,0.0,11.0
716506,2023,0.4374311923478281,-0.9748030485007785,10.196358799020976,0.0,8.0
716513,2023,0.5447674570997285,0.32429599213129606,9.001762089272992,1.0,16.0
716507,2023,0.5602641975765937,0.42526067405098167,9.230448496130258,1.0,20.0
716508,2023,0.5189584298458051,-0.046449171302723524,8.606572332897564,1.0,3.0
716505,2023,0.4565897210643981,-0.6434776372982526,10.505953292930041,1.0,8.0
716504,2023,0.3624120764637348,-1.6414910918120795,8.968181666608187,0.0,9.0
716499,2023,0.5000464025132745,-0.4331008938594871,9.16837796375867,1.0,8.0
716500,2023,0.7016331209148252,2.271997677059976,8.546579040385248,1.0,5.0
716501,2023,0.6716708617840381,1.335494025910466,8.373655129907974,0.0,11.0
716503,2023,0.5018222447870204,-0.45267409056656116,7.508577906046438,0.0,11.0
716502,2023,0.4747120018637105,-0.6990331652767281,7.507596176553668,0.0,7.0
716497,2023,0.6130552194279207,0.9971721468721391,8.23911425313153,0.0,20.0
716495,2023,0.46783915954114236,-0.5864733054968136,9.427996448567804,0.0,10.0
716494,2023,0.6832289741540223,1.6023869389898042,8.658013805892805,0.0,6.0
716498,2023,0.6905684950945692,1.8496957687604336,8.304463109669546,1.0,9.0
716491,2023,0.47506785647973826,-0.38148576584992705,10.426249867210581,0.0,6.0
716496,2023,0.36603194718537346,-2.321527983859859,9.065054212330859,0.0,13.0
716492,2023,0.5294164779339665,0.07723995159375305,7.845993116367496,1.0,8.0
716490,2023,0.5859152625440661,0.25380648984440374,8.750713796865176,1.0,9.0
716489,2023,0.43530287075010965,-1.1764473623953453,9.251586645082696,1.0,7.0
716493,2023,0.60577875073064,1.074994512666488,9.143091872461376,0.0,14.0
716488,2023,0.45405020230663595,-0.9153582100024039,8.988709539413014,0.0,10.0
716484,2023,0.60703828775911,1.331849460252998,8.982230672982089,1.0,9.0
716486,2023,0.6587248215419663,2.0483871463868106,9.065526156980559,1.0,6.0
716487,2023,0.5771423112993651,0.47493707303338895,10.25486838165005,0.0,12.0
716479,2023,0.59591149198414,0.4784903034824476,8.15131159521735,0.0,8.0
716482,2023,0.41944702832500974,-1.130750173007486,7.960918263397059,0.0,17.0
716481,2023,0.6079280152585347,0.760453366514331,9.29749523164093,1.0,9.0
716485,2023,0.3866689658463137,-2.094557998879599,10.401726737032488,0.0,15.0
716480,2023,0.5179248390307878,0.05632702930620374,9.408881942876734,1.0,8.0
716483,2023,0.502348530936719,-0.24126167337817864,7.713768932206772,1.0,17.0
716478,2023,0.661598836573519,1.759388338901561,10.208439144870649,1.0,5.0
716477,2023,0.5163449231161894,0.06859089986735657,9.566415658892893,1.0,13.0
716475,2023,0.6479759811364174,1.2933221185016723,8.25622170838561,1.0,14.0
716473,2023,0.70344535951765,2.0512182403980916,8.5634739296847,0.0,12.0
716472,2023,0.5039535037204018,-0.23884513639977156,9.088986829501515,1.0,10.0
716476,2023,0.5903334352178705,0.5572195645792211,9.015033267665025,1.0,6.0
716474,2023,0.6710486980639643,1.7847381709536747,8.41583775706557,0.0,6.0
716465,2023,0.6506528871041956,1.49665735068093,8.11656679895418,0.0,1.0
716469,2023,0.7031332983443677,2.2212349628563097,8.738680493766022,1.0,9.0
716466,2023,0.597109997104168,0.6075611314762244,8.064418426430171,1.0,12.0
716470,2023,0.5161896387757726,-0.03246037954042999,8.823116457321767,1.0,5.0
716463,2023,0.6082163858492822,0.5682412186732408,8.666216719641016,1.0,13.0
716468,2023,0.5983678611676546,1.2644887423911968,9.689661539968377,0.0,1.0
716460,2023,0.4423351321226506,-0.9508036725625224,7.427677378347852,1.0,9.0
716464,2023,0.4742512964594689,-0.5291022056057699,8.64454279876236,0.0,3.0
716462,2023,0.5442008730406778,0.3032300105420831,10.531296782799213,0.0,25.0
716461,2023,0.5422667967230103,0.09313908236253557,8.890176930092688,1.0,2.0
716455,2023,0.6684079216056407,1.6732378625702788,9.114711124780733,0.0,5.0
716457,2023,0.6260862554276455,0.9347499581905625,8.40852148645409,0.0,7.0
716456,2023,0.6229064714876812,1.3597142008694365,8.159891158907561,1.0,7.0
716452,2023,0.5908032883786865,0.42862312983064255,8.754371348994736,0.0,14.0
716459,2023,0.3751672939965808,-2.1743764521401316,9.690255346100674,1.0,5.0
716453,2023,0.6453548519331176,1.3774033327881279,10.496815039948979,0.0,5.0
716458,2023,0.5090174009673699,-0.6673519146238627,7.438169882880654,0.0,8.0
716450,2023,0.4879791026923232,-0.5257052762619963,7.836119701521941,0.0,6.0
716451,2023,0.5848205775561969,0.8612757659554175,10.381614320913405,1.0,6.0
716447,2023,0.4219604269012397,-1.1871738043026183,8.454460197662709,1.0,7.0
716448,2023,0.6926811749328075,2.5828576626831357,8.709038973476476,0.0,11.0
716445,2023,0.6084673327054039,1.079702654072742,8.334232883213652,1.0,12.0
716449,2023,0.6889008820064778,2.2722538972068027,8.795316440263989,1.0,7.0
716446,2023,0.5643105396447633,0.490781893445434,8.907822176568882,1.0,17.0
716442,2023,0.4907352235162257,-0.35131101329899694,9.18334630950046,0.0,2.0
716444,2023,0.6449752910940506,1.2108046893448907,8.31599022738226,1.0,14.0
716454,2023,0.6079366698628796,0.7890656850131675,9.071089925045579,1.0,7.0
716467,2023,0.3705157088984165,-2.6120564980777927,8.988784499312592,0.0,13.0
716439,2023,0.5885222713000262,0.9625339758503584,9.164283367670716,1.0,5.0
716471,2023,0.5030222168395955,-0.19663870341885645,8.482940198984261,1.0,10.0
716440,2023,0.5099850057359544,-0.15540544862734623,9.390436851699258,0.0,6.0
716436,2023,0.5190144558183196,-0.21945465973099057,7.305878542747535,0.0,6.0
716441,2023,0.5014910896498315,-0.2612922000087232,7.287584243545274,1.0,3.0
716438,2023,0.36708600181455786,-2.1207034658084707,10.588053506754544,1.0,5.0
716435,2023,0.5097157087475269,-0.4460564359114314,8.385748138924143,0.0,18.0
716434,2023,0.7025739021479321,2.0747249153636402,8.703643044697824,1.0,1.0
716432,2023,0.6429595182196661,1.2595345631893358,8.709927050813517,1.0,5.0
716433,2023,0.6096594313829179,0.9314046631717274,8.876856672899327,1.0,9.0
716431,2023,0.5401423394428801,-0.3627992097830193,7.466333905813478,0.0,2.0
716428,2023,0.40722370067712793,-1.3582356837623921,9.79758410047177,0.0,16.0
716429,2023,0.5919287696887973,1.0419731967311219,8.849679996773155,1.0,13.0
716423,2023,0.6055388004571257,0.6634236206446521,8.456081677397854,0.0,5.0
716427,2023,0.5009486936037825,0.1863199795604363,9.844100276380994,0.0,19.0
716421,2023,0.690088422757828,1.6358899755003091,8.706559263894174,1.0,14.0
716424,2023,0.35422896837155526,-2.3704766072942154,10.204447676935843,0.0,13.0
716422,2023,0.4911480936937432,-0.7107676156548791,9.572222854049448,1.0,12.0
716437,2023,0.46236855447429326,-0.4700105897833952,8.60404817896023,0.0,4.0
716425,2023,0.569098069683021,0.18954199921297968,8.048149988827962,1.0,8.0
716417,2023,0.4489269907891364,-0.7825990354607526,9.707512055872991,0.0,3.0
716411,2023,0.48182990333218817,-0.6859037547030392,8.67893303903495,1.0,13.0
716430,2023,0.5753064241413294,0.6332336888031577,8.23628794898341,0.0,6.0
716418,2023,0.5858104768996933,0.228483474595014,7.556117893863157,1.0,7.0
716419,2023,0.4215041108534383,-1.1490486351656533,10.099200988311921,0.0,5.0
716416,2023,0.6842501143830937,1.7443779284174525,8.956459601361654,1.0,6.0
716415,2023,0.6489459215377832,1.3920356469036272,8.920362032151814,1.0,13.0
716413,2023,0.47906220651744846,-0.46070384130332614,8.348744440348822,0.0,6.0
716412,2023,0.6195208983689091,1.3770954030558653,9.137785160325285,1.0,11.0
716408,2023,0.5919502362473389,0.5677552493948181,8.305871813015795,1.0,5.0
716410,2023,0.7120824834563413,2.1305734519353168,8.77786843380348,1.0,10.0
716406,2023,0.3791417907072034,-2.2256691300094196,10.273326414732873,0.0,10.0
716420,2023,0.5067293349017469,0.17803092961256595,9.830697554596606,0.0,5.0
716407,2023,0.4924438580632347,-0.36373755010964026,7.9809675376593505,0.0,11.0
716426,2023,0.4729889191014932,-0.20085633601431374,8.924492511430474,0.0,7.0
716414,2023,0.6323600591783924,1.0630201386954956,8.362994773143182,1.0,8.0
716400,2023,0.7066115154446676,1.8556002453046196,8.868585830002717,0.0,3.0
716443,2023,0.4850654301138928,0.1002309001667241,9.233424194312049,1.0,4.0
716401,2023,0.5768061422328763,0.4801834689357406,8.68635892025273,1.0,10.0
716396,2023,0.7035426051058472,1.5164630345310337,7.70448457259853,1.0,3.0
716409,2023,0.6873038365648907,1.8577334404787456,8.648505828139438,0.0,5.0
716402,2023,0.582511175252987,0.6568028714101156,8.906730337908389,1.0,2.0
716403,2023,0.5879534835571052,0.5957403751652841,8.866587554152403,1.0,6.0
716399,2023,0.576710177969881,1.2081755741648974,9.088626598232453,1.0,8.0
716405,2023,0.3967516586400517,-1.674726656452861,11.008662154481172,1.0,19.0
716397,2023,0.5605751245522146,-0.20119847288966564,7.811480799656218,1.0,5.0
716398,2023,0.5016660675494987,-0.3373327015419372,9.202045748880922,0.0,7.0
716395,2023,0.4829465090296552,-0.24360783463962168,9.171685025950103,0.0,12.0
716390,2023,0.5939486372293836,0.5036270359196964,9.04325714683834,0.0,3.0
716392,2023,0.4960610067436732,-0.8105805219959646,8.944681132900484,1.0,15.0
716394,2023,0.684428716050829,2.2637600153411164,8.929481195939292,0.0,16.0
716391,2023,0.45973817802410943,-0.5901184702415203,9.123177195699792,0.0,5.0
716387,2023,0.3931411438378728,-1.6713814601729597,10.99563790154444,0.0,13.0
716389,2023,0.4536697495986466,-0.5681295097540604,9.887293299132898,1.0,17.0
716385,2023,0.5694226187492508,0.4402534053669372,8.958406225616534,1.0,7.0
716388,2023,0.5068631179829401,-0.000960371751494867,9.90915613578601,0.0,21.0
716386,2023,0.6195690759468002,1.9344720376340934,9.778535667025087,1.0,6.0
716384,2023,0.5543674920158052,0.4627275770312623,8.867482707216698,0.0,3.0
716379,2023,0.5341884998358502,-0.20588363650305472,8.46367614330999,1.0,8.0
716382,2023,0.42244383737596003,-1.078467511587137,8.723215713470253,0.0,8.0
716380,2023,0.47900881725458755,-0.5282319024185113,8.521977211021605,1.0,8.0
716383,2023,0.485285276174537,-0.9405709277639925,8.995872858985411,0.0,12.0
716376,2023,0.45018550815218766,-0.6505778502121892,9.102641341400705,1.0,7.0
716393,2023,0.518719439159699,0.0687285083116839,8.240460762769755,1.0,15.0
716378,2023,0.48467734470434887,-0.32270550375692847,9.581126935752,0.0,10.0
716374,2023,0.4120744690795156,-0.9727010894903785,9.324315796791966,0.0,7.0
716375,2023,0.4535325950809217,-0.8797251080547299,9.372495951341001,0.0,7.0
716373,2023,0.5615754231995966,0.24862542572984464,8.970451889903881,0.0,16.0
716377,2023,0.6172554687638787,0.816208901297952,9.224499830661967,1.0,7.0
716372,2023,0.4858893131779233,-0.40808832311595744,9.846745523092752,1.0,21.0
716366,2023,0.6057276311350637,0.24760456109959716,7.981571350895228,0.0,7.0
716369,2023,0.7063760749082665,2.466975065638109,8.578520251763038,1.0,8.0
716370,2023,0.444724756197327,-0.8289869406852339,8.512336613496982,0.0,1.0
716368,2023,0.3974705491293467,-1.674602361944707,11.000711675454916,0.0,20.0
716381,2023,0.3866647980893994,-1.3757070652569519,8.18082000391852,1.0,3.0
716371,2023,0.6248260791339176,1.6463684663608975,9.609167875912014,0.0,10.0
716367,2023,0.6485295237247557,1.389444246860494,8.75509717565221,0.0,7.0
716363,2023,0.3876768360849664,-1.4473105213668558,8.761391222123667,0.0,7.0
716362,2023,0.5218798319941427,0.47110800199414016,9.20781122135846,1.0,3.0
716365,2023,0.6392797912646793,2.136909063471491,10.0880333244586,1.0,10.0
716357,2023,0.5074000927983401,-0.6347704191535888,8.906090339254655,0.0,20.0
716361,2023,0.5100399236988019,-0.18595617346339244,8.197909833671384,1.0,7.0
716358,2023,0.46150880114886456,-0.6012005295893602,8.871304407528342,0.0,9.0
716360,2023,0.629082910500355,0.8424591820469631,8.129385618608124,1.0,1.0
716359,2023,0.4185499460777329,-1.6946765051482178,10.339035990541424,1.0,5.0
716355,2023,0.4371677005205561,-0.944186873245291,8.411004622902665,0.0,10.0
716354,2023,0.59614234742429,1.3402946020929405,9.37270731559465,0.0,19.0
716356,2023,0.43197231062352337,-0.8422960377863125,10.282420203848426,0.0,3.0
716352,2023,0.45534276849850497,-0.6195589561368778,9.847822831549022,1.0,7.0
716364,2023,0.5754233973147689,0.3117522144695341,8.787787694280262,1.0,4.0
716353,2023,0.516550274907827,-0.23944738216903955,9.918630621938743,1.0,7.0
716404,2023,0.49480655497068377,-0.732414764254428,8.415497277629754,1.0,1.0
748581,2023,0.5729820118345279,0.2144405307401037,8.017322636169455,0.0,4.0
748585,2023,0.5201576401288156,-0.43411364035878724,7.624883610312322,1.0,4.0
748582,2023,0.618680123271941,0.4812067134512351,7.822530610617509,0.0,9.0
748577,2023,0.5682219237538707,0.00508212591192579,8.03818979036349,1.0,5.0
748580,2023,0.6094216704307467,0.567367822067368,8.402250998880195,0.0,8.0
748583,2023,0.589011600252307,0.7352866219238727,8.146470902020742,1.0,2.0
748578,2023,0.5043174596529927,-0.376774459239392,7.069440571104825,0.0,7.0
748575,2023,0.5911462536588645,0.15926907272464036,8.743714680488882,1.0,8.0
748573,2023,0.5821869093498,0.37841610801995573,8.547074072436839,0.0,5.0
748568,2023,0.5877999616864562,0.055383047542890355,8.012397246771751,1.0,10.0
748562,2023,0.6120914446533884,1.048455033123393,8.508236370012106,0.0,3.0
748555,2023,0.6215284083668285,1.3147516997290805,8.008704910563832,0.0,13.0
748569,2023,0.5366887011793022,-0.2455555071208671,8.725644677469655,0.0,19.0
748565,2023,0.5603656104297918,-0.046411495947266124,7.425945836046789,0.0,8.0
748563,2023,0.5681172396229034,0.4744893765669621,7.8743251440605375,1.0,9.0
748556,2023,0.5850556463130252,1.0121240643043803,7.664311999765642,0.0,6.0
748567,2023,0.5467481512516557,0.09755158608651784,8.028138538772968,0.0,10.0
748572,2023,0.5625877342960628,0.40833094622506794,9.096956806650333,1.0,8.0
748564,2023,0.5822211930813432,0.4522157733786845,8.796438863120517,1.0,12.0
748566,2023,0.5827053557197541,0.7297434648646671,8.805638393755185,0.0,5.0
748557,2023,0.4481897155803393,-1.0745200079839072,9.74844994862126,1.0,6.0
748561,2023,0.5077646829461621,-0.8368238550362755,8.212965598357663,1.0,4.0
748553,2023,0.5918256281924666,-0.0647585026619795,7.830210983127451,0.0,2.0
748548,2023,0.5886719640991216,0.2629021763243444,8.111140775657343,0.0,9.0
748543,2023,0.5498257000134632,-0.2414895034523362,7.3752882171171334,1.0,8.0
748546,2023,0.5660915993471956,0.013518948284638095,8.410608884219709,1.0,10.0
748552,2023,0.5581084968374269,0.23858844675140886,8.373220020537532,0.0,13.0
748545,2023,0.4302962107372656,-0.9501040462297855,9.530095526447116,1.0,3.0
748551,2023,0.5369728599504167,0.5235743451328445,9.892497668944937,0.0,13.0
748550,2023,0.4949516479636482,-0.3660198594715387,8.959874763077178,0.0,9.0
748544,2023,0.4490179504742964,-0.9693221747895184,9.531498450642738,1.0,11.0
748538,2023,0.46857864796867565,-0.7752675125675073,7.90516845905561,0.0,7.0
748549,2023,0.5480212709647675,-0.0859992320653677,8.253937326282525,0.0,11.0
748539,2023,0.5994309693100268,0.5689520189007754,8.680327729718677,0.0,6.0
748547,2023,0.5060786526397056,-0.48564128043581273,8.388308738842007,0.0,15.0
748537,2023,0.5944424501518409,0.3866546689452003,9.062067412407966,0.0,6.0
748542,2023,0.5458571296214639,0.3762619216932063,8.734017262939355,1.0,11.0
748541,2023,0.5689078922872735,0.5730001023686078,9.08856384935335,0.0,10.0
748540,2023,0.4641681130302431,-0.6316131013283195,9.072523011178095,0.0,4.0
748535,2023,0.5210941012593373,-0.24617490286009172,9.279214374869689,0.0,18.0
748534,2023,0.5463387566922108,0.025100044013340598,8.457021651943702,0.0,5.0
745444,2024,0.45244550987710874,-0.52193482892012,8.40474947164283,0.0,7.0
746175,2024,0.5106968329896537,-0.013827982273276473,8.80580618492737,0.0,26.0
747060,2024,0.6253214174859876,0.9501023945090794,8.843185173848216,1.0,14.0
746089,2024,0.5228000358914898,-0.02331872883883374,8.40443452179466,0.0,11.0
746418,2024,0.5320339312880048,0.025414601577770188,8.52072921286726,0.0,9.0
746821,2024,0.4258183822020435,-0.8949588298886375,8.33638618153128,0.0,1.0
746335,2024,0.45603090059484763,-0.8434609829467683,8.837606064234068,0.0,5.0
745116,2024,0.5647858725521554,0.11856468529237235,8.70542074236188,0.0,10.0
746165,2024,0.6206041128462717,1.0874744860731334,8.31627656764095,1.0,8.0
745445,2024,0.5059106133199655,-0.21713350028682069,8.392448183687902,1.0,10.0
746737,2024,0.565355422775543,0.3117948713217492,9.883219213451412,1.0,10.0
745039,2024,0.4982178253016228,-0.3290433031816133,9.078148348299669,1.0,7.0
745687,2024,0.4154245736159984,-1.1978951202827928,9.361533154896707,0.0,8.0
747224,2024,0.6514278563510029,1.3939508613827667,9.025002459052235,1.0,17.0
745283,2024,0.5679977287118174,0.5313287660731312,8.401284556809061,0.0,10.0
745848,2024,0.49144942667019087,-0.3481228898482783,8.436197689006528,0.0,4.0
745604,2024,0.501132116333791,-0.39522492713545726,8.136724063887485,0.0,12.0
745117,2024,0.5146402809141561,0.11403216313135146,8.848831292271596,1.0,10.0
746091,2024,0.5449245765540266,0.8101511460469581,8.849197010880587,0.0,9.0
746412,2024,0.5192237685319054,0.000634367584736556,8.830627068778034,0.0,8.0
745435,2024,0.5755262414634543,0.5021203432480602,8.622192980682948,0.0,11.0
745276,2024,0.556265665944251,0.09302341473830734,8.144605515811081,1.0,1.0
745682,2024,0.418464724395621,-0.8137210664081355,8.95533984231027,0.0,10.0
747223,2024,0.7115517367183738,1.9017700357552414,9.10341678560651,1.0,10.0
746167,2024,0.6210167397498999,1.2534343523734262,8.723409484597184,1.0,9.0
745850,2024,0.4420974313179227,-0.8875354230587521,9.106179207999975,0.0,13.0
746818,2024,0.43632295811744704,-0.6559936815278369,8.81605545302521,0.0,13.0
747063,2024,0.5946340593181009,1.32339410928019,8.906913210440642,1.0,17.0
745599,2024,0.45057088191751954,-0.834294078453285,9.026680061788314,0.0,16.0
745684,2024,0.42017085943770427,-0.8623991253154055,8.648514285344136,0.0,15.0
746736,2024,0.5955884287265004,0.9594988536953083,9.820987992428416,0.0,13.0
745119,2024,0.5325385688192309,-0.12224696856834046,8.738480213117013,1.0,6.0
746333,2024,0.4509359980626107,-0.9981167863922207,8.924359620759558,0.0,6.0
746087,2024,0.44462107654922145,-0.4222389956735355,9.237663740058816,0.0,12.0
745037,2024,0.5071792953413461,0.0010273066788196552,9.188055465400389,1.0,13.0
745436,2024,0.5298504586484554,0.09397822782018092,8.5666563999816,0.0,15.0
746410,2024,0.469704141172144,-0.33968277371670164,8.79197913303347,0.0,8.0
747221,2024,0.6803393627771618,1.4687835945324443,10.467188029076883,0.0,13.0
746168,2024,0.6308577909713835,1.1537763593206973,8.976432856726184,0.0,11.0
745278,2024,0.5601373066508575,0.07044161649411247,8.459744133245033,1.0,7.0
747062,2024,0.6169321037237648,1.106680357813441,9.156160499060098,0.0,5.0
745602,2024,0.45169624246819445,-1.0202199496322093,8.825846284143886,1.0,9.0
745115,2024,0.5190700330381647,-0.3719938237100042,8.391215709550334,0.0,11.0
746739,2024,0.5774152179794118,0.725965233572218,9.840867208480448,1.0,11.0
745845,2024,0.43654246963939547,-1.1089910903321527,9.368712194149088,0.0,5.0
746090,2024,0.4730781489189057,-0.3777105974996161,8.732076527002862,0.0,16.0
746332,2024,0.421783285676507,-1.132646128158114,9.1559956313974,1.0,11.0
746815,2024,0.4453372314171007,-0.7017556761175444,8.858460842104288,0.0,5.0
746413,2024,0.47278199046127517,-0.38124840156732687,9.381408500275194,0.0,7.0
745035,2024,0.594823692152431,0.818334914584344,9.351214045682346,0.0,14.0
745683,2024,0.4106101963604049,-1.0369035034068823,8.682293034015034,1.0,7.0
745438,2024,0.5513746147479458,0.31387259507639365,8.511854287044319,1.0,17.0
745279,2024,0.5518557727846938,0.03721622785184031,8.363518939990746,0.0,6.0
747222,2024,0.6499157866526007,1.0904956563489212,9.228374805484677,1.0,6.0
746166,2024,0.5627054619099648,0.5957266448386485,9.431009234916582,1.0,9.0
746817,2024,0.42128396951150576,-1.2004038454244794,9.974557166254773,0.0,9.0
746899,2024,0.6738835505981295,1.8092707543838755,9.082833288120733,1.0,5.0
744875,2024,0.43446472926742014,-0.5367054230795125,9.31876307080761,0.0,12.0
747058,2024,0.5765975388780717,1.045725871827049,8.99955307188224,1.0,10.0
745600,2024,0.517760000988792,0.02481312943130354,9.024614127820486,0.0,9.0
746085,2024,0.5575382226454753,-0.003710799074112607,8.636552791349125,0.0,11.0
745109,2024,0.5474036476568283,0.26588161870505167,9.02686031300758,0.0,12.0
745842,2024,0.4808040846947983,-0.5136078851492472,8.604631921464774,0.0,5.0
746409,2024,0.4451680976916911,-0.46590217831986364,8.977622090295123,1.0,10.0
745675,2024,0.4421594607036176,-0.7142620092542793,8.478767756537799,0.0,9.0
745277,2024,0.5152426884789398,0.07174371406650358,8.531546571726858,1.0,9.0
745437,2024,0.5272447948602634,0.0008112628011088835,8.897584077070777,0.0,8.0
747218,2024,0.48567190549920297,-0.3111216001976303,10.211390297654978,0.0,7.0
746170,2024,0.56873098654292,0.6964878110390381,9.034404001493684,1.0,11.0
746009,2024,0.547861257261782,0.25393666794387104,8.445807758627934,1.0,5.0
747057,2024,0.6483395312244863,1.676244063184865,9.160716130821594,0.0,5.0
745598,2024,0.4795912360549099,0.10326586967833068,9.172026235239844,1.0,13.0
746086,2024,0.5500468683584634,0.7410305973401854,8.358001535427622,0.0,4.0
745111,2024,0.5515457176220616,0.06246425368579594,8.907562043433627,1.0,7.0
746898,2024,0.7020356941255095,1.7435575126560945,9.184245421047452,1.0,14.0
746814,2024,0.3902383703204705,-1.901063506278956,8.875384374031473,1.0,5.0
746411,2024,0.5201438229796765,-0.09432980381654855,8.589907376341541,0.0,3.0
745680,2024,0.38813714670673705,-1.5287950830719472,9.698466478817915,0.0,9.0
745273,2024,0.537969265394745,0.225009458475441,8.324519110117985,0.0,7.0
745439,2024,0.5641314131381815,0.5655034232861628,8.674775247978197,0.0,7.0
747220,2024,0.5192773223859265,0.04384258168078709,9.041040789276128,1.0,7.0
746169,2024,0.5578915064903077,0.6502469990933527,9.019938301989617,1.0,9.0
747059,2024,0.589653267263128,0.9696208954158578,8.452989926280662,1.0,7.0
746083,2024,0.5105542720762953,0.059101294805552394,8.54360701521113,0.0,12.0
746008,2024,0.5412669259681104,0.13303903302817965,8.540811486367877,0.0,10.0
745114,2024,0.5056936508205822,-0.4132313434328245,8.727378053153558,0.0,5.0
745678,2024,0.3881619858995339,-1.8275463037702235,8.655894995196569,0.0,1.0
747219,2024,0.5692790969559077,0.3471175166203869,8.925168883846132,0.0,11.0
745603,2024,0.5736339132901388,0.5857248429442152,8.613765027221064,0.0,5.0
745275,2024,0.5405359141122289,0.2759042968524499,7.930666199673633,0.0,8.0
745440,2024,0.5693261720976357,0.30068900256275954,8.779144853947065,1.0,5.0
744869,2024,0.4228495807530631,-0.9117091508807502,10.346847433527682,1.0,8.0
746900,2024,0.7051146053506635,1.7404298290126858,9.13610669927116,1.0,17.0
746407,2024,0.48368184740216413,-0.21718543921660793,8.81408993402735,1.0,8.0
746163,2024,0.650265006378022,1.5109229567934748,8.564120199444234,1.0,9.0
745844,2024,0.46133292943225945,-0.5372865265440765,8.592868477315866,0.0,9.0
745843,2024,0.4529658207094402,-0.6728861701396234,8.657917822983093,1.0,3.0
744870,2024,0.4449147629407134,-0.4383344879466056,9.545269110687048,0.0,11.0
745928,2024,0.5371070810739483,-0.10761199866749646,8.200753543394129,0.0,6.0
745200,2024,0.571374189946317,0.31622553252075786,8.847255570036243,1.0,13.0
746327,2024,0.5957209677823935,0.8772738023909347,9.125901383373984,1.0,11.0
745764,2024,0.5582477565449405,0.09975648872665818,8.36183525949866,0.0,3.0
746497,2024,0.6929278246040126,2.377711683179379,8.066757838488913,1.0,9.0
746897,2024,0.45190108058929257,-0.6929306615687952,9.330021225537182,1.0,16.0
746576,2024,0.4290196937873664,-0.5825357849736144,11.802537281029728,1.0,17.0
745524,2024,0.5040400029878992,-0.4600224973583875,8.917751820849785,0.0,7.0
745361,2024,0.49241350486434127,-0.11938978590783288,8.505117149088248,1.0,5.0
746733,2024,0.571660880825738,0.27690405468715523,9.591761541478814,0.0,5.0
744874,2024,0.45025753902715865,-0.33821932184139764,10.150668576368261,0.0,4.0
747143,2024,0.6053480271803983,0.7218155926273581,9.558466523240986,1.0,11.0
746328,2024,0.5749686179016389,0.5142720123581132,9.199243386064316,1.0,3.0
745033,2024,0.5289120797593083,0.3287529573112431,9.112516682839402,1.0,12.0
746007,2024,0.5195254251658704,-0.1539375515455129,7.981724080627186,1.0,11.0
746249,2024,0.45246452805161735,-0.5612170247146812,9.035689701158207,0.0,14.0
746498,2024,0.6456083754023119,1.4407709502602462,8.67255926772642,0.0,4.0
745926,2024,0.5322403349194044,0.3549816109907723,8.720392047688735,0.0,4.0
745197,2024,0.604575668534783,0.5220092718583831,8.253693057532764,1.0,4.0
746896,2024,0.47658507021401353,-0.2610715839404597,9.258090213024698,0.0,5.0
745522,2024,0.4389248792437294,-1.0792907299903958,9.939351690083887,1.0,9.0
744873,2024,0.4486040008670831,-0.4936270815115541,9.030028818180046,0.0,7.0
746731,2024,0.5895494970023633,0.5290367044404197,9.810658723546679,1.0,15.0
745031,2024,0.5841457052156844,0.9867974533764147,9.437725021558547,1.0,9.0
745766,2024,0.48196023286044587,-0.225897421589031,7.9917229656949464,1.0,17.0
746329,2024,0.6205739294568126,1.1411289409406147,9.197761131536062,1.0,3.0
746006,2024,0.5246135261305297,-0.05690781464051438,8.589097985758283,0.0,8.0
747140,2024,0.5951393925643401,0.7011655961219891,9.425142596380415,1.0,17.0
746575,2024,0.47651224305251694,-0.31252665566586735,10.650642782613238,0.0,14.0
745359,2024,0.4953793091499086,-0.2069262414635769,8.419303135917396,0.0,4.0
746248,2024,0.4456661046448655,-0.8115991234711017,9.199764797453406,1.0,3.0
747141,2024,0.6230993886406224,1.1272667549374966,9.70199239694364,1.0,7.0
745765,2024,0.5367793455832407,0.015053492095809308,8.4438319308741,1.0,11.0
744871,2024,0.42859049335264265,-0.5445012857279022,8.869150523106747,1.0,5.0
745523,2024,0.5068928644293149,-0.45392425898965993,10.082418613608597,1.0,5.0
746734,2024,0.5582638633998791,0.1880184980251242,9.267298707635394,0.0,4.0
746493,2024,0.6259271766088694,1.2256196666952326,8.447146200266324,0.0,8.0
746330,2024,0.5542413770331328,0.5720658276215935,9.125355245948839,1.0,8.0
746003,2024,0.5292054379263283,0.0667884015766603,8.638239361855957,1.0,16.0
745198,2024,0.6088033635034954,0.8393835459179495,8.609003782501922,0.0,13.0
746895,2024,0.5410397923446834,0.6300791047980892,9.159670856258247,1.0,9.0
746574,2024,0.46951184219472347,-0.17903904141456883,11.607311293178498,0.0,5.0
745362,2024,0.5558046143074331,0.29538859956242564,8.050757363633519,1.0,5.0
746251,2024,0.44459835887010285,-0.6686736490883769,9.12911552353701,0.0,14.0
745032,2024,0.6092260488326963,1.178787309370437,9.649535199896238,0.0,4.0
746654,2024,0.684558897713678,1.7278817761854581,8.585032672529227,1.0,4.0
745761,2024,0.580124452680331,0.45993556382740314,8.388821797700341,1.0,7.0
746735,2024,0.4467936376793339,-0.6623606274706368,10.328449436335536,1.0,18.0
745520,2024,0.5343393248603617,0.04045157019327438,8.74655473289014,1.0,11.0
744956,2024,0.5141477005334175,0.02477784272569507,8.198822371688186,1.0,7.0
747142,2024,0.6718677018016213,1.7792260388394403,9.487023021786081,0.0,15.0
745925,2024,0.5062342755467296,-0.8004541169211737,8.890821943028662,0.0,6.0
745194,2024,0.5032048267079194,-0.3058126318096895,8.859092333221685,0.0,8.0
745034,2024,0.5925658690822744,0.7192415768132503,9.185179592158264,0.0,15.0
746569,2024,0.4217483960404955,-1.3562271934789747,11.561964014338878,1.0,12.0
746252,2024,0.44520827827612064,-0.45295747769648564,9.0126766312551,1.0,8.0
745432,2024,0.49919547884616966,-0.45872812060608403,8.782620659942534,1.0,17.0
745363,2024,0.576492325359422,0.610865090829809,7.86686938707356,0.0,9.0
745517,2024,0.5026893366682547,-0.2694575095466849,9.782421422990833,0.0,8.0
746981,2024,0.48953998750904654,-0.12398166003719636,9.763197295877866,0.0,8.0
746653,2024,0.715808811144371,1.8791147246441628,8.77625998333969,0.0,12.0
746732,2024,0.4969550258265674,0.03900551214208527,9.749441271367798,0.0,14.0
745762,2024,0.6151340001814857,1.4030710036147156,8.872738771637824,1.0,5.0
744957,2024,0.49150992017370876,-0.08905022210274419,8.393067639928653,1.0,8.0
747138,2024,0.6392531241104135,1.0699785415763918,9.554015814916882,1.0,11.0
746326,2024,0.5390700194046457,0.4050937118722597,8.937952188186637,1.0,7.0
745924,2024,0.4479064421906186,-0.9158603230152106,8.507251035626178,0.0,9.0
745195,2024,0.4986510736494924,-0.5833561000816299,7.743239569079456,1.0,3.0
745030,2024,0.6956025604545404,1.637684363191476,9.406324378682186,0.0,7.0
746571,2024,0.4371390758175736,-0.6471980019607828,11.251956553333985,0.0,5.0
746250,2024,0.474992694656855,-0.506133498087856,9.12329537461148,0.0,10.0
745357,2024,0.4971979199467886,0.09360198472896979,8.797281225700909,0.0,8.0
745433,2024,0.543151664996609,0.2465217754451735,8.882828752958588,0.0,6.0
745923,2024,0.4556926370169893,-1.0522682614224181,8.65570581998749,1.0,5.0
745196,2024,0.46984928010044036,-0.21866758244638126,8.851241740019384,0.0,7.0
744950,2024,0.5119551403546282,-0.07346350700759116,8.346075607289169,0.0,7.0
746573,2024,0.45882891576581586,-0.36001135708766285,12.034661004402542,0.0,8.0
745355,2024,0.5433720465488999,0.8239523768932788,8.447995232569726,1.0,8.0
746247,2024,0.4571228502888912,-0.4581079860269911,9.303058515702356,0.0,6.0
746655,2024,0.6948455090169814,1.8004268955525715,8.302722923446703,1.0,13.0
745429,2024,0.5107635340554362,0.34755921313742993,8.704172341072683,1.0,12.0
746728,2024,0.47346559811078825,-0.12939256799340107,9.783559183904229,0.0,9.0
745763,2024,0.690264459049039,1.803686464281749,8.548842538064667,0.0,7.0
746980,2024,0.540400946165703,0.3409520834381661,10.491676665943558,0.0,12.0
746323,2024,0.5361692454258895,0.36733038076761687,8.953596483696804,1.0,13.0
745024,2024,0.6803623746451458,1.5375288458163177,9.451164893611413,1.0,8.0
747137,2024,0.6378790909980855,1.2206985997334072,9.760957342331329,0.0,20.0
746322,2024,0.5322302885269088,0.20230020412455174,9.13555241001171,1.0,16.0
745029,2024,0.6716969325851568,1.5822943074017772,9.351128922324556,0.0,1.0
745601,2024,0.5009521844260654,-0.21661497098396917,8.741919514303696,1.0,6.0
746977,2024,0.48542782917866417,-0.5540924307806587,9.941760459307499,0.0,13.0
746491,2024,0.5042095273376015,-0.23521390793236197,7.553280923477913,1.0,10.0
745596,2024,0.5628893814479445,0.7656503230517581,9.046042392623004,0.0,7.0
745112,2024,0.54808656462202,0.1550292091136612,8.568134900606337,1.0,3.0
747055,2024,0.5143863319727876,0.0709431082931497,8.679412524114312,0.0,12.0
744954,2024,0.6451543074064182,1.3582083403440164,8.115880775121383,0.0,16.0
746978,2024,0.5543909214548137,0.026413708495954112,9.714816570722242,0.0,7.0
745838,2024,0.4581304611004055,-0.6939782326412527,8.962900107133306,1.0,7.0
746084,2024,0.4007420636174477,-1.4488912299726509,8.77539487654417,0.0,9.0
746812,2024,0.44372703177552913,-0.5977357970071555,9.89345000167731,0.0,12.0
746408,2024,0.4555280300199459,-0.9849678208271184,9.81299479342429,0.0,20.0
747217,2024,0.5071593578475431,0.05971738572324454,8.998904600647274,0.0,15.0
745679,2024,0.49991112323857806,-0.03363400841212088,8.334369656114037,1.0,3.0
745274,2024,0.5079728209042699,-0.2672110178146855,8.544672164259797,1.0,6.0
746162,2024,0.5462408836701277,0.13710404278247446,8.539365437164356,0.0,15.0
746656,2024,0.5080437874780145,-0.221749589356442,9.367949579174194,0.0,5.0
746489,2024,0.482504949121913,-0.384867514687741,8.391298883465431,0.0,16.0
746490,2024,0.49826364449574867,-0.08749920459561922,8.539868243441834,0.0,5.0
745839,2024,0.557569344409275,0.2762215015475586,8.4809526187823,0.0,18.0
746811,2024,0.43910593932580044,-0.6289356237894581,8.81703215263567,0.0,5.0
744953,2024,0.6395558545429502,1.6321055352946714,8.77457390750256,1.0,8.0
746405,2024,0.4485946137798198,-1.0320478026674633,9.197715042512968,1.0,11.0
745594,2024,0.5152004096978751,0.11974066680631652,8.961593635182581,1.0,7.0
747054,2024,0.5075987472498479,0.17157462643224872,9.084110429802076,0.0,16.0
745676,2024,0.5022282557787284,-0.3068630673871286,8.318544394770738,0.0,4.0
746979,2024,0.5452567008956472,0.11618047854620883,9.872886485954552,1.0,9.0
745110,2024,0.5432533778043132,0.05817927222582608,8.241314523446759,0.0,13.0
746082,2024,0.3847199986533717,-1.6414922466555704,8.638782474743982,1.0,6.0
746658,2024,0.5090555424637379,-0.2141625648345674,8.505181477566182,0.0,10.0
747215,2024,0.48980945770856854,0.02137424274836134,10.105964281334035,1.0,6.0
746161,2024,0.5317498691526047,0.3216776443532164,9.082595887615343,1.0,7.0
745272,2024,0.47756590035391816,-0.6924874359752137,8.670558813307156,0.0,5.0
747056,2024,0.5415847481352001,0.3734008415711789,8.804131094023548,1.0,10.0
745595,2024,0.5517080570244134,0.19493336079590182,8.244014727282575,0.0,11.0
746975,2024,0.5698297464656236,0.5524873910836487,10.588551016669147,1.0,9.0
744952,2024,0.6676383328324288,1.6819860009149212,8.50440640891297,1.0,5.0
745841,2024,0.4691012461100913,-0.6890823216649828,8.391161987297984,1.0,3.0
745113,2024,0.5476824288492775,0.10435363300919426,8.09807033791756,1.0,13.0
746492,2024,0.4893012946896622,-0.23195345773197423,8.519442912192462,1.0,7.0
746079,2024,0.4415344730077955,-1.0106990791185395,8.641387265353828,0.0,16.0
746648,2024,0.49950172900372664,-0.21739390156207147,8.705153509636013,1.0,15.0
746404,2024,0.440226755581091,-0.7922911618472149,9.032902623279961,1.0,13.0
746810,2024,0.42404021256385993,-0.7787361850843343,10.475814846067593,0.0,15.0
745681,2024,0.4856356362357208,-0.5236297070139742,9.178361709557832,1.0,13.0
745271,2024,0.522711965966701,-0.4088772900017198,8.508700239118376,0.0,5.0
747216,2024,0.5749648337898539,0.7817661626169516,8.931825353789254,1.0,5.0
746164,2024,0.5230712378467,-0.05434096187011923,8.852858014644774,0.0,9.0
746974,2024,0.5417945489997941,0.84827605044457,10.444433831988352,0.0,6.0
747053,2024,0.5579461268736172,0.3624045455221485,8.993340372679981,1.0,11.0
746488,2024,0.5304161358915119,0.11977942401084432,8.51891893222381,0.0,1.0
745597,2024,0.6722559500985922,1.7652127117616876,9.326856469724525,1.0,3.0
746080,2024,0.4743400860652496,-0.5888875530599429,8.602501514830083,0.0,7.0
745106,2024,0.6207934312717136,1.1492128328405558,8.574213675049265,0.0,10.0
744951,2024,0.4474782687281834,-0.7841780178622315,8.635397929378426,1.0,4.0
745840,2024,0.4928053079287274,0.09590079424285512,9.003050218912419,1.0,9.0
746813,2024,0.42458607402580933,-1.3708321287256342,8.990791701639099,0.0,2.0
746002,2024,0.546739850915746,0.46681714165540455,8.735539267627363,0.0,10.0
746406,2024,0.4532746834687953,-1.1266792722067611,9.296549371538019,0.0,7.0
747213,2024,0.5365019192251019,0.11224801210141445,8.795521390305053,0.0,5.0
745677,2024,0.45616071614137615,-0.8100702942048499,8.592037165151956,0.0,4.0
745268,2024,0.5255447463264055,-0.20605747600038854,8.267641055151664,1.0,12.0
746158,2024,0.6503412734162454,1.3712575608722672,8.231053780504192,0.0,10.0
746486,2024,0.5225913354239103,-0.24538042153516698,8.791843820612446,1.0,6.0
747051,2024,0.5940176058351435,0.6849121772293294,8.832646442215031,1.0,14.0
746081,2024,0.4416020491718179,-0.8849392946267575,9.150158382409057,1.0,9.0
745593,2024,0.6607575265722038,1.6515743187026064,8.704327777236681,1.0,5.0
745108,2024,0.577215041051748,0.7380928697827049,8.528221706515989,1.0,13.0
744944,2024,0.4831569649728285,-0.33417870836562136,8.496367763950335,1.0,9.0
746976,2024,0.44632505643261566,-0.8848944254722378,9.947036687213922,0.0,17.0
745837,2024,0.49905418544541,-0.3683916290960634,8.61313884281164,1.0,4.0
746004,2024,0.5127350694610113,-0.36282683871372645,9.277505860067329,0.0,9.0
746400,2024,0.42535396473475523,-1.1547562582469366,9.216058576614683,0.0,8.0
747214,2024,0.4761933489826269,-0.31036784847302157,9.729861983983145,1.0,23.0
745270,2024,0.5143832968552188,-0.46263972885981486,8.078222025193016,1.0,4.0
745674,2024,0.46000934033059104,-0.8186817700278862,8.703050510412924,0.0,5.0
746157,2024,0.6271713733006441,1.3540552480912402,8.94728434901013,1.0,8.0
746076,2024,0.49810617641141675,-0.15600305738826606,8.346878257377288,0.0,4.0
747049,2024,0.5334595956871493,0.32467590591619244,8.384378744757623,1.0,6.0
746487,2024,0.5757107704439882,0.4598492328508992,7.821796023350015,0.0,9.0
746005,2024,0.49001266401514115,-0.3737131844103833,8.76810054964328,1.0,1.0
745836,2024,0.49247475424239456,-0.24961829725581314,9.037671715995561,1.0,10.0
746401,2024,0.40441007446556543,-1.3937144549956801,9.745907791733663,0.0,9.0
746807,2024,0.4254840167814198,-1.4446761529372867,9.067511565607386,0.0,6.0
746809,2024,0.40807081314793026,-1.5853428828038638,8.991643828248648,1.0,3.0
744948,2024,0.510657258962728,-0.23799496736541406,8.302174946947405,0.0,10.0
746159,2024,0.6281086678649342,1.3257379316553206,8.807957610764785,0.0,2.0
745671,2024,0.4464043133268379,-0.9324626242703914,8.325899872378288,1.0,9.0
747212,2024,0.49258299871813405,0.07507505847086718,9.235063080051455,0.0,8.0
745267,2024,0.5235831734438281,-0.044467815601220505,8.3350592301961,1.0,6.0
745591,2024,0.6675959262796297,1.6504894158132624,8.929772639735718,1.0,13.0
745105,2024,0.5737701518714655,0.4770575832978622,8.366729848977577,0.0,9.0
746973,2024,0.48197929021275926,-0.2676358463122959,10.830394306000251,1.0,2.0
745104,2024,0.5509874802683264,0.18731502199456465,8.842601264919946,1.0,3.0
746485,2024,0.5251709569540648,-0.1478604836973697,8.76259020662888,0.0,16.0
746970,2024,0.527012953289823,0.40862474316306274,10.456535930236658,0.0,9.0
745356,2024,0.5455978026533493,0.40996701798768403,7.843472771632739,1.0,5.0
746892,2024,0.6212968747498795,1.503860751365425,9.004949421420637,1.0,11.0
746729,2024,0.5420418148061268,0.6092193856415623,9.830476995065158,1.0,8.0
745518,2024,0.45643017058162966,-0.5870789614158045,9.571503020383044,0.0,9.0
745592,2024,0.6067675567165578,0.9520676535430583,8.43121474063748,1.0,7.0
744872,2024,0.49065262559931555,-0.14503375302463745,8.986312269943898,0.0,8.0
745758,2024,0.5564454992578957,0.2992718085342448,8.661766252288713,1.0,8.0
746650,2024,0.5924445510216936,0.5905649698347097,8.756868013221057,1.0,12.0
747136,2024,0.6042623997876597,0.650861681140229,9.719490777736839,1.0,11.0
746325,2024,0.451217615754851,-0.5361375998083315,9.572541528723987,1.0,13.0
745922,2024,0.5000684352100072,0.04281190864707523,8.419148300453536,0.0,9.0
745189,2024,0.42138617396562483,-1.2652886089791366,8.880360102873597,0.0,3.0
745430,2024,0.5328737236206555,0.16493022699255458,8.757025517383143,0.0,6.0
746160,2024,0.530750250870315,-0.024292003267932488,8.59919453893396,0.0,13.0
745352,2024,0.5133331337565753,-0.25153826355322084,7.722999582999891,0.0,18.0
745760,2024,0.513332349358543,0.00658376786046653,8.584608628879328,0.0,2.0
745921,2024,0.46606916090359557,-0.28666914889840117,8.723632622144605,1.0,7.0
745190,2024,0.45549256527504395,-0.6495547159043792,8.89053628245771,0.0,17.0
746893,2024,0.622512487255493,1.3213166996384098,8.947185924971025,0.0,5.0
744865,2024,0.4792204370329564,-0.5115729085201324,9.831084763982048,1.0,9.0
746156,2024,0.47840107927732617,-0.2489055457173203,8.87313007946503,0.0,10.0
745515,2024,0.5123834491736405,-0.012368133671612718,8.541339572252829,0.0,6.0
745354,2024,0.43823349093536185,-0.8813420120155819,8.750718622961612,1.0,10.0
745590,2024,0.7035133876166633,2.4484213340316576,8.662764344951192,1.0,14.0
746651,2024,0.6881435080904672,1.3604273143286556,8.560776772849808,1.0,9.0
746726,2024,0.5416244017171912,0.19129099134990837,9.78516059880511,1.0,12.0
746324,2024,0.5057679236375783,-0.21515921097907348,8.733835605403632,0.0,16.0
747135,2024,0.5847596386730277,0.4199666935371795,9.38630202679072,1.0,7.0
746891,2024,0.6609533430434068,1.5547168214546983,8.914917447855963,1.0,8.0
746570,2024,0.42526529645287225,-0.9186285760654451,11.19938377839841,0.0,7.0
745431,2024,0.48372329087849,-0.3603634793953669,8.627507613712215,0.0,7.0
745759,2024,0.5127098552903704,-0.1892366648860085,8.168175533839525,1.0,9.0
745588,2024,0.6722793238030466,2.151103983884761,9.25846827793574,1.0,10.0
744866,2024,0.5355879801703174,0.0944429446122186,8.985054741362557,1.0,6.0
745514,2024,0.46005227323581294,-0.5598300838332544,9.348929464944035,0.0,7.0
746727,2024,0.5698753590309732,0.41704943929643945,9.46222930609488,1.0,3.0
746652,2024,0.7074916313507897,1.874313702019003,8.49084389404116,1.0,8.0
746316,2024,0.5287889500873221,0.17925265440548457,9.055784189496222,0.0,5.0
745920,2024,0.45902262551086537,-0.2000863180351309,8.900616615231796,0.0,7.0
745192,2024,0.48511035313190404,-0.38338397275738134,8.057011422335776,0.0,2.0
746894,2024,0.5795464445392189,0.6407930113013899,9.047602115735755,0.0,9.0
746568,2024,0.4097108196099299,-0.8881505080572345,11.246714399269205,1.0,3.0
745353,2024,0.5181620462797948,-0.17486705158700638,8.442594088638025,0.0,8.0
746154,2024,0.5632874852864965,0.5778705927177759,8.277522219706219,1.0,10.0
745434,2024,0.5405690003955835,0.08862872877624761,8.650122958249165,1.0,9.0
747133,2024,0.6162859669690605,0.9261390001272691,9.82683604151891,0.0,10.0
746572,2024,0.4276492527608729,-0.6661478818434513,10.991493363167505,0.0,12.0
745757,2024,0.6691328501322983,1.9605396774688884,8.745181730325434,0.0,2.0
746723,2024,0.501631069000361,-0.4369740181487542,9.502513972478312,0.0,7.0
745519,2024,0.45643184511925483,-0.9112041246270418,9.093177282311602,1.0,6.0
745107,2024,0.5019168756787789,-0.34689236216107255,8.023906218722338,0.0,8.0
747134,2024,0.6579255439912484,1.4064133898748914,10.488325769898788,1.0,3.0
746319,2024,0.5065513794965496,-0.07418272795780015,8.917129271595172,0.0,8.0
745916,2024,0.5824456970358735,0.5834959388505285,8.881431541861987,1.0,7.0
745191,2024,0.4581649604801255,-0.7329199248682078,8.994202932374064,1.0,8.0
746565,2024,0.42351467966961176,-1.2171747933980108,11.33177699277583,0.0,4.0
746242,2024,0.46488473715278567,-0.8097952470453923,9.219827371036306,0.0,6.0
745351,2024,0.45540580727563035,-0.642526539458152,8.702191186971291,1.0,7.0
746647,2024,0.5311466137069815,-0.061484838033741225,8.720602436397016,1.0,5.0
746722,2024,0.47702778033229315,-0.39306436636153125,9.451039341024428,1.0,9.0
745516,2024,0.43064373660923055,-1.020704363430261,9.740020080983076,1.0,3.0
744863,2024,0.46378696164664335,-0.7577912299439372,9.883334425767943,0.0,5.0
745102,2024,0.5284203235763864,0.19126379027136553,8.52562023746198,0.0,6.0
745754,2024,0.6510001031182507,1.0374750520891487,8.171768840841981,1.0,7.0
747130,2024,0.6561340096096029,1.472066560608184,9.561304777705562,1.0,5.0
746888,2024,0.6028306545154487,0.9655799169318083,8.936118845269071,1.0,9.0
746321,2024,0.505964111866509,-0.11977212041661929,8.620820119238035,1.0,5.0
745917,2024,0.66323774991272,2.1008092187619343,8.223776327730077,1.0,11.0
745193,2024,0.5115862364985846,0.2581688161133763,8.471335648596826,0.0,15.0
745026,2024,0.4698209773050821,-0.4282440051295559,9.137061451163989,0.0,4.0
746566,2024,0.398550862277256,-1.5787829493349173,10.195341999646468,1.0,11.0
746246,2024,0.4128184586530614,-1.2768704969928864,9.245510856516171,1.0,11.0
745348,2024,0.5321821696421675,0.08440020945982532,7.688635051566503,1.0,6.0
745188,2024,0.4491560051487089,-0.8196978394364055,9.193418175488775,1.0,6.0
745346,2024,0.5173295812679296,-0.23339836711851464,8.459554531297664,0.0,10.0
746244,2024,0.43467812899666264,-1.258492296499625,10.55696203922567,0.0,11.0
746649,2024,0.5612816171514838,0.08966684650121863,9.187249786831593,0.0,8.0
746725,2024,0.5517706158498557,0.11415496191211373,9.815691406703335,1.0,11.0
745513,2024,0.43152582106380416,-0.8345916474361716,9.436931098223306,0.0,5.0
744864,2024,0.4319649425382859,-1.1512726881882285,9.216451071485164,0.0,13.0
745099,2024,0.5338914305595542,0.27116344754915855,8.05151719201836,1.0,12.0
745753,2024,0.6422843530315994,1.0476961217938923,8.376502059900002,1.0,10.0
747132,2024,0.6900002600253292,1.9522668539411234,9.553482788765152,1.0,7.0
746889,2024,0.5750269221463635,0.7082089749549809,9.016702102997876,1.0,7.0
746317,2024,0.493412903226218,-0.13835374827187677,8.988081134858936,1.0,5.0
745919,2024,0.6570218324346133,1.4774844134455092,8.372989713819491,1.0,9.0
745028,2024,0.4950452651014061,-0.08462599326954265,9.351473455737626,1.0,6.0
746567,2024,0.4259740817423178,-0.8031506169432826,11.825522671231102,0.0,7.0
745512,2024,0.43692622407735,-1.0246793368516076,8.365364818350034,0.0,12.0
746724,2024,0.5119345865879142,-0.1516451173250017,9.096697272046839,0.0,5.0
746646,2024,0.5728524892927437,0.17419612991478275,9.120814503759128,1.0,10.0
745918,2024,0.671776224090519,1.9729167219957386,8.441222743359916,1.0,9.0
746320,2024,0.5421983081528782,0.14083600403230165,8.972159202181471,1.0,3.0
746887,2024,0.5844699165745386,0.9810496740872862,9.036569884523258,1.0,4.0
745027,2024,0.4575677745507631,-0.5729225677092059,8.74865291411201,0.0,7.0
746564,2024,0.4192928788623457,-1.286703814600742,11.822749156921663,1.0,19.0
744867,2024,0.4274704284968912,-1.0372534060673226,9.019871915414319,0.0,3.0
745755,2024,0.6929780109375794,1.8092603289587061,8.381240702838822,0.0,4.0
746482,2024,0.5188807263844337,-0.2320061045133113,8.13542723840805,0.0,8.0
747050,2024,0.6940888874201134,2.2251211040235153,9.058747027071615,0.0,5.0
744949,2024,0.47812076801919906,-0.21082024527860888,8.733575193603395,0.0,14.0
746972,2024,0.528639306081936,-0.2686069430236546,9.669150597108013,0.0,8.0
745835,2024,0.5809954187361825,0.3943352012478459,8.162976081178396,0.0,6.0
746078,2024,0.4960453577556435,0.2580614540002331,8.592519214278639,0.0,4.0
747129,2024,0.5791425166593638,0.48115884306810486,9.679501625959794,1.0,8.0
746808,2024,0.4482899589918328,-0.8346872985995551,9.922710280008696,1.0,13.0
745025,2024,0.5627321185967924,0.7673282074941912,9.285950137418421,1.0,3.0
746000,2024,0.5225758588299031,-0.20284762492609157,8.390558836023963,1.0,13.0
746243,2024,0.47229823503048235,-0.4230739013997541,9.0686175903405,0.0,8.0
745269,2024,0.4812689141289158,-0.6362372266824289,8.551076744015553,1.0,7.0
745424,2024,0.5256589201242012,-0.0778857047656532,8.900428153782114,0.0,12.0
745347,2024,0.5261863249063596,0.6891623613597918,8.889533650385767,1.0,3.0
744946,2024,0.42766916453420173,-1.1037721741746183,8.227922440909062,0.0,6.0
747052,2024,0.6536450019193542,1.5407493458672716,9.318112403224355,1.0,7.0
745833,2024,0.4955764224367718,-0.43772969304330983,8.493718508973478,0.0,11.0
745020,2024,0.495832714471238,-0.48008530798615956,9.348446552421107,0.0,12.0
746971,2024,0.49011255303652407,-0.7001931639942447,9.74002673019624,1.0,17.0
746075,2024,0.4586483770607006,-0.6605398692969185,8.286748991395827,0.0,15.0
746560,2024,0.471935654780929,-0.22987915169486095,10.339336718730106,0.0,16.0
746484,2024,0.5307156277126505,-0.17088030503672777,8.339170161212335,1.0,11.0
746803,2024,0.4654883766885862,-0.4056027767451226,8.745723290171272,1.0,15.0
745998,2024,0.5835656952767703,0.521096021615273,8.631990407501249,0.0,18.0
747131,2024,0.5700374404672377,0.46662862799931193,9.371374077290785,0.0,6.0
745425,2024,0.5312786344462239,-0.13964545555880653,8.700950311152253,0.0,6.0
745350,2024,0.5390157875193091,0.6983457569316367,8.431040523040137,0.0,7.0
746245,2024,0.4437895630877013,-0.7072619847771959,9.154365383818346,0.0,21.0
745266,2024,0.5884250687545216,0.5333097166932239,8.123403034085825,1.0,4.0
747045,2024,0.6479763724619594,1.2952933930835604,9.179575122935491,0.0,13.0
747125,2024,0.5738130334400096,0.15135682021502944,10.567480249226303,1.0,7.0
744947,2024,0.47171019386907465,-0.5438870601626973,8.607779701967681,1.0,4.0
746483,2024,0.568399761546435,0.2640011055893178,7.452832144435696,1.0,5.0
745834,2024,0.5671321323330731,0.20447550909522508,8.732955247425421,1.0,6.0
746077,2024,0.4599580028830964,-0.7383840959816884,9.214459991827821,0.0,21.0
746805,2024,0.4573528258375599,-0.47483172472197743,8.959437014819487,1.0,6.0
746001,2024,0.5095478781212981,-0.09573443611749397,8.606148415572239,0.0,20.0
745022,2024,0.48514571993608485,-0.4236917081064343,9.212716761851702,1.0,7.0
745349,2024,0.48501001257903176,-0.5061182336066472,8.181321843778882,1.0,5.0
746561,2024,0.4570784463428791,-0.2717950995950852,10.314332037924432,0.0,10.0
746237,2024,0.4230243739378785,-1.050089448383917,8.827197595022424,0.0,16.0
745265,2024,0.5943948274133071,0.4675671029628634,8.006974321673761,0.0,5.0
745428,2024,0.545303380219758,-0.00064435396546208,8.630938856303663,0.0,14.0
746967,2024,0.5713200965267368,0.29194050614152645,10.21101741635835,1.0,9.0
747046,2024,0.5332727533074555,0.1569845349529628,9.149495064246667,1.0,2.0
746074,2024,0.48379179560621055,-0.10226586311990989,8.48781510331617,0.0,9.0
744945,2024,0.5044654812819171,-0.1343138392492631,8.503746519830985,1.0,11.0
745832,2024,0.4913608107236647,-0.1555130657925186,9.0481801666882,0.0,4.0
746804,2024,0.38289237339664695,-1.550853024230261,8.866427268305952,0.0,5.0
745999,2024,0.5106794028246283,-0.00034600043773127723,8.757512468755404,0.0,1.0
746236,2024,0.4171386911674084,-1.0404122336944628,9.294578254221681,1.0,11.0
747211,2024,0.4505106445599069,-0.7163736734692808,9.656473665188376,0.0,12.0
745427,2024,0.46432892670873327,-0.7010312608160869,8.756605531814213,0.0,7.0
745263,2024,0.4788150715379315,-1.0946173995975368,8.850031210164751,1.0,3.0
745672,2024,0.48267792346978894,-0.4895023198940753,8.705962967998255,1.0,6.0
746477,2024,0.5492944940614326,0.22571918855260484,8.48432179728408,0.0,3.0
746481,2024,0.5129654406376285,-0.12194276014539727,8.510395513314817,1.0,17.0
747047,2024,0.4783029539862715,-0.10427410347412659,9.190293136622053,1.0,6.0
746073,2024,0.5508526761841925,0.3398306150432099,8.666837141304732,1.0,13.0
744942,2024,0.5020636692708692,-0.32244524003643266,7.835072933935603,0.0,5.0
745831,2024,0.5198099754661043,-0.23637040812759497,8.354366783134367,1.0,6.0
746968,2024,0.525327745241226,0.21566393528873257,9.831538823897489,1.0,4.0
746806,2024,0.38290108252760036,-1.7304767129979959,10.149163137329282,0.0,11.0
745997,2024,0.5868816683731333,0.39289281705055873,8.243605249652715,1.0,10.0
745018,2024,0.5527262300105931,0.10864659143709826,9.117783272518622,1.0,8.0
746398,2024,0.48445586969274146,-0.2969305097946048,9.31274455021253,1.0,19.0
746239,2024,0.42714068081100615,-1.0836756857661047,10.556911213007352,0.0,12.0
745426,2024,0.49136245393610467,-0.16022269500136185,8.677226917066628,1.0,10.0
745260,2024,0.5127412054856353,-0.8652764676033662,8.571312726553858,1.0,5.0
747210,2024,0.446029966027518,-1.004661539329242,9.477383469086627,1.0,7.0
745673,2024,0.44573845125278455,-1.065024770713874,8.9957422315997,1.0,7.0
746478,2024,0.549026422676009,0.20840371272637426,8.785105254470729,1.0,5.0
745996,2024,0.5043737169947909,-0.10357239402182271,8.908365527311613,1.0,8.0
746800,2024,0.3969912923954228,-1.5447823618150454,10.120952458896452,0.0,15.0
744939,2024,0.47228431020444306,-0.5734462983102374,8.378193757423759,0.0,7.0
745670,2024,0.4989643938555175,-0.43794444446565955,8.941683709441639,1.0,4.0
745261,2024,0.4755577042349819,-0.8731553768089875,8.590843865963269,0.0,7.0
746238,2024,0.4284637473841015,-0.9631327240344428,8.97041111242645,0.0,3.0
745423,2024,0.5060655824990734,0.09331523032110328,9.009362039876626,1.0,8.0
747048,2024,0.5560474409764325,0.1692292185951861,8.5995218274219,0.0,2.0
746072,2024,0.571579796940496,0.8221239851729019,8.743911217173348,1.0,5.0
745829,2024,0.4926818409947884,-0.6276223296887717,8.349953801941345,0.0,1.0
746966,2024,0.6106242233897802,0.6151415965062028,9.373691668578545,1.0,8.0
745023,2024,0.5728592339083314,0.6494416594664052,9.249519565675065,0.0,1.0
746399,2024,0.5060447251941835,-0.04266168634757161,8.819857724105423,0.0,5.0
747207,2024,0.47684170846151064,-0.9104248669393374,9.121025110918614,0.0,8.0
746070,2024,0.5912313500222868,0.6423537024793049,8.456120736081138,1.0,9.0
747044,2024,0.5641645444528955,0.4685392437399552,8.8159092534631,1.0,9.0
745830,2024,0.502089464926567,-0.298635433213919,8.747749133547261,1.0,13.0
746969,2024,0.6055452226401389,0.7128379230221875,9.616086165147747,0.0,4.0
745021,2024,0.5531937445270151,0.14395836325132333,8.878438642024435,1.0,6.0
746403,2024,0.4450374316078202,-0.9580435508081705,9.269508422521676,1.0,10.0
746890,2024,0.47956968386098986,-0.15327969492380572,9.15006446027558,0.0,4.0
746721,2024,0.47262044951878657,-0.6745562284596746,9.860585891583758,0.0,3.0
745510,2024,0.6279583337377349,1.061305600751066,9.549781317624724,0.0,5.0
745589,2024,0.59945099844264,0.9043850865317067,8.785778143012527,1.0,7.0
744868,2024,0.4670107848543821,-0.5401618283453208,9.474273154120532,1.0,12.0
745101,2024,0.4877712025744978,-0.19702107743894093,8.521980718950307,1.0,18.0
745756,2024,0.5615945877769998,-0.036456079438315026,8.347564157550206,1.0,3.0
746645,2024,0.6942255276199235,1.6625323537624492,8.123862268712166,0.0,6.0
746318,2024,0.5266403527450921,0.501712289245018,9.172735959538713,1.0,8.0
746402,2024,0.4493123508630337,-0.690255797803769,8.662680182473444,1.0,8.0
745914,2024,0.49888469510857447,-0.2629126740357895,8.885598237965667,1.0,7.0
745187,2024,0.6702847825019611,1.8361081775335273,7.788538219684934,1.0,3.0
747208,2024,0.5069480268218302,-0.21514939647252443,8.676654223432488,0.0,8.0
745665,2024,0.5582072282504835,0.25918398933802594,8.62865955880978,1.0,4.0
746152,2024,0.47581026220949957,-0.6486947331941777,9.510231297628282,1.0,7.0
745750,2024,0.5458017046861009,0.07067695502561788,8.492637306275,1.0,8.0
745911,2024,0.5811165978799525,0.21093997286375607,8.518503064112611,1.0,4.0
745183,2024,0.569302797805554,1.0467542221404438,8.70955807752224,0.0,11.0
746884,2024,0.4782653503866197,-0.026600061524424595,9.172254038641176,1.0,11.0
745511,2024,0.6565233227230479,1.7668757724819644,8.873897074135314,1.0,1.0
744862,2024,0.4730200979538126,-0.8385618642426179,8.561123137500607,0.0,9.0
745666,2024,0.5664321381896401,0.40143640217297566,8.161113430639938,1.0,24.0
745583,2024,0.6381248724043633,1.2430912258493096,8.703150759754596,1.0,17.0
746644,2024,0.5953930932072768,1.0021624110617073,8.513769978499043,1.0,8.0
746720,2024,0.4550282299309171,-0.8802243508447192,9.866069303712786,0.0,3.0
746311,2024,0.5464939965034988,0.414526755548602,9.083805453428992,0.0,19.0
745100,2024,0.521872915631253,0.13327536530785192,8.426388736491392,1.0,4.0
746394,2024,0.47621737396907315,-0.2254002182299255,8.407133786837202,0.0,5.0
747209,2024,0.5048080898889652,-0.000264288011348878,8.960981340673998,0.0,14.0
746155,2024,0.5669925486678408,0.6115812819148837,8.109087596464455,1.0,13.0
745751,2024,0.5055381350154008,-0.2516788964861554,8.008236025373913,1.0,7.0
745504,2024,0.576594850153587,0.5769245166932877,8.841958214224006,1.0,8.0
744861,2024,0.5474225280293886,0.646231494493673,9.110631658566447,1.0,19.0
746643,2024,0.6014774281091294,1.060351508918993,9.403831717897566,1.0,5.0
745103,2024,0.5300214174815949,0.2760437763665485,8.317451318170235,1.0,13.0
746395,2024,0.449766485999236,-0.7322503849282185,9.104889632941717,0.0,9.0
746314,2024,0.47663817517486556,-0.575923587375029,9.67495575723266,0.0,5.0
745913,2024,0.576020686815568,0.4109048133032463,8.667447122567737,0.0,11.0
745185,2024,0.603939699665624,0.7100297057836048,8.895978125027865,0.0,6.0
746883,2024,0.4866794497958951,-0.14404955745813122,8.389603477398275,1.0,5.0
745667,2024,0.6111621265744754,0.7002205263198209,8.589033769153643,0.0,15.0
746153,2024,0.4879655667281083,-0.45545337738060127,9.28493916809894,1.0,6.0
746719,2024,0.4690142397291086,-0.6695431349072323,9.883290425672074,0.0,12.0
747206,2024,0.46139386830934354,-0.3624693786319885,10.023887559331436,1.0,15.0
745587,2024,0.5692089739771198,0.9912255546401788,9.147490555646478,1.0,9.0
745585,2024,0.6819370904089074,2.0279632658713087,8.479155685569584,1.0,7.0
746639,2024,0.5402205545864783,-0.27543606307776025,8.367021319146632,1.0,3.0
745509,2024,0.6073582550423375,0.878888372635188,8.521284598608013,1.0,5.0
745098,2024,0.6208752647266536,1.5967777458544268,8.780812416411264,1.0,10.0
746313,2024,0.5339482089299029,0.25059649758269253,9.009464137884358,1.0,5.0
746886,2024,0.5597116337688994,0.3525606883869332,8.663843223215418,0.0,9.0
745912,2024,0.49061557472246625,-0.28717469153394165,8.363814399781196,1.0,4.0
745182,2024,0.46614857338004917,-0.4314029910931228,8.622160156774823,0.0,7.0
745669,2024,0.4470945775134431,-1.3299053144076183,9.417756310061703,0.0,6.0
746149,2024,0.6683874523746927,1.5658479444180176,9.05357615987464,1.0,9.0
745668,2024,0.46453209052853056,-0.6042682419771608,9.381166460319571,0.0,23.0
746638,2024,0.55507292336086,0.39677419560668736,8.546230455225091,0.0,18.0
746718,2024,0.4803757687075096,-0.6014394650772058,9.270266932677377,0.0,8.0
745508,2024,0.5504153318931199,0.3946017461512275,9.468768773148074,0.0,9.0
745586,2024,0.6155093199680411,0.9978171982004855,8.924761284708014,1.0,11.0
744859,2024,0.40663583324743036,-1.4633511077875483,9.767684845220902,1.0,3.0
745095,2024,0.6820579512910513,2.369313026272847,8.462662880701751,1.0,6.0
745752,2024,0.5815132236454146,0.7408608140415902,8.257964857598,1.0,13.0
747126,2024,0.5252953714541841,0.1333278437207428,8.916479037465528,1.0,6.0
746885,2024,0.5837783369523852,0.6965504428367117,8.654473054345027,1.0,5.0
745915,2024,0.551155595515386,0.39872971373916977,8.841818210862039,0.0,16.0
746315,2024,0.5406491763785771,0.6942032461359218,8.777828734016095,0.0,11.0
745186,2024,0.45193027651160755,-0.7992117266147164,8.801610133188548,0.0,12.0
746559,2024,0.4892354506946163,-0.11745415420739656,11.23347944796401,0.0,5.0
746147,2024,0.6718986021131063,1.5387118150097563,8.812467943851457,1.0,10.0
745507,2024,0.548106534969917,0.0933187269750416,9.19124286914369,0.0,9.0
745584,2024,0.6540293946443181,1.6747193834945515,8.80886232281802,0.0,8.0
746640,2024,0.5634755386786438,0.07198939039696386,8.238981139329477,1.0,9.0
746312,2024,0.5041007828721393,0.11046549415040383,9.152434646885848,1.0,10.0
746879,2024,0.48282606713304654,-0.37007894799040586,8.524155706714824,0.0,3.0
746151,2024,0.6738450314536033,1.509812578149011,9.93927430169339,1.0,4.0
745664,2024,0.4536332168653218,-0.8560242058919398,9.188913811012705,1.0,13.0
745659,2024,0.4819345772664361,-0.738324510113992,8.94732423195835,0.0,23.0
746717,2024,0.4935364111905867,-0.12988256678710353,10.037221983127745,0.0,7.0
744858,2024,0.4339678915328357,-1.2888830428016957,8.932903397291389,0.0,13.0
745097,2024,0.6853082802448983,2.2040964863826304,8.632917817004685,0.0,5.0
745749,2024,0.5726231956953608,0.7508684517747721,8.855570958497367,1.0,13.0
747127,2024,0.5601163548139809,0.21761334824309764,9.063189355000318,1.0,5.0
745906,2024,0.4733576089044819,-0.26734127125392004,8.64978108177201,1.0,9.0
746562,2024,0.48315351718895583,-0.19525956324903157,10.883127837395575,0.0,14.0
746715,2024,0.5291173237793008,0.2305761458620673,9.579621766901084,0.0,9.0
745910,2024,0.5119834218780582,-0.09075181054121172,8.221320737123781,1.0,12.0
746563,2024,0.4659697933387562,-0.2803028450497985,11.573003046582564,1.0,10.0
745748,2024,0.6329940080379476,1.3038246569294463,8.559410572632455,0.0,7.0
746802,2024,0.37059037244543996,-2.1222185915452187,9.19402823826223,1.0,5.0
745995,2024,0.5297786678296552,0.21990687416009194,8.643058593734413,1.0,8.0
746241,2024,0.4789963155399951,-0.4249011784704168,9.27817428543684,0.0,14.0
746479,2024,0.5486332401654631,0.19688012201854385,8.21105803070017,0.0,7.0
745506,2024,0.4830989591394975,-0.5823094721784706,8.507093551007976,0.0,9.0
745094,2024,0.43433449740067553,-0.7255991779657991,9.042454643053384,0.0,2.0
747043,2024,0.6079045603540316,0.9424345198773048,9.005435257603866,1.0,6.0
744940,2024,0.44898361105636825,-0.9981168744821541,8.402952458947436,0.0,5.0
746964,2024,0.6161466133770681,0.9169076630169505,10.379386655184014,0.0,6.0
745827,2024,0.4670828733833482,-0.8606042244101674,8.691688988347211,0.0,6.0
746071,2024,0.3763019695466764,-1.8012361086179194,9.00255541114258,0.0,10.0
746801,2024,0.4091158785535473,-1.334038324058227,9.029524448003551,1.0,9.0
745993,2024,0.6287758599934703,1.0877441708126163,8.543222133353893,1.0,13.0
746553,2024,0.41244518099370714,-1.5047523281161812,11.404736504005205,1.0,6.0
746240,2024,0.4632535957351543,-0.810771996254611,9.446722666144872,0.0,3.0
745421,2024,0.41873812024456625,-1.359828898151134,8.54950326376039,1.0,3.0
745264,2024,0.5910830932245767,0.8965017183593105,8.536253685942153,1.0,9.0
745340,2024,0.5480756718307435,0.0728145846929068,7.6444616784026,0.0,6.0
744943,2024,0.4650057041859843,-0.9264438258113699,8.285332174335608,1.0,18.0
747041,2024,0.642854197391308,1.1019657692416087,9.04188052868747,1.0,9.0
745505,2024,0.4387214430496153,-1.0311561899434034,8.61275328224616,1.0,19.0
746963,2024,0.5697795973350097,0.5815502952699149,10.196961028405475,1.0,6.0
745828,2024,0.45586195332642887,-1.1114208879398975,8.602724328356082,0.0,5.0
746069,2024,0.41279842523232696,-1.0701124468565275,8.855211519677901,0.0,11.0
745096,2024,0.45869465785674335,-0.7434480548088318,8.441229582962443,1.0,9.0
746480,2024,0.5899452671456161,0.5789264732398799,7.65377396449236,1.0,10.0
746797,2024,0.3862880442121067,-1.7744180636826405,9.211218309811787,1.0,4.0
745344,2024,0.473906951437405,-0.43230101335291193,8.489212322841281,1.0,6.0
745994,2024,0.646632163563104,1.539471375073398,8.216924982657025,1.0,8.0
746554,2024,0.44111624233786584,-1.5606703921412588,10.885193423853423,1.0,11.0
745422,2024,0.45548730739802146,-0.8736913639892728,9.349290248285378,0.0,5.0
746232,2024,0.4303778290598364,-0.8802984617666755,9.28574626940298,1.0,12.0
745262,2024,0.6573048720911266,1.4080177457478116,8.38982663378812,0.0,9.0
747042,2024,0.5553556267523063,0.4875718765606918,8.972913910727923,0.0,11.0
746965,2024,0.5740222123835346,0.2547127026434794,9.937818681950855,1.0,5.0
745499,2024,0.4722842645114648,-0.3754142723086804,9.396277614344244,0.0,9.0
744941,2024,0.4223671362008784,-1.2667076727993587,9.166840828469809,0.0,6.0
746476,2024,0.5459186190113062,0.49238186310567833,8.330877049206222,0.0,12.0
746068,2024,0.3739687557403604,-1.8809502764576802,8.465534833256005,1.0,13.0
745092,2024,0.45003592465483666,-0.6733565330380722,8.692254254097177,0.0,16.0
746798,2024,0.3977480511911961,-1.8407692198709467,10.15583882251263,0.0,7.0
745990,2024,0.6615285861240067,1.3829835790774345,8.694459027638128,0.0,7.0
746555,2024,0.460693381926942,-0.9508527640733455,11.633363834279553,1.0,4.0
745345,2024,0.5280819293702178,-0.022798892807895214,8.654033167858351,1.0,11.0
746234,2024,0.4644100047510487,-0.5644568472723914,9.177608731289062,0.0,6.0
745419,2024,0.4717193631101743,-0.9142301544998597,8.90906659478994,1.0,4.0
745255,2024,0.6716154304956308,1.6260999834102268,8.084271643873144,1.0,12.0
745825,2024,0.4774478283923835,-0.7741847250628139,9.078204363564128,1.0,7.0
747040,2024,0.6573330789515501,1.4650959527510776,8.785858465792462,0.0,5.0
746471,2024,0.6180931917414313,0.958414748134895,8.753353063100953,1.0,11.0
746961,2024,0.5485948610327496,0.11145484536838322,9.582674786593323,0.0,8.0
745826,2024,0.4646491660998425,-1.1775705446976903,8.523017221780039,0.0,9.0
747128,2024,0.5577015363956207,-0.07071743384670957,9.05445665667725,1.0,2.0
745991,2024,0.5533789580941425,0.38893089008717036,8.776751528085812,0.0,14.0
745019,2024,0.48260033573165956,-0.44263575018970996,10.059168550598052,0.0,7.0
746393,2024,0.5701298932167059,0.43547553321057664,9.186346470164866,1.0,11.0
746233,2024,0.5571496386879405,0.618380150147054,9.202284741744798,0.0,15.0
747204,2024,0.5830591246877781,0.921780890710499,9.458163004649576,1.0,11.0
745420,2024,0.6758363479709524,1.3891045849165826,8.66928717771902,0.0,9.0
745256,2024,0.5889675219515219,0.6270048650632362,8.308945495580312,1.0,8.0
745343,2024,0.43133670319202233,-1.432777420456947,8.574951237304424,0.0,10.0
745821,2024,0.4684513328481358,-1.1764708193063493,8.776892868748135,0.0,4.0
746796,2024,0.451017482939606,-0.7122862262258252,9.979724096309338,0.0,9.0
746799,2024,0.43567102421877024,-1.0831509349055763,8.922043603465745,1.0,4.0
746473,2024,0.6642990332102727,1.6059143857472593,8.185053500471769,0.0,1.0
746962,2024,0.5453280791971981,0.22826453582288256,10.014159958007252,1.0,9.0
747124,2024,0.6236255388149136,1.0387423498834698,9.513601506523706,1.0,7.0
745909,2024,0.530216332972567,0.38439664800927753,9.079732795745606,0.0,6.0
745989,2024,0.6412631246212913,1.2477057834600758,8.769462822204655,1.0,7.0
745014,2024,0.4895940389151495,-0.11130872498238191,9.563595307742412,0.0,11.0
746396,2024,0.5888984006821663,0.49592183640918885,9.1267379716909,1.0,3.0
746235,2024,0.47947247959392736,-0.303943859150936,8.904265709618011,0.0,13.0
745418,2024,0.700900735026919,1.716236576683394,8.398229768366953,0.0,9.0
745257,2024,0.5783886845160694,0.3132666244486787,8.219637374340937,0.0,6.0
747205,2024,0.5259569891378543,-0.11018639501397885,8.606354842145553,0.0,8.0
745342,2024,0.43166716200009275,-0.9913292621815664,9.268469233467497,0.0,12.0
747038,2024,0.6414875878262849,1.3039357433627918,8.647196688402856,1.0,5.0
746472,2024,0.620727128397756,0.933543236688763,8.559846709884873,0.0,2.0
745992,2024,0.6299158963095071,1.0029057833152288,8.613039887773626,1.0,12.0
746795,2024,0.46583208187769365,-0.3592673962459338,8.815093971447341,1.0,2.0
747203,2024,0.5414512018942946,0.19983786016552021,9.222162511202086,1.0,3.0
745417,2024,0.6968260074964789,1.8979538845294435,8.51340440277373,0.0,8.0
745259,2024,0.5743803330482955,0.2711847539178941,8.78184026263825,1.0,6.0
745582,2024,0.6662878399301236,1.5332795646983104,8.62111629139604,1.0,15.0
746960,2024,0.5761005110674521,0.33748907232188297,9.90422594717326,0.0,7.0
747123,2024,0.6258151609272065,0.8421416389179703,9.225759030532094,0.0,8.0
745908,2024,0.5511528082465018,0.6249591775108074,8.566334374504008,0.0,4.0
745015,2024,0.5362675130647134,0.6743186337771688,9.280752398677512,1.0,4.0
746397,2024,0.5940533170463702,0.5320436127741934,8.660367476396285,1.0,3.0
746231,2024,0.5255331636421756,0.24578209645531365,9.35633951482863,1.0,9.0
745341,2024,0.4556862456508087,-1.1835568526712075,7.932977338612516,1.0,5.0
745907,2024,0.5129168218162933,-0.33488968828351007,8.845853691643054,0.0,5.0
745580,2024,0.6002782518076422,0.9609938725502878,9.546279829071215,0.0,11.0
746959,2024,0.5428104970364189,0.1949854252281922,10.10102533847891,0.0,12.0
746881,2024,0.6024698948866445,0.7124614413225291,8.226255962729017,0.0,9.0
746391,2024,0.5836131674768186,0.5487016618691506,8.985467538798291,1.0,9.0
746150,2024,0.6684468839150307,1.5896538359327195,8.0854548718312,0.0,9.0
746878,2024,0.5532465231148503,0.4191396222301956,9.181559285714592,0.0,12.0
745579,2024,0.6789840540571332,2.0030557650662324,8.345447466025076,1.0,6.0
747037,2024,0.5706506126737538,0.3218072880137644,9.203441672048877,1.0,11.0
745747,2024,0.7012127984586424,2.0311708203321963,8.884278036499873,1.0,6.0
744934,2024,0.47088058761789753,-0.48234667705120904,8.74280999178363,0.0,7.0
746641,2024,0.5201434905299271,-0.4335231870654476,8.35912634995187,1.0,5.0
746065,2024,0.45150741363918073,-0.7553302153776609,8.439942399033862,1.0,8.0
747122,2024,0.6512534574726453,1.3846656435422462,9.422128961477087,0.0,4.0
746310,2024,0.6519419382652513,1.2646119314497801,9.010776458109298,1.0,8.0
745016,2024,0.6417837202966565,1.6976369400943547,9.391868303203287,0.0,12.0
746388,2024,0.4234774994298212,-1.1149850789710096,9.01639371593869,1.0,9.0
745178,2024,0.44482691179055533,-0.7286248918897407,8.899364809084897,1.0,16.0
747201,2024,0.4681668976813021,-0.6942380317878079,9.372533690435796,0.0,13.0
746148,2024,0.6422878035587565,1.3684743090408122,8.807280672183587,1.0,10.0
745335,2024,0.5557487473153678,0.22512636578493797,8.672072141879507,1.0,15.0
745744,2024,0.7240314985588101,2.3395525871568235,8.606333861492764,1.0,7.0
746882,2024,0.6150394245137526,0.6470498658425212,8.318199694844333,1.0,1.0
744938,2024,0.48634792073498395,-0.5188473797034846,8.208751389992898,0.0,9.0
747036,2024,0.5367967277286573,-0.01322741295882097,8.539393135056635,0.0,7.0
745339,2024,0.6148674622086204,1.2018922082846477,8.715571250989557,1.0,18.0
746067,2024,0.48176515410700593,-0.23300707667117787,8.365771689887543,1.0,19.0
745581,2024,0.6531420804007927,1.2598418787852819,8.743739223874437,1.0,7.0
746642,2024,0.4960337200746693,-0.43752450928691616,8.514310180109781,1.0,15.0
746389,2024,0.4632625683511491,-0.9510905344149908,9.100552873509038,0.0,6.0
746308,2024,0.6823901039916954,1.663559142690964,8.58090343630159,1.0,8.0
745177,2024,0.43438026619001957,-0.9651938035071879,9.206349060319601,1.0,9.0
745013,2024,0.5636348401039131,0.6562325660579947,10.014746191976508,1.0,5.0
747202,2024,0.5406014284297544,0.114472052010838,8.936956779812567,0.0,11.0
746142,2024,0.6486662422353513,1.4254844494154997,8.985373799097177,1.0,4.0
745179,2024,0.4717659088762474,-0.691585925695041,9.1852827077427,0.0,14.0
747035,2024,0.55933893063257,0.23457023501773425,8.380314019612298,1.0,9.0
745577,2024,0.6754175758238193,1.8796969349229633,8.717850507880696,1.0,16.0
745745,2024,0.6961877887831421,2.17381044404675,9.16360000990999,1.0,9.0
744937,2024,0.42995854153791624,-0.8161883889599963,9.02051134510455,1.0,7.0
746636,2024,0.5701402564838263,0.392912923989492,8.187545477501287,1.0,7.0
746064,2024,0.4522375849366986,-0.7998528137461076,9.336023521245295,0.0,10.0
746306,2024,0.6550333932613238,1.48660103185957,9.15324659226518,1.0,12.0
746392,2024,0.45839441815409804,-0.9111174573404323,9.232135436843889,1.0,13.0
746880,2024,0.526427853288146,0.08289181371508642,8.83431529481954,0.0,5.0
745012,2024,0.5950111340259261,1.0417422665093963,10.12851914568222,0.0,5.0
745336,2024,0.6589688477942882,1.479748625211483,8.295427381091363,1.0,5.0
747198,2024,0.5503428561343328,0.7357247533142448,9.405662319654374,1.0,10.0
746144,2024,0.5973976840074396,0.8868389146058849,8.45873723328629,1.0,5.0
747120,2024,0.546456197255324,0.2709765522145185,9.65610089994386,0.0,10.0
747119,2024,0.5787505253186942,0.35414743794291476,8.525328678957857,0.0,11.0
744935,2024,0.6067996341373156,0.9827975435514857,8.489643597667534,1.0,12.0
746637,2024,0.6116219302982696,0.9271096651100907,8.658615296720148,1.0,4.0
747121,2024,0.6338117592582936,1.2972019852913492,9.3993360018681,1.0,3.0
746066,2024,0.41090728652045627,-1.4297098347019142,9.82015728238238,1.0,5.0
744857,2024,0.44853975652946765,-0.848118389549675,8.212668719392145,1.0,15.0
745093,2024,0.4627805046277518,-0.7214409068318776,8.851717571467221,0.0,5.0
745746,2024,0.5506501710674795,0.2637441396238163,8.490034728117585,0.0,9.0
746307,2024,0.5225985916397877,-0.3298758629924118,9.00295757378396,1.0,11.0
745181,2024,0.4780261316507993,-0.7469304769909269,8.094315098372844,1.0,9.0
746390,2024,0.593849824957599,0.21031692114294404,8.539452536870343,0.0,16.0
746146,2024,0.6515162993918808,1.1235259964121047,8.60373169387661,1.0,10.0
746633,2024,0.613976775784658,0.6432122880072592,8.701844114697614,1.0,13.0
746716,2024,0.4530592729773611,-0.5228700028080248,9.382044830873117,1.0,2.0
745503,2024,0.474220879013892,-0.43794029119883776,9.158915120061081,1.0,13.0
745578,2024,0.6354471353360586,1.0268002640436495,8.76481014623789,1.0,7.0
746058,2024,0.40722506241959244,-1.202008119949167,8.955647363468453,0.0,12.0
744860,2024,0.4708881097746865,-0.5268901326492794,9.371010511985812,0.0,10.0
745090,2024,0.513143844597083,-0.194213904104964,8.43976288105004,0.0,7.0
745742,2024,0.583927669680839,0.47888301656132737,8.667927114141538,0.0,9.0
744936,2024,0.6309366054608995,1.0094241852096342,8.055687627329315,0.0,5.0
746309,2024,0.5100072174037374,-0.03233140600287113,9.103183210880935,1.0,13.0
746875,2024,0.4820234292396173,-0.6068834666450332,8.395869414736964,1.0,7.0
746385,2024,0.5669386570047741,0.30526809117125053,8.859253447348557,1.0,11.0
745662,2024,0.5889666444108886,0.7594035980705363,8.573554129156356,1.0,9.0
746145,2024,0.5949611947171364,0.7535148215290778,9.39803149739479,0.0,10.0
745180,2024,0.41419134714276445,-1.2936232969349886,9.237591719933175,1.0,4.0
744856,2024,0.45103410372213026,-0.8119951265741647,9.370836787895957,0.0,5.0
746634,2024,0.5820893732635879,0.6040710747698514,8.446415695479141,1.0,9.0
745173,2024,0.44322056953417976,-0.769659083741298,9.070878849509262,1.0,9.0
746386,2024,0.5795395612822728,0.6278873606482414,9.085991780159398,0.0,3.0
746304,2024,0.5154014065990904,-0.44434335232675365,8.436629193401478,1.0,11.0
745502,2024,0.5358182657310838,-0.009295584382416348,8.302396748681904,0.0,14.0
746712,2024,0.4798704489627513,-0.491796839246117,9.136402817361574,0.0,10.0
746063,2024,0.42234257048461765,-1.2301878972017668,8.440289328164809,1.0,1.0
745576,2024,0.5969915599340745,1.076238736958727,9.91676514490396,1.0,15.0
745089,2024,0.5108173564673274,0.14904969988007497,8.461566540460534,0.0,13.0
745743,2024,0.5952587650246742,0.23290168104364145,8.501171390853488,1.0,10.0
744933,2024,0.6180168129243515,1.1455618646928931,8.49582355358333,1.0,11.0
746876,2024,0.48720683032059303,-0.5566129348558667,8.707604867718693,0.0,11.0
745661,2024,0.5888754517650591,0.7445026342518131,8.506189800323918,0.0,7.0
746143,2024,0.6924911369954405,1.6930002170006413,8.251149248424868,0.0,6.0
745741,2024,0.5606709614760247,0.14016169606850976,8.26834406943747,1.0,5.0
745500,2024,0.5363503332099258,0.027232199508483587,8.630079457421136,0.0,13.0
745573,2024,0.695958799179255,2.162419386075939,8.499781682756746,1.0,7.0
746714,2024,0.43176076412457953,-0.9700639648959735,9.849754269965224,0.0,10.0
746874,2024,0.4955817725829161,-0.21443125823438422,8.772486590242377,0.0,3.0
745660,2024,0.5513239051400047,0.2238047155672827,8.917061393114869,1.0,19.0
746474,2024,0.49636120943596396,-0.49741666088010816,8.073711614423154,0.0,10.0
746792,2024,0.3756249944276634,-1.779511503772626,9.052778719218587,0.0,14.0
746475,2024,0.5352550376308106,0.2995223722723106,8.846765037995915,1.0,8.0
745501,2024,0.41794587531912053,-1.1565676245520504,9.66947917619363,1.0,16.0
744853,2024,0.43151859161321027,-0.72078536532541,8.906441755127645,1.0,7.0
745087,2024,0.5074381477752126,-0.46321506124146494,8.279253038780855,0.0,9.0
746956,2024,0.5646749011326203,0.598777984120279,10.145087949421626,0.0,9.0
745905,2024,0.6023116469712299,0.991421919815068,8.65488613439887,1.0,5.0
746713,2024,0.43901659765986123,-0.841276398936762,10.322588998333696,1.0,15.0
745822,2024,0.5182509386015123,0.1902932739400936,8.71648370709191,0.0,15.0
746793,2024,0.3872440749327445,-1.9763798821813197,10.042122777482174,0.0,10.0
746558,2024,0.379596363052641,-2.4336401228781246,11.147927135550237,1.0,5.0
746227,2024,0.46264758183097987,-0.5726569192722823,9.453934328243163,0.0,14.0
745663,2024,0.43058442070800773,-0.7675320033785874,9.404992441845506,0.0,9.0
747200,2024,0.6514307047671815,0.944259952106095,8.884825176300758,0.0,3.0
745415,2024,0.4960714826281602,-0.6751509878248864,8.688554923830806,0.0,8.0
746470,2024,0.5363209916661074,0.12203898255171813,8.124700630371615,1.0,3.0
745823,2024,0.4850463778574804,-0.20540229346086522,9.161722925853736,0.0,9.0
745901,2024,0.5675717664913023,0.6183917132405744,8.817584310143598,1.0,8.0
746794,2024,0.38766355838504246,-1.6558987075567697,9.091170541698187,0.0,8.0
745493,2024,0.43022443681402867,-1.100771627678264,8.59478283711063,1.0,5.0
744851,2024,0.4411880516016444,-0.6764040628801955,9.224035919234192,1.0,4.0
745658,2024,0.4435109690581426,-0.6171044569429035,8.96952902338769,1.0,4.0
746958,2024,0.5158197320212152,0.26011223966565916,10.330365469594971,0.0,9.0
745086,2024,0.48720378309068585,-0.46147584414928816,8.811547535451865,0.0,11.0
746710,2024,0.45492462633750186,-0.8189274005533869,9.642828038254455,1.0,4.0
745176,2024,0.47385409613700447,-0.8062938123901088,8.951871173541283,1.0,13.0
746556,2024,0.36456720559734346,-2.6019223173155694,11.170193053835417,0.0,12.0
746226,2024,0.40712809531255223,-1.6454312445698511,9.385979663576245,0.0,7.0
745411,2024,0.48638979789064296,-0.2946084373037765,8.556916797561966,0.0,5.0
747199,2024,0.652052944899222,0.9601092997601464,9.473262312420532,1.0,5.0
746469,2024,0.49988699837013956,-0.4413041672749879,8.450982959287238,1.0,25.0
746711,2024,0.4124466204098413,-1.3572490847940306,9.410916677430459,1.0,5.0
744855,2024,0.46397059182769856,-0.42922880637975674,9.319328747475021,0.0,14.0
745498,2024,0.4186726905255058,-1.1786426559275542,9.303143969802726,0.0,9.0
746957,2024,0.5239050577904835,0.032776883543078165,9.803467812558475,1.0,3.0
745824,2024,0.4965599431405059,-0.21125781879487598,8.435803836018852,1.0,7.0
745088,2024,0.44288216553000426,-0.8390536616240601,9.01799495348149,1.0,5.0
746789,2024,0.38426790455948046,-1.6135360649077484,8.815132869824577,0.0,5.0
745902,2024,0.6124287149221379,0.6945465101576729,8.420036904707453,0.0,8.0
746557,2024,0.36113714103831684,-2.355578238448614,11.079257897650201,1.0,7.0
746230,2024,0.43343232154480793,-1.4169805775282058,9.68203915410755,0.0,9.0
745653,2024,0.4440924468590339,-0.740309099851428,8.758833203812673,0.0,7.0
747197,2024,0.6366137152532911,1.3205921032219285,9.324481715824767,0.0,4.0
745413,2024,0.4460421284512585,-1.208937109585686,8.954503055200354,1.0,7.0
745172,2024,0.528739150207585,0.06546143832213203,7.9737141514007535,1.0,7.0
747034,2024,0.5828157964132095,0.7104492311430596,9.140683072111893,1.0,14.0
745904,2024,0.5666843731413632,0.14894198686021448,8.67285752005217,1.0,11.0
746788,2024,0.45563690203169904,-0.6077688103752645,9.338379300733434,0.0,6.0
747118,2024,0.6435325400631083,1.2731382309908477,9.218682137651543,0.0,12.0
745986,2024,0.5157592149210418,-0.1592691760385266,8.53532896732584,1.0,6.0
746549,2024,0.40306224743138197,-1.739505626011525,12.00668785540675,1.0,14.0
746708,2024,0.5468989359571022,0.4818051465500115,9.476044961248673,1.0,4.0
745338,2024,0.4921866303143057,-0.26412537192501684,8.45501293458106,1.0,12.0
745416,2024,0.6509846747746014,1.1597963242168747,8.472738399256215,1.0,3.0
745254,2024,0.49847554296822644,0.016648195931039465,8.663208586333836,1.0,5.0
745818,2024,0.40787951612378703,-1.3626211096050411,8.527885347742897,0.0,7.0
745816,2024,0.4460878798956589,-0.8046605265102982,9.937628337940914,0.0,3.0
747033,2024,0.6091325995370851,1.0207079837237805,8.996741434495554,0.0,11.0
746709,2024,0.5450605735764865,0.6512099706510913,9.371278626526651,0.0,8.0
745091,2024,0.6091967850967324,0.8841304907951002,8.331453420346259,0.0,3.0
747115,2024,0.6874182204942421,2.045037181595081,9.478879775184845,1.0,2.0
745903,2024,0.4937584794944297,-0.5988995086562932,8.205815082337956,1.0,6.0
746791,2024,0.457733527297216,-0.5176457556454479,9.649649832007732,0.0,9.0
745987,2024,0.5718524676305354,0.11693574435243638,8.005615550484348,0.0,9.0
745017,2024,0.5293244750761207,0.08811369518049045,8.845045223062428,1.0,6.0
746552,2024,0.441597054062012,-1.3068773174066712,11.05917516243959,0.0,20.0
746229,2024,0.387378464334261,-1.5878984998870995,9.505475382920892,1.0,7.0
745412,2024,0.5666994841794782,0.41314101376578904,8.493429824745606,1.0,4.0
745258,2024,0.5387481637521225,0.17873565556479787,8.274142973129944,1.0,6.0
745337,2024,0.4127992787291349,-1.4226951605326597,8.853264464395586,1.0,1.0
746467,2024,0.5719589852719255,0.018357231763664637,7.6501213669971015,1.0,8.0
746468,2024,0.5257001281807572,-0.24636701706666436,8.406029711242205,0.0,12.0
746706,2024,0.5089646589223714,0.20990015926462477,9.717862351000425,0.0,8.0
745011,2024,0.5338915132643994,0.5313637095726189,9.40949605943668,1.0,7.0
745333,2024,0.4138631187997373,-1.3706981422730466,8.733083153472144,0.0,7.0
745817,2024,0.4449359951197874,-0.5668858938707274,8.986764868230601,0.0,13.0
745414,2024,0.6175721486182825,0.7072760852139216,8.293301237890509,0.0,10.0
747031,2024,0.5807872349245969,0.5421715788642281,8.59166984621636,1.0,7.0
745084,2024,0.5942997260910482,0.890971460397107,8.589863333200926,1.0,7.0
747117,2024,0.6289770483736588,1.133734557296554,9.048572378596814,0.0,9.0
746790,2024,0.46921829608420623,-0.4232617055579956,10.118204308778033,0.0,4.0
745988,2024,0.5148714779655792,-0.3423462100382938,8.262039813783659,1.0,16.0
745900,2024,0.5176527397083662,-0.6125204541773308,8.49412761003137,0.0,7.0
746551,2024,0.38625818697213565,-2.106680960340273,11.537196129055866,1.0,11.0
746228,2024,0.3824748086553455,-1.5792844870920772,10.390545164065943,0.0,3.0
745250,2024,0.5480538925838286,0.46669058720696777,8.437499459626306,1.0,3.0
745081,2024,0.6091639685790163,1.135223386256143,8.233177175430185,1.0,11.0
745898,2024,0.5477589050500554,-0.06765504152015611,8.943471055870413,1.0,13.0
745985,2024,0.5493632187258047,0.11549781162750662,9.125110591734513,1.0,10.0
745249,2024,0.5682660320551749,0.4780079328624908,8.141105352298068,0.0,4.0
746954,2024,0.5448437872036697,-0.09195160974956573,9.778966902926683,0.0,5.0
745819,2024,0.4488588026201089,-0.8646122563515448,8.703545085300698,1.0,5.0
747114,2024,0.6483827773166224,1.4981230369252614,9.431474698448405,0.0,4.0
746225,2024,0.4441973508696784,-1.1498515100691464,9.57640652216187,0.0,11.0
746877,2024,0.5547394143644553,0.7676344377814922,8.687881816795674,0.0,9.0
745574,2024,0.6603831268784215,1.6336197727146418,8.740836138332348,1.0,6.0
747032,2024,0.6162586086891628,0.8006036087052907,8.971880219091357,1.0,4.0
744928,2024,0.5625935254944924,0.6569225775985238,8.553803856251344,1.0,8.0
746635,2024,0.6687065723128726,1.565920192433978,8.434175213023968,1.0,8.0
746955,2024,0.5724578713478298,0.30717993221196127,9.73084777319927,1.0,10.0
746059,2024,0.5157397634206639,-0.1752118772241377,9.405182893336944,1.0,10.0
745820,2024,0.45090432951963316,-0.4876144192994286,8.801341927409316,1.0,19.0
747116,2024,0.6893921678892757,1.9331240620802945,9.055368860469484,1.0,6.0
746303,2024,0.5355324181812279,-0.03522160805082146,8.69878628756982,0.0,19.0
746387,2024,0.4669179395662875,-0.6027773923608785,8.37192061091468,0.0,7.0
745983,2024,0.6265321733659885,1.3109518915504896,9.019392183625195,1.0,17.0
746140,2024,0.714306976095658,1.978942789981069,9.016971520957432,0.0,5.0
745253,2024,0.6183560341191354,0.9154637478450524,8.251762351649301,1.0,9.0
745331,2024,0.4619747269423393,-0.995026877919042,8.532159075859148,0.0,8.0
744932,2024,0.5405414838555234,0.055366496795047154,8.29397276857234,0.0,9.0
747029,2024,0.6662599588181177,1.3833483850467743,8.557925432551588,1.0,14.0
747111,2024,0.6986313240959836,2.0573769698941557,9.10451007026661,0.0,20.0
746062,2024,0.4990727921438953,-0.2640335186902964,8.88950192997042,0.0,7.0
745980,2024,0.6356300722555784,1.1913384497838606,9.005184701012901,1.0,7.0
746384,2024,0.4795474457547978,-0.5678398995256441,8.220570541431943,1.0,7.0
746305,2024,0.5428705374968869,0.4705095358113303,9.287858615128103,0.0,10.0
746629,2024,0.5762939080141372,0.6785584224687509,8.804464788129222,1.0,5.0
746952,2024,0.5351258269008555,-0.1992207233540291,9.760978130749573,1.0,9.0
745812,2024,0.5381892636744169,0.5029873209165321,8.300356964064992,0.0,15.0
746870,2024,0.5377556214595295,-0.09328590661411465,8.257382088226741,1.0,12.0
745251,2024,0.628363364578029,1.000954524533139,8.380448748705549,1.0,9.0
745575,2024,0.6038925921985827,1.0096556130289314,8.235330153676177,1.0,7.0
745332,2024,0.4953020256203359,-0.437586789650361,7.987908070518863,0.0,10.0
746138,2024,0.7355186427274257,2.1848874611968414,8.819710430419034,1.0,5.0
746383,2024,0.47913648809520837,-0.4362090424170995,8.853895679402083,0.0,7.0
746953,2024,0.5286800727385568,0.19372684438854748,10.369569077382922,0.0,12.0
747030,2024,0.6027127210394401,0.8008595008673418,8.918749452437615,0.0,7.0
747110,2024,0.6891431819385538,1.6943882484977286,9.229891647092447,1.0,4.0
744929,2024,0.570936826294184,0.6440384260199944,8.58028470453456,1.0,9.0
746061,2024,0.5000715677287039,-0.6013599429707452,8.82106180919208,0.0,6.0
746632,2024,0.5758712958177363,0.6062227432159911,9.386162635580794,0.0,7.0
745813,2024,0.47976908803654617,-0.5145956720648492,9.353617295825272,0.0,9.0
746301,2024,0.558436307281058,-0.056103811603171856,8.628997303195494,1.0,7.0
745984,2024,0.7134422079894597,2.5474678406844706,8.691426737994576,1.0,9.0
746871,2024,0.5443735655088244,-0.011190060350603609,8.603656055742396,0.0,7.0
745330,2024,0.4492981443390029,-1.077512249341067,8.505643788333124,0.0,12.0
746141,2024,0.7055988285805894,1.6237322986214693,9.614075030806484,1.0,4.0
745252,2024,0.6717666159141054,1.4443110473932759,8.104896020123967,1.0,6.0
745572,2024,0.6302213224361942,1.4481557508039027,10.051320155395054,0.0,9.0
745569,2024,0.5890000138064387,0.44076788316787935,8.522460227315355,1.0,4.0
744854,2024,0.5402102596519727,0.40939934975065884,8.953493947787528,0.0,15.0
744930,2024,0.47464656135218264,-0.5939746388419406,8.16005214835584,0.0,9.0
745009,2024,0.49313714547287146,-0.5906088633178228,8.07945042452708,0.0,3.0
746382,2024,0.5515716994562915,0.6232577742893213,8.770753599269597,1.0,11.0
746548,2024,0.48329469181193907,-0.7159505921528673,11.135734811075142,0.0,16.0
746224,2024,0.4147587932334652,-1.0372184562105888,10.632321567542133,1.0,3.0
747194,2024,0.511515626951521,0.084087649861512,9.544591052368247,1.0,6.0
746630,2024,0.5175944588226098,-0.16893142968703362,8.77163937398882,1.0,13.0
745497,2024,0.4095769155481894,-1.0406231542498205,8.412381295323259,1.0,1.0
746060,2024,0.4601221472627896,-0.8604058104950972,8.331648725810773,0.0,14.0
745568,2024,0.5740127923760894,0.4612188342987123,8.988403702370842,1.0,3.0
744850,2024,0.523447257914253,-0.14043797319209494,9.045221886893316,0.0,9.0
745739,2024,0.6432420262321539,1.4554132768639951,8.247283104503433,1.0,6.0
744931,2024,0.4135305830542172,-1.4427611633436164,8.70962090791868,0.0,11.0
746949,2024,0.47345975191979967,-0.6626734062398408,10.174623565591371,0.0,11.0
745010,2024,0.495070066936478,-0.4981066896325041,8.93824972653644,0.0,4.0
746872,2024,0.7042724237842011,2.1641873064497523,8.34641857792303,1.0,13.0
746380,2024,0.5494872118967256,0.5556970955359208,8.581344340500094,1.0,13.0
746550,2024,0.48479129914785235,-0.4800922132188007,11.398411236291835,0.0,5.0
746222,2024,0.44903434988227653,-0.7218987693439174,9.173178193598936,1.0,6.0
747196,2024,0.5406931482187248,0.25086058640162073,9.253520130211728,1.0,13.0
745656,2024,0.4218660440325508,-1.025572109169103,8.394320654293423,0.0,7.0
746950,2024,0.47522905929665427,-0.832185065088074,10.409461282209422,1.0,9.0
746379,2024,0.5445007347527819,0.27802477507605244,8.670087733643465,0.0,6.0
746544,2024,0.4513945581145207,-0.6785976367846931,11.778759890774367,0.0,19.0
747195,2024,0.5524033738716368,0.3510476354778324,9.481267743055714,0.0,12.0
744852,2024,0.5088003491637368,0.19234444192678113,9.766408048692185,0.0,10.0
745570,2024,0.5944201203191729,0.6877292926771826,8.930377765958704,1.0,2.0
745494,2024,0.4615628315176918,-0.22063955030890534,8.900908106903806,1.0,16.0
746056,2024,0.4447995801128831,-1.041947236441367,8.33656172304226,0.0,8.0
745740,2024,0.6117207404229166,0.9355493596544905,9.044998055912169,1.0,14.0
744927,2024,0.42536062486696624,-1.413699582072761,8.571307738075308,1.0,5.0
745007,2024,0.4851616508279726,-0.5226964359944978,9.546820548836132,1.0,10.0
746873,2024,0.6168475697520761,1.2960599123629892,9.005782440075054,1.0,13.0
746221,2024,0.4335955650760034,-0.8746552504425118,8.618686390037336,1.0,5.0
745654,2024,0.4214647008062083,-1.0488503661436477,8.798115413027242,1.0,3.0
744923,2024,0.46003291113370376,-0.9652117694892529,8.64209367268095,1.0,11.0
746631,2024,0.6094328270454918,0.7858628753566367,8.388690274774586,0.0,7.0
745657,2024,0.428197968923143,-0.8137114767827966,8.780093592698748,0.0,3.0
745495,2024,0.42499928340885645,-1.0841076830396643,9.413102768936797,0.0,18.0
744844,2024,0.4215761847945436,-1.197693157951511,8.8866148105203,0.0,7.0
745738,2024,0.5827507031366566,0.8295439952834642,8.44565291738096,1.0,13.0
746707,2024,0.5275436524462567,0.060230464284087376,9.419534711694883,1.0,12.0
745174,2024,0.6786054467979519,1.58104490655727,7.900785386399203,0.0,5.0
746784,2024,0.3703238012687942,-1.9214672039033593,10.309845874597638,0.0,16.0
745408,2024,0.5354018003649507,0.3619385968557238,9.117178572649978,0.0,7.0
745169,2024,0.6203160226663705,0.9421194771520398,9.018303379827104,1.0,13.0
745496,2024,0.4850522375041524,-0.4511476598177015,8.251673911958008,1.0,3.0
746466,2024,0.4718562013654142,-0.4936439330654143,8.293075855214058,0.0,10.0
744845,2024,0.41329007328949635,-1.202546050982208,8.30833678937843,1.0,3.0
745083,2024,0.4608024414277693,-0.9120866215704416,8.75838745804047,0.0,9.0
745737,2024,0.5171291532335784,-0.37299659663834506,8.755419127463018,0.0,3.0
746704,2024,0.5059930110651594,-0.23671252666144293,9.258899365160051,1.0,5.0
746053,2024,0.3932946229623619,-1.767382148685972,8.985965263479653,1.0,5.0
745008,2024,0.5127384832949068,0.09845367094984978,9.313643061901178,0.0,7.0
746302,2024,0.4951938616521374,-0.2774475121302989,9.891962871501134,1.0,19.0
746785,2024,0.4052336261926835,-1.4866618696720477,9.036008325050894,1.0,9.0
746220,2024,0.4340769536095299,-0.7648593569571903,9.214219318101488,0.0,8.0
745406,2024,0.5426215213317485,0.011233067110580704,8.27033435850096,1.0,13.0
745655,2024,0.4583974986552653,-0.8644335263328657,8.769229487427587,1.0,3.0
745814,2024,0.4156129428403494,-1.5780622548607732,8.976650471179504,0.0,9.0
745001,2024,0.5191434893664907,0.3450533973441602,9.153678828948792,0.0,4.0
745492,2024,0.4489005135130599,-0.760515482026631,8.942495235471489,1.0,4.0
744848,2024,0.4284185396385324,-0.8441442263922204,9.060035003334553,1.0,10.0
745652,2024,0.4609299567155531,-0.8052950432912844,8.330545337244335,0.0,7.0
746461,2024,0.42045693393191813,-1.131448523086752,8.815417216694357,0.0,9.0
746786,2024,0.37935191673600926,-1.658788102978908,10.621499707111065,1.0,7.0
745082,2024,0.42285980653976224,-1.295008942244161,9.182641518228715,0.0,5.0
746300,2024,0.479885419633193,-0.5721078330679285,8.968248835752306,1.0,12.0
746703,2024,0.5050882125382072,-0.41964890579071423,9.03675007399176,1.0,7.0
745166,2024,0.6362836118545192,1.0550451954633848,8.680964186376086,0.0,11.0
746057,2024,0.38619077635174387,-2.014699210213916,9.12294503145509,0.0,8.0
745735,2024,0.5907141316748948,0.5890385054779456,8.815340570571864,0.0,14.0
745410,2024,0.5739259851611288,0.9756294949252117,8.682953295115452,1.0,14.0
746223,2024,0.44658915551452966,-0.769592587193511,10.364661423956967,0.0,7.0
745571,2024,0.6187918798571453,1.386021683265519,10.002284073324612,0.0,11.0
745003,2024,0.5642132496518704,0.7388281220991385,8.870028854455692,1.0,9.0
745491,2024,0.5104140134120505,-0.07321870729409753,8.72227443507205,0.0,16.0
744849,2024,0.43506170548036904,-1.0089464335251048,9.126349970825071,1.0,13.0
746705,2024,0.4858279415415977,-0.6938665586697377,9.32249515403965,0.0,6.0
745085,2024,0.44753301832707926,-1.2176048413113205,8.7541207819174,0.0,11.0
746054,2024,0.40847353911883055,-1.2949410362843738,9.531946481266328,0.0,9.0
746463,2024,0.5032704795060026,-0.12399973440568625,7.728719775393593,1.0,12.0
746787,2024,0.4047357138210143,-1.641141138299535,10.483468858092884,0.0,10.0
746297,2024,0.523608553653068,-0.08308785991547324,8.78535150361888,0.0,11.0
745167,2024,0.6097423791478728,0.6536406867985725,9.317374060389518,1.0,6.0
746216,2024,0.43270762349057834,-0.7198258270729606,9.061655050738862,1.0,16.0
745651,2024,0.5052067452893229,-0.524739010581427,8.276622661438399,0.0,10.0
745407,2024,0.5780511927453313,0.14756147508884443,8.713016612619114,0.0,12.0
745736,2024,0.48640269534377467,-0.5118673822316911,8.157629687021076,1.0,10.0
745080,2024,0.42654285007496606,-1.292065238422468,8.732780493355236,0.0,7.0
745897,2024,0.6771402614591002,1.7679261288512678,8.915943600580091,1.0,5.0
746295,2024,0.5173303521704837,-0.24150400050965662,8.878451048152156,0.0,6.0
745982,2024,0.5455541986886344,0.240751356600044,9.204857792525548,1.0,4.0
745409,2024,0.6551470321700978,1.0985765003523096,8.449791675075314,1.0,7.0
745248,2024,0.6685576222957852,1.572143386228231,8.414482610507156,1.0,12.0
745334,2024,0.4834085762946454,-0.2969481217917799,8.749222634074398,1.0,7.0
747027,2024,0.5585608600300225,0.4427094383726412,8.911597961524821,1.0,4.0
746464,2024,0.49824946681120286,-0.3539368392144739,8.811921405116014,0.0,9.0
745077,2024,0.5427488656448908,0.3962256545241755,8.367048906017454,1.0,7.0
745815,2024,0.5398288461845879,-0.25570117994724073,8.683409931574337,0.0,6.0
746702,2024,0.49203781032934396,-0.6710417512918754,9.854407586485102,0.0,8.0
746951,2024,0.4357885433365737,-1.1074322402947074,9.667299203498048,0.0,5.0
745899,2024,0.6485864354467068,1.4901497057262092,8.970429552741924,0.0,9.0
745170,2024,0.5115483356839274,-0.345005922025288,8.744409385467357,0.0,3.0
746296,2024,0.4813002647241483,-0.6262892558654918,9.375843717301523,0.0,11.0
745981,2024,0.5492029745526492,0.5057234077869447,8.562043473568501,0.0,3.0
747190,2024,0.6405836951444617,1.021364191957689,10.122127961133383,1.0,13.0
745404,2024,0.6138138292138255,0.5628691876687174,9.323645712078369,1.0,7.0
745244,2024,0.6606397831620267,1.7861810510880607,8.763108565715333,1.0,7.0
745327,2024,0.5265224294717622,-0.03543359848763246,8.461435049503708,0.0,4.0
746139,2024,0.5950201058706469,0.46792214079801453,9.023019624214262,1.0,17.0
745896,2024,0.7255374812487146,2.2743288443007494,8.561591492775516,1.0,26.0
745978,2024,0.5300861683201485,0.13594670136548392,8.797739044132042,1.0,9.0
745328,2024,0.5311080209151207,-0.06621984418930177,7.683520959454707,1.0,8.0
745405,2024,0.6664491304954326,1.5068325632411301,8.4179525173902,1.0,9.0
747028,2024,0.5912010417074672,0.5650836845310271,9.263318760031176,1.0,6.0
746462,2024,0.5374849369284747,0.3555805522865201,8.281817300840704,0.0,12.0
745079,2024,0.5206187404166762,-0.19824265238443017,8.642667888462794,0.0,7.0
746701,2024,0.42960238505824155,-1.0621248054585992,9.33828186203659,1.0,6.0
746948,2024,0.43639777285193526,-1.1700824760530246,10.147029285261505,1.0,14.0
745811,2024,0.550206625447681,0.03763418795387621,8.777696226314319,1.0,14.0
745171,2024,0.578446920228242,0.6277534712389502,7.908177568171363,1.0,6.0
746294,2024,0.4657035403845667,-0.8597185972803445,9.552403583713286,0.0,16.0
747193,2024,0.5629147486994472,0.5470829507375076,9.607038741790177,0.0,11.0
745246,2024,0.6802299686064102,1.5312851689496352,8.647145529240193,1.0,3.0
746137,2024,0.5881631147498758,0.654926610457732,8.991748403078399,0.0,5.0
747026,2024,0.5708019905460732,0.5553261350001185,9.045623090923343,0.0,9.0
746465,2024,0.5524459600371772,0.6397553571699035,8.923876437129545,1.0,9.0
746299,2024,0.41276832532806246,-1.234001452776965,9.458687745498544,1.0,7.0
745168,2024,0.492135846314496,-0.5324507091631755,9.00753899920178,1.0,7.0
745075,2024,0.4628855516214551,-0.6597879700101024,9.009546941103308,1.0,5.0
745809,2024,0.5793714719523811,0.3484923454527673,9.038010575876381,1.0,5.0
746944,2024,0.47817869799625173,-0.4411195454005113,9.667815937747477,1.0,12.0
745894,2024,0.6733056595382234,1.6433009798296796,8.616618804870964,1.0,8.0
747192,2024,0.6076472383455463,0.9985683982978654,9.426778638351816,1.0,12.0
745245,2024,0.5914268747881096,0.626117187784331,8.728183721127627,0.0,5.0
746136,2024,0.6393366492894532,1.1661525624986704,8.713675866899672,0.0,4.0
746869,2024,0.5267448527127715,0.19692990704694957,8.836393377377705,0.0,3.0
746947,2024,0.4139101326319198,-1.1719689093016241,9.897544012957352,0.0,9.0
744847,2024,0.6130565513667725,0.921308282663003,8.9432606380075,1.0,9.0
747025,2024,0.5534130698021973,-0.006348994865448491,8.477128701968205,0.0,8.0
744924,2024,0.48249351579499133,-0.2824187984574301,8.092648798428012,0.0,4.0
745810,2024,0.46199483799509994,-0.7738319878399529,8.6491515562984,1.0,3.0
747112,2024,0.594040890938557,0.7157646452917348,9.35068620200358,1.0,10.0
745892,2024,0.6501103799689232,1.0176100022268246,8.516107402507417,1.0,11.0
745979,2024,0.5624472977549453,0.22214450274001943,8.010962157125832,0.0,11.0
746378,2024,0.4695945563632091,-0.7240272881046022,8.518621013020063,1.0,4.0
746545,2024,0.5204233695540167,0.18959390617082422,10.783533902882676,0.0,7.0
747191,2024,0.6435267211226616,1.2842734201025436,10.18793307707035,1.0,8.0
746134,2024,0.5353282738749712,-0.09171042654316439,9.154662906967614,1.0,7.0
745247,2024,0.5782649193332459,0.36027426728837997,8.182304917822087,1.0,5.0
745326,2024,0.6106060394806421,0.8800026858417944,8.42171998422406,0.0,14.0
746865,2024,0.5536097790828517,0.6518982818785048,8.28270808380817,1.0,6.0
744925,2024,0.478720759577871,-0.43589171152805406,8.914566221851729,1.0,5.0
747024,2024,0.5789804916132795,0.7733954951578346,9.118078317003492,1.0,8.0
744846,2024,0.5933591768150751,0.8570500062920514,8.971847368696592,1.0,4.0
745329,2024,0.5827147408814334,0.7560215220689658,8.705391890353617,0.0,7.0
746381,2024,0.5150888384913972,-0.5783733976446016,8.402698184345692,0.0,18.0
745805,2024,0.46338322577406155,-0.5318130990711875,9.284511670048746,1.0,6.0
747113,2024,0.549021867378327,0.2608430344065454,8.887218776053688,1.0,11.0
745976,2024,0.5791546947276545,0.6403115897695822,8.631744296687373,1.0,4.0
746946,2024,0.4649801122574637,-0.8935483157622373,10.338988666161233,1.0,12.0
745241,2024,0.5521081830679255,-0.08052282451864476,7.9539317820297075,1.0,12.0
746135,2024,0.6116251741022266,0.6625060024131985,8.367315179506132,0.0,9.0
746547,2024,0.46596453854523945,-0.35749407036747827,10.877248513726377,1.0,20.0
747187,2024,0.6194578192663722,1.5398431098740817,9.313380238266255,0.0,11.0
746866,2024,0.5327297704940526,0.4106704434712361,9.095957473967724,0.0,3.0
747023,2024,0.5314024322623659,-0.31675142799938016,7.991540737949166,1.0,11.0
747109,2024,0.5142207727262905,0.1707766430179027,9.04513083144112,0.0,14.0
744839,2024,0.5921828224230863,0.5216638109470356,8.767462565096002,1.0,4.0
744926,2024,0.4627008651917045,-0.8862264598047015,8.615986697122615,1.0,13.0
745807,2024,0.44057229584583063,-0.8817014826254562,8.582535800782583,1.0,17.0
746377,2024,0.535817121840045,0.012220591245099837,8.669080337713144,1.0,5.0
745895,2024,0.6701968277345478,1.8431741641735622,8.934908899034292,1.0,8.0
745977,2024,0.598821344730893,0.7367034670377213,9.242904877002644,1.0,9.0
746546,2024,0.5289053436857497,0.29469264145241314,11.655463398136856,0.0,10.0
745321,2024,0.5907138758571001,0.3584501395027466,8.649430082121933,1.0,19.0
746130,2024,0.6272549273047638,0.5202330056391277,8.204774304493284,1.0,3.0
745242,2024,0.5991336655433533,0.8238813237726771,8.106310850107947,1.0,5.0
747189,2024,0.6546402905245371,1.3072801980780042,9.875482620402561,1.0,17.0
746945,2024,0.4989718221793701,-0.44214571880242354,10.537340394256573,1.0,12.0
745891,2024,0.6610402244187655,1.5397422344210552,8.738995319772592,1.0,15.0
745490,2024,0.5089964888291582,-0.15758353426714217,8.694826496050204,1.0,5.0
745567,2024,0.6486578078257358,1.430185981091732,8.969942403798418,1.0,11.0
746055,2024,0.43636497178140554,-1.032757374421913,8.284381658426394,0.0,13.0
744918,2024,0.4935052219711802,-0.40117085174313694,8.098091348456258,0.0,10.0
747108,2024,0.6091481374679865,0.9062671841412314,9.024451353910493,1.0,3.0
746868,2024,0.5146332398747824,0.13540441987355384,8.662021777171129,0.0,13.0
745005,2024,0.5519665057941563,0.5450228541338457,8.672774459210174,0.0,16.0
746543,2024,0.40381578708828963,-1.6765087480585725,11.614896205517637,0.0,14.0
746215,2024,0.43252625078487644,-0.9806841061250191,9.56629894677814,1.0,8.0
746049,2024,0.42651535892005704,-1.0589179682494747,8.89255563810657,1.0,17.0
745563,2024,0.588076122583854,0.8624146063898971,8.362469406366214,1.0,7.0
745488,2024,0.4496057952998456,-0.6803190354963724,9.293088127082791,0.0,3.0
746627,2024,0.5489694242608655,-0.1441476439287308,8.897355028964935,0.0,13.0
744843,2024,0.536598783231522,0.8142436333647044,9.119119028081492,0.0,5.0
745733,2024,0.5226363317296225,-0.2380717493636394,8.77863944622485,1.0,6.0
744917,2024,0.45973862405184546,-0.8456850301570978,8.288405647174788,0.0,7.0
747107,2024,0.5907837106489994,0.5442054295584573,9.204199610304988,1.0,3.0
745893,2024,0.5838860033344254,0.4919463452433382,8.644306111068568,1.0,13.0
746867,2024,0.5301917611929069,-0.004530699128333913,8.365746824641668,1.0,7.0
745004,2024,0.5144339826787094,0.4664654230485565,10.043872914302868,0.0,13.0
746783,2024,0.4039220001306568,-1.5181297007158738,8.877737091614266,1.0,2.0
746542,2024,0.37058843342761155,-2.128859802929455,11.995222999583188,0.0,20.0
746217,2024,0.44032929225236733,-0.8108234167251018,9.66978000562402,0.0,9.0
745650,2024,0.46814991418469803,-0.9539831127095265,9.047843985312074,1.0,12.0
747106,2024,0.5409263563258344,0.18833528009742792,8.01005635374354,1.0,7.0
745489,2024,0.49957660457078623,-0.1881837802937544,8.23647005118025,1.0,1.0
746050,2024,0.4581840499834683,-0.43497165563725654,9.545994164439975,1.0,7.0
745561,2024,0.6637399744398911,1.4326126185207804,8.719556794233267,0.0,7.0
746864,2024,0.5198581930104289,0.050760893677330526,9.015967993200912,1.0,11.0
744842,2024,0.4777245828382519,-0.39477819759990396,9.671030896075411,1.0,4.0
746625,2024,0.5584801501044808,0.05628041339189948,8.282960722332792,1.0,8.0
745732,2024,0.5786061504741513,0.48423788973000614,8.468020055966925,0.0,13.0
744920,2024,0.5068656329052064,0.33563431931256976,8.226372876405742,0.0,10.0
745887,2024,0.6003412740534679,0.3801694633132114,8.39968784485115,0.0,5.0
745002,2024,0.4918859611717845,-0.010356881809720157,9.060818761975774,1.0,8.0
746781,2024,0.44862307968219717,-0.8680858431328674,8.489557819364496,0.0,5.0
746538,2024,0.36324165821244436,-2.386461351675897,10.582107623326628,1.0,13.0
746219,2024,0.4227567862621446,-1.0660620458566143,10.36593965108681,0.0,2.0
745646,2024,0.4579190525705357,-0.987453869332617,8.675347997730793,1.0,6.0
744841,2024,0.5402146130269373,1.0433520832810448,8.935487330784527,0.0,7.0
745889,2024,0.5625663462177843,0.3465510081275295,8.539717267009033,0.0,13.0
746626,2024,0.5138530167095738,-0.393672013940135,8.796789155447078,1.0,9.0
746782,2024,0.4299097303522664,-1.2925778913781705,10.45427874388514,0.0,8.0
746539,2024,0.3817758082552393,-1.9690808521031622,11.682315047494253,0.0,8.0
745645,2024,0.4904915631614262,-0.7593536247622882,8.376648710787636,0.0,5.0
745734,2024,0.5665627004918795,0.45997692114920213,8.283231242613372,0.0,22.0
745164,2024,0.5372781441243428,0.1683824356041984,9.06427995801318,1.0,11.0
745401,2024,0.4724355801510025,-0.7929535672356829,9.114444699409427,1.0,13.0
746861,2024,0.5625879710426278,0.8606323119906227,8.259622887881369,0.0,12.0
745562,2024,0.5783178681429915,1.0209713844714343,9.863646160084501,0.0,9.0
746460,2024,0.630483698955151,1.381511499478823,8.262102561670371,1.0,3.0
745483,2024,0.5024261699889063,-0.17131422855403386,8.719927868412128,0.0,13.0
745729,2024,0.4863057786885455,-0.2479047372425192,8.612522079017756,0.0,9.0
746624,2024,0.5763643138762907,0.5933001395872751,9.199208276542223,1.0,8.0
746052,2024,0.4168713536311282,-0.9704789892608732,9.153716157905963,1.0,5.0
746698,2024,0.43545520940654403,-0.8895373511386448,9.235693284019659,1.0,7.0
745006,2024,0.5291914295347925,0.33946926250104403,8.979128666419667,1.0,8.0
746375,2024,0.41401703725856287,-1.4361182218374255,8.819683384635429,1.0,25.0
746540,2024,0.47673619251281707,-0.2092929322266343,11.242423211706136,0.0,16.0
745649,2024,0.42909009576259804,-1.1867797847255308,9.276089020758436,1.0,11.0
745403,2024,0.5001789766327558,0.3725057975564435,8.676233190156049,1.0,14.0
746131,2024,0.6674923028004395,1.036469387639418,8.95136881953557,0.0,5.0
746459,2024,0.6332897569038891,1.351494806999776,8.730212340862154,0.0,6.0
745163,2024,0.5109910834552553,-0.288005139661837,8.567796392658797,1.0,13.0
746863,2024,0.5144041723499455,0.24619197551531977,9.146933909034827,1.0,9.0
744997,2024,0.5289528818913041,0.2226714467682121,8.95383490826347,1.0,6.0
745564,2024,0.6893796760616365,2.0517090306225065,8.535643530527828,1.0,13.0
745486,2024,0.48512705104529397,-0.2551578935594972,8.824251631364048,1.0,7.0
745644,2024,0.4357372979228583,-1.164743556286187,9.313272558426087,0.0,12.0
746048,2024,0.40822796984754384,-1.0374500449577169,8.743488054613607,0.0,9.0
746622,2024,0.5860221538059129,0.9625633363463203,8.71854474090029,1.0,9.0
746376,2024,0.4211369105645044,-1.511664576520017,8.603805378491437,1.0,6.0
746700,2024,0.45275812450237674,-0.591578383442929,9.363788784401578,0.0,7.0
745731,2024,0.5190650819344795,-0.40080318360049205,9.166656769380541,1.0,11.0
745402,2024,0.45910928272896223,-0.598446687196125,9.722718797737093,1.0,10.0
746541,2024,0.4637635959908008,-0.3833855418773799,11.463155342520032,1.0,15.0
746132,2024,0.7217209452274962,1.8070317495675683,8.344755276145635,1.0,9.0
745566,2024,0.6898300019819156,1.699370824807346,8.814261272094585,1.0,5.0
745485,2024,0.5217505946972276,0.3004986677240822,8.464564079898604,0.0,4.0
745727,2024,0.5059550069455998,-0.20835299382031117,8.839101668695408,0.0,4.0
746621,2024,0.587463301960876,0.8802926729937792,8.82897576583186,1.0,11.0
746699,2024,0.49779138000236406,-0.1860721475656226,9.2367661666253,0.0,11.0
746051,2024,0.4039060220217163,-1.0638438993839936,8.888538276533342,1.0,10.0
746457,2024,0.6292540634061278,1.282141546192573,8.172468874102982,1.0,13.0
746373,2024,0.47458225393651204,-1.0376184099371741,8.761359234532192,1.0,9.0
745165,2024,0.5583325391941073,0.206554479558167,7.664067879626171,1.0,8.0
745000,2024,0.5437656475910126,-0.022128241204203567,9.282433513639287,1.0,4.0
746536,2024,0.4688753627896258,-0.4177739274121477,11.930331527621775,0.0,3.0
745648,2024,0.42736160357684466,-1.426331320883298,8.956246694597104,0.0,3.0
745396,2024,0.5110809263243862,0.06150314452392911,8.575463427725193,0.0,8.0
746862,2024,0.5411589798792471,0.7759242961882044,8.513833047344503,0.0,7.0
747021,2024,0.5002813358767526,-0.5962982277254248,9.385734761312152,0.0,5.0
746458,2024,0.4255246350379646,-1.181026465353002,8.592804266532479,0.0,9.0
745078,2024,0.4512105468963613,-0.4839685085019815,8.848886322337718,1.0,7.0
746696,2024,0.5851103511521271,0.7080928339519432,9.646342637901283,1.0,16.0
746941,2024,0.5794438746587512,0.4756111227748134,9.560045148221393,1.0,13.0
745160,2024,0.4255194737441545,-1.1055297714809011,9.063913778121083,1.0,7.0
746780,2024,0.4094285056296574,-1.015088916351702,8.52969063187799,0.0,3.0
746298,2024,0.6868451623175791,1.7584568497331372,8.497368769008538,1.0,5.0
745974,2024,0.6152480352088375,1.111954632067784,8.147468984500499,1.0,9.0
746218,2024,0.5362132204262086,0.053062574339243274,9.283732807964222,1.0,6.0
745397,2024,0.5782433771438398,0.8578627576766769,8.809875950512016,1.0,13.0
745323,2024,0.4654708350905864,-0.5672052560358222,8.76767856961758,1.0,9.0
747022,2024,0.5772869503215196,0.7540801145359,9.414380707423657,0.0,18.0
746454,2024,0.47436174722851765,-0.7951046043817308,7.689601048380552,1.0,5.0
745076,2024,0.47123719449134027,-0.5808869446289774,8.473362807297843,1.0,14.0
745806,2024,0.4101985489661078,-1.3178406355429158,8.909322543079597,1.0,16.0
746697,2024,0.5193215720196563,-0.2353757842111084,9.100372442624426,0.0,14.0
746943,2024,0.5003268215240975,-0.3999364333636467,9.512011981102658,0.0,13.0
746372,2024,0.7265928923256751,1.9992487406111275,9.104272225363282,1.0,7.0
746775,2024,0.38532399815230406,-1.7949479907073103,10.54890915492748,0.0,7.0
746293,2024,0.6822860552152753,1.8217108926266337,8.447180161543272,0.0,3.0
745973,2024,0.6079159490476501,0.7129047920060649,8.513877998630068,1.0,4.0
746213,2024,0.530767026707316,-0.11651749277074272,10.158343921261492,1.0,12.0
745399,2024,0.5127041564069669,-0.43768717730428086,9.189285875951086,1.0,16.0
747188,2024,0.43623871896221206,-0.7985906996993635,9.251666628823186,1.0,9.0
745322,2024,0.5296582955309497,0.33489961010420655,8.491022588693241,1.0,6.0
745073,2024,0.46455107503217774,-0.5201891705182337,8.766307678691035,0.0,7.0
746695,2024,0.5513111349316241,0.495639585851868,10.285208911182686,0.0,7.0
746456,2024,0.4530772158124815,-1.1045487262567855,8.41548067717607,0.0,8.0
745157,2024,0.41312667659648816,-1.1580473932158963,8.607327953049307,0.0,8.0
745975,2024,0.5259025209565876,0.12457800032075025,8.866489034330563,1.0,11.0
746374,2024,0.6790945368499212,1.6065519681319749,8.752734636425794,1.0,8.0
746291,2024,0.6269530015959478,1.3715996983700363,9.099815106401367,1.0,6.0
746212,2024,0.5628267646272218,0.20552723990828065,9.308801040120862,1.0,7.0
745400,2024,0.5528574876615516,0.1901027436637726,8.476993930364678,1.0,13.0
747019,2024,0.5923585485577578,0.9417314349788934,9.296421300604324,1.0,6.0
745808,2024,0.4422209914294924,-0.9688543211321435,8.64898763822339,1.0,14.0
745158,2024,0.4531800068517078,-0.6550687374074947,9.359672792806755,1.0,5.0
746777,2024,0.3968664740723764,-1.1841100311872887,8.86770534354846,0.0,4.0
747184,2024,0.43394265586817243,-0.8651399276640757,9.993868671097568,0.0,11.0
745325,2024,0.5343160435905915,0.21748001279908702,8.763166166503277,1.0,7.0
747185,2024,0.478363448704656,-0.5160560460323755,9.674054655371263,0.0,19.0
745324,2024,0.5036564351524321,-0.6453416459252439,8.62566894565673,0.0,8.0
746816,2024,0.35721739535563707,-2.0812895470761505,9.002708436208385,1.0,1.0
745565,2024,0.7219673354200434,2.2681572649173436,8.618304299044652,0.0,11.0
747020,2024,0.674304385709692,1.6723971396750976,8.712458714817998,1.0,13.0
744919,2024,0.4491268552762319,-1.0437974664159864,8.976422560607482,1.0,11.0
745162,2024,0.5094944879741019,-0.4179213765735262,8.80323822297866,0.0,15.0
746288,2024,0.4869889534706148,-0.23910753629190654,9.334036936911229,1.0,3.0
746210,2024,0.4667800283146658,-0.8353350351380918,8.808924559277308,1.0,5.0
745560,2024,0.6980930446638005,2.072006558132439,9.083370754493371,1.0,2.0
745070,2024,0.5461662797665395,0.19439252731793125,8.50428861876339,1.0,4.0
747017,2024,0.6264766815568229,1.5103046445112411,9.248561797478537,1.0,3.0
744922,2024,0.4763444965284128,-0.45314175544724383,8.574216159172995,0.0,21.0
746776,2024,0.5662066868846702,0.6812465130559482,9.178513964320766,1.0,8.0
746939,2024,0.5829700507646572,0.7509361067071169,10.296500780593856,0.0,11.0
745804,2024,0.4814293536408069,-0.1471036517439183,9.562317838678304,1.0,9.0
747105,2024,0.6468247534141558,1.4480485101155591,9.327198044986476,1.0,7.0
746292,2024,0.4752123644069928,-0.38788907144155615,9.408399239998417,1.0,13.0
745970,2024,0.5678730950549198,0.24900218820224015,9.33697433641558,1.0,6.0
745161,2024,0.5076402662485624,-0.3833613455855091,8.792321593843745,1.0,1.0
746214,2024,0.4988694957577446,-0.3350633637297621,9.816276399766203,1.0,7.0
747183,2024,0.6175374149026629,0.7989073397845087,9.553470355723254,0.0,13.0
745238,2024,0.5268629620495004,0.013322561575913293,7.88591338694137,1.0,5.0
745319,2024,0.5078746793402447,-0.29915170429706955,7.862663388086585,1.0,8.0
746778,2024,0.5851391440901735,0.605606797497801,9.012682799606946,1.0,14.0
745159,2024,0.5335893475526029,0.2498999283165477,7.809023946733809,0.0,13.0
744921,2024,0.43762072254194817,-1.165583859121615,8.63278559278072,1.0,12.0
745559,2024,0.7122951429569845,2.2331573001218925,8.838268193101099,0.0,5.0
745972,2024,0.5408699566135,0.17909809085171563,8.492389276796407,0.0,8.0
747104,2024,0.6180082464870977,1.0717741920976938,8.413965850098393,1.0,3.0
745801,2024,0.4509279284590335,-0.6815801796078484,9.016094192886449,0.0,15.0
745071,2024,0.5373177146400238,0.24644013838657317,8.60316652531685,0.0,9.0
747186,2024,0.6690716115912533,1.6347299961393185,9.150070180185486,1.0,3.0
746289,2024,0.49350088459764985,-0.4953720075205295,8.383055461773033,0.0,9.0
746940,2024,0.5364113637284152,-0.12471076717562048,9.269540905920119,0.0,12.0
745317,2024,0.40644708720523887,-1.345622771630938,8.633875264336067,0.0,21.0
747018,2024,0.6324316979289264,1.3148488370622147,9.599258853776687,1.0,11.0
746211,2024,0.4799687610235183,-0.6138008024014868,9.318923919355882,1.0,11.0
745239,2024,0.46448157716714983,-0.3463287305491186,8.140457320107508,0.0,6.0
747101,2024,0.6346361288034454,1.1970957119076866,9.443923492319106,0.0,6.0
746938,2024,0.525017793835603,-0.15222276621576827,9.954848573924465,1.0,5.0
745555,2024,0.7205970738390584,2.220082193823939,8.853822534281703,1.0,13.0
744916,2024,0.45793643045898036,-0.978485418615561,8.585907761674035,0.0,9.0
745802,2024,0.4699970480719171,-0.21259165392518192,9.484870311184807,0.0,15.0
745072,2024,0.5277947858021768,0.42407008696070525,9.007198403914375,1.0,5.0
746290,2024,0.5097085421612236,-0.07658888760098206,8.435943556231521,1.0,8.0
746779,2024,0.6047905963728167,0.8539303271550445,8.357276740925522,0.0,9.0
745971,2024,0.6389402770835545,0.9862220116834621,8.10217204994647,1.0,8.0
745154,2024,0.4813318053596625,-0.5577230647562742,8.717810865306411,1.0,2.0
745320,2024,0.44627609304995436,-0.8051371468276869,9.184178715732886,1.0,14.0
746209,2024,0.49101745525190954,-0.19035286506995863,10.062392666403422,0.0,13.0
747182,2024,0.6287722130929133,1.3876280223960422,9.324647970536528,1.0,6.0
745243,2024,0.5057978071719752,-0.21058951547875748,8.03457991196515,0.0,8.0
747016,2024,0.6473020976179251,1.318780047598057,9.395204175321634,0.0,13.0
744914,2024,0.438658959888954,-1.047606648388341,8.84334348875468,0.0,4.0
744840,2024,0.5018467366813792,0.15234518581850767,8.975256471093367,0.0,16.0
746535,2024,0.3914992574932961,-1.6652532322854947,12.049526795979714,1.0,15.0
745482,2024,0.5158191885517103,0.41020456740322836,8.556540832247059,0.0,11.0
746623,2024,0.6865724316687987,1.3874195538389322,9.385201172882155,1.0,13.0
746047,2024,0.4130590895220045,-1.163697788637933,8.7517825767625,0.0,11.0
744838,2024,0.4556407222146064,-0.35319382827558116,9.014514080132285,0.0,9.0
745730,2024,0.6404826511283478,1.285978524097869,8.584754172840007,0.0,9.0
744913,2024,0.45482783948017186,-0.5522755010039907,8.800771341203003,1.0,13.0
747102,2024,0.6487778891339546,1.3711894054534992,8.831921852591902,0.0,8.0
745886,2024,0.5370117896002147,-0.06250315732249662,8.121779270296907,1.0,8.0
744999,2024,0.4660848330550103,-0.6454290866112684,8.41404663285319,1.0,7.0
746860,2024,0.4142846736586796,-1.2519164729833403,9.327454858213521,0.0,10.0
746282,2024,0.5276418777496241,0.5768015577277769,9.309407228346194,0.0,6.0
746537,2024,0.4006172378830981,-1.5505651599738215,11.527007988887492,0.0,7.0
745647,2024,0.534454040562807,-0.3708875540165688,8.49830845220503,1.0,12.0
745240,2024,0.5022153016890579,-0.36315701601456607,8.073065172374607,0.0,2.0
746133,2024,0.624257563935704,0.8958861307995484,8.637057831968303,1.0,11.0
745487,2024,0.5092150404944893,0.4705693255991234,8.943988098371785,1.0,9.0
746617,2024,0.6631902488513448,1.430494259959836,8.90679551324993,0.0,10.0
746045,2024,0.41445040902388713,-1.0231571907996686,9.560188910700806,0.0,9.0
744837,2024,0.4779921045256355,-0.4756401237453688,9.015457462700143,1.0,12.0
745728,2024,0.5657567241655432,0.7193764722688666,9.187445399715067,0.0,5.0
744915,2024,0.46800139228286086,-0.27927991176204237,8.512553927055366,0.0,11.0
747100,2024,0.6258494358959378,1.291233225663648,8.822943169998428,1.0,4.0
744998,2024,0.5310553268558764,0.9785083339478491,9.011875480948847,0.0,10.0
746858,2024,0.41906635763963157,-1.3224320267994063,8.276366954098947,0.0,8.0
746283,2024,0.526342442581329,0.17047423455793267,8.9435514446172,1.0,6.0
745888,2024,0.5960737458939682,0.5832479253744561,8.776056824521755,0.0,11.0
746534,2024,0.38921959468996375,-1.7526510725561861,11.86006888113513,0.0,3.0
745643,2024,0.5090868935964963,-0.20090426680438067,8.92044615309415,1.0,5.0
746128,2024,0.6499878677774885,1.3534302385732504,9.228190401030403,0.0,16.0
745234,2024,0.5142219824144838,-0.4468342345763789,8.272531998323055,0.0,5.0
744834,2024,0.49323644035165387,0.24065561599801014,9.136597474029319,1.0,1.0
745484,2024,0.48503548629484733,-0.22178007024961427,9.479198192006782,0.0,5.0
745726,2024,0.6201105029491167,0.8475553358266182,9.274660581490664,0.0,12.0
744912,2024,0.42755260744869744,-1.0302292288924777,8.601275560083382,0.0,8.0
746043,2024,0.40432124741233283,-1.2347955489558182,8.569245620455861,0.0,11.0
746619,2024,0.7040986345021986,1.7838383392155461,9.077829481195764,1.0,12.0
745890,2024,0.6214072409516259,0.7052956392539329,8.871963885626162,1.0,15.0
746857,2024,0.4041871423984938,-1.386739008441741,8.96425785913362,1.0,12.0
744996,2024,0.4560672544500374,-0.712388801131187,8.881675364398193,0.0,4.0
745641,2024,0.5338756014970835,0.07223108429606732,9.076452579849441,1.0,5.0
745236,2024,0.4394939028198062,-1.178360739285164,8.47438104073217,1.0,10.0
747103,2024,0.559324314986267,0.6757079471738097,8.880793287087853,0.0,6.0
746285,2024,0.4805200973044484,-0.2962612906826368,9.163563846417928,0.0,18.0
746532,2024,0.3902217833362569,-1.8520506850523386,11.748504203639094,1.0,7.0
746126,2024,0.5913545638445625,0.6089221327815459,8.878777533029902,0.0,12.0
746859,2024,0.6256012219231755,0.8502666592127848,8.280734014561691,1.0,6.0
745479,2024,0.5276682521289053,0.40904742528207416,8.338543819176031,1.0,16.0
744836,2024,0.44418938865804575,-0.8767098880685198,9.381049600970249,0.0,13.0
745725,2024,0.5207710651712745,0.039508710937296715,8.613415452918765,0.0,8.0
746693,2024,0.5606393846530997,0.02979212640571319,9.314699864895424,0.0,9.0
746620,2024,0.660633261891081,1.5954246856519587,8.368461086854733,0.0,6.0
746046,2024,0.5594234325235765,0.3842180324058784,8.662743531949147,0.0,5.0
747097,2024,0.5326317842304725,-0.25682074047021236,8.678401336096705,0.0,14.0
744992,2024,0.48167579343435385,-0.3537989227793956,9.839015626993572,1.0,3.0
746533,2024,0.47043669889040074,-0.21805349571013916,11.316953115759773,1.0,6.0
745884,2024,0.5692605636196811,0.28209267566881857,8.606398907796443,0.0,25.0
745639,2024,0.39027632506006915,-1.8068371068443352,9.179587253605792,0.0,5.0
745398,2024,0.5286510250781878,0.015924027280214626,9.519827360210101,1.0,18.0
745237,2024,0.5583526800305312,0.31487657950148473,8.065427966381682,1.0,3.0
746127,2024,0.558097537329254,0.3222719617385738,8.283804737895425,1.0,13.0
745724,2024,0.5683369892202674,0.33985193680674497,8.6007357299053,1.0,18.0
745885,2024,0.5560907326905532,0.08728683511393948,8.742423945252916,1.0,12.0
746856,2024,0.5772303833432811,0.5297958203030376,9.007698562773955,0.0,7.0
744835,2024,0.5034073771225779,0.01663903419037676,9.030714206671194,1.0,20.0
744995,2024,0.5192309041397103,-0.13137202381596924,8.771255806116558,1.0,7.0
745476,2024,0.4771802001931983,-0.3325050422782446,9.755385237099718,0.0,7.0
745642,2024,0.3920605597876913,-1.8330925941880298,9.04176941772115,1.0,27.0
746694,2024,0.5787973839800199,0.43416379782112896,9.278802686930257,0.0,8.0
746615,2024,0.5616202335639979,0.7361202287461119,9.025663565814066,1.0,9.0
745235,2024,0.547624136090718,0.2973068396360477,8.847895625264186,0.0,9.0
746044,2024,0.5008596537442647,-0.5940328378010726,9.042155291456192,1.0,7.0
747099,2024,0.45592053192544235,-1.0706625689933091,9.182632655018624,1.0,6.0
746129,2024,0.49507621756618675,-0.36815518543265197,9.07846242085522,1.0,8.0
746529,2024,0.4629622248720182,-0.17299558697343856,11.406881405393147,1.0,4.0
745395,2024,0.561764379098411,0.1655531325057877,8.66126006261781,0.0,12.0
745477,2024,0.45806171136753854,-0.5912810562291343,9.234228588385879,0.0,5.0
744832,2024,0.4985537105934557,-0.07846913647595229,9.196243726500803,0.0,11.0
747098,2024,0.5471996182864146,0.29538076613088815,8.901082222348245,1.0,6.0
746039,2024,0.5709650860144704,0.3319411185702078,8.639053115827302,1.0,11.0
746691,2024,0.483369841986754,-0.6937900404355298,9.31601361451129,0.0,6.0
746616,2024,0.5636430150998294,0.6889604265893594,9.470444985703137,1.0,9.0
745883,2024,0.537900552986021,0.06388955147534814,8.88618904832927,1.0,5.0
746855,2024,0.5436821625487501,0.14293311771245498,9.02257728791974,1.0,5.0
744993,2024,0.5500591673864347,0.5173109903081806,8.742556047384989,1.0,15.0
746530,2024,0.47998660403828003,-0.11298366686665574,11.070670454643588,0.0,11.0
745637,2024,0.4051079006022885,-1.9942357427389537,8.68464552288804,0.0,9.0
745391,2024,0.5903833451179231,0.8606265635835021,8.731952834647194,0.0,10.0
745233,2024,0.6048593250778531,0.8696656697064146,7.620977770990159,0.0,9.0
746122,2024,0.5912015320115651,0.4576649371733885,9.115310453069595,0.0,11.0
745723,2024,0.5381837126869039,-0.02532833515242352,8.563673782481906,0.0,3.0
745480,2024,0.5168085445988738,0.22007248629899803,8.549340816092753,1.0,10.0
744833,2024,0.5133641024567424,0.14979366033421193,9.221602667015668,0.0,6.0
746455,2024,0.42711401961956613,-0.9976794006808548,8.985407984450532,1.0,1.0
746692,2024,0.6394200877324985,1.170447929418498,9.454868414394237,1.0,6.0
746771,2024,0.38992828822227255,-1.8368332151575348,10.102186721284468,0.0,14.0
746208,2024,0.47412892941293,-0.5099538980856733,9.237192911531084,0.0,13.0
747181,2024,0.47108448934045427,-0.4604672218494702,9.635350914416751,0.0,9.0
747014,2024,0.6030566977004578,1.262250809214441,9.216999178389331,0.0,11.0
746451,2024,0.451375973126914,-0.9586651877603011,9.134274555095905,0.0,17.0
745557,2024,0.5667992036471592,0.23716963235849087,8.590237857436703,1.0,11.0
745074,2024,0.4716837567651859,-0.42046215413240384,9.121570608829114,1.0,8.0
746690,2024,0.6938272590356334,1.7961923787874192,9.619994636923309,1.0,18.0
745803,2024,0.5204171663762938,-0.14686165284454936,9.451244150039042,1.0,12.0
746937,2024,0.6223688769357523,1.3276074116418033,10.396641533037423,1.0,21.0
746368,2024,0.6537497202951115,1.9035521837580245,8.888564094035573,1.0,7.0
745968,2024,0.6223694016996297,0.816420824385164,9.406415406092494,0.0,14.0
746206,2024,0.4286920203156216,-0.9563869932846732,9.140448936690934,0.0,9.0
745393,2024,0.4577953477668688,-0.7920046021156621,9.160679069958338,0.0,11.0
747180,2024,0.46049238503269635,-0.7452260943657426,8.49837682611354,0.0,8.0
745316,2024,0.5334760203624815,-0.11522974324522688,8.143541811998123,1.0,7.0
745155,2024,0.537414266653119,-0.15532443192713563,8.69695532559857,0.0,10.0
746772,2024,0.39144109886260703,-1.6983984626884208,8.611894815018523,1.0,4.0
746773,2024,0.3749179601470912,-1.8483563187110783,8.831655797578767,0.0,5.0
747015,2024,0.636001784700095,1.2497575676054056,8.487027247074781,0.0,4.0
746453,2024,0.4439439359792246,-0.9800449430773084,8.30089705577731,1.0,9.0
745394,2024,0.5353030682534813,0.04473050925473207,8.360749791817643,0.0,2.0
745069,2024,0.5081117868589358,0.35129798688813585,8.730002298984287,0.0,3.0
745556,2024,0.5800341056146923,0.7118139608822668,8.987991106667819,1.0,7.0
746689,2024,0.6786344400729584,1.4801770753136436,9.79986364879111,0.0,11.0
745796,2024,0.5463540721838819,0.37059176668177785,9.972901648861905,1.0,8.0
746934,2024,0.6836622311666506,1.875436447142391,10.254796544579612,0.0,7.0
745156,2024,0.5021564889473169,-0.6857909170137683,8.653843769036142,0.0,13.0
746366,2024,0.6770751608797219,1.7122407788109875,8.68981446731679,1.0,10.0
745969,2024,0.6403932940513739,1.0860524071567526,8.9061888874241,1.0,9.0
746205,2024,0.453200206519451,-0.5133042480254913,9.504894206762131,1.0,9.0
747179,2024,0.44809640295293673,-0.9683279884074417,9.560811170866144,1.0,12.0
745318,2024,0.5586486536355214,0.42378507091658113,7.715511852817336,0.0,16.0
746688,2024,0.7110373754871661,1.9904305062121828,9.544238350333565,1.0,9.0
746452,2024,0.4672969748554333,-0.4520295970133638,8.527262248817085,1.0,11.0
745799,2024,0.5273401810188669,-0.41286011639813824,8.837998036970362,1.0,7.0
745967,2024,0.5510633687921116,0.28768759009982375,8.42519825080006,0.0,1.0
745313,2024,0.5001619870745884,-0.687640911157443,8.476015270871036,0.0,8.0
745558,2024,0.5752171970557989,0.3229130690478313,8.966990342542648,1.0,6.0
747011,2024,0.5783731279017725,0.8026665024291971,8.959029187406056,0.0,8.0
745065,2024,0.434973426904224,-0.9296126532807962,8.542021644320577,1.0,9.0
746935,2024,0.6847459717123412,1.6405684872489597,9.978540359734835,1.0,7.0
746367,2024,0.6756129213995485,1.69823605982986,8.74669148821849,1.0,9.0
746204,2024,0.4337673958631123,-0.8603568027087359,8.991509674062426,0.0,11.0
747178,2024,0.44097439661618204,-0.8715333281680866,9.428366257684456,1.0,1.0
745552,2024,0.7224320533733772,2.111682315460087,8.985498685167933,0.0,8.0
746450,2024,0.5139753287687809,0.0627850327834011,7.755624502906703,0.0,7.0
745064,2024,0.48566327094782297,-0.040875341299213684,9.10677050991872,1.0,2.0
747012,2024,0.46863697678823935,-0.5306020613905276,9.91927838515319,0.0,5.0
746936,2024,0.5224619406246971,-0.33960797795656966,9.169874788382318,0.0,7.0
745800,2024,0.7143052259871203,1.9673728954472929,8.76961515939417,1.0,13.0
746685,2024,0.6455489101351688,1.1026004813800414,9.707942638451838,1.0,11.0
746371,2024,0.5496125105435659,0.08862421418984548,8.935305995813534,1.0,9.0
746774,2024,0.5192106568668513,0.1364223178179385,8.258174268817267,0.0,5.0
745965,2024,0.6718094193929156,1.7252360418805375,8.227768237460397,0.0,7.0
745153,2024,0.5502315014425219,0.38520726205440775,7.907127201975888,0.0,6.0
746207,2024,0.426703465777772,-0.699814183805906,10.057657588936786,1.0,11.0
747175,2024,0.5126667127834426,0.13546465470477229,9.581397007470278,1.0,9.0
745390,2024,0.46600163653616383,-0.6110047917533442,8.850600198290113,0.0,7.0
745312,2024,0.41965802247912715,-1.166654838821516,8.596466171507451,1.0,8.0
746447,2024,0.44098311688771225,-1.1573983080855677,8.912151480989952,1.0,20.0
746766,2024,0.4713254659172819,-0.2203641518654212,10.033985996659077,0.0,8.0
745152,2024,0.4983771298463609,-0.5636415780346381,9.106839563120626,1.0,14.0
745549,2024,0.6728609627027956,1.37542094948511,9.137773393478014,1.0,16.0
747013,2024,0.5392756826778813,-0.009338849028357583,8.845723851747097,0.0,7.0
746930,2024,0.5400693957791993,-0.534539018005499,9.768881317814389,1.0,5.0
745798,2024,0.6916759034482145,1.2381239201282208,8.996780252682731,1.0,10.0
745067,2024,0.4721903178144972,-0.6030228658322159,8.466526177961244,0.0,6.0
746369,2024,0.5093374661390032,-0.45220419036386805,8.728679334449179,0.0,3.0
746687,2024,0.6268844751908107,1.1495082805945582,8.903159572115115,1.0,16.0
745963,2024,0.5462294690346406,0.07862676010765522,9.209154274825918,0.0,11.0
745311,2024,0.42735964393616066,-1.0569135610307503,8.941336515257937,0.0,6.0
745392,2024,0.4701421291952686,-0.7552514247461253,8.618115597789497,1.0,4.0
745175,2024,0.5122152985535344,-0.20974866302897227,8.843839152061982,1.0,9.0
746202,2024,0.43185106820853436,-0.8234575826922851,9.13908209326296,1.0,3.0
747177,2024,0.5279048813643387,0.051920838981240156,9.46882342739696,1.0,13.0
747009,2024,0.5218119223141293,0.08553186421389418,9.531678250958615,1.0,11.0
746932,2024,0.5333186079170418,-0.300286599797261,10.226559969733682,1.0,9.0
745551,2024,0.7263186960355317,2.1769628047056235,8.963581811700914,0.0,21.0
746449,2024,0.48006122581922817,-0.5810998428174432,8.677186371159006,1.0,7.0
745797,2024,0.6761875826998334,1.3153445621004183,9.564758861418042,0.0,13.0
745066,2024,0.47362099388666273,-0.16553522790576708,8.664931399399991,1.0,2.0
746686,2024,0.6837237969244282,1.404956182774533,9.486751480113226,0.0,5.0
746370,2024,0.5133756636032486,-0.32668385837722186,8.929428637793098,0.0,6.0
746769,2024,0.4230206475469898,-0.8264838574835011,9.507408474812442,0.0,13.0
745962,2024,0.6156657482965503,0.8299470234114978,8.64276493670393,1.0,12.0
745151,2024,0.5212301414009306,-0.059824318834842266,8.73048734047568,0.0,11.0
745314,2024,0.4769638457197511,-0.12732325955638937,8.340972034817447,1.0,5.0
746201,2024,0.4145512955808252,-1.001798272470498,9.064876969605269,1.0,5.0
745385,2024,0.4323133654252062,-1.1017565343800346,9.248242834392807,0.0,9.0
747176,2024,0.5658588593791545,0.21022133918618738,9.070924790148473,0.0,15.0
746854,2024,0.5753430667142955,1.0051735432666804,8.036305705951156,0.0,7.0
745481,2024,0.4079438396297138,-1.3792924722198032,9.613838408461982,1.0,15.0
744829,2024,0.4700151364675428,-0.4164274115139173,9.897817848722038,1.0,13.0
745721,2024,0.5586863941784196,0.22355896762582467,8.11632182634084,1.0,7.0
744911,2024,0.49735654108666405,-0.3007089215272006,8.364806791921552,0.0,9.0
746618,2024,0.6069606702279027,0.9089745089027055,8.32058502084587,1.0,7.0
746040,2024,0.43650154465334645,-0.8881268307282093,9.123800324435932,1.0,10.0
744990,2024,0.4673712913910364,-0.985788622940159,8.628394488904307,0.0,10.0
746284,2024,0.6990011917196177,2.0013637909807,9.15258116737349,1.0,8.0
746531,2024,0.45051187312263496,-0.5587569475974554,11.763767728979253,1.0,10.0
745640,2024,0.5221370659061516,0.03308590583392659,8.99578968773137,1.0,16.0
745228,2024,0.5416128918796956,0.052724948380396305,8.188326586217002,0.0,3.0
746123,2024,0.5192086717707478,0.059365204583766006,9.384549570705987,1.0,5.0
745720,2024,0.6093505395409132,0.905147015552571,8.313999526983828,0.0,10.0
747093,2024,0.5905565979426709,0.5905227487535525,9.071121946903258,1.0,5.0
744910,2024,0.4784315562269522,-0.4889266532616904,8.692086972894577,0.0,10.0
745638,2024,0.5333187968551993,0.16033824292748505,8.850440842717333,1.0,10.0
746041,2024,0.4503706245235292,-0.7961109147849439,9.344500762881582,0.0,1.0
745478,2024,0.41449335181601393,-1.4494808879632126,9.312849885664594,1.0,5.0
744830,2024,0.4844347219512084,-0.308235373822361,9.043129565930759,1.0,9.0
744994,2024,0.45738055789542154,-1.0916882821133818,9.21033500589858,0.0,12.0
745880,2024,0.5212111585465315,-0.07918096476586255,8.492859835518129,0.0,12.0
746613,2024,0.5452124865504601,0.06565761015868093,8.048911006679253,0.0,7.0
746286,2024,0.6695529542158678,1.8210010795450442,9.309665580422532,1.0,7.0
746852,2024,0.4858610368434448,-0.36864237056765553,8.941343037711666,0.0,3.0
746121,2024,0.5488664518562356,0.18396358939368895,9.330300910902462,1.0,13.0
747096,2024,0.5013172836994039,-0.31716454796330945,9.238172629410746,0.0,14.0
746527,2024,0.4544550740464935,-0.49571318553230265,11.56741247574716,1.0,7.0
745229,2024,0.5286036465446887,0.058480337893071555,7.719896070504848,0.0,6.0
745882,2024,0.5314278859439319,0.19335177709814427,8.863336806972884,0.0,15.0
745470,2024,0.44749302810030306,-1.0991426468828311,9.261960309183895,0.0,6.0
747094,2024,0.6005414040312939,0.9273244920161896,9.347278687185165,0.0,8.0
744831,2024,0.4804454776678593,-0.39078599123634494,9.194220412165324,1.0,7.0
745722,2024,0.5676332473619384,0.5801002841472629,9.09995438828589,0.0,10.0
744909,2024,0.51304671936459,0.3706910820967603,8.455655492247827,1.0,9.0
746042,2024,0.4390209465813771,-0.9313364326952338,9.131992609708579,1.0,6.0
746610,2024,0.5087472113517804,0.11467546967185166,8.450863967621656,0.0,3.0
746287,2024,0.693229857281578,2.0472305902171875,8.760798635860322,1.0,5.0
746853,2024,0.5327033178376215,0.03844042276968969,8.487681617842277,1.0,3.0
744991,2024,0.47248200831929305,-0.828319857044997,9.397888995845701,1.0,5.0
746528,2024,0.5013821860065387,-0.1940090733052276,11.203190669344757,0.0,5.0
745633,2024,0.519344795761568,0.12485349276874087,9.08022935709074,0.0,13.0
745230,2024,0.525944434545651,-0.00577265435175106,8.363272765667125,1.0,10.0
746125,2024,0.5089352909204518,-0.23249817719098467,9.425829498343754,1.0,15.0
745717,2024,0.5490454320909606,0.3423771737653108,9.075309958274353,1.0,10.0
746612,2024,0.5054650293556876,-0.15146608940055004,9.146839139324301,0.0,10.0
745473,2024,0.5342503266019385,0.35827580038512813,8.536802086988736,1.0,3.0
746034,2024,0.4509156691226906,-0.8663849509772936,9.546761140355839,0.0,10.0
747095,2024,0.591206834481368,0.31816061478858115,8.4135857631694,0.0,5.0
745881,2024,0.47680832801192,-0.8867047436072835,8.853333953724556,1.0,9.0
746850,2024,0.4436508478652631,-1.16772063335299,8.929251084990709,1.0,4.0
744988,2024,0.6093885876518059,1.1011627244752202,9.562449359427672,1.0,7.0
746280,2024,0.573132223792916,0.5367027538583656,8.612522174011195,1.0,14.0
746526,2024,0.42862977067539126,-0.9079104368265402,11.34581824505929,1.0,17.0
745635,2024,0.4146820438833199,-1.1840382155223603,9.52494323369869,1.0,4.0
745232,2024,0.6367988620463703,1.23271189017998,8.245766759280459,0.0,4.0
746124,2024,0.5654099490137695,0.6689581430358841,8.544204397313948,1.0,5.0
746614,2024,0.5237500529524681,0.2126618757774709,8.832409688405608,1.0,9.0
745475,2024,0.548304690201456,0.3558582915445792,8.03926005349439,0.0,3.0
746036,2024,0.3826373500976872,-1.8561221365936844,8.948930435536376,1.0,9.0
744828,2024,0.4988642635516314,0.2202612828006232,9.321657078353775,0.0,4.0
745715,2024,0.6051559505305731,0.8734259848883303,8.516866410201128,0.0,5.0
744904,2024,0.46110670092858974,-0.24519475198070842,8.74180493547557,0.0,6.0
745878,2024,0.45081775696035303,-0.9720641259811548,8.372937715169433,0.0,3.0
744985,2024,0.6213103525670152,0.9869182375401173,8.339697630975989,1.0,5.0
746848,2024,0.47952902886531007,-0.4853117108680472,9.15647132336203,0.0,1.0
746281,2024,0.4886465689507408,-0.013530448176797914,9.262451507311004,0.0,8.0
746524,2024,0.439335884918621,-0.7168958469058712,11.632979191214767,0.0,6.0
745632,2024,0.4313494297586714,-1.1298163717275622,8.890091396085477,1.0,10.0
745227,2024,0.6475621473548339,1.3274935551791498,7.8736355808511655,0.0,6.0
746118,2024,0.580035097896066,0.9930680333546918,8.97405296453413,1.0,7.0
747091,2024,0.607557606605833,0.7234028027041607,9.241638628434409,0.0,13.0
745472,2024,0.49687442979550184,0.008227459026703543,9.61257143700175,1.0,5.0
745877,2024,0.4369618479720866,-1.1145759839793166,8.962203755603515,1.0,9.0
746851,2024,0.5208485155114156,0.01914186275733653,8.269451270478335,0.0,5.0
746525,2024,0.4261182935765563,-1.4053910489027786,11.271189594221298,1.0,27.0
745634,2024,0.43042475940136377,-1.13448318466068,9.231986179647679,0.0,9.0
745231,2024,0.6432020282895927,1.2820428987140138,8.066605131670908,0.0,3.0
746611,2024,0.6141262807954362,0.7747904505262102,8.07120692138849,1.0,3.0
746035,2024,0.3838303705018722,-2.1361981164645187,9.203653151442838,1.0,9.0
744824,2024,0.476177173041032,-0.5641736628212444,9.110493457311883,0.0,15.0
745716,2024,0.6055847479211379,0.456171255694156,8.492879323361473,0.0,15.0
744905,2024,0.4334658847283616,-0.7622709843370319,8.786285141416151,1.0,9.0
744989,2024,0.7015603391132064,2.263445759145767,8.857406215902877,1.0,12.0
746279,2024,0.5695770797804356,1.014611548984916,8.908575843363652,0.0,14.0
746119,2024,0.674669854406877,1.4361206532916202,8.184294462697556,0.0,11.0
744827,2024,0.45297236759723086,-0.8243762871064397,9.639630868818038,0.0,3.0
746037,2024,0.3801167046262562,-2.1929902845048197,9.096469944895226,0.0,13.0
746609,2024,0.5574311542678995,0.4373453766033793,8.19532738722533,0.0,3.0
744984,2024,0.6749288149436716,1.6397414704645608,9.29688795969132,1.0,3.0
744907,2024,0.49045907499661917,-0.3413265082640007,8.205845003974469,0.0,13.0
746117,2024,0.583435873459204,0.7194630372930719,8.62922378790493,1.0,10.0
745794,2024,0.46279845936719055,-0.8377081614124069,9.647343540045636,1.0,5.0
746199,2024,0.5407134452635768,0.4853532621015048,9.368323112012394,0.0,11.0
746448,2024,0.4256853204327023,-1.024822342501557,8.990240740193775,0.0,12.0
745554,2024,0.5849027980401216,0.7322904636816401,8.956424477809659,0.0,4.0
745068,2024,0.4887096979090169,-0.688993844635707,8.661238871459194,0.0,5.0
747010,2024,0.6146442393397104,1.0764453444357358,9.101466763367936,0.0,10.0
744906,2024,0.4709635398316748,-0.4978086586782725,8.676128637972607,1.0,11.0
745792,2024,0.5180461444154568,-0.20020200789793038,8.514157991359887,1.0,12.0
746933,2024,0.43577994285726634,-1.0582632494690458,10.264370858118276,1.0,16.0
746277,2024,0.5514050814884948,0.8716675077198625,9.168259485975666,1.0,6.0
746361,2024,0.5214258073641805,0.22061792455140739,8.793192092841059,1.0,5.0
746767,2024,0.3913347869120495,-1.3491742720871,10.202753542200234,0.0,10.0
745964,2024,0.7070225777859074,1.8610382756971746,8.182303883239872,0.0,8.0
745146,2024,0.5794607824686286,0.21997319877293683,7.798999704523466,0.0,18.0
746200,2024,0.52353345436227,0.23935222847397558,9.145474027509795,0.0,9.0
747174,2024,0.5518536895110656,0.5907153840686395,9.275010646476698,1.0,7.0
745315,2024,0.6519863275959356,1.7157632104613336,8.833643320315009,1.0,15.0
744908,2024,0.5031700840396638,0.3333181283902436,8.583172861157788,1.0,10.0
747006,2024,0.49114744553875944,-0.4640532596102006,8.821850395235039,0.0,13.0
745793,2024,0.4780898524779253,-0.2984680501688383,9.156322176660511,0.0,4.0
745059,2024,0.5111128304370639,-0.15002024417080276,8.54485289665883,1.0,4.0
745553,2024,0.5822213148130667,0.8438582819205385,9.34562330363372,1.0,8.0
746446,2024,0.5132780164879686,-0.2406569528381612,7.564870563446079,1.0,9.0
745307,2024,0.6676361229379397,1.3900635295630834,8.275883747441954,1.0,5.0
745310,2024,0.6642918139532995,1.6680220430916242,8.686372221753533,1.0,5.0
746278,2024,0.5454344998680987,0.13786069953917868,8.195556248985802,0.0,13.0
746362,2024,0.48668868470505156,-0.11707977727249469,8.953780585815384,1.0,13.0
745966,2024,0.634159832607473,0.971593886479915,8.75156817340073,0.0,10.0
745150,2024,0.5614533040599721,0.14934101269841787,8.734249623791948,0.0,17.0
746768,2024,0.41197894580738703,-1.3495513527457341,8.674575117592592,0.0,9.0
746931,2024,0.5144328814039941,0.06715376859908162,10.666134182950488,0.0,19.0
747171,2024,0.539370472587386,0.33215302994051965,9.246152304484836,1.0,14.0
746203,2024,0.49425305760706534,-0.3314559774307164,9.806792103699209,0.0,4.0
745063,2024,0.4685938886980657,-0.7674868378770273,8.23415512667059,1.0,3.0
745550,2024,0.5506796900182828,0.22599594635035658,9.103490197656477,0.0,7.0
747008,2024,0.5780984665811496,0.7866037106821557,9.543771535718726,1.0,14.0
744902,2024,0.4663960478609397,-0.5412550925164505,8.838879779414732,1.0,10.0
746445,2024,0.4378732554535151,-1.0390305689561727,8.80934034881274,0.0,5.0
745795,2024,0.4648779864678931,-0.6647853933625103,8.96938921538955,0.0,11.0
746274,2024,0.5797481501274439,0.6545937804273546,8.445889816447831,0.0,10.0
746364,2024,0.4819774830565124,-0.12308372798082978,8.854155880985045,0.0,8.0
746770,2024,0.4410566694200383,-1.1191840238347708,8.338026134085407,0.0,9.0
745961,2024,0.666506791799498,1.1634055671625096,8.670065295444552,1.0,8.0
745145,2024,0.5337624921522828,0.05165736736148112,8.950895374680277,1.0,7.0
745305,2024,0.6746447033243258,1.8163093068025202,8.747694536095985,1.0,9.0
746195,2024,0.5360686928776903,0.32819229663535693,9.18168857103291,1.0,14.0
747173,2024,0.4875115035971062,-0.575379916949505,9.73657940695091,0.0,11.0
746929,2024,0.5150005439130478,-0.19247996998174052,10.103391948018926,0.0,10.0
747007,2024,0.6588385564581601,1.7051086390441137,9.00312352270728,1.0,16.0
747039,2024,0.5910052048755889,1.112968232812601,9.910374451952732,0.0,12.0
745547,2024,0.5670567123277552,-0.07662249325007055,8.222988773754205,0.0,18.0
746444,2024,0.4350992092403535,-1.1610913864960712,8.301097226036163,0.0,12.0
746684,2024,0.5213591539935415,0.03323577718448981,9.756273160867039,1.0,8.0
746928,2024,0.4737756771759026,-0.6561231203848685,9.830945598451448,1.0,21.0
745791,2024,0.45170143261977985,-0.860789824931337,9.409097233159054,1.0,17.0
745147,2024,0.4741657969187966,-1.0830935151503278,8.69986946176816,0.0,9.0
746360,2024,0.5021803505545295,-0.4576435628139122,7.790847545545399,0.0,8.0
746765,2024,0.4219828744977352,-1.5358605445608313,10.418108953478844,0.0,13.0
745959,2024,0.5138926532647123,-0.1931559652325603,8.780537588655482,1.0,11.0
747172,2024,0.5557756845739218,0.2193386434164879,9.593475377442305,1.0,17.0
746441,2024,0.4801752094671198,-0.8901156739738357,8.170099583995231,0.0,5.0
747005,2024,0.6543558711603942,1.4956832308134163,8.682827056641957,1.0,8.0
745546,2024,0.5430072156749961,0.3852596435830242,9.024796233663889,0.0,13.0
745060,2024,0.6007123613175485,0.7155003894486593,8.260854446546162,1.0,12.0
746926,2024,0.4801657177487322,-0.6532259123904098,9.751694152266587,0.0,16.0
745787,2024,0.514929803304924,0.15201476999222133,8.890560958072182,1.0,2.0
746683,2024,0.4904088488432358,-0.5483666337085161,8.920088403386286,1.0,9.0
745149,2024,0.4757390492358599,-0.7539219103410449,8.996037553452716,1.0,9.0
746365,2024,0.5776448379230169,0.5310945665947321,8.851374745001333,0.0,8.0
746763,2024,0.41023585851803474,-1.2967329199538122,9.848147218165652,0.0,7.0
745958,2024,0.5546545416927292,0.5693854838269086,8.730324397174837,0.0,6.0
746197,2024,0.5990871501627122,1.2818331618437542,9.50337582958583,1.0,17.0
747167,2024,0.5661692376704132,0.5343578344035737,9.622395881882012,1.0,17.0
745389,2024,0.43036736726336194,-1.0289364261080416,8.58473824506635,1.0,11.0
745309,2024,0.5891851802209552,0.7801864710927358,8.763155313125324,0.0,7.0
745061,2024,0.6484422172856155,1.409286688639071,8.313424726301728,0.0,8.0
747003,2024,0.6734726300651168,2.074956462992406,9.08983810081259,1.0,14.0
745543,2024,0.5364005846206366,0.119770017923623,9.023119782130406,0.0,11.0
745789,2024,0.45134894241205514,-0.673557317710705,9.323479008665789,0.0,11.0
745960,2024,0.48876122646766723,-0.644465141361857,7.665737775625395,0.0,8.0
746764,2024,0.39872187252622315,-1.5066165697818676,10.562165412570868,0.0,13.0
745148,2024,0.507303993172209,-0.7070237779028354,8.806111820458206,1.0,11.0
747170,2024,0.6077993190631368,0.8648383515796354,9.23957134172428,1.0,9.0
746925,2024,0.4829876308743222,-0.4461552064559957,10.015207024192307,1.0,5.0
746678,2024,0.549087832664672,0.621225045390376,9.639334378285726,0.0,17.0
746363,2024,0.6089791006503024,0.798366335629503,8.33857217168746,1.0,9.0
745386,2024,0.48765388092201617,-0.12321283074145394,8.310287759171608,1.0,9.0
746198,2024,0.6273645647689048,1.4483320482090007,9.37191162357015,0.0,3.0
745306,2024,0.6235183395909594,1.3261546482563376,7.568647483023183,1.0,1.0
746607,2024,0.5440512017442141,0.02779814479937864,9.143086170919094,1.0,13.0
746442,2024,0.4516341666651031,-0.9100726548516417,9.014500749423684,0.0,8.0
747092,2024,0.6885396608981955,1.9901967373554215,9.060159687806923,1.0,6.0
746849,2024,0.514469115898725,-0.2579287837789012,8.003801210164779,1.0,9.0
746196,2024,0.596397578596567,0.9304255187199578,9.27743091571653,0.0,9.0
746845,2024,0.4920182152128948,-0.36036408652507596,8.733430959765377,1.0,9.0
745471,2024,0.46649617832716667,-0.6518725643544068,9.209992414896512,0.0,17.0
746443,2024,0.5238290527535479,-0.21937220384821812,7.448594993192492,0.0,11.0
744825,2024,0.45403028396530437,-0.535658621846579,9.265013138088062,0.0,11.0
745719,2024,0.5700948261589405,0.8156999935193207,9.346498799566884,0.0,13.0
746605,2024,0.5232752315748139,-0.3381949749553875,9.606250114011104,1.0,12.0
746679,2024,0.4954816660109245,-0.5946103016476765,9.024613452250401,0.0,3.0
747089,2024,0.6893409855321815,1.4652751677429603,9.217191384666414,1.0,8.0
744986,2024,0.44286569365981565,-0.7643270407680776,9.638568677757213,0.0,17.0
746354,2024,0.565058987871184,0.4085251741627701,8.664241702759282,1.0,5.0
745875,2024,0.7164392067292215,2.491894523579428,8.962805158352454,1.0,12.0
746193,2024,0.43924822126804536,-0.906260348278071,9.89593840029978,0.0,6.0
745631,2024,0.4296751842118251,-1.1919555341761217,10.026071506682644,1.0,11.0
745387,2024,0.6933477757501791,1.2097565376852402,9.482983358373808,0.0,7.0
745224,2024,0.4990521145272398,-0.8190986681337445,8.219221280268126,1.0,12.0
745714,2024,0.599943274897964,1.5553779871627946,9.330963152602722,1.0,11.0
746846,2024,0.5372377213993147,0.3273393873441695,8.919985462288942,0.0,9.0
744823,2024,0.4360005947795186,-0.8520146842093983,9.344773534543803,1.0,10.0
746440,2024,0.5243298624674946,0.22721029563020323,8.215345223944716,1.0,11.0
745474,2024,0.5066566456921149,0.21787919740604014,8.604397338377455,1.0,6.0
744987,2024,0.4547053646271139,-0.5056930553268945,9.021007561755267,1.0,11.0
745876,2024,0.6641644639578027,1.659723265542105,8.497700352785623,1.0,8.0
746358,2024,0.5366964754979547,0.052955514568500076,8.734715810092455,0.0,7.0
746608,2024,0.4669960689216214,-0.46254482891083787,9.054913787579816,0.0,11.0
746681,2024,0.5562683295716919,0.11221605901533804,9.512281645080648,1.0,10.0
747087,2024,0.7070506440012474,1.7948091449347432,9.133616481404406,0.0,7.0
745388,2024,0.6657256997097608,1.2343940772051873,9.369208219660317,1.0,5.0
745636,2024,0.4175461258474117,-1.4153253581308303,8.959488387659775,0.0,10.0
746194,2024,0.46129796580725096,-0.6571439597487087,9.287860843050561,1.0,9.0
745225,2024,0.49235081899915323,-0.5871376572742993,8.295611043918052,1.0,11.0
746680,2024,0.5704411181151925,0.43224523674691506,9.372198914901691,0.0,10.0
744826,2024,0.4387587697074866,-0.9409263262915519,9.273547990131771,1.0,7.0
745718,2024,0.6866883071515582,1.6684118817184501,8.592438429716132,1.0,7.0
745468,2024,0.5393858617588725,0.6617599749770156,7.834373280765005,0.0,11.0
747088,2024,0.6962764542347066,1.8695881707147282,8.652356555864573,0.0,7.0
746606,2024,0.49857937101867494,-0.1691355281824304,8.30350723877857,0.0,14.0
746439,2024,0.44548358113359404,-0.9738395788111555,8.962152805872234,0.0,5.0
746356,2024,0.5209695571570994,-0.011189326838649864,8.624676964946962,0.0,1.0
745879,2024,0.7206319423321219,2.0102009766445175,9.065497142837442,1.0,20.0
744979,2024,0.5058453954081036,-0.07850792932370179,8.456268133247342,0.0,9.0
746191,2024,0.45164484137806676,-0.6959327572921161,9.475840845632852,1.0,5.0
745627,2024,0.4270247287050855,-1.389034687591129,9.142824541450606,0.0,5.0
745384,2024,0.7176568451855383,1.7768854747975444,8.875252535933804,1.0,12.0
745222,2024,0.4892779216938316,-0.675117947865691,7.735379827008338,0.0,6.0
746844,2024,0.5737538852254551,0.8287472081655828,8.075777950050973,1.0,8.0
745184,2024,0.5120769493015856,-0.5441366273413474,8.668467318412345,0.0,6.0
746038,2024,0.42928742244179846,-0.7643241524484823,8.981018779280994,0.0,13.0
746600,2024,0.4850818453405511,-0.5049321464342326,9.021111244940522,0.0,13.0
744821,2024,0.4284308631487076,-1.073769551684619,9.718386935080053,0.0,5.0
744982,2024,0.4816521679375114,-0.20576374331728928,9.028021646220463,1.0,7.0
746847,2024,0.4773678943352902,-0.7595266254424178,9.151567944664071,0.0,3.0
746276,2024,0.548924712369518,0.6722578218669005,9.266405888356928,0.0,14.0
745628,2024,0.585299392514412,0.9805500467484187,9.075080368910765,1.0,6.0
746116,2024,0.5415784992319738,0.05010587751237803,8.150684284038856,1.0,8.0
745467,2024,0.43933853033631715,-0.7258914982817458,9.18493118249901,0.0,6.0
746033,2024,0.4347630749877669,-0.8339976156676623,8.863767905074194,0.0,10.0
744817,2024,0.44977676009740797,-0.5695696799752374,8.922247251849614,1.0,16.0
744901,2024,0.45204980816231616,-0.7656826193273871,8.951034473656566,1.0,7.0
747086,2024,0.5360858814906468,0.16862713566996704,9.942031317678602,0.0,10.0
745141,2024,0.5321492505589732,0.09306562558469576,8.028984719349095,1.0,7.0
744983,2024,0.45171396490998794,-0.8153233933642379,9.11536345384932,0.0,6.0
746840,2024,0.48273436823505683,-0.7914909601252802,8.102522882371334,1.0,10.0
746273,2024,0.5595092340040093,0.5234714832967304,8.643310787763305,0.0,11.0
746519,2024,0.46347883056666495,-0.3731322041938425,11.89711608795704,1.0,9.0
745221,2024,0.592737199100629,0.695289249203164,8.080240873305332,0.0,6.0
745629,2024,0.593920335472917,0.5866180731328233,9.186335840709633,0.0,6.0
746120,2024,0.5077424148392633,-0.2509940202914306,8.776756345955942,0.0,8.0
746604,2024,0.5146822719877446,-0.026768574778701214,9.08791258278728,0.0,10.0
746602,2024,0.48097159003134765,-0.35210487180775085,9.48852094898193,0.0,8.0
746842,2024,0.44634334446324336,-1.0170744714731763,8.44818549303484,1.0,10.0
744981,2024,0.4399415374400694,-0.8695700296791324,9.49887100504555,0.0,10.0
745630,2024,0.604227612951341,0.914264982237218,9.244430785643948,1.0,5.0
745709,2024,0.6724766005499595,1.723073994001225,8.488810640501915,1.0,7.0
745713,2024,0.6624519765999045,1.7093773233367053,8.923773618367575,0.0,10.0
745469,2024,0.42574724075299253,-1.1817823196629746,9.019560752167516,0.0,17.0
746031,2024,0.44517647206493405,-0.6151780461302478,8.815373416318893,1.0,10.0
744822,2024,0.4429261003312996,-0.6993601578778705,8.493856023044899,0.0,11.0
744903,2024,0.4431287057777421,-0.8954230745858212,9.454163164507072,0.0,10.0
747085,2024,0.5508632505725786,0.17741001569114762,8.411008239785195,0.0,13.0
745142,2024,0.5111542667624325,-0.08638700919366343,8.286632968510292,1.0,7.0
746272,2024,0.5436187860284717,0.08269692974420023,8.618794415659062,1.0,12.0
746521,2024,0.45803029351138397,-0.3755708558508209,11.395275304622452,0.0,8.0
745223,2024,0.5127605481970214,-0.36997064570605853,7.25981606712211,0.0,8.0
746115,2024,0.5284149913431784,0.263279890895787,9.545352923543662,0.0,13.0
744819,2024,0.46187727180811095,-0.5127795611731762,9.308658755566874,0.0,14.0
747081,2024,0.5500360688706845,0.7950507518935656,9.352083375344547,0.0,23.0
745466,2024,0.46198446175502883,-0.3677701942590586,9.524220184989293,0.0,13.0
746522,2024,0.44261161829994117,-0.4677745851234418,11.7664936316847,0.0,10.0
746030,2024,0.43453430303786356,-0.8813070841169819,8.515626330717279,0.0,14.0
745710,2024,0.6676227680343082,1.7778375710743424,9.036339964317166,0.0,13.0
744899,2024,0.47716044968865595,-0.24719295169865216,8.683239944475593,1.0,13.0
745143,2024,0.5148199552771575,0.02956094194391044,8.735770766436765,0.0,10.0
747169,2024,0.5008453596634507,-0.3539642821922977,10.50234139538279,0.0,10.0
745226,2024,0.5830032540144835,0.6744587252625334,8.22819608959136,1.0,7.0
745927,2024,0.5479254225571079,0.4114132310641989,8.845054924230837,1.0,6.0
744818,2024,0.5424330766626565,0.17969698734574696,9.130971012534008,1.0,5.0
745062,2024,0.43993021923548975,-0.9219320203706778,8.465540082849639,0.0,5.0
744900,2024,0.5074993824479892,0.07518590579935147,8.92253403420603,1.0,4.0
746927,2024,0.5501216645284903,0.12952902356923549,10.166204734735192,0.0,12.0
746032,2024,0.43533944899289523,-0.8857707802477802,9.34592247471546,0.0,8.0
745871,2024,0.48745129058871195,-0.1435150109153049,9.227036984405293,1.0,9.0
746275,2024,0.5350881897014493,0.5170049785852717,9.910857427982462,0.0,13.0
746760,2024,0.42895184392492625,-1.0060648490549573,8.442392696297281,0.0,13.0
745957,2024,0.5488294135916357,0.29286249520091145,8.820208790625697,1.0,11.0
746523,2024,0.4267288378523258,-1.1918819017634272,11.094034007112239,1.0,11.0
747168,2024,0.43966581943432453,-1.0797406244806025,9.643145420695681,1.0,5.0
746113,2024,0.6032571721815693,1.00143984955091,8.547638548629878,1.0,14.0
745220,2024,0.5552974046075212,0.7205510968881609,8.334497974192693,1.0,6.0
745308,2024,0.5014443243157966,-0.10421682253796767,8.82755294578356,1.0,5.0
745712,2024,0.5365707283610427,0.22719968906270752,9.223065411603294,1.0,8.0
745708,2024,0.6631180999777466,1.6509939421118491,8.385549056040553,0.0,13.0
744897,2024,0.559509053960888,0.5617811358085214,8.292443696456036,0.0,1.0
745304,2024,0.5755387150597331,0.5465330843861896,7.6943909933875965,1.0,4.0
746922,2024,0.5299364801228662,-0.14406181189842643,10.051249156288343,0.0,9.0
746026,2024,0.4139586752652866,-1.3920839984733877,9.458073620414755,0.0,17.0
744820,2024,0.5263751900822249,0.09929944261466915,9.747533202718797,1.0,9.0
746269,2024,0.5715240613972341,0.7512157471724883,8.93899779561312,1.0,11.0
745873,2024,0.5486665267235853,0.14989299797619185,8.82180734813734,0.0,3.0
745955,2024,0.5610651487809362,0.4662221567298602,8.679872035631314,1.0,1.0
745056,2024,0.4616065233373943,-0.8165633912416788,8.218928222724394,0.0,12.0
746761,2024,0.3995562863368254,-1.4929164491321847,10.429817486888938,0.0,4.0
747164,2024,0.479385466376906,-0.44833894052238243,9.407085520852203,1.0,12.0
746520,2024,0.43565739047604474,-1.377670071336838,11.448240341730154,0.0,19.0
746112,2024,0.5624681181713395,0.5204807037030512,8.377730142186833,1.0,5.0
745219,2024,0.5521023927624498,0.027555284777028143,7.955901838596804,1.0,4.0
744816,2024,0.5472076729019747,0.48083077488962284,9.142550879116879,0.0,10.0
746923,2024,0.46793806711910774,-0.5576535289519446,10.286653210199137,0.0,12.0
745711,2024,0.5751608665525084,0.45063011998170766,9.42381120471274,1.0,15.0
744895,2024,0.555576939714105,0.7409343470586289,8.539906466370603,0.0,12.0
745057,2024,0.4628826865746066,-0.821232837025759,8.848276176779358,1.0,3.0
746025,2024,0.4160393856901871,-1.2826085562680856,9.097642684801936,1.0,13.0
745872,2024,0.4822421660620266,-0.32249118862108295,8.91166821779073,0.0,8.0
745956,2024,0.5333461637165673,-0.08934814839397526,9.041068713075145,0.0,7.0
746517,2024,0.41608390700476666,-1.3111714233147782,11.391828188167715,1.0,17.0
745303,2024,0.523623779726229,0.14767959233671987,8.737390668756838,0.0,9.0
746114,2024,0.6841157096741399,1.7873523539342135,8.287257787987368,1.0,11.0
747166,2024,0.48929269369461914,-0.47952676567196634,9.121703278993875,1.0,17.0
745216,2024,0.5730216894312044,0.681424212788891,8.172272952453453,1.0,13.0
746603,2024,0.4997978975917288,-0.2846683464415487,8.972433274915465,1.0,17.0
746682,2024,0.47746512478154157,-0.5320508791434366,9.06205168545903,1.0,7.0
745058,2024,0.4521257341051856,-0.8470195834091904,8.38693580835854,0.0,7.0
746921,2024,0.49190361019166856,-0.32697394698311805,9.905094072694913,1.0,9.0
745874,2024,0.58711053281598,0.29182269568679353,8.830423408648441,1.0,11.0
746762,2024,0.3579130497093273,-1.7222575827169948,8.819886529002737,1.0,14.0
745953,2024,0.5422654218590955,-0.09296669702900977,8.383553044451666,0.0,7.0
746192,2024,0.5359416561456556,0.4013093164142971,9.221952290304676,0.0,6.0
747165,2024,0.708430263191864,2.117718190387711,9.59859876748995,1.0,9.0
745383,2024,0.6173618018115569,0.9939435224037101,8.998167273072884,1.0,3.0
745300,2024,0.4713867256956115,-0.821765048899923,7.5456859185407525,0.0,1.0
747004,2024,0.6115484757759373,1.3800206070407846,9.903297487138822,0.0,12.0
746601,2024,0.5812500093297589,0.33562173722189714,8.808849831345142,1.0,3.0
746435,2024,0.48511501714958755,-0.3812864246256939,7.231418344804342,1.0,16.0
746673,2024,0.5338231160217783,0.19359201843331714,9.219967989045383,1.0,5.0
745548,2024,0.618576026677141,1.3922954581442812,10.029211711272259,0.0,5.0
745055,2024,0.46779128939931625,-0.6025596446793621,8.257062576918976,0.0,5.0
746924,2024,0.5581272711724696,0.7081288002590849,10.47997432128665,1.0,13.0
745788,2024,0.5838961438762896,0.6264558574737983,8.636589408812371,0.0,13.0
745867,2024,0.5094674517392958,-0.5218188019218453,8.715155634729745,1.0,16.0
746757,2024,0.3726151173837633,-1.897033494273666,10.25638674752927,0.0,5.0
745954,2024,0.5603488370762456,0.31282846361990946,9.094211331289154,0.0,9.0
746187,2024,0.48825014780900994,-0.48446095195309213,8.983552191643469,0.0,7.0
747160,2024,0.7242524236549586,1.8443607407525615,9.551754831514803,1.0,7.0
745382,2024,0.6328828788496982,1.29654571100085,8.34438298912177,1.0,3.0
745302,2024,0.4819659443646158,-0.2955003948350451,8.791663246721619,0.0,7.0
745869,2024,0.4952158687257808,-0.3412069175393351,8.978095826232739,0.0,5.0
747163,2024,0.6994452622292235,1.522491391993122,10.422862124678348,1.0,15.0
745381,2024,0.5138331201778026,-0.06483447378642807,9.307433656834988,1.0,10.0
746919,2024,0.5790121028417448,0.5115012598331312,10.416837541123561,0.0,16.0
747000,2024,0.5977321267919823,1.2080044153473883,9.188468217680114,1.0,5.0
746677,2024,0.5523179643111265,0.2353473611292801,9.427388279663825,1.0,11.0
745544,2024,0.6287317938353477,1.3754803680262215,8.838230284128098,1.0,14.0
746598,2024,0.5795266099690073,0.5113432318589548,8.610617169962628,1.0,7.0
746436,2024,0.4726144878723485,-0.36229802326149313,8.222305660184459,1.0,5.0
745053,2024,0.4892172216057303,-0.22815704335591935,8.392340766752977,0.0,3.0
745790,2024,0.5908806506619247,0.7026641513563916,8.89456849569909,1.0,10.0
746759,2024,0.3532697485597206,-1.9320412540819853,9.185791272792706,0.0,12.0
745951,2024,0.5316951862390169,0.06219324519826666,9.326777774075873,1.0,9.0
746188,2024,0.5091493369106325,-0.2130066558895544,9.701864239486609,0.0,11.0
745301,2024,0.4387815404507498,-0.9094851509766687,8.741131784812847,0.0,15.0
745783,2024,0.5661315956114236,0.45233453044450556,9.025044936465287,0.0,13.0
746437,2024,0.4492932987377302,-0.7450404705054693,8.858773993084135,1.0,3.0
745950,2024,0.5094315038408153,-0.4354409485422095,8.612207577474466,1.0,10.0
745298,2024,0.5066444232773228,-0.1524449394489761,7.749862370980642,1.0,6.0
747002,2024,0.5881955299343314,0.35285946539047786,8.833138257869814,1.0,6.0
745545,2024,0.6810228162506893,1.894187351464654,8.478886299462754,1.0,16.0
744980,2024,0.44359493226938634,-1.0005707971921094,8.996912613509075,0.0,5.0
746843,2024,0.5247189744084728,0.081390376798433,8.935977754048876,1.0,11.0
746674,2024,0.5826758411368924,0.8214326313695927,9.417534035858086,0.0,8.0
745462,2024,0.4622919752616614,-0.4319438645172087,7.745372108014213,1.0,8.0
745542,2024,0.672804212111273,1.8634564677206782,8.859117145116308,1.0,5.0
746438,2024,0.4230562206059424,-1.2956407403444279,8.266181225972973,0.0,3.0
745054,2024,0.5034043267855711,-0.1639785360938524,8.556125334641749,1.0,9.0
747001,2024,0.6050140287821442,0.7711905852447317,8.676241800403023,0.0,22.0
745784,2024,0.6864232472879708,1.5899781850400994,8.705747203275768,1.0,10.0
744974,2024,0.42861214695895794,-1.086365696134287,9.199479702905883,0.0,7.0
746357,2024,0.6539934116494165,1.6566049104609675,8.541157090864605,0.0,9.0
745949,2024,0.520831691218049,-0.13666497583349274,8.785676334062524,1.0,8.0
745144,2024,0.4572002092430985,-0.8607895010679164,9.21719403788248,0.0,13.0
746518,2024,0.38931762810872866,-1.8691935711511087,11.84443915530205,1.0,10.0
746189,2024,0.4423488710233432,-1.1070375024527948,8.901648736801485,1.0,5.0
745463,2024,0.42770919243081784,-0.6647733007387642,9.020461800296543,1.0,9.0
746434,2024,0.43901748349676756,-1.2520218607730143,9.24931579671072,1.0,4.0
746841,2024,0.5836505668950198,0.575202221461962,8.105860630467172,1.0,5.0
745049,2024,0.45494204370822083,-0.8782766064943875,8.755736744663755,1.0,7.0
745785,2024,0.6019569513828844,1.0137570947027446,9.621799384839496,1.0,4.0
745537,2024,0.6665068326093113,1.6078087274903743,9.004533126507635,1.0,6.0
746675,2024,0.5158043548125246,0.034705589129632654,9.66010333570994,0.0,14.0
746997,2024,0.5201138327506182,0.0014836904131835043,10.122154172712538,0.0,6.0
744977,2024,0.4715649710499287,-0.6866761994194721,9.002754560778813,0.0,7.0
745626,2024,0.48176168806847536,-0.565422372939391,8.519863569372852,1.0,2.0
746355,2024,0.7402027240712472,2.4635092837463013,8.964533246520366,1.0,7.0
745140,2024,0.4509560113892771,-1.0024128107290897,9.01182434112461,1.0,7.0
745952,2024,0.5063473527162795,-0.564399006283372,8.108328809762313,1.0,3.0
746515,2024,0.40658954651995083,-1.6198315148239268,11.269435948186713,0.0,11.0
746190,2024,0.42653326724689455,-1.1497284006855581,9.11038137781249,0.0,14.0
745786,2024,0.6137806749938963,0.9639151372502336,8.834534236544213,0.0,5.0
745539,2024,0.6021135100349654,1.2182737175826235,9.74544243362652,0.0,10.0
746999,2024,0.5520828822703803,0.3929373164034296,9.443400112711952,1.0,6.0
745464,2024,0.44733511895282413,-0.6991850345766681,9.122259454387105,0.0,13.0
746676,2024,0.4999697023906673,-0.46560736156036137,9.931463723936599,0.0,9.0
745051,2024,0.5120810475411086,-0.3987001056853267,8.289261613551751,1.0,15.0
746359,2024,0.7169445708889183,2.0777947842137103,8.711734087587045,1.0,2.0
745948,2024,0.5490102386554319,0.2329327208440743,9.142630526500383,1.0,2.0
745139,2024,0.4829622933413702,-0.4449313535892315,8.261040394689314,0.0,3.0
746838,2024,0.5852895919795732,0.6946316768283282,8.527524656171899,0.0,1.0
744975,2024,0.4089027918592239,-1.2342381269641363,8.665351446425841,1.0,11.0
746516,2024,0.40844975328352334,-1.644843608968483,11.095009413845801,1.0,5.0
745621,2024,0.4459561068337989,-0.8220694072977223,8.545113954148825,0.0,6.0
746186,2024,0.426770286076107,-1.1809159286695798,10.352529696525089,0.0,4.0
746431,2024,0.5092534508802019,0.23183776869735687,7.706355045683787,1.0,5.0
746027,2024,0.42141208438100963,-1.2806490788880864,9.360190343959509,0.0,15.0
744898,2024,0.5279396049674925,0.3250338053112833,8.448726722051031,0.0,9.0
745780,2024,0.47956818793451944,-0.2893401667395786,9.022868218974171,1.0,7.0
744976,2024,0.5340187689295575,0.42292669872211525,9.168665621603825,1.0,7.0
746351,2024,0.5422944826761672,0.21307367129704768,8.6372981095188,1.0,9.0
746270,2024,0.6617139665734224,1.5969237477540998,8.772992904424823,1.0,8.0
745620,2024,0.44370594788152806,-1.1817467971916218,8.620658288012548,1.0,3.0
745380,2024,0.5576578639617616,0.20134498253738525,8.43208327243248,1.0,8.0
745294,2024,0.6536821961675434,1.927050074321504,8.833071389887403,1.0,8.0
746109,2024,0.5389715483249563,0.1277781437881017,9.148818333114951,1.0,3.0
746029,2024,0.4290504278158938,-1.2295738384677282,9.199641297762618,0.0,4.0
744814,2024,0.6382125853354433,1.6316855276939106,9.455736779825902,0.0,4.0
745707,2024,0.5555100458075318,0.17328639068767548,8.473186650991346,0.0,14.0
744896,2024,0.4744424753750931,-0.2275471760349432,8.814185508637339,1.0,13.0
745782,2024,0.4728033118186456,-0.6276754807847045,9.467690470291759,0.0,14.0
747083,2024,0.5090856476660832,-0.49706799282274644,8.337514947685928,1.0,4.0
745136,2024,0.4602818559968172,-0.345988132826726,8.733514656115693,0.0,5.0
744978,2024,0.5072650412088313,0.02732905579637821,9.095087320613391,0.0,4.0
746839,2024,0.5341786484165629,0.2420319370864261,8.79350301776298,1.0,4.0
746349,2024,0.5143687814103266,-0.2886516514213328,8.56287271589318,0.0,11.0
746266,2024,0.6705549164750552,1.8591189878516985,8.734656725458436,0.0,14.0
745624,2024,0.44615804686579624,-0.8525573788374653,9.097125374858603,0.0,1.0
745374,2024,0.45571227597215946,-0.6092321390065178,9.461619123221515,1.0,12.0
745295,2024,0.637840498962917,1.8976283147668869,8.81342194825492,1.0,5.0
746107,2024,0.5392028657689721,-0.08834087611855919,9.228731322661694,1.0,9.0
745781,2024,0.5009014200118228,0.3613012275935942,8.712416155298156,1.0,7.0
746350,2024,0.5776878348871225,0.447427572808191,8.821851911267505,0.0,5.0
744973,2024,0.5430749889266663,0.3492011559956543,9.038758714109186,1.0,1.0
745297,2024,0.662501062783005,1.6114329082112626,7.551363452848159,0.0,8.0
745375,2024,0.5272444331552978,0.0018880187506030652,8.917135329839498,0.0,15.0
746028,2024,0.44693638844036365,-0.8335670054722383,9.507446496515612,0.0,18.0
744812,2024,0.615324000272924,0.9182257799360989,9.374076008899467,1.0,7.0
745704,2024,0.566712407295462,0.567726456869513,8.906707426319427,1.0,9.0
744893,2024,0.4639672859478614,-0.6032749054375679,8.71567540217028,0.0,18.0
747084,2024,0.5462204514763624,-0.18597104387052404,8.943003174116317,0.0,5.0
745138,2024,0.428869109204088,-1.1644472054390107,9.048475075610146,1.0,16.0
746837,2024,0.534458701518737,0.13896446917912145,8.753433148756635,0.0,10.0
746267,2024,0.6252365477641364,1.1868999762505468,10.210051741021925,1.0,3.0
745622,2024,0.4311320832171295,-1.2049069566264046,8.730960636749423,0.0,6.0
746110,2024,0.5470715400392556,0.3153101025339614,8.324423681651039,1.0,12.0
744815,2024,0.5947109308687804,0.8192560429257414,10.141827207617077,1.0,11.0
745705,2024,0.5682945895587437,0.20734871204519215,8.57131312491275,1.0,6.0
745137,2024,0.44732291358091175,-1.0136614167608808,9.156610432283387,1.0,3.0
746836,2024,0.5304042775327971,0.19844467346379932,8.056653953107597,1.0,12.0
745623,2024,0.44996850409088723,-0.9339981881534917,8.277625459277253,1.0,4.0
745465,2024,0.5205702347013708,0.08171206960373086,7.846905070226626,1.0,7.0
744894,2024,0.5393673657035637,0.1560768246721181,8.532974533558821,1.0,8.0
747082,2024,0.5070542903128458,-0.43070039202352417,9.321409707264353,1.0,5.0
746998,2024,0.5602705818263651,0.2027896150752476,8.676248492561722,0.0,6.0
745379,2024,0.5752833649963235,0.5326724823256473,8.330029268606173,0.0,11.0
745460,2024,0.4923309405580813,-0.05050949457199055,9.283352708102223,1.0,11.0
746995,2024,0.4810733365642856,-0.3367623308155999,9.99453421209271,1.0,12.0
745702,2024,0.7177380261100802,2.1819529813017993,9.168150074897659,1.0,3.0
744889,2024,0.5923528599467456,0.9576845358198203,8.765514868773835,1.0,9.0
746920,2024,0.48415586878180145,-0.27575878999225173,10.779332473300617,0.0,14.0
746597,2024,0.5906786421780529,0.5292751536875278,8.025167528247628,0.0,8.0
746024,2024,0.4193323526461775,-1.0402794846563284,9.331857781091093,0.0,9.0
747080,2024,0.6863143378727359,1.4865147190618515,8.651560347834783,1.0,5.0
745870,2024,0.5484813538255789,0.391669859675278,8.939778081436309,0.0,7.0
746268,2024,0.5306461099323644,0.6793601803700465,9.185463284908971,1.0,11.0
746758,2024,0.42336165198835024,-0.8103773015326179,10.000542795198694,0.0,7.0
745625,2024,0.41344239802025406,-1.2309300755655066,9.073141706212164,0.0,14.0
745378,2024,0.5670663625085206,0.29338573264691586,8.91966505556136,1.0,7.0
745217,2024,0.5518866485424393,0.29496167068777757,8.079486443572282,1.0,11.0
746111,2024,0.5841989388535612,0.854605591700151,8.943692549386244,1.0,10.0
745703,2024,0.6671759476495525,1.343505843647072,8.914378832818622,0.0,11.0
744890,2024,0.5538168318748433,0.43789879046384633,8.783054208939785,1.0,4.0
746996,2024,0.5162923437081947,-0.21101135089938225,9.160686473995177,1.0,5.0
745617,2024,0.4302067348734414,-1.042486637443472,8.942767116766149,0.0,14.0
746917,2024,0.45699808641787343,-0.8927844630951057,10.33753106023594,0.0,5.0
745218,2024,0.539729810479981,-0.2792382366849135,7.553142490086282,0.0,7.0
746022,2024,0.4152202446775783,-1.4470160157810252,8.387044383934096,0.0,16.0
745457,2024,0.49270683661650644,-0.32688876339062056,9.386379352341542,0.0,12.0
746271,2024,0.4843716874603373,-0.4395783324631067,9.051809003589184,0.0,13.0
746599,2024,0.536989966826601,0.26731075850132446,8.720819442810333,1.0,18.0
745868,2024,0.5430585059477725,0.25646631632987515,8.384135081787088,1.0,6.0
746756,2024,0.38661723801089015,-1.143524056212037,8.673051134346055,0.0,17.0
747077,2024,0.6309817224388068,1.172969966080182,9.26201654808994,1.0,6.0
745377,2024,0.5842488563121282,0.3205755196842178,8.372485932110123,0.0,8.0
746108,2024,0.6299224402304064,1.0171458555739594,8.378561193836452,0.0,17.0
747078,2024,0.6602937546550688,1.080902122760821,8.676146560365083,0.0,6.0
745706,2024,0.703691876518131,1.5764410795661241,9.259028609804874,1.0,13.0
746918,2024,0.4885496248158718,-0.5513523498162446,10.02793192539312,0.0,12.0
745459,2024,0.4578889257789772,-0.8483228046313258,9.348018018741763,1.0,7.0
744892,2024,0.5894621676699197,0.8771028542353767,8.454064275274714,1.0,10.0
746595,2024,0.5549265454178645,0.2845383666384817,8.65400157844653,1.0,6.0
746023,2024,0.4018610612425033,-1.1298109241802783,9.910857032207451,1.0,9.0
745863,2024,0.5362810358206416,0.10385700640206794,8.87695288251605,0.0,5.0
746263,2024,0.5357092341334618,0.4167743359754925,8.971001289074293,0.0,14.0
746754,2024,0.42040916248870575,-1.0786270054850995,10.118216718955704,0.0,13.0
745618,2024,0.43156960351621243,-1.0080465560035838,9.513342991016525,1.0,7.0
746106,2024,0.6016167791208279,0.9572795246355496,9.160849987943605,1.0,4.0
745376,2024,0.5331500303218761,0.19649901991872715,9.689795933595285,1.0,5.0
745212,2024,0.5596828387676352,0.08204389255451071,7.986463114426224,1.0,7.0
746994,2024,0.47871340320370515,-0.4129749187856065,9.127431904019437,0.0,9.0
746628,2024,0.47741704112625194,-0.6467116707263344,8.555035818373634,0.0,7.0
746942,2024,0.5485327461962245,0.5214385631034546,10.455528548991559,0.0,5.0
746596,2024,0.5467854980118352,-0.11617156921099563,9.107145569823233,0.0,13.0
745458,2024,0.5012474890450649,0.06971141257991342,8.506256522190371,0.0,26.0
745538,2024,0.5642647234115902,0.21564130466635043,8.383313926957577,1.0,5.0
744813,2024,0.4241431385987305,-1.1603360675826602,9.274432610252877,0.0,7.0
746915,2024,0.51200655623148,0.04980384891487723,10.045246789678274,0.0,10.0
745865,2024,0.48837986611362694,-0.27877789032392963,8.652732122596662,0.0,16.0
745133,2024,0.4979627218227065,-0.09589587241627971,8.938880049601558,0.0,11.0
746753,2024,0.4055332941383682,-1.479804399009248,9.091200633826546,0.0,9.0
746513,2024,0.5714480563451609,0.5121140902238763,10.699156559752721,1.0,5.0
745215,2024,0.5294152664871351,0.08379108273604995,8.210102416895687,1.0,6.0
746671,2024,0.5800045629981517,0.3312646627010379,9.70300702288868,0.0,9.0
745540,2024,0.5221931128007813,0.18361785622102322,8.916782529578873,1.0,5.0
745461,2024,0.45538753771721796,-0.7317997815286539,8.571499668653825,0.0,14.0
746594,2024,0.5742799430658212,0.6614399520649389,8.388113500433906,0.0,7.0
746429,2024,0.5947602046916629,0.8159979059532906,8.290940064889313,1.0,8.0
744811,2024,0.40855699178645954,-1.3475289660799572,9.896879255967098,1.0,6.0
746916,2024,0.5510878677962986,0.4235756203963506,10.24470157857329,1.0,9.0
745864,2024,0.4720618354713373,-0.4266398276666083,8.501170042023812,0.0,14.0
745132,2024,0.45432114045612443,-0.9475055082996774,8.778290365708353,0.0,12.0
745946,2024,0.5468089478871799,0.47853519800556454,8.078392641872396,0.0,9.0
746510,2024,0.5660212718128929,0.7749038130457981,11.687222081707402,0.0,17.0
747162,2024,0.5372297839705006,0.0441997791665826,9.318720940514659,0.0,11.0
745213,2024,0.5486768351586379,0.25829851087818956,7.865375371504285,0.0,5.0
746105,2024,0.5868936247391193,0.6611849824096105,8.603474028932842,0.0,5.0
745452,2024,0.5144617175046589,0.4427334898523968,7.8879375621125005,0.0,24.0
746589,2024,0.569710263080598,0.26654940651663483,8.150693669663651,1.0,12.0
745541,2024,0.5048713884172542,-0.31871665425326257,10.093097261798018,0.0,10.0
745211,2024,0.5259993090422902,0.10729383640594374,7.917722715637775,1.0,8.0
746755,2024,0.45914098034309125,-0.6696357329340281,10.153315918690062,0.0,4.0
746672,2024,0.5649126166657013,0.36960290397518625,9.283295219189798,0.0,15.0
746430,2024,0.5533811265133795,0.18516089843929529,8.98685665740917,1.0,5.0
744809,2024,0.43360575332827883,-1.109211581181638,9.337603032107053,1.0,7.0
746913,2024,0.49723800714210786,-0.18872647223137584,10.309343513250091,1.0,3.0
745866,2024,0.45470664316157183,-0.4857751518875901,8.596156134661417,0.0,6.0
745134,2024,0.4654361731227929,-0.833306684164252,8.833876162066163,1.0,7.0
746752,2024,0.4640481612222432,-0.515097729839886,9.05068154133842,0.0,7.0
745943,2024,0.6068650181707375,0.45968783931339546,8.439754518076393,1.0,8.0
746512,2024,0.5507212562782583,0.5442746751790661,11.657949243730279,1.0,10.0
747161,2024,0.5689950602382406,0.5706692577631637,9.47708465950283,1.0,13.0
746103,2024,0.4818552338341716,-0.5813843928081469,9.71118440086047,1.0,10.0
746432,2024,0.5672752543170396,0.6275142298877209,8.842540954437796,0.0,3.0
746748,2024,0.4208625001132764,-1.025643884600135,9.794881524910732,0.0,3.0
745945,2024,0.5916721105096471,0.5126113508341376,8.499836430381446,1.0,6.0
745135,2024,0.48999076274579983,-0.541462453600464,8.032300876486442,1.0,5.0
746514,2024,0.5721593199093031,0.5238124302643158,11.400280576582814,0.0,20.0
747159,2024,0.5459592693948165,0.09839555820925065,9.79095371540346,0.0,5.0
746670,2024,0.5268914063845138,0.14953272600707326,9.397651790994207,1.0,19.0
745531,2024,0.5631871566302085,0.32626488449818447,9.08209086227627,1.0,9.0
746914,2024,0.536874600049585,0.21492682092891513,10.118046442001136,0.0,2.0
746352,2024,0.5548645140285169,0.15195430328517648,8.56903922947478,1.0,9.0
746102,2024,0.5833843099600913,0.5631276812397025,9.108219247209615,1.0,9.0
746730,2024,0.5013150178234279,-0.150474877586357,9.91395160989974,0.0,9.0
746665,2024,0.4708997406425254,-0.5147489041473589,9.898274604407229,0.0,14.0
746433,2024,0.5166544281857,0.014779756353910373,8.399452873801442,0.0,12.0
745533,2024,0.5435828391090971,-0.10172510944336975,8.415124805105457,0.0,9.0
744810,2024,0.42504589360569056,-1.0722393381095754,9.35698375330569,0.0,13.0
745052,2024,0.4872591308143053,0.19803900402767957,8.848077397529508,0.0,18.0
745700,2024,0.5500921681881983,0.5694355457450075,9.246788194467388,1.0,9.0
746593,2024,0.6005592682669508,0.615755551704208,9.077455378824347,1.0,18.0
744969,2024,0.5648558428179578,0.7728585792325667,8.957122051435661,0.0,11.0
746749,2024,0.405258851328721,-1.5551339615961661,10.560285390215327,0.0,6.0
745862,2024,0.5811499965985605,0.4387972983541536,8.605721668437083,1.0,2.0
746353,2024,0.5560047588085126,0.11491934346373388,7.863468837422208,1.0,5.0
746511,2024,0.4119116786930181,-1.6203365466970145,11.732752516306943,0.0,8.0
746184,2024,0.41379398887512414,-0.9568451687502602,8.984315106737903,0.0,14.0
747156,2024,0.5055719030476247,-0.1093130605428285,9.274001700652251,0.0,19.0
745299,2024,0.6754897752823571,1.8238357236581937,7.703511168883126,1.0,4.0
745699,2024,0.5823268383290586,0.7761407722265884,8.95913873256463,0.0,11.0
744808,2024,0.46471009108187983,-0.3913955335878061,9.042179056614998,0.0,8.0
745050,2024,0.5004132466228145,0.017684641898912407,8.70931390013602,1.0,15.0
746424,2024,0.5764648574907918,0.035497470683488345,7.54169376331119,1.0,3.0
746590,2024,0.6421555495277641,1.08978294452194,8.858697683798656,0.0,3.0
744971,2024,0.5640489668857169,0.8141461594941923,9.125672836329553,1.0,5.0
746348,2024,0.5108737728119689,-0.19055435376061552,8.226713226599319,1.0,7.0
745859,2024,0.5662372721476847,0.4239759649338968,8.988958049507206,0.0,15.0
746751,2024,0.41414099203300997,-1.047393423512913,8.99580394712044,0.0,8.0
746667,2024,0.48182443983628304,-0.2627134999595963,9.778559629443421,0.0,9.0
745532,2024,0.52605041772452,-0.08338842357972678,8.296138263828793,1.0,3.0
746507,2024,0.41195522406619284,-1.847623218195447,11.55585045464773,1.0,12.0
747158,2024,0.5179702866901315,-0.0011188487236780406,9.323958727735858,0.0,14.0
745296,2024,0.5869159591030048,0.5700090586001976,8.85882060143206,0.0,7.0
746182,2024,0.42334919733900506,-0.8495185719526198,9.736263500658627,1.0,9.0
746669,2024,0.4154709382527736,-1.2552239959973697,10.060859836016114,1.0,7.0
744806,2024,0.45057689879163704,-0.6355115451281653,9.129778785937724,0.0,15.0
745701,2024,0.6024521124160322,1.2657213272996066,8.66266825739649,0.0,21.0
746426,2024,0.5601338301221639,0.6351582743537386,8.29254103853136,1.0,5.0
746592,2024,0.5662469896218076,0.5193909468124243,8.448557094832239,1.0,7.0
745048,2024,0.45934422817031895,-0.8487023171999754,8.044412825446944,0.0,7.0
746347,2024,0.570030621913372,0.20178766539296691,8.756076271158241,1.0,9.0
745861,2024,0.6018229192774652,0.6967538918489169,8.734157240042482,1.0,7.0
746750,2024,0.4289749779776439,-1.2330894311539082,8.593348703952849,0.0,2.0
744970,2024,0.5464060342966108,0.25028857078426403,9.095554322423371,1.0,10.0
746505,2024,0.4039136469757599,-2.064599136347716,11.13999864742288,0.0,7.0
745292,2024,0.6818129724358368,1.5424843374256805,7.627183621528417,0.0,12.0
746183,2024,0.41876108437381854,-1.068877881753525,9.068423571074225,1.0,5.0
747157,2024,0.5042237316810118,0.24363080480396285,9.69497251153297,1.0,17.0
745536,2024,0.49706968914641814,-0.4228356155949555,8.365339195934888,1.0,5.0
745947,2024,0.6196837253594941,1.1371805778372812,8.41585141267946,1.0,12.0
746992,2024,0.7426356281212864,2.505246503417193,9.016899811365112,1.0,16.0
746668,2024,0.4110615707034883,-1.1459500454848977,10.437040232960808,1.0,8.0
746265,2024,0.5433909036522546,0.24941818529420215,9.008669377546545,0.0,6.0
747155,2024,0.4988818374339269,-0.6087159804943638,9.091540608517507,0.0,17.0
745373,2024,0.5346492921267482,-0.008811722894195717,8.518082288960308,1.0,3.0
745046,2024,0.5003071824559617,-0.44031190321563896,8.527563375732907,0.0,9.0
745619,2024,0.44408249202601785,-0.7650543393856196,8.49954401713188,1.0,9.0
745779,2024,0.49287018358030876,-0.3055890759044976,9.081804864697707,1.0,5.0
746833,2024,0.5470845717349588,0.308253633782976,9.129985276647119,0.0,8.0
744972,2024,0.4022613251742403,-1.4277704568870593,9.196423902240081,0.0,12.0
746991,2024,0.6787439920501136,1.674968285843859,10.072458225817549,1.0,9.0
746020,2024,0.4691674103277104,-0.6407574768567593,9.28726986430392,0.0,8.0
745047,2024,0.4906068647213977,-0.579230224161166,8.342424312615847,1.0,3.0
744891,2024,0.47208265276005895,-0.6488967553394437,8.841504728968014,0.0,19.0
745778,2024,0.5222304269288586,0.13035456613264051,8.74386691355616,1.0,9.0
747079,2024,0.7642293152108266,2.0949677961718502,8.898474034614644,1.0,3.0
746264,2024,0.48340273489489105,-0.4840937857989674,9.0243923501749,0.0,8.0
746834,2024,0.5119791450472839,-0.41835929143708894,9.157638719119923,0.0,5.0
745944,2024,0.6043449946816586,0.7072041932616636,8.777197525932586,0.0,11.0
744968,2024,0.4496597390489492,-0.8993523364045692,9.340845450844501,1.0,11.0
746185,2024,0.4235244438228132,-0.6229279520362905,9.443890563012934,0.0,8.0
745615,2024,0.43534025279953836,-0.9558404616887861,8.87187546746839,1.0,5.0
745293,2024,0.4952146296003501,-0.21532564981942318,9.024279642046826,0.0,15.0
744887,2024,0.420706218971847,-1.1843118744222232,9.100326669689288,0.0,6.0
746990,2024,0.6871134912036192,1.6278065041249994,9.656921189316172,0.0,9.0
746666,2024,0.471909057152012,-0.5726297789971165,9.348768671407383,1.0,17.0
746019,2024,0.45941091860867894,-0.8537434386890443,8.976628388064928,1.0,7.0
745045,2024,0.47362306887902916,-0.7113078214213243,8.680104434829019,1.0,13.0
745776,2024,0.491487329996991,-0.4587729613537245,8.730054134169334,1.0,11.0
747075,2024,0.7243539896369131,2.0201138596328065,9.252693455033102,1.0,7.0
745938,2024,0.5306179321036963,0.2324330819902552,8.670533670578653,0.0,5.0
746262,2024,0.5421093085170845,0.7608556208295557,8.636472060159214,1.0,5.0
746835,2024,0.6207154350759289,0.7322824415104298,8.50938084025833,1.0,12.0
744964,2024,0.4933792252983036,0.22751271455897853,8.97874649743054,1.0,16.0
746178,2024,0.4177666711587956,-1.3034640695613886,9.684303746215107,1.0,11.0
745370,2024,0.5718208073403315,0.5162879469528721,8.699790036794788,1.0,11.0
745614,2024,0.44802514488071643,-0.6699500627381992,9.178650599416619,0.0,19.0
745290,2024,0.44408183785711713,-1.0067797322958685,9.13550227025612,0.0,10.0
746664,2024,0.4418229985803987,-0.8561707349488108,9.31228488902101,1.0,1.0
745042,2024,0.4547124204228295,-0.8441550711161762,8.73837130505786,0.0,7.0
745612,2024,0.45052400877416887,-0.7528203597991552,9.351568633104511,0.0,10.0
745289,2024,0.5211850596732805,-0.036841966155963635,7.881640379818368,1.0,5.0
745451,2024,0.5143967640813455,0.21781647383903502,9.583950024490756,1.0,13.0
746021,2024,0.379442151460231,-2.4371211496597986,9.288996007988818,0.0,7.0
747073,2024,0.7606536915741752,2.0483648633847746,8.884507114233372,0.0,4.0
744966,2024,0.5931448291903473,0.930916863335057,8.99359931719925,1.0,4.0
745369,2024,0.5110231361518978,-0.11093796937913211,9.642720914536358,0.0,7.0
746832,2024,0.4819347569268642,-0.41434302477608476,8.645320453214916,0.0,3.0
745941,2024,0.6953063126324949,1.396459074252736,8.809849866394487,0.0,5.0
746993,2024,0.5629778271411072,0.7355806232583437,9.030357694874827,1.0,2.0
745777,2024,0.5270959497686561,-0.19938636165240975,8.24791260167151,1.0,10.0
746912,2024,0.688073980534336,2.3550118828718114,10.082761816906752,1.0,4.0
746016,2024,0.37935848993236737,-2.035006755133669,8.728229587835763,0.0,18.0
747074,2024,0.5846158076591437,0.0456217015573815,8.604328742173873,1.0,4.0
744967,2024,0.5691956006990152,0.5512062968338307,9.080684310869797,0.0,6.0
746257,2024,0.5554351731701415,0.3875987260793455,8.79329766652738,1.0,5.0
746343,2024,0.5597428957919872,0.16619609652613132,7.971746366249639,1.0,8.0
745131,2024,0.4850531012625657,-0.6451452137718526,8.4695316467871,0.0,7.0
745611,2024,0.4316857925863292,-0.9422644103070001,8.79626164905816,1.0,13.0
745371,2024,0.6023076318667969,0.5925608093410528,8.309325996242352,1.0,6.0
746104,2024,0.5308873114396551,-0.06184885896825776,9.087097211350608,0.0,4.0
745455,2024,0.48292013916758597,-0.6363900509645566,9.486265458950966,0.0,8.0
746829,2024,0.45004386204528485,-0.8165188434695788,9.114125622989924,0.0,2.0
746986,2024,0.61623552020771,1.2087840690618026,8.907903976942288,0.0,8.0
745613,2024,0.4433631831470286,-0.7172361995647455,9.048214110581485,0.0,3.0
746344,2024,0.5535787967052958,0.35523525985316323,8.657079379829623,1.0,16.0
745775,2024,0.5056490189891639,-0.29254182549563684,9.337187999870995,1.0,4.0
746018,2024,0.3703971639669124,-2.0478678002732256,9.819534042732732,1.0,14.0
745456,2024,0.541468579243931,0.30738739633905676,8.776723681797451,0.0,14.0
744963,2024,0.5390005720750407,0.27192011621074363,9.474585270580302,1.0,10.0
745942,2024,0.7494875630532067,2.137757402927307,8.882037313887173,1.0,7.0
746911,2024,0.6148314902426811,1.0198195972292552,10.031799004548237,1.0,12.0
745125,2024,0.47461974930609097,-0.6694846671152561,8.71516151309218,1.0,2.0
746259,2024,0.45371640751384895,-0.4984388711763718,9.218844924476953,1.0,6.0
747076,2024,0.6270566092603835,1.0644107463787142,9.253546845266966,0.0,14.0
745372,2024,0.535040662027917,0.2586041144437006,8.016194093932292,0.0,9.0
746099,2024,0.5385027193886449,0.04095393044562952,9.083901334717877,1.0,9.0
746989,2024,0.6038709183143239,1.091204671900136,8.60624622895068,0.0,2.0
745453,2024,0.5328461855313423,0.7453260461405418,9.258489418185397,1.0,10.0
747072,2024,0.6489907193665952,0.7811575376493226,8.629887074439347,1.0,7.0
746910,2024,0.6914247758907764,2.309558610338831,10.599400466853995,0.0,9.0
745774,2024,0.5416459514826867,0.2899530021585756,9.046480489650042,0.0,4.0
746017,2024,0.37879000295736115,-2.2147381745576653,9.20849077373205,1.0,11.0
746258,2024,0.550528719961699,0.3751408905711231,8.910212652219435,1.0,2.0
745940,2024,0.7432946058380676,2.3546284336448835,8.592263726771229,0.0,5.0
745128,2024,0.4770711791514066,-0.6071645466215209,9.01171902645998,0.0,14.0
746827,2024,0.42969871263108417,-0.9240831814235123,8.96345760454938,1.0,3.0
744965,2024,0.5868912115825196,0.7646733103569612,9.01544697528892,1.0,11.0
745616,2024,0.44704622919407855,-0.576300460912389,8.943467940063705,0.0,10.0
746098,2024,0.516382064615958,-0.1215396207566369,8.672848246404254,1.0,4.0
745368,2024,0.5930587259438497,0.5584979697271686,8.62735931442956,0.0,13.0
746345,2024,0.581919181502723,0.5208689771344386,8.968751544702352,0.0,18.0
745534,2024,0.6385596690667961,1.2868727305873344,8.926144419355976,1.0,3.0
747090,2024,0.5458665278771668,0.014055471492305847,8.991119883977033,0.0,1.0
745454,2024,0.6321753492651905,1.1949337180731332,8.077446751033118,1.0,5.0
745698,2024,0.5206935511753992,-0.18562223762113356,9.041297921283077,1.0,14.0
744888,2024,0.46552070148446534,-0.5136861995818254,8.709755071855021,0.0,5.0
746909,2024,0.46984963319283074,-0.293847870367532,10.71060423915251,1.0,15.0
745860,2024,0.6103673200251203,0.7347919143920465,8.564457182110855,0.0,8.0
746746,2024,0.3693627222200117,-1.9359089167527512,10.357448254217797,0.0,8.0
746101,2024,0.5511545508052764,0.2064851448809614,9.857651651399177,0.0,14.0
746428,2024,0.6297230646906159,1.148224166826151,8.950388242744308,1.0,11.0
745535,2024,0.6514904574412634,1.2162155115949178,8.483611344548754,1.0,13.0
745446,2024,0.5998371614447954,0.8494204293914668,8.864898645070793,1.0,10.0
744807,2024,0.4210653039498361,-1.0142712808126795,8.630129210635424,0.0,12.0
745694,2024,0.5163337788894915,-0.5312537534001662,9.09068444793243,0.0,5.0
744886,2024,0.47350294675450266,-0.7016302486351654,8.839009256023177,1.0,8.0
746907,2024,0.4623050887336001,-0.6368941361220257,10.828580402335954,0.0,8.0
745856,2024,0.6642644272092358,1.7761328229881088,8.492593863579515,1.0,15.0
746747,2024,0.3842331724897555,-1.5457465298094304,10.771197189729165,0.0,5.0
745126,2024,0.5039433046847384,-0.40176980681803687,9.237500064848986,0.0,3.0
746346,2024,0.6598922172680456,1.5554728154935638,8.712153346613583,0.0,7.0
745210,2024,0.5277918144731336,-0.05867712675262747,8.082999103725385,0.0,10.0
747152,2024,0.5522039115913675,0.008580773177157653,9.108180586899971,1.0,6.0
745291,2024,0.4505552024962396,-0.8212109611330161,8.586285759770691,0.0,5.0
746097,2024,0.5537841474131103,0.24759221874150728,8.447615771184939,0.0,9.0
745450,2024,0.5444427705385001,0.3922733377757357,9.292037301104097,1.0,4.0
746745,2024,0.37428527544247253,-1.8454179608315118,9.194233040060046,0.0,10.0
744881,2024,0.44917044747956575,-0.9536006326342447,8.854714582091326,0.0,8.0
747154,2024,0.5514317984969098,0.20055197345563552,9.385989739345025,1.0,18.0
746425,2024,0.6706201737088573,0.949832080407773,8.287423128899546,1.0,11.0
745525,2024,0.6665855367519684,1.8176233871440213,8.367622910940202,1.0,5.0
744804,2024,0.4141574392803462,-1.2338255328429568,9.337380462231028,1.0,6.0
745697,2024,0.5279727091283781,-0.4579579734545968,8.14365060380877,1.0,7.0
746908,2024,0.4705905541643763,-0.3429978804018945,10.73951879524162,1.0,8.0
745857,2024,0.5974306997242997,0.99648215187072,8.922201302125883,1.0,10.0
745127,2024,0.47979873662761185,-0.49306601279489004,9.079765314844035,1.0,3.0
746342,2024,0.6863221757264908,1.6052377204295243,8.41061558853391,0.0,9.0
745214,2024,0.4872306122364875,-0.637430848129695,8.094271280768725,1.0,7.0
745285,2024,0.5034229107810678,0.07079909644270002,7.731119822690221,1.0,15.0
746100,2024,0.5516679472723031,0.06134763086729822,9.349794943956615,1.0,18.0
746427,2024,0.7100798243287286,1.7353857467901903,7.361687472956986,0.0,6.0
745129,2024,0.5250496694639697,0.019965205972112335,7.834793337601865,1.0,7.0
746337,2024,0.6736700741325725,1.3464993433859147,8.105668124185115,1.0,9.0
744805,2024,0.5981833949615286,0.9507050855909811,9.112588759787862,0.0,9.0
746591,2024,0.5491267145063391,-0.08246039974821782,8.322481370319188,0.0,7.0
745695,2024,0.5960423288701603,0.7173396796488382,8.77504358015339,1.0,3.0
745208,2024,0.5789471147812941,0.5926791259683943,8.17001560039266,0.0,9.0
745288,2024,0.4418137013214758,-0.9720861108429042,9.157296859565655,0.0,3.0
746423,2024,0.4366754553868742,-1.103840544904489,8.156459845156098,1.0,1.0
745447,2024,0.47140005338654156,-0.5569257420044854,9.593057529017722,0.0,11.0
745529,2024,0.5728777128041305,0.657530765900577,8.822593633737633,0.0,14.0
744800,2024,0.5802692675390467,0.5352155546536564,8.909660425804413,1.0,5.0
745696,2024,0.5730553612865615,0.5249746462822505,8.706526923561693,1.0,9.0
744882,2024,0.5255218684626058,0.3753355774504168,8.562250135596518,1.0,7.0
746586,2024,0.6030800710751517,0.47366409854459557,7.967438744384671,0.0,4.0
747069,2024,0.5371469904628645,-0.04313610385610744,9.141705247333778,1.0,8.0
746744,2024,0.5020010308316243,-0.16055096351915055,8.659685795592969,0.0,2.0
745855,2024,0.5777016156593481,0.7404354635054168,8.674673603016524,0.0,12.0
746509,2024,0.428183473507361,-1.0358347614137313,11.751292140968282,1.0,14.0
746181,2024,0.4136045908518553,-1.2700894170719101,8.983805443411695,0.0,8.0
747153,2024,0.5133489452796447,-0.12770492458705626,9.180175829191933,0.0,3.0
745207,2024,0.4932836060282611,-0.3447858581092408,8.701864169445464,1.0,9.0
745286,2024,0.5098574113838229,-0.40911567022773193,7.627115398193655,0.0,5.0
745448,2024,0.49414785241658143,-0.36894215474441283,8.746424754805346,0.0,6.0
745689,2024,0.6334345510140286,1.2600523002035204,8.523432117768088,0.0,8.0
744884,2024,0.5035522866490247,0.3231048697363684,8.79588538138412,1.0,9.0
745528,2024,0.5391696866664324,0.19249311962579987,9.260082056184865,1.0,10.0
744803,2024,0.5439609479312201,0.23331638604708937,9.892049327092733,1.0,5.0
746422,2024,0.47767081512710796,-0.730695159391222,8.22817995654042,0.0,6.0
746584,2024,0.5157662322239805,-0.3232047545313008,8.627246884900048,1.0,7.0
745858,2024,0.5075971204297715,-0.3201328995720379,8.589168226384322,0.0,12.0
746740,2024,0.466844209894241,-0.36460100891992653,10.119518315335629,1.0,13.0
747070,2024,0.5475310270247477,-0.18498043479498943,8.16140663207903,1.0,11.0
746508,2024,0.42735946396741886,-0.7347160324051916,11.736036645668687,1.0,11.0
747148,2024,0.5188823914631926,0.05387987712650748,9.50207304462329,0.0,23.0
745284,2024,0.4304208021983426,-1.0172299842076067,9.11949299462878,0.0,8.0
746177,2024,0.4105308946652971,-1.0852738810063831,9.9712742530654,0.0,8.0
745209,2024,0.5758497696901163,0.43189647673304776,7.836877276816495,1.0,9.0
746419,2024,0.5184330045838101,-0.15355908064891158,8.94225137638211,1.0,6.0
745852,2024,0.5361260178337595,0.25835483246622076,8.879663369412137,1.0,11.0
745449,2024,0.48877416388285283,-0.3253078305809495,8.966110838794439,1.0,7.0
745530,2024,0.5840803827614888,0.36308062886649806,9.041719397850489,1.0,3.0
744801,2024,0.5997433530275785,0.8487289914078019,8.953954869500333,1.0,7.0
745693,2024,0.5153242081851503,0.1825670214850826,9.003672378020276,1.0,7.0
744883,2024,0.5175201241854228,0.3855396587206783,8.987196279778798,1.0,5.0
746585,2024,0.5482877842273842,-0.04726707599971434,8.661590317276325,1.0,2.0
746741,2024,0.47922700635665794,-0.24246025939408383,9.063291818410022,1.0,7.0
746506,2024,0.44498523478540186,-0.5391197413720026,11.900768799974058,0.0,8.0
745287,2024,0.48856023427438494,0.13308761704097355,8.471187108694956,0.0,7.0
746180,2024,0.41369480192745045,-1.2143526499043562,9.389708066935597,0.0,10.0
745206,2024,0.5903717966412816,0.44507053812620234,7.99641283681895,1.0,7.0
747151,2024,0.5508967699484543,0.5357488353994443,9.444695527870978,1.0,21.0
747071,2024,0.561354312354168,0.6846738232472493,9.285783466344792,0.0,11.0
746588,2024,0.4793354088732124,-0.42377269039046134,7.99493219481708,1.0,7.0
745773,2024,0.6156357954680974,1.2562632382687637,8.54134549337122,1.0,3.0
747067,2024,0.5279918567567607,-0.7189502046477123,8.229207223675285,0.0,9.0
746260,2024,0.5503556433897004,0.1443613685463061,8.268864630277797,0.0,13.0
746828,2024,0.6530265271414484,1.4561882687595205,8.472883908513497,1.0,11.0
745939,2024,0.5041007085926643,-0.4558300273084391,8.903575060139033,1.0,8.0
745130,2024,0.4821265601125189,-0.8491103010178466,8.639459424118364,1.0,4.0
746502,2024,0.4098000642005797,-1.4430264178762937,10.509429882203158,1.0,5.0
746179,2024,0.6400364018557672,1.7910440552205105,9.08955897837515,0.0,12.0
745367,2024,0.5358408716619918,0.002557544826935794,8.52860807885789,1.0,4.0
746987,2024,0.531559295210528,-0.046149252794511375,8.638702568535805,0.0,10.0
746587,2024,0.5585476593486344,0.25596468545464945,8.33479292461646,0.0,5.0
746659,2024,0.44456645259416655,-0.7628727863653374,9.425918354513161,1.0,11.0
746015,2024,0.38620021849773645,-1.7995682425260693,9.624561268422166,1.0,20.0
745044,2024,0.5025018824807331,-0.16384018697505953,8.220796101655763,1.0,11.0
745772,2024,0.5543883231271735,0.7238704803823498,8.654102211530011,1.0,11.0
746261,2024,0.5607022222484958,0.7490648782795861,8.504943167820318,0.0,4.0
746830,2024,0.5557217555522374,0.2674031353446485,9.049020998824057,0.0,7.0
745935,2024,0.4638494381158473,-0.6360854199186116,8.44202602863042,0.0,6.0
745122,2024,0.5246024698022623,-0.13145591706849197,8.99982020047214,1.0,4.0
744961,2024,0.5399839548549358,0.23732498056186535,8.833395717293344,1.0,21.0
746503,2024,0.4602836070506688,-0.4249597960489532,11.221740282159017,1.0,10.0
746176,2024,0.5742034839042119,1.1768525287297213,9.177179705073568,1.0,5.0
745366,2024,0.5467674515233685,0.0914738730935251,8.150031905285273,0.0,7.0
745205,2024,0.5101150305726513,-0.4418088875720682,8.081243501511295,0.0,13.0
746831,2024,0.629470178923634,1.1441187748832984,8.198449710421006,0.0,8.0
746500,2024,0.44165033035030227,-0.8207461577215254,11.625962451711446,0.0,13.0
746172,2024,0.6012779551986631,0.851441900713662,9.472188434389297,1.0,7.0
746988,2024,0.5659451676904529,0.6091730067365424,8.858614705110623,0.0,8.0
745365,2024,0.5194479375701662,-0.17109904348179597,8.215876059914606,1.0,4.0
746582,2024,0.5441593248878294,0.0323966760937946,7.865932126681019,1.0,9.0
746662,2024,0.45856286113543177,-0.9735828833464201,9.086481129763953,0.0,8.0
746014,2024,0.38758898512037937,-1.9799199295063212,9.01590494246783,0.0,12.0
745040,2024,0.5111893167701961,-0.22865938402364094,8.518769694556317,0.0,3.0
745771,2024,0.5711201740168631,0.5554405506717038,8.818280576204781,1.0,10.0
746254,2024,0.4640154448431181,-0.6670658766389537,8.630409059026015,0.0,6.0
745933,2024,0.5271159218164478,-0.14673552867983283,8.639272332713766,1.0,3.0
745121,2024,0.5946259160340378,0.7792389289790397,7.796633122731184,1.0,15.0
744959,2024,0.5271403018820809,0.21877882567469528,9.200636923288636,1.0,2.0
745199,2024,0.4786794097610265,-0.5837756693185808,8.166380402788555,0.0,3.0
746985,2024,0.5607337689986402,0.4345309635647561,8.654389849279632,1.0,8.0
746663,2024,0.4234429838010742,-1.1723880678193612,9.657330216614053,0.0,18.0
746579,2024,0.5343903171727162,-0.12340603680507822,8.738292115574197,1.0,5.0
744962,2024,0.49409228273641903,-0.4904814657463488,8.998419735353115,0.0,4.0
745204,2024,0.521135248914848,-0.1790794846607071,8.1021721275493,1.0,5.0
746011,2024,0.38226545724554606,-1.942059535703579,8.815483495827348,0.0,24.0
745041,2024,0.5502484305580364,0.42272664178475794,8.362335717322075,1.0,2.0
745769,2024,0.5043009313663129,0.5077909441298917,9.389530342927946,1.0,16.0
745937,2024,0.5669747363040181,0.1686090463865544,9.039484107598364,0.0,6.0
745120,2024,0.5798773783600539,0.6606508707189963,8.346652270365738,0.0,5.0
746823,2024,0.6172873706679395,0.9594756300157883,8.91048271866655,1.0,13.0
746341,2024,0.6976349191189093,1.741757198009115,8.523226178205148,1.0,4.0
746824,2024,0.6212147745836109,0.9861959781149879,9.10977898339143,1.0,4.0
746661,2024,0.5632877205464589,0.20350177034947844,9.15440072415129,1.0,11.0
745043,2024,0.5041445991182806,-0.3292999465619086,8.964078406517418,1.0,1.0
746984,2024,0.5372909053411903,0.04941106259829769,8.509740005461307,1.0,8.0
746013,2024,0.3904025499655141,-1.7297440256627417,9.876858573367794,1.0,7.0
746905,2024,0.5125429574380036,-0.18167629500221533,10.060039734313982,0.0,6.0
745770,2024,0.45317042009450886,-0.5971675442857133,8.503045920927795,0.0,14.0
744960,2024,0.485888542594414,-0.5181171599413675,9.03741039931344,0.0,10.0
746340,2024,0.6502968851764319,1.1359020789217522,8.707001603139059,1.0,16.0
746256,2024,0.5864560598963874,0.8300351114444102,8.740306918738098,0.0,3.0
745934,2024,0.49515875571547524,-0.33026286519526954,9.304146001971821,0.0,11.0
745123,2024,0.48304723792853843,-0.14803709184256608,8.904634607963606,0.0,6.0
745364,2024,0.6539452353721744,1.446345259251502,8.437840851882095,1.0,5.0
745606,2024,0.4035366933558042,-1.3785256973056133,8.778511537841599,0.0,6.0
746094,2024,0.7357197842352398,2.1647999159224476,9.016068331076033,1.0,10.0
746660,2024,0.5536757235284396,0.004139161931722977,8.871120178062158,1.0,8.0
746826,2024,0.5650990169768962,0.44044322836869504,9.052563489855942,0.0,6.0
746983,2024,0.4959129425987577,-0.5222640960549303,9.310382989268227,0.0,10.0
745768,2024,0.4750912476082258,-0.740643470202443,8.485198230712907,1.0,9.0
746012,2024,0.3966522599947187,-2.0903502825302094,9.85147744241204,0.0,8.0
745038,2024,0.5392523892914055,0.07427418784261298,8.638358665831731,1.0,5.0
746255,2024,0.5494120036884493,0.38409580539809846,8.970249493279606,0.0,9.0
744958,2024,0.47653269864341796,-0.023559811692393424,9.441963308004569,0.0,12.0
746338,2024,0.6513350097795179,1.2775306087409144,8.267400389836745,1.0,14.0
745936,2024,0.5399398294032305,-0.029553734758222632,9.060254062115403,0.0,5.0
745124,2024,0.4547536563085621,-0.7598048471294385,8.903638217908396,1.0,11.0
745360,2024,0.6702448677011226,1.377095847640554,9.473383872340289,1.0,8.0
745610,2024,0.41858029922674483,-1.2241242376723862,9.288839033103933,0.0,10.0
746096,2024,0.6731369714860258,1.560043375607043,9.85879153272441,0.0,9.0
746903,2024,0.4588742574705849,-0.38140758085786103,9.767049971984653,1.0,9.0
746657,2024,0.5141466940542826,-0.40175852126599243,8.424144584801624,0.0,2.0
746982,2024,0.5210343498299154,-0.09963072089539264,9.21348463391794,0.0,7.0
746010,2024,0.39495452032720807,-1.8628459793444057,9.870707517530258,0.0,9.0
745036,2024,0.5311127760028218,-0.16194908542868222,8.139969789462013,1.0,7.0
745929,2024,0.5103138598625789,0.016691875297976187,8.97033125800908,1.0,19.0
746253,2024,0.528112306331942,-0.16366650960210738,7.746158772475431,0.0,2.0
746339,2024,0.6671710843649108,1.6092611247014488,8.730281591550813,0.0,17.0
745118,2024,0.4709253484704769,-0.5634351367252158,8.780784055142368,1.0,3.0
746825,2024,0.63068546379838,1.231690227850815,8.50291053266674,1.0,5.0
744955,2024,0.45018038565988666,-0.9111272324208053,9.179333549768888,1.0,11.0
745608,2024,0.4150361623989578,-1.138300801865701,9.709027375683851,0.0,11.0
746092,2024,0.7542500184737342,2.45049233827924,8.775692036394517,1.0,11.0
745358,2024,0.6874176922265833,1.9070955255818034,9.089076243820811,1.0,6.0
746906,2024,0.5183449703464983,0.14882018287045237,10.415873398999032,1.0,12.0
745767,2024,0.42850746332581763,-0.8354459462711561,8.531223796761905,1.0,3.0
745527,2024,0.575211764016557,0.5248312377664247,8.741396762883051,1.0,8.0
744885,2024,0.4975743921274397,-0.22278735130162608,8.499698943407044,0.0,5.0
746334,2024,0.5307592020154712,-0.25733148746696505,8.397831347343946,0.0,7.0
747150,2024,0.5887390222935447,0.3910614570757266,9.351248986499877,0.0,9.0
746421,2024,0.5632773273573768,0.015966322208369285,7.326294037774672,1.0,3.0
745441,2024,0.4237571654331708,-1.0802958330978856,9.94111156167115,0.0,9.0
746581,2024,0.6162688313288125,0.7819987932200043,8.17348225349896,1.0,7.0
745526,2024,0.49750177374828475,-0.20986060052989458,8.414713576034215,0.0,14.0
744802,2024,0.47353227588358493,-0.4533218901001994,8.327678010678875,0.0,1.0
745688,2024,0.58328441475736,0.383620492631078,8.679120572223049,0.0,8.0
744876,2024,0.5209083896103192,0.2516884580268301,8.773320358979682,0.0,11.0
747068,2024,0.596616657487301,0.5238133114841758,9.164264485796888,1.0,6.0
746743,2024,0.4888849078891296,-0.2138480544014678,10.248765148538864,1.0,5.0
745851,2024,0.70381976781922,1.9104973205544349,8.790538290599425,0.0,5.0
746336,2024,0.5104318805190406,-0.3042417621993264,7.613102058133623,1.0,7.0
746504,2024,0.4346009903674352,-0.7607422712194095,11.155852087344563,0.0,10.0
747149,2024,0.5276249413157394,0.12248625886729078,9.364873299783932,0.0,11.0
745605,2024,0.4899990068797006,-0.5428979173086774,8.857155280866381,1.0,9.0
746093,2024,0.4829516210954978,-0.46094030029648325,8.785148354977999,0.0,6.0
746331,2024,0.4975001270761853,-0.24676327281371901,8.352709238987721,0.0,9.0
745521,2024,0.6029102814477872,0.8715653924390765,8.881503589968501,1.0,15.0
745442,2024,0.42900040870546396,-1.1249344617594597,9.904500222842675,1.0,3.0
746583,2024,0.5351792950669819,-0.009518482910585185,8.497460957524794,1.0,7.0
746420,2024,0.4997280594559399,-0.29076632395191393,8.946623707501441,1.0,8.0
744795,2024,0.5108992034226517,0.32380816545150337,8.92864021011469,0.0,3.0
745690,2024,0.47943856308189503,-0.5222088754926654,9.010508459730259,0.0,16.0
744877,2024,0.5387865328142477,0.6655081479082012,8.28762409974915,1.0,7.0
746742,2024,0.5087508829545984,-0.07096233936717836,8.915793878229893,1.0,7.0
745854,2024,0.6422522713173143,1.2220918104288927,8.576593333120003,1.0,11.0
746501,2024,0.43665035206894054,-0.6479737194801883,11.569038248626223,0.0,7.0
747144,2024,0.5881414340298471,0.5655070721315427,9.401170303762502,1.0,10.0
745607,2024,0.5237403395902169,-0.2659022287847589,8.347996324728973,0.0,6.0
746095,2024,0.5140603968773414,-0.3890565457549043,8.484791477150043,1.0,7.0
745443,2024,0.45878701658111687,-0.6274768213536908,8.92558659613105,0.0,7.0
744796,2024,0.46582516580120265,-0.6338812852065187,9.75668287322552,0.0,11.0
746415,2024,0.5394389920329936,0.506267370081451,8.012992951060356,1.0,7.0
746738,2024,0.48636936635847017,-0.19389581862087335,9.978426620225108,1.0,7.0
746495,2024,0.44353440959089546,-0.4963841168603529,11.61856998342337,1.0,18.0
745609,2024,0.5274739484442511,-0.31914221899033185,8.716768926825878,1.0,5.0
745691,2024,0.5384960231682873,-0.07338429273498513,8.313876936883574,1.0,11.0
745853,2024,0.6739298230970752,1.6857095582012938,8.724996204803203,0.0,14.0
746088,2024,0.4787040219877802,-0.45682084953039587,9.621231815841039,1.0,9.0
746822,2024,0.5368843513354656,0.06209026657831029,8.99865848863869,1.0,1.0
746417,2024,0.6308480093721253,1.0473361211264123,7.9490713916549804,1.0,5.0
744797,2024,0.4167785632076846,-1.3441919852016824,9.278909876262633,1.0,10.0
745692,2024,0.5886477972009923,1.1287000119870014,8.807732059105394,0.0,6.0
744879,2024,0.65028591295274,1.471443618151773,8.552567300225105,0.0,20.0
746580,2024,0.5481469811448556,0.10533324230739588,8.718499875029869,0.0,7.0
746904,2024,0.53240951088126,0.016584277744790873,9.94543463880761,0.0,3.0
747065,2024,0.596850857340646,0.5335535645514501,8.807065799906953,1.0,3.0
745930,2024,0.5017637686400407,-0.39229153878570955,8.822493193188643,1.0,12.0
745847,2024,0.5476424173077088,0.6799006230393707,8.678357553392267,0.0,9.0
746494,2024,0.3827089047420923,-2.4685268108762015,11.712660883858423,0.0,15.0
746173,2024,0.487790558076869,-0.35380343044324897,8.466784629782456,0.0,7.0
747145,2024,0.5155439422745806,-0.09234029612794258,9.38013268322534,0.0,8.0
745202,2024,0.6308128266123154,1.384290818957001,8.060447140375167,1.0,2.0
745280,2024,0.5428015055407402,0.5168363547714838,8.127374958991846,0.0,9.0
745685,2024,0.5925811324499766,0.9407098345658966,7.917291093143552,0.0,13.0
746414,2024,0.6762849655632885,1.6177051492641668,8.519009114540216,0.0,4.0
746819,2024,0.530252509791457,-0.1705237728941145,9.063163245023098,1.0,3.0
744878,2024,0.6138149122896468,1.0813399228504808,8.839429475871306,0.0,9.0
745281,2024,0.5415882210373626,0.23070633222741688,8.53159004668265,1.0,11.0
744799,2024,0.4239855956420022,-1.2205103998857552,8.355699790568869,1.0,9.0
746902,2024,0.5161274841180299,0.15407540992376195,10.498036368814418,0.0,9.0
746578,2024,0.5043615652832242,-0.1771666858807205,9.238466292637783,0.0,7.0
745849,2024,0.5051806323643602,0.18430643515626444,9.137419707671308,0.0,11.0
745931,2024,0.5779082868919024,0.5920152956783231,8.542912569242548,1.0,6.0
747066,2024,0.5679734743436594,0.022167319770133895,8.435892828609274,1.0,3.0
746499,2024,0.35533885451500474,-2.440593200269812,10.556581759766955,0.0,15.0
747146,2024,0.5681204897157183,0.8867015049566329,9.780399861630354,0.0,5.0
746171,2024,0.5019180871179723,-0.5685019708208613,9.210625152500416,0.0,17.0
745203,2024,0.5827970585057002,0.2727699464884037,8.800938846720351,1.0,13.0
745282,2024,0.48489772175401014,-0.3689546298450835,8.620176767249042,0.0,7.0
746901,2024,0.47492429458404556,-0.7419851364863057,10.142527580703417,1.0,4.0
744798,2024,0.42390956267638846,-1.286226743985209,9.241894752987754,0.0,9.0
745686,2024,0.6378135490260701,1.1254829542369214,8.62953638917502,1.0,10.0
746174,2024,0.49393141443040883,-0.5310103490338869,9.136859723909897,0.0,8.0
744880,2024,0.6178956262389196,0.9897765973161577,8.507089671755802,0.0,4.0
745846,2024,0.5192817007851283,-0.16832761930161177,8.831312239917715,0.0,8.0
746416,2024,0.6683629080141006,1.8546909576323545,8.85592736607496,0.0,14.0
745932,2024,0.5404483700266901,0.015580471067635328,8.919088893786729,0.0,5.0
745201,2024,0.6421969557018811,1.2038272025315353,7.859197119720675,1.0,10.0
746496,2024,0.37041765258777937,-2.344696638736196,11.074989424000215,0.0,3.0
747147,2024,0.5409705755176263,0.8861637772688463,9.687973325899733,1.0,13.0
746820,2024,0.4953140963375306,-0.6168490863432511,8.574393244318482,0.0,3.0
747061,2024,0.6033177944076656,0.20590461331466045,9.21094601440326,0.0,6.0
747139,2024,0.601918011212966,0.31536867060355894,9.073487168632948,0.0,15.0
747064,2024,0.6005445281161657,0.7208796381249133,9.26881740479459,1.0,3.0
775345,2024,0.488110035944048,-0.4736204988841133,7.394453354169212,0.0,4.0
775343,2024,0.5379679295061919,-0.39589587495117895,7.85263555735515,0.0,1.0
775340,2024,0.5963473153405413,0.4984611054790523,8.41768107865781,0.0,12.0
775333,2024,0.5547887920791623,0.5404099183762976,8.260813705320833,1.0,4.0
775344,2024,0.5233040485321613,-0.1781874047493904,8.387628977307985,0.0,7.0
775341,2024,0.571510175481876,0.08653201948042825,8.709243762761757,0.0,3.0
775339,2024,0.5105199761285295,-0.4000637480106595,9.018281129284833,1.0,8.0
775336,2024,0.47312924011872654,-0.36655527583356173,8.575452456082584,1.0,9.0
775337,2024,0.5853509484004794,0.48035414834062723,8.405207177179605,0.0,6.0
775324,2024,0.5452899485546648,0.028512630346889275,7.884146171072582,1.0,7.0
775318,2024,0.564368464866211,-0.043205796076420146,8.113967331602586,0.0,8.0
775334,2024,0.5829463972281013,0.2349654261291008,8.25628771077647,1.0,11.0
775323,2024,0.5601930430169082,-0.03682557277734045,8.258586481722189,1.0,12.0
775319,2024,0.5753790443297547,0.5283713086054044,8.955268981494147,1.0,13.0
775322,2024,0.549474656075487,0.10151252425415766,8.806537591548288,0.0,12.0
775325,2024,0.4775550047019972,-0.5614631734302065,7.880804519520081,0.0,3.0
775332,2024,0.5032813345569311,-0.42400129046670204,8.710962475158732,0.0,6.0
775316,2024,0.49658576045453695,-0.3637976806386447,8.358285570946313,1.0,9.0
775321,2024,0.555187609039087,0.5978786612975212,8.35294200606658,1.0,11.0
775328,2024,0.4785895479142141,-0.34084106266547765,9.065256005427786,1.0,3.0
775313,2024,0.47974583623599526,-0.6292289559798033,9.071136105298908,1.0,5.0
775329,2024,0.4840454861856511,-0.08065055298999424,8.015168789287126,0.0,5.0
775320,2024,0.5322292318935024,0.32280052736055403,8.784121328645536,0.0,8.0
775327,2024,0.4822643605777991,-0.4340930549697587,7.752234848776113,0.0,9.0
775331,2024,0.45274087338265323,-0.740933950186167,7.938695877327998,0.0,4.0
775317,2024,0.555905960479506,0.3075785757828741,8.95166234299653,1.0,2.0
775326,2024,0.48173627402145164,-0.5808688155712516,7.558464944308796,1.0,10.0
775307,2024,0.5462220608388842,0.05750329843081849,8.29089503570772,1.0,9.0
775306,2024,0.5519518074670664,0.10313636496056039,8.8893531282833,0.0,10.0
775314,2024,0.5256085380519127,-0.17248781919510145,8.984537323946718,1.0,7.0
775312,2024,0.5358650382960285,-0.03780844956054076,8.052964115714929,1.0,9.0
775305,2024,0.5031089225253085,0.01757658157703938,9.520478309199184,0.0,8.0
775310,2024,0.5251563478905772,-0.2895136391521095,8.325829579813803,1.0,12.0
775303,2024,0.44526735135620044,-1.0594419014311725,8.910683356884977,0.0,12.0
775299,2024,0.46916051503328665,-0.7520835116231214,8.452540555018059,1.0,18.0
775311,2024,0.5215669725803965,-0.4794651741089742,8.064572497866417,0.0,14.0
775309,2024,0.5619314164430825,-0.13211506128528586,7.746064682365507,0.0,7.0
775302,2024,0.522903212053533,-0.08906504138791842,9.2184666943159,1.0,15.0
775300,2024,0.5035716241417457,-0.44089172063954435,8.729546335596895,1.0,9.0
775294,2024,0.5687588798007532,0.17334166385165564,8.886438933352235,1.0,6.0
775298,2024,0.5300984148584653,0.24397428627606405,9.285365082778446,0.0,6.0
775297,2024,0.4792236938301522,-0.6579602333366319,9.045767504450886,1.0,15.0
775296,2024,0.533153773224538,-0.162200349816151,8.599629896915147,0.0,13.0
778563,2025,0.4731594007837762,-0.48717867242926294,8.173812486213016,0.0,5.0
778564,2025,0.5032700361924483,-0.19712004062374205,8.350036856363351,0.0,9.0
778557,2025,0.4784047537558063,-0.46390790011698757,8.64569543901076,1.0,6.0
778556,2025,0.44090772106486803,-0.5010707402025834,8.864780641908641,0.0,14.0
778553,2025,0.47012155594986593,-0.351821225684145,7.889710798042839,0.0,7.0
778555,2025,0.44648381630289535,-0.8728971543721916,8.158214033794167,0.0,10.0
778554,2025,0.4460088872216351,-0.7386111668866081,8.24279858168261,1.0,9.0
778545,2025,0.4568513227403796,-0.47632847574473935,7.809957213076574,1.0,11.0
778562,2025,0.4444106317408233,-0.7141367733449876,8.069426209035463,1.0,9.0
778559,2025,0.5533160914949756,0.4890348433226337,8.007213297403245,1.0,4.0
778558,2025,0.541092211778583,0.6110745446989216,8.431721312067692,0.0,11.0
778561,2025,0.5068391208317473,-0.28490553364274235,8.591398383364234,0.0,10.0
778551,2025,0.5219851640284058,-0.05909128817611487,8.438105403391518,1.0,8.0
778546,2025,0.5068727622873692,-0.2368227803352413,8.139063503087373,1.0,9.0
778552,2025,0.4993319691093586,-0.25712667404242473,8.952477404447723,0.0,16.0
778547,2025,0.5806942222865134,0.6696247693341177,7.852407859321037,1.0,6.0
778560,2025,0.6091032810748063,0.8703838078131441,8.593395066196448,1.0,5.0
778549,2025,0.4617316267478898,-0.6906144694184779,8.678073336600693,1.0,10.0
778548,2025,0.48549657879702457,-0.12165807123821899,8.680901830122863,0.0,7.0
778550,2025,0.42882569962711725,-0.9732807471635012,8.816216182948164,1.0,5.0
778518,2025,0.551842589475699,-0.044994315711392716,8.529417261201901,0.0,4.0
778543,2025,0.48803877652369815,0.013244465000766443,9.724037811034096,1.0,9.0
778541,2025,0.5799667794639145,0.5089358487026043,8.254437610624473,0.0,7.0
778542,2025,0.5332696453382187,-0.22529902078281816,8.308458007953869,1.0,7.0
778544,2025,0.5614659096339649,0.21630595840846367,8.472773955704458,1.0,13.0
778538,2025,0.5223155215843868,0.20383085794571532,8.759060765996226,1.0,29.0
778534,2025,0.49091958130322,-0.24350037161323804,8.656831319139966,0.0,1.0
778528,2025,0.494473255819266,-0.304070503044981,8.21920845941244,1.0,6.0
778536,2025,0.46635715110835496,-0.6042507641679556,8.931616927463953,0.0,14.0
778535,2025,0.4501162537214561,-0.7807193403236429,9.062866395278974,0.0,17.0
778529,2025,0.49757670022445033,-0.14730409423732166,8.18857737989119,1.0,7.0
778540,2025,0.5060973083633445,0.26508266794022267,9.242009978170286,1.0,5.0
778537,2025,0.6330663522477105,1.224636203202249,8.455660459446543,0.0,3.0
778539,2025,0.4859681900095628,-0.2869441670117696,8.965222430434205,1.0,9.0
778531,2025,0.51203144916725,0.21226337925088484,8.83650951002981,1.0,7.0
778530,2025,0.5394367464540739,0.3408054476185445,8.73529276951465,1.0,3.0
778520,2025,0.4840428055999716,-0.3455507946992285,8.892013976624233,1.0,1.0
778532,2025,0.5157754320232093,0.005700182931211015,9.561251848991516,0.0,7.0
778533,2025,0.5342543346970767,0.20637547906839082,8.700042772456438,1.0,10.0
778521,2025,0.5411370853068292,0.2321971641944957,8.056777232838947,0.0,6.0
778526,2025,0.441652664943743,-0.97742496546017,8.71324203064787,1.0,6.0
778523,2025,0.5438843153676715,0.25310597377101546,9.723453863081453,1.0,15.0
778525,2025,0.46330133333424867,-0.7262409049661261,8.959194521998977,1.0,4.0
778522,2025,0.5360644029560401,-0.11688096426829878,8.792324880736375,0.0,9.0
778524,2025,0.5865219857151637,0.4123303079736008,8.652127761856278,1.0,10.0
778519,2025,0.500771421335402,-0.2924145311595007,8.741097617553827,1.0,5.0
778510,2025,0.48698655025679777,-0.4475809519939365,8.667484985303213,0.0,8.0
778527,2025,0.5041758650423034,0.283270211194606,8.704079557429413,0.0,5.0
778517,2025,0.5316840800198669,-0.03747971721696251,8.51929677586474,1.0,11.0
778516,2025,0.515475468960384,0.024771694155358303,8.68955897669335,1.0,5.0
778515,2025,0.4939475652079792,-0.31321196240329635,9.033767184105402,1.0,16.0
778513,2025,0.5674504976101823,0.6493604548920655,8.126433054968558,1.0,3.0
778514,2025,0.5886589072805211,0.8072451786363168,8.69628083483051,1.0,5.0
778506,2025,0.4525858799683809,-0.5941334991690237,8.748327029090664,1.0,9.0
778504,2025,0.49202015853441045,-0.1552147546603174,8.640586853709454,0.0,12.0
778512,2025,0.5039120418435105,-0.24991296100906052,9.066240946234231,1.0,13.0
778502,2025,0.6963345110513905,1.6853559584319038,8.897419939798624,1.0,7.0
778509,2025,0.4456087414230199,-0.8372715159928784,8.937438537795302,0.0,14.0
778511,2025,0.502623702103037,0.06390763288203254,8.958703408323217,1.0,17.0
778508,2025,0.5694804011682096,0.5019238462461744,8.39748513521217,1.0,7.0
778507,2025,0.552366167928332,0.2904340577428336,8.705779253518479,1.0,7.0
778503,2025,0.57094331620326,0.42127810295192947,8.939672614615313,0.0,9.0
778505,2025,0.5379722777134247,0.038695386090347034,8.35796142238542,0.0,9.0
778499,2025,0.5108753472280008,-0.0021537712297314644,8.857966640745055,1.0,9.0
778496,2025,0.49268957464050694,-0.25634876034547577,8.67911835183999,0.0,15.0
778501,2025,0.5033795182821234,-0.47199955623374223,8.88252127134486,0.0,21.0
778500,2025,0.6217119458193903,0.9701059485928686,8.657763232612155,1.0,7.0
778498,2025,0.4820608105091212,-0.24315880812962895,9.250918483332391,0.0,1.0
778497,2025,0.45958458384360007,-0.6848789967628945,8.809408939411535,1.0,6.0
778493,2025,0.5855887246106468,0.539865663584568,8.501089016437135,1.0,7.0
778492,2025,0.5095554426624783,-0.11263590874116901,9.375252882258762,0.0,12.0
778491,2025,0.5151464291734638,-0.10656732279050946,8.848940023399564,1.0,8.0
778488,2025,0.4560794671940905,-0.6368563096606193,8.819289853991501,1.0,5.0
778490,2025,0.5027335376970754,0.07797073747634264,8.59662962437993,0.0,11.0
778495,2025,0.5900339871090629,0.5016523236960017,8.756490754965501,0.0,16.0
778489,2025,0.48029592360688383,-0.43942551931227525,8.505274555073052,0.0,4.0
778485,2025,0.5987171829412157,1.1689703075639837,8.289598109525146,1.0,7.0
778486,2025,0.5812058539852661,0.6798870127318583,7.728074675752602,0.0,5.0
778494,2025,0.46060014310979935,-0.6287126977720947,8.833972957791342,0.0,11.0
778487,2025,0.5565334022575673,0.31576242655547304,8.297201002755264,1.0,4.0
778480,2025,0.5720479780989002,0.7205472189944615,8.699244975609624,0.0,1.0
778479,2025,0.5435931917794803,0.04484967370188988,7.863367457084732,0.0,6.0
778477,2025,0.44889824167165265,-0.8018958022543692,8.045966863251003,1.0,5.0
778473,2025,0.5367298636901598,-0.15586816275476115,8.42860612426585,1.0,17.0
778474,2025,0.4791318635845216,-0.5154632801889669,8.326622722498426,0.0,7.0
778478,2025,0.5266246425448967,0.12088430777443725,8.476618597831248,1.0,6.0
778471,2025,0.48641726163876664,-0.3797858098427442,8.901960376031655,0.0,12.0
778475,2025,0.5318012924906454,0.17291348331910605,7.7420034964357445,0.0,9.0
778469,2025,0.4673027848272321,-0.36287495384173224,7.815673928170034,1.0,5.0
778476,2025,0.6265257247349465,0.9154690432437068,8.501397060182201,1.0,7.0
778481,2025,0.4553423190609397,-0.6957612539488927,8.732523821294972,0.0,11.0
778483,2025,0.5387873972719135,-0.06527952573324595,8.563974378413112,0.0,3.0
778482,2025,0.7049787260024764,1.8883830031555313,8.782321348261732,1.0,6.0
778484,2025,0.5225714761303256,-0.025806738825860546,9.523529643893706,0.0,7.0
778472,2025,0.6685438450955443,1.710524448722515,8.777624460260576,1.0,11.0
778470,2025,0.49492723063268207,-0.235773086851499,8.995615880619662,0.0,12.0
778467,2025,0.6185476257471297,0.8518720858784518,9.648429989348182,1.0,4.0
778462,2025,0.5121802887599168,-0.23987204683212218,8.63541931281041,0.0,7.0
778466,2025,0.5180313106668681,-0.2707545694657535,9.797316107530621,1.0,16.0
778468,2025,0.4837055448398615,-0.44358998845559106,8.586520123180525,1.0,1.0
778458,2025,0.6315694827835437,1.0597833951687214,8.483263354303768,1.0,11.0
778463,2025,0.44209517755134664,-0.650105570746033,10.38835881384984,1.0,22.0
778460,2025,0.5285569931810561,0.25834484306168126,9.118112722854866,1.0,4.0
778465,2025,0.5607585810182516,0.09447693957302063,8.444023057524824,1.0,5.0
778456,2025,0.5171187841617637,0.12385450050671608,9.771668388077023,0.0,9.0
778461,2025,0.43986982431213517,-1.1956097991386283,8.759162312259136,0.0,13.0
778444,2025,0.5234874527045322,-0.03976877664345937,8.63432134374473,1.0,19.0
778457,2025,0.43961968233564946,-0.8512922404601305,8.957067768965192,0.0,10.0
778459,2025,0.4634162842543232,-0.6218088923593627,9.009039902222442,1.0,5.0
778464,2025,0.5513490702229423,0.5442724015336219,8.38744602755048,1.0,10.0
778455,2025,0.5365552375735079,0.3084242393065951,8.142315545766074,1.0,10.0
778454,2025,0.44615430833980396,-0.9412703849960047,8.776771839568756,1.0,7.0
778453,2025,0.4940999823497624,-0.3625186305029184,8.70048318507252,1.0,5.0
778447,2025,0.48419977181961904,-0.4554189894421994,8.759424535775409,0.0,14.0
778445,2025,0.6258956854668161,0.9836022296655291,8.620253654573116,1.0,9.0
778440,2025,0.47878280415116314,-0.5158743768566625,8.523371160752363,1.0,7.0
778450,2025,0.47813361511445523,-0.44393745192253,8.6092433625045,1.0,8.0
778449,2025,0.45458392248569723,-0.7217547296536896,10.038346518085769,0.0,14.0
778448,2025,0.526844182419783,0.08079584671585847,9.302168476804056,0.0,4.0
778452,2025,0.4658543359340343,-0.49101707450286197,8.889653499087366,1.0,7.0
778441,2025,0.5482948157220868,0.44592060076675794,8.681471516148903,0.0,9.0
778438,2025,0.49132222108686485,-0.35470477899373504,8.46779542822212,1.0,10.0
778446,2025,0.5276534870436744,-0.1574144357004825,8.967805010893484,1.0,5.0
778439,2025,0.5005403584913567,-0.38331370535063186,8.559318572199016,0.0,18.0
778451,2025,0.5895520528270712,0.7306912236569926,8.728808059643923,0.0,4.0
778442,2025,0.510746817832812,0.6421089919613117,10.346257037593048,0.0,11.0
778436,2025,0.49776462878568417,-0.12111255881229736,8.554799760191623,1.0,5.0
778437,2025,0.4301854872310328,-0.8993760547819625,8.945489197736144,1.0,14.0
778429,2025,0.45871275094001,-0.8150999190574406,8.430959680044474,1.0,9.0
778443,2025,0.4872317400978082,0.011207477730075735,9.94989440612837,1.0,9.0
778434,2025,0.4667698818625178,-0.5381896494495604,8.336145712578055,1.0,15.0
778428,2025,0.4199989254128983,-1.2163950903580356,8.94079331652491,1.0,9.0
778433,2025,0.6396367339241894,1.1379297870540719,8.807667215701038,1.0,7.0
778435,2025,0.5521334641742851,0.3193805474387258,8.280936725883047,1.0,3.0
778422,2025,0.5265546072284496,0.16361666825614127,8.838570703811252,1.0,5.0
778419,2025,0.4714146966145063,-0.4793968968921116,8.71557368064594,0.0,16.0
778421,2025,0.5143321583750134,-0.07199078117655669,8.664981914360528,1.0,10.0
778430,2025,0.5188437736529476,0.30832665437786627,9.040417605648862,0.0,15.0
778420,2025,0.47543873175621904,-0.4815170447042203,8.63689441024948,1.0,7.0
778423,2025,0.5023664208283863,0.30350793055578773,10.344712892500775,1.0,17.0
778427,2025,0.5179572618116051,0.16223140856535853,8.546902882819152,1.0,9.0
778425,2025,0.4540988148068197,-0.5285712140272516,9.466060586075933,1.0,8.0
778432,2025,0.5104306293014967,0.07483264434273824,10.22921860448806,1.0,25.0
778424,2025,0.4756413137348903,-0.6446383296325702,9.185162918877857,1.0,8.0
778415,2025,0.46450815123681993,-0.4905360685658307,8.66655242315588,1.0,12.0
778418,2025,0.4484181123923176,-0.9832113205874566,8.872803791860202,1.0,10.0
778426,2025,0.5644851599155766,0.27643133668491976,10.154499267308509,0.0,8.0
778416,2025,0.5953320843141293,0.8360577403379378,8.5603653782722,1.0,2.0
778412,2025,0.5264484626484939,-0.050959633419487546,8.739896166174228,1.0,6.0
778411,2025,0.5276253106169837,-0.08176375182915173,8.769156116400497,1.0,7.0
778413,2025,0.52551536078034,0.33812603003828584,9.955158168765061,0.0,6.0
778405,2025,0.521221420909413,0.08898514159066735,7.620279288831927,1.0,7.0
778410,2025,0.5565340599558366,0.4678715813187317,7.920375397918195,0.0,2.0
778414,2025,0.42844671096826464,-1.0262538015615794,8.55258588761952,0.0,9.0
778403,2025,0.5574713720285007,0.32040477316754035,8.140559519740263,1.0,5.0
778402,2025,0.6001642275304467,0.6150227733409322,8.870328085480372,1.0,1.0
778407,2025,0.6050846455500842,0.7289346965211528,8.371404708793603,1.0,15.0
778408,2025,0.5150701114657086,0.21472916772819695,7.931293605121069,0.0,8.0
778409,2025,0.4530912779883431,-0.7462473532096101,9.358650125185966,1.0,10.0
778404,2025,0.5974723850854082,0.7998712712116123,9.172895834884702,0.0,7.0
778417,2025,0.6051304236922291,0.8020316414463545,8.267826043654749,0.0,7.0
778406,2025,0.4789692834609723,-0.4832113939277802,7.725686197790077,1.0,12.0
778401,2025,0.5825462636520393,0.5030114251933415,9.367450903646148,1.0,16.0
778400,2025,0.5421558639481864,0.1780426656622086,8.260508441743006,1.0,3.0
778394,2025,0.4620241434022498,-0.4794565452709748,10.026867558989203,0.0,8.0
778396,2025,0.48121515912586615,-0.2780384408393527,9.84620111721025,1.0,7.0
778398,2025,0.4905927226592006,-0.32009732787790973,8.273923231776632,0.0,3.0
778397,2025,0.5620957238095332,0.47628194313060623,8.25099261772209,0.0,1.0
778395,2025,0.4203623867937216,-1.3883975910351196,8.687490738463927,1.0,14.0
778389,2025,0.46700939270562264,-0.40267647754818797,8.833325480042298,1.0,3.0
778390,2025,0.6360242290627917,1.145245673339233,8.341465206087141,0.0,5.0
778387,2025,0.4747461712787004,-0.7280546948759644,8.774113234707855,0.0,7.0
778385,2025,0.5965822731404302,0.8227407507212835,8.696150460845324,0.0,8.0
778381,2025,0.4888144045292504,-0.40430824424535294,9.284791254652001,0.0,3.0
778380,2025,0.5388607542717878,0.24580358758160592,9.709056057863425,1.0,9.0
778376,2025,0.5158840696031255,-0.15754284623911566,8.612819965372092,1.0,14.0
778392,2025,0.4429964680177382,-0.9265818206665304,9.4226934961828,0.0,11.0
778383,2025,0.4768501729984269,-0.5464084496843923,8.31521515495123,1.0,13.0
778391,2025,0.5883122849720559,0.40891233183823933,8.888145279865258,1.0,5.0
778386,2025,0.5655119618187158,0.3109067156951897,9.790162747243427,0.0,3.0
778399,2025,0.5357559209966826,-0.27399645332319333,8.363865435083586,1.0,9.0
778393,2025,0.5134190580240395,-0.2564383072003886,8.707778311889037,0.0,7.0
778388,2025,0.5600249865734173,0.571274557755395,8.039434170402098,0.0,4.0
778379,2025,0.4543635565660702,-0.6361507235696497,10.412551355873296,0.0,19.0
778382,2025,0.5666903661464718,0.35855110327418793,8.400008927872955,0.0,12.0
778378,2025,0.6340487889577496,1.0756310657563881,8.576090557669481,1.0,7.0
778373,2025,0.5278300647846206,-0.02673848285947964,8.463398063901105,1.0,5.0
778371,2025,0.44233892630215726,-0.6180139947767439,10.691060941611275,1.0,9.0
778377,2025,0.5071429995929522,-0.33118191071572517,9.638440932651623,1.0,7.0
778384,2025,0.4912935960114857,-0.4958283207701231,8.340507038032973,1.0,6.0
778375,2025,0.49892159969925515,-0.3174893933988363,8.270466064113883,1.0,7.0
778374,2025,0.554117507181079,0.6011297185643001,8.948896174705416,1.0,8.0
778367,2025,0.5292627927192128,0.3317751569100092,8.742702883201865,1.0,9.0
778370,2025,0.5164347295535106,-0.08785709180792417,9.921895042476457,0.0,10.0
778369,2025,0.4991564595254122,-0.3848992742311809,8.682821560906829,0.0,11.0
778366,2025,0.40409006752798016,-1.2514543896417776,8.916406198599367,1.0,12.0
778368,2025,0.5574638210082284,0.6106841373576039,8.521768401415198,1.0,17.0
778363,2025,0.4308343462561213,-1.0684502967236977,8.665140596504182,0.0,13.0
778365,2025,0.4576391556883271,-0.9852998567812672,9.258362744438672,1.0,2.0
778361,2025,0.7048015531348197,1.9354317311167688,8.580987491681434,1.0,8.0
778360,2025,0.5368365820095156,0.09752822728378818,8.034060025881082,1.0,8.0
778364,2025,0.5374454894474547,0.08324939227228326,9.843351626920288,0.0,7.0
778358,2025,0.4491958272602596,-0.9423833929228022,9.866318415057707,0.0,13.0
778356,2025,0.5495859228172477,0.08162663040209706,8.429842896072783,1.0,3.0
778348,2025,0.45091821328868614,-0.8060700747171208,9.048425974616315,0.0,4.0
778347,2025,0.4433785723907037,-0.8532541166948431,9.414187484325247,0.0,5.0
778355,2025,0.5118020457701592,-0.049799177478024814,9.469562162244456,1.0,12.0
778346,2025,0.43506631326383904,-1.0340332647484507,9.380627079539353,1.0,4.0
778362,2025,0.5309086777495835,0.17434870758949012,8.982708803151478,1.0,9.0
778349,2025,0.42667861295421483,-0.6125703699395282,8.899702925667123,1.0,5.0
778353,2025,0.567585069444829,0.43848286802165404,8.193171633967054,0.0,9.0
778354,2025,0.4644290306478878,-0.5697050496403795,8.61657537192081,1.0,13.0
778359,2025,0.5615831047010018,0.24743114830206506,8.795156097425135,1.0,9.0
778357,2025,0.5136405014307932,-0.14071097388199427,9.072387075194557,1.0,7.0
778351,2025,0.5767225568929317,0.5924305616029888,8.407895961411581,0.0,5.0
778350,2025,0.5467981050368274,0.40201549362697375,9.543679760671177,1.0,9.0
778352,2025,0.6650954321896054,1.3709096844799686,8.767319922813103,1.0,2.0
778345,2025,0.5294156125379785,-0.18214138768448646,8.758016450639468,0.0,16.0
778341,2025,0.579460174226801,0.5378965601669178,8.066264215236043,1.0,11.0
778344,2025,0.5538639628870048,0.35970177868584197,9.027836128338606,0.0,13.0
778339,2025,0.4902559102956412,-0.3905548825488204,9.191022908178297,0.0,9.0
778342,2025,0.505382286104171,-0.8143227703806528,8.159922394438397,0.0,6.0
778343,2025,0.5797717347189936,0.6644318621952132,8.391289143535657,1.0,4.0
778340,2025,0.4616624405652465,-0.9248683387650408,8.229649087690374,1.0,11.0
778337,2025,0.45176728511768177,-0.776177872596642,8.846580461867838,1.0,15.0
778338,2025,0.4295940717949766,-0.8156867539181951,7.9736503677328745,0.0,4.0
778329,2025,0.5849558134697209,0.7352763103832399,8.560025693589663,1.0,10.0
778335,2025,0.4438026359078085,-0.8825052960681092,8.927035451825983,1.0,6.0
778336,2025,0.4431079417121058,-1.0241487639798665,8.605991041649215,1.0,7.0
778333,2025,0.45791436943609576,-0.8536109436773559,9.222240514986854,0.0,8.0
778330,2025,0.7076094003697841,1.897795779329625,8.406320361108772,1.0,6.0
778334,2025,0.5657506061277809,0.3125662967812679,7.654738118367203,1.0,4.0
778332,2025,0.5184989222189611,-0.19919020435531068,9.037685999511849,1.0,7.0
778331,2025,0.567570615879189,0.7792978627773369,9.088973150388892,0.0,6.0
778321,2025,0.5805700420094771,0.5999205075184461,7.904784787349317,1.0,13.0
778320,2025,0.47405421034261347,-0.538699592455281,9.307726376321952,0.0,14.0
778328,2025,0.5267863179986253,0.024019598492192405,8.348637513326251,1.0,17.0
778327,2025,0.5190197481111347,-0.02377624955557327,9.184765008438298,1.0,5.0
778322,2025,0.5277338771308344,0.20822103444196152,8.303463426005994,0.0,12.0
778324,2025,0.4530908316245241,-0.9030310752549271,8.651736194793022,0.0,6.0
778323,2025,0.4368633510089896,-0.7086343535506853,8.403141617827684,0.0,10.0
778325,2025,0.5097218861636146,-0.17762710416213212,8.830713422885834,1.0,11.0
778315,2025,0.5707115086907408,0.5908422935810099,8.834271643998417,1.0,14.0
778326,2025,0.717174263920807,2.1246222584456556,9.01279466769382,1.0,8.0
778314,2025,0.5528316561623682,0.6059040314686637,8.67002755150695,0.0,3.0
778316,2025,0.508256233690984,-0.18652183394590063,8.882120457290588,1.0,12.0
778318,2025,0.47962197383685096,-0.3264389366914737,9.02360081972074,0.0,14.0
778313,2025,0.5104431278240222,0.14599154870804446,8.872598122938987,1.0,10.0
778317,2025,0.525775195964068,0.3002112881192161,9.097722140071019,0.0,9.0
778319,2025,0.5782551193651068,0.5107170334892782,8.888272403311225,0.0,11.0
778312,2025,0.5773005356983206,0.5865400161778368,9.12747493602888,1.0,6.0
778311,2025,0.4906226835357399,-0.3639954422153426,8.38871753899082,1.0,9.0
778307,2025,0.4407079225091907,-0.9952747788422939,8.579122325957567,1.0,9.0
778309,2025,0.5021297953820651,-0.14539196233127552,8.592384654469246,0.0,15.0
778310,2025,0.4346378329142513,-0.9966359464112787,8.643711318043232,1.0,5.0
778308,2025,0.48037950813860014,-0.4673601308636946,8.868083245939404,0.0,2.0
778306,2025,0.5217185123815156,-0.31937707951771305,8.419720181588483,1.0,4.0
778305,2025,0.5027498072447169,-0.126747847016418,9.432779184001722,0.0,3.0
778302,2025,0.6600204394938384,1.4449170298765508,8.932382789421093,1.0,8.0
778297,2025,0.5388369179568514,0.4513473409642482,8.329407464128206,1.0,4.0
778299,2025,0.43777066408065124,-1.009599288928245,8.700224926722033,1.0,7.0
778295,2025,0.5027338267462175,-0.046827931713139134,9.087762317246543,1.0,6.0
778290,2025,0.4816472179372414,-0.49975662150784883,9.442754316368628,1.0,5.0
778288,2025,0.5619700860875618,0.35262843430082386,8.63755518677189,1.0,6.0
778301,2025,0.48315583791898215,-0.42042318286387503,8.946051507648034,1.0,10.0
778293,2025,0.4944451728060495,-0.08992784500941983,8.755128621558363,1.0,7.0
778304,2025,0.5142366715571163,0.07750024628160125,8.899737009191968,0.0,8.0
778303,2025,0.44058495928133923,-0.8899885560966938,8.797229461922603,0.0,8.0
778296,2025,0.5260652318737876,-0.06486924901036308,8.979359905060813,0.0,15.0
778298,2025,0.5312483486870383,0.1295585831714842,8.785293137866436,0.0,1.0
778300,2025,0.5406339409125841,0.4565476312560844,8.981141397486763,1.0,7.0
778294,2025,0.44970903921369554,-0.5525457023190209,8.704928555413566,0.0,4.0
778289,2025,0.5076690990673555,-0.428991041158904,8.784013454704176,1.0,4.0
778287,2025,0.6543851659754876,1.3345451775508508,9.010020491632,1.0,15.0
778291,2025,0.4247828281307266,-1.016692722865242,8.988716442859355,0.0,10.0
778280,2025,0.5283243048501715,0.03387692491776195,8.527593477952475,1.0,1.0
778285,2025,0.5520088109976684,0.5982724069818106,9.031130747328953,0.0,18.0
778283,2025,0.4507811088726317,-0.35291377958802533,8.741474046876974,0.0,8.0
778279,2025,0.5197357866023201,0.1628263362973189,8.866806560783841,1.0,10.0
778292,2025,0.4660440262631319,-0.7065002566419222,9.078341655195723,1.0,8.0
778286,2025,0.6006329010537393,0.48374409605414875,8.331154703815532,1.0,7.0
778282,2025,0.4941059526414805,-0.6439512296714243,8.843235931317274,0.0,9.0
778278,2025,0.4899158720562282,-0.2429368889751241,9.060043796819324,1.0,5.0
778281,2025,0.571952411617344,0.6735222702077753,8.954792174548091,1.0,8.0
778268,2025,0.45813229456647675,-0.5410323457571278,9.33083840918079,1.0,24.0
778277,2025,0.5077125192286617,-0.4065906511377985,8.011845562721273,1.0,10.0
778271,2025,0.4588349718549214,0.03232265829459282,8.520572898420545,0.0,17.0
778274,2025,0.6607722799740565,1.637327451685204,8.1462153170634,1.0,9.0
778272,2025,0.5050533758521,-0.5487884001047469,8.111264673355194,0.0,1.0
778276,2025,0.5344024021502026,0.5079296384162073,9.05018309161389,0.0,11.0
778273,2025,0.4747407565935277,-0.21604229986150758,8.571160574681222,1.0,4.0
778270,2025,0.5725738443504927,0.5991013836566872,8.254048851510708,1.0,9.0
778275,2025,0.6395527621762688,1.5528217195227845,9.871663527967932,1.0,13.0
778284,2025,0.53069954461632,0.12277301666046153,8.988370792604638,1.0,10.0
778263,2025,0.432882946210548,-0.9525293028585018,8.263098294139937,0.0,3.0
778269,2025,0.48154351148626373,-0.7558740582202332,8.767054489881408,1.0,10.0
778261,2025,0.5477418022927779,0.446769409571537,8.330479321064582,1.0,8.0
778260,2025,0.41495097672683473,-1.2583888674078616,9.540456987444989,1.0,2.0
778252,2025,0.5670983495368088,0.5600652999822875,9.559958146687844,1.0,21.0
778265,2025,0.5474900699695558,0.13930524477123007,8.563697502904194,1.0,4.0
778257,2025,0.503724973225356,-0.2726654808584944,9.082774637775586,1.0,8.0
778258,2025,0.4608780650448901,-0.5670454907892871,8.205086310902653,0.0,12.0
778251,2025,0.47205894059770115,-0.4484813358662106,8.638298743400759,1.0,7.0
778256,2025,0.5495486033568855,0.164830331314411,8.458575378423577,1.0,3.0
778262,2025,0.4761480840878094,-0.6460816383381826,8.04117022058105,1.0,14.0
778254,2025,0.47864514239133177,-0.0761215172441981,7.869047309262567,0.0,3.0
778247,2025,0.4979749979823876,-0.37306057584853164,9.615025846594563,0.0,23.0
778264,2025,0.6813730999880906,1.9427944113057447,9.388695643348827,1.0,7.0
778255,2025,0.5100095628173851,-0.45091786756344027,8.347093129036203,1.0,18.0
778259,2025,0.43942349787593543,-1.0243211448087188,8.275889195228324,1.0,5.0
778253,2025,0.5411009954775166,0.5136700085793862,8.574451336790622,0.0,4.0
778267,2025,0.5827421453327818,0.6984195338487612,8.172954747946736,1.0,7.0
778243,2025,0.4538652367520608,-0.7284626365072193,9.535923998150393,0.0,5.0
778249,2025,0.5044362758361898,-0.5001056880364194,8.428555119342228,1.0,8.0
778250,2025,0.5188846781131438,0.04772272908796169,8.978946146298863,0.0,26.0
778245,2025,0.6663989179065699,1.684555204305438,10.117509272696958,0.0,12.0
778248,2025,0.6399450089620567,1.3311264048878853,8.836084439866086,0.0,12.0
778242,2025,0.44568875290614285,-0.6170877711499663,8.667386854996417,0.0,9.0
778241,2025,0.4589574087568638,-0.5684758163483741,8.59353657846358,0.0,11.0
778240,2025,0.44069750991520146,-1.1457223944787522,8.8087893825539,0.0,4.0
778246,2025,0.6548839342684875,1.4503798878536693,7.5980911319412705,0.0,7.0
778244,2025,0.5110474415940663,-0.03101073231769265,7.990565957393893,1.0,11.0
778239,2025,0.5258619973541827,0.09072703295733303,8.467427036830305,1.0,15.0
778236,2025,0.5477680214412549,0.267746297940228,9.934070540103813,0.0,5.0
778234,2025,0.43688688430646555,-0.9596486003401817,8.112402996834529,0.0,1.0
778235,2025,0.5122932887003905,-0.2369530408017224,10.902554422024595,0.0,5.0
778232,2025,0.48594314679608586,-0.3757589020571548,9.116091471436244,1.0,9.0
778237,2025,0.4628537753952254,-0.8301262339718681,7.893007885615493,0.0,5.0
778266,2025,0.5019393655826675,-0.14977210167218655,10.479012383410486,1.0,4.0
778238,2025,0.6123532130107708,1.2859899872707115,10.331647344879167,1.0,6.0
778227,2025,0.47834554122291784,-0.6688536632196054,8.62617267319052,1.0,10.0
778230,2025,0.43027405522101686,-0.8244838570614121,8.93032798244549,1.0,9.0
778228,2025,0.4994622036680235,-0.21108355596009012,9.018999725124168,1.0,10.0
778225,2025,0.5368141074472822,0.06720123993693518,8.4175950294455,1.0,9.0
778233,2025,0.5630662297530133,0.5003009326590188,8.548030243862753,1.0,13.0
778231,2025,0.5712335129156613,0.25850308250837123,8.188419573896546,1.0,7.0
778226,2025,0.5216094823509311,-0.2745928240160106,8.837031747541163,1.0,7.0
778218,2025,0.5194466904009828,-0.398520647648262,8.726896364004245,1.0,5.0
778221,2025,0.48339409293817437,-0.40675517761676083,8.098637515558062,0.0,2.0
778219,2025,0.43003036372129055,-0.9717175684113939,8.888912913937446,1.0,7.0
778222,2025,0.5031685379618487,0.4547711546375762,8.855546308646774,1.0,7.0
778224,2025,0.4552827406613104,-0.704417494774182,9.77217839767917,1.0,11.0
778223,2025,0.5007460777789762,-0.13236835068682126,9.120326894282906,1.0,6.0
778229,2025,0.5576998762834333,0.37548201277801413,8.841338234201599,0.0,14.0
778215,2025,0.6518704712358369,1.6503696655819373,8.56280604146839,1.0,7.0
778220,2025,0.5272400084038981,0.17028545226863717,8.772505287109821,1.0,21.0
778216,2025,0.6456416950753601,1.3680545590704023,8.643969517546038,1.0,6.0
778217,2025,0.5230655544092756,-0.06404938492677123,8.255937933847385,1.0,6.0
778211,2025,0.5678380510721756,0.5137187490586673,8.864940982701974,0.0,12.0
778212,2025,0.5761711032431309,0.8805771075550501,9.783976488269897,1.0,6.0
778210,2025,0.5393374404557942,-0.023127651865636523,8.810810407561384,0.0,14.0
778213,2025,0.5316511997616584,0.3543156641900583,8.936129504682498,0.0,13.0
778214,2025,0.497942348851122,0.006893885291776839,9.338783678592641,1.0,5.0
778209,2025,0.5255362180242696,0.3126300189825522,8.33997140578995,1.0,6.0
778203,2025,0.5140217462209801,0.08161057543754492,7.9051139551058744,1.0,7.0
778208,2025,0.43509121454774763,-1.0308545659388197,8.99206581613568,0.0,7.0
778206,2025,0.4990363044689255,-0.5724620138679396,8.363047613791856,0.0,6.0
778204,2025,0.5511169132063479,0.8827572937015864,8.725656048640424,1.0,7.0
778207,2025,0.5479687827223354,0.335853346535729,10.061339069412936,0.0,13.0
778205,2025,0.5295114351465107,0.1490359820701885,9.068322350910435,1.0,13.0
778200,2025,0.545030901635342,0.24313708884969348,8.279058602008412,1.0,4.0
778201,2025,0.6428264286615495,1.2510964286462942,8.502587956364748,1.0,9.0
778202,2025,0.5083970339326622,-0.3278537844436375,9.138631591908517,0.0,3.0
778199,2025,0.553228381668672,0.6225392215074286,9.24493690861919,0.0,13.0
778198,2025,0.5497950450084026,-0.25124175756345996,7.6305955204341736,1.0,6.0
778197,2025,0.47335816424380334,-0.4644103680253926,9.513890150968203,1.0,7.0
778189,2025,0.5953399212903121,0.8530923166737664,8.68705443768959,0.0,3.0
778196,2025,0.5259123949402734,0.3350369933590003,9.766955638163436,0.0,7.0
778190,2025,0.667891509789893,1.6474277885028732,8.211522611541646,1.0,11.0
778195,2025,0.6193972488473868,1.1133193384667273,8.819365751610448,1.0,8.0
778194,2025,0.5381741951099541,-0.12702710796748864,8.27540189666073,1.0,11.0
778193,2025,0.5440741096233523,0.79908060868136,8.671257070046915,0.0,3.0
778191,2025,0.5010299407520145,-0.04698247285173405,8.899316381243743,1.0,7.0
778188,2025,0.5601532307451049,0.42303218532152165,8.879379033531592,0.0,11.0
778192,2025,0.4974260151649312,-0.1959256686204955,9.081717700492867,1.0,7.0
778182,2025,0.6071228326560365,0.8216899587899724,9.60943710734107,1.0,4.0
778183,2025,0.43478073003752654,-0.9320327593659802,9.075244992524535,1.0,9.0
778185,2025,0.5779683114007758,0.7277042394341818,9.071614426111093,0.0,6.0
778186,2025,0.5852349248032068,0.9822740217194524,8.485235573605125,1.0,15.0
778187,2025,0.472605073141961,-0.3287225088539386,8.188400555829839,1.0,2.0
778184,2025,0.4872956491312802,-0.21792239489478826,8.591297634306844,1.0,5.0
778181,2025,0.414939754247806,-0.9781210077244481,11.016120523440714,0.0,15.0
778172,2025,0.5790722710713465,0.6362001451911036,8.258627769529461,0.0,1.0
778177,2025,0.4795803534243479,-0.25205280242326955,8.78866764720048,0.0,10.0
778175,2025,0.6840002058387362,2.1083029231598895,7.78491947991943,0.0,12.0
778178,2025,0.635781854784851,1.2489616200174376,9.031834134764692,1.0,11.0
778176,2025,0.553254534913126,0.02644407706022168,8.045921921939652,0.0,3.0
778171,2025,0.5197983117815468,-0.14720428094270624,8.656877564989005,0.0,2.0
778179,2025,0.5050602665393116,-0.138341503077788,8.795005408437923,1.0,9.0
778168,2025,0.5992287345832484,0.6215570057607877,8.538663899826533,1.0,7.0
778166,2025,0.5211491926688364,-0.2870098158883697,8.415802027111125,1.0,6.0
778164,2025,0.5278265866207521,0.48451968264887024,8.589784976062427,1.0,11.0
778161,2025,0.39421936160806686,-1.5949315885033442,10.245469126037147,0.0,10.0
778173,2025,0.4210273023430696,-1.0825445011501398,8.829509733679629,0.0,2.0
778159,2025,0.5406212844619985,-0.16073688048635568,8.634837012870713,1.0,5.0
778174,2025,0.5213818372100395,0.04287841286294741,9.02217839892704,0.0,14.0
778165,2025,0.6132615478297986,1.0469841749653122,8.96722197630415,0.0,13.0
778169,2025,0.5542244932237316,0.29963832706576066,8.550032951822665,0.0,10.0
778180,2025,0.5462520100945817,0.6247608507222979,8.625536625339004,1.0,8.0
778167,2025,0.45055889897177304,-0.608286236621648,8.676807655043206,1.0,2.0
778162,2025,0.49477081473778733,-0.29176022123282325,9.344477535598942,0.0,15.0
778160,2025,0.5875935621579517,0.7233621394518238,8.389154304608928,0.0,5.0
778163,2025,0.5431245548154285,0.2397103407818268,8.751113964278085,1.0,12.0
778154,2025,0.5995502558601076,0.8232511293121055,8.348314151067159,1.0,14.0
778153,2025,0.44344266889564005,-1.0301599261600023,8.750769278427923,1.0,15.0
778156,2025,0.6164911638544575,1.1256825358459006,8.80997001504104,1.0,13.0
778144,2025,0.5919966579354355,0.820180195077449,8.53454244827268,1.0,5.0
778155,2025,0.6881983987500068,1.831403132905037,7.499838010311762,1.0,7.0
778170,2025,0.5917721795443578,0.7880317316850148,8.778929535913484,1.0,6.0
778157,2025,0.49934456608887223,-0.29405054379040196,8.991621294118596,0.0,16.0
778152,2025,0.4813836256022349,-0.4337592655304806,8.124527533969527,0.0,10.0
778150,2025,0.5058969553336772,-0.21150536114597712,8.876263234906318,0.0,8.0
778148,2025,0.3750302699723036,-1.8068116302421364,10.824979224039216,0.0,9.0
778151,2025,0.5999318290512126,0.13542101231545278,8.61873592948212,1.0,5.0
778149,2025,0.5926536584913557,0.6607774188499788,9.0284782966069,1.0,5.0
778147,2025,0.49165085946077164,-0.316635649551254,9.476968697870856,1.0,10.0
778136,2025,0.5954797327288351,0.9368748132377419,8.49679133416144,1.0,13.0
778145,2025,0.6356363195311167,1.311728184941392,8.693411001284106,1.0,11.0
778146,2025,0.5510526189084461,0.005682627032684324,9.026956119659484,0.0,6.0
778158,2025,0.5394178129842693,0.23710096004869585,9.303838915950717,0.0,4.0
778138,2025,0.4902665751838181,-0.40710554385834236,8.865492142851949,0.0,24.0
778139,2025,0.527176283944598,0.02655535818434612,8.493043165284195,0.0,12.0
778140,2025,0.43472366150623354,-0.9045745430245624,10.252420557057059,1.0,7.0
778141,2025,0.5687067477471967,0.6056774968230172,9.631673870157687,1.0,4.0
778143,2025,0.5239351913316814,0.26912319165367693,8.910953721004592,0.0,3.0
778142,2025,0.467950688132722,-0.8032934419713496,8.178700915754261,1.0,13.0
778137,2025,0.4155317737203156,-0.8602393768628968,10.860910628055533,0.0,9.0
778132,2025,0.6534928492364673,1.3033634181958158,8.702998993166398,1.0,13.0
778129,2025,0.5434544136976737,-0.17088591864566902,8.730270163124388,1.0,3.0
778133,2025,0.4365976661498114,-1.0327954612301524,8.881796832477228,0.0,18.0
778135,2025,0.48116360046330753,-0.7579173288916182,8.549534888170276,0.0,9.0
778131,2025,0.6399629306443582,0.9764290042399246,7.770115992364895,1.0,13.0
778128,2025,0.5695121495970156,0.24018757153130432,8.66871847581614,0.0,4.0
778127,2025,0.43128185676240965,-0.7506917837048683,8.253569419154237,0.0,12.0
778130,2025,0.5676041583282878,0.7454357245947159,8.406488372482233,1.0,11.0
778125,2025,0.3967219706209891,-1.2963838394353917,9.042555519936016,0.0,9.0
778122,2025,0.5377673400479552,0.3063856169717332,8.63423964971307,1.0,17.0
778124,2025,0.47970188840772193,-0.49026930461618695,8.402573988929241,1.0,10.0
778120,2025,0.3921819978011945,-1.2127393284723424,10.91129170177175,0.0,10.0
778126,2025,0.5446599435703405,-0.10266168981153762,7.999695568206135,1.0,11.0
778121,2025,0.6670212863709175,1.767267511914149,8.28978865367908,1.0,8.0
778123,2025,0.646069227571601,1.4308098433951297,8.822022474025479,1.0,17.0
778134,2025,0.5652548388375017,0.5866020057031396,9.62262360576171,0.0,6.0
778110,2025,0.5031973206191342,-0.23457183347717991,8.714582687716067,0.0,11.0
778102,2025,0.37760906752221374,-1.4645657217028116,9.728301319951127,1.0,3.0
778109,2025,0.6846630332002672,2.069911395178857,8.933665007475872,1.0,19.0
778104,2025,0.5949880066989676,0.7043485195707252,9.207082332105124,1.0,12.0
778105,2025,0.5664698438320582,0.24705941894963282,8.011136189724175,1.0,8.0
778116,2025,0.4902664111047196,-0.5758250764958746,8.535776469639224,1.0,6.0
778115,2025,0.4313109747817888,-0.9369767513297265,9.693628530631209,1.0,9.0
778119,2025,0.5353415015567371,0.12465138717389472,9.40970561469703,0.0,10.0
778112,2025,0.45143406975777806,-0.9154380084630509,8.765500067174484,1.0,7.0
778118,2025,0.6493656322361703,1.2338398684832752,8.56979938592639,1.0,9.0
778113,2025,0.5905983558002117,0.7088544411448692,8.026925954534077,0.0,3.0
778114,2025,0.431227820710202,-0.8978678725587358,8.88621318962347,1.0,13.0
778117,2025,0.5282388132475471,0.4794869455994263,8.636709514244568,0.0,7.0
778111,2025,0.41312881494183157,-1.0725900639128052,8.510513575430858,0.0,10.0
778106,2025,0.5821289514651359,0.6104451895013417,8.294073781955843,0.0,8.0
778100,2025,0.5004683674509134,-0.08973453192705153,7.986580119751645,0.0,11.0
778107,2025,0.48843065036261135,-0.1784842953203322,9.247163918405722,1.0,10.0
778103,2025,0.560837730747272,0.5425789482346175,8.435620166557946,0.0,6.0
778097,2025,0.5287841939663548,0.09934254013543549,8.201753480140674,0.0,10.0
778108,2025,0.5223129149518881,-0.26761622306997246,8.74859226621526,1.0,7.0
778094,2025,0.4046672636348098,-1.197493900731277,9.108893942287896,1.0,8.0
778096,2025,0.571403179332021,0.4778212718567078,8.210509681864187,0.0,3.0
778099,2025,0.5819145389965162,0.6283412186549342,9.388421781023082,0.0,6.0
778095,2025,0.4406613345429748,-0.6054789810755754,9.123187223402248,1.0,6.0
778101,2025,0.42337235085517805,-0.7661903378603074,9.118408256791659,0.0,14.0
778098,2025,0.6646829213399313,1.4259117723272305,8.643467328190575,0.0,7.0
778087,2025,0.6335505305565288,1.061140864835729,9.02886951142594,1.0,7.0
778090,2025,0.43126520230253,-0.9029557024236448,8.286167757146487,0.0,13.0
778086,2025,0.5383897718833528,0.3919760340104573,8.80910928849437,1.0,5.0
778093,2025,0.4516967027674629,-0.7708111928779142,9.110268673882027,1.0,3.0
778088,2025,0.6249896788405715,1.2941960159505876,8.864389503884507,1.0,3.0
778081,2025,0.5149898858650478,0.4718890165288222,8.43699026666359,1.0,8.0
778089,2025,0.46873499766785387,-0.6032137818794681,9.595702697090502,1.0,7.0
778091,2025,0.4355402392870684,-0.711600441698636,9.387299755333288,0.0,7.0
778092,2025,0.4361921166344284,-1.1642637924288,8.543536580978314,0.0,3.0
778079,2025,0.3930092212224081,-1.5647832271481699,9.021427004310443,1.0,10.0
778083,2025,0.42479192038269464,-1.0682255782471035,8.802405534667065,0.0,14.0
778080,2025,0.46319870454420886,-0.5805869144182061,8.679375516653643,0.0,10.0
778084,2025,0.46436967111839517,-0.8564830368429184,8.650763981582468,0.0,12.0
778085,2025,0.39942168704130315,-1.5147339164142974,8.590481329976603,0.0,10.0
778082,2025,0.7110493697339341,2.1590726308751518,8.512052800263286,1.0,4.0
778074,2025,0.6104508037977964,1.1042053864096308,9.013145318453736,0.0,5.0
778066,2025,0.39208419181367515,-1.5481888942514237,8.602569306129716,0.0,11.0
778064,2025,0.5013497081072713,0.0020197220785281075,8.532557918730488,0.0,8.0
778069,2025,0.6857421277228856,1.5937463612054052,8.647919678456276,1.0,9.0
778065,2025,0.4442072105501966,-0.8295763872427894,9.836605876462603,0.0,3.0
778073,2025,0.5200796288443292,0.2427051814674758,9.603190480692554,0.0,7.0
778075,2025,0.43773340549527395,-0.7501006057005917,8.927140265124079,1.0,15.0
778078,2025,0.4822359324542213,-0.32861305370797317,8.853126255527137,1.0,9.0
778077,2025,0.5933325024996274,0.9044923827563679,9.199056954913113,0.0,17.0
778070,2025,0.41813803695419915,-1.0825081014076228,9.02827551737201,0.0,3.0
778071,2025,0.45448356226799885,-0.6803439202118946,9.22679485674071,0.0,8.0
778072,2025,0.46500715904211004,-0.7634260280632226,9.301119430410793,0.0,4.0
778076,2025,0.5199536073995085,-0.2506982970429715,8.634010931396645,0.0,13.0
778067,2025,0.38595242529990287,-1.4698326148445287,10.132650628204741,1.0,7.0
778053,2025,0.4592915760581675,-0.9122449724606458,9.335645918002283,1.0,11.0
778057,2025,0.5870927884558923,0.8074278935517217,8.947644302695403,0.0,12.0
778051,2025,0.42443719203982533,-1.1193054926246548,8.78997649789883,0.0,4.0
778063,2025,0.5928955208302914,0.7766271317859669,9.712119961334093,0.0,9.0
778062,2025,0.4800858005603084,-0.5422526339380931,9.114570210366422,0.0,17.0
778056,2025,0.4688742101951433,-0.557806524005557,8.856127327130872,0.0,9.0
778061,2025,0.43183169578241665,-0.5904236771368758,9.148049785446647,0.0,5.0
778059,2025,0.5557264869775981,0.32750950995627803,8.721424451042378,0.0,20.0
778055,2025,0.40367925155704526,-1.2306537651178362,9.13766153622118,1.0,9.0
778054,2025,0.46159232300128106,-0.7669404210460151,8.566109589638911,1.0,4.0
778052,2025,0.4428714210548595,-0.9050687568756202,8.646881639569331,1.0,9.0
778048,2025,0.7131230755421479,1.7959574441905366,7.766892927839002,1.0,12.0
778050,2025,0.40149756165928346,-1.3298905430421548,10.068185476469035,0.0,14.0
778058,2025,0.5906828897492589,0.22181376819866763,8.95837953296694,0.0,5.0
778068,2025,0.43361667567761364,-1.1398445700344844,9.34527221860317,1.0,9.0
778060,2025,0.4414145207264825,-1.07926143663328,9.575206604837657,1.0,7.0
778047,2025,0.37957591019674886,-2.044096460421288,9.947312210118081,0.0,11.0
778045,2025,0.5063645020947191,-0.4959800686374477,8.554848197895677,0.0,7.0
778049,2025,0.47156235461216894,-0.8364714004603218,8.964563138612295,1.0,4.0
778042,2025,0.5059988005202363,-0.10308406708797407,8.449433064075917,1.0,6.0
778044,2025,0.5562056860528811,0.20190430892201364,8.758961559910373,1.0,11.0
778043,2025,0.6537951090133284,1.55912478566039,8.332482180025455,1.0,3.0
778036,2025,0.5596565495872847,0.38529260094011486,8.913962237402997,1.0,9.0
778039,2025,0.5129636629953676,0.5404500906027615,10.29136278718207,0.0,9.0
778038,2025,0.4354416837583502,-0.9722944889210106,9.198092751321404,1.0,13.0
778026,2025,0.4727736729820841,-0.45811018374546636,9.015661424011379,1.0,19.0
778046,2025,0.49611057676845827,0.16385100728324822,9.10175095322012,0.0,10.0
778035,2025,0.38353750472063275,-1.9472834461073445,10.160142004119388,1.0,9.0
778037,2025,0.5040469736384129,-0.30065572989577594,9.211219284624367,0.0,7.0
778040,2025,0.49912106290091013,-0.3639400334554437,7.9294021871579785,0.0,12.0
778041,2025,0.49529102253966756,-0.5315496075975618,8.650333216484634,1.0,15.0
778034,2025,0.5724852728639405,0.3820429136992761,8.272275844384627,1.0,3.0
778033,2025,0.6723036381339665,1.6647893153755382,8.106080726507203,1.0,7.0
778031,2025,0.5124379103481425,0.11804456649224068,8.54290080665784,1.0,7.0
778028,2025,0.6107438240509163,0.9678159997271922,8.434652379931714,1.0,10.0
778027,2025,0.5515874412614665,0.3934027114685586,9.406903566032646,0.0,19.0
778030,2025,0.543906509042329,-0.07942259747031512,8.052318461654261,1.0,3.0
778025,2025,0.468252115005418,-0.31632876179776054,9.788976178393632,1.0,11.0
778032,2025,0.4687256596414845,-0.6911706820825481,9.950612142004271,1.0,6.0
778024,2025,0.47278836596401436,-0.5191819259658437,9.486869002552906,0.0,8.0
778022,2025,0.4786260905337225,-0.34100814035035754,9.016573486291367,0.0,14.0
778015,2025,0.45829158665269915,-0.6737646005502291,8.850823151188163,0.0,10.0
778016,2025,0.6212859390418572,0.9005481374486187,8.576859868861495,1.0,5.0
778020,2025,0.5375679968034488,0.0524133828198891,8.758572990220578,0.0,4.0
778010,2025,0.4435312039034652,-0.9337539730181607,9.114653857846742,0.0,11.0
778014,2025,0.462425525230719,-0.6564828014083482,9.941848816484798,0.0,8.0
778017,2025,0.39145331827646446,-1.836652590491756,10.202609118684862,0.0,11.0
778018,2025,0.5327016892082126,0.11541190902451146,9.638250535270512,1.0,10.0
778021,2025,0.48199367752454764,-0.6663713547296541,8.519003343454253,0.0,7.0
778019,2025,0.538560421429391,0.06851389910882215,8.508441409727787,1.0,7.0
778023,2025,0.4771475868057472,-0.5801081652558474,8.16117985878351,0.0,7.0
778011,2025,0.6108993421330376,0.7365237218167637,8.605659196537976,1.0,7.0
778012,2025,0.6466559221522465,1.311104234379134,8.653922937359962,1.0,3.0
778013,2025,0.36907751905275143,-1.3105672011352851,10.847626123097534,0.0,14.0
778009,2025,0.508763969307305,0.4006198497986687,9.00397876712419,1.0,9.0
778007,2025,0.6419863745072313,1.2576655159903234,8.455834078622372,1.0,7.0
778006,2025,0.57618048381948,0.33253871771766685,9.765910617901923,1.0,5.0
778008,2025,0.6706872531653404,1.683597942524527,8.353712771071901,1.0,10.0
778004,2025,0.3790373602007983,-1.0483790085500662,11.48374447499293,0.0,12.0
778029,2025,0.36844558384139003,-1.3875274710400531,11.072930765359978,0.0,12.0
778005,2025,0.4729824174285078,-0.9463217804432229,8.721138870153139,0.0,13.0
778003,2025,0.5314774387977138,0.28449733922347314,8.80338894891954,1.0,9.0
778000,2025,0.49867615917052194,-0.1281752202346375,9.00191030463978,0.0,13.0
777999,2025,0.42844450694069225,-1.1778718306921747,9.493242880375842,1.0,8.0
777998,2025,0.40944409464776227,-1.1064599261281647,9.234854284010012,1.0,5.0
777996,2025,0.6993489727021515,1.8726703640998417,8.462778522139063,1.0,3.0
777995,2025,0.47696971062414073,-0.36402296890826685,9.415953009007472,0.0,10.0
778002,2025,0.5185644454892921,-0.24179149327301755,8.7980189272454,1.0,7.0
778001,2025,0.549739190716158,0.271117341317457,8.790000033622299,1.0,9.0
777997,2025,0.4570156251542688,-0.7447684104788017,8.717960044129116,1.0,6.0
777990,2025,0.49835693988869273,-0.3566967273374342,9.326397835088077,1.0,3.0
777991,2025,0.5369312894624586,-0.1695327428476519,8.923308944549916,1.0,8.0
777989,2025,0.5515029359967256,0.30702792944122864,7.984285879668409,1.0,3.0
777992,2025,0.4796129322173687,-0.6329395252722763,8.879220734096902,1.0,4.0
777993,2025,0.38422310333219506,-1.3230230944588477,11.42899260800241,0.0,22.0
777986,2025,0.5287154162090336,0.10667921994853971,9.75617678078513,0.0,5.0
777988,2025,0.4755506790612087,-0.3539742438777521,10.418741312376762,0.0,25.0
777984,2025,0.6001134348390837,0.69670813633505,8.603610274753377,0.0,9.0
777994,2025,0.45285764575380194,-0.7710415724319142,9.693209796943334,0.0,12.0
777985,2025,0.4242624805881696,-0.9980620600152084,8.652465830477558,0.0,5.0
777972,2025,0.4340510936071326,-1.1883202762631768,9.64631006750154,1.0,18.0
777980,2025,0.501599174452092,0.04029730232338615,8.864399436656322,0.0,6.0
777981,2025,0.5065572691870331,-0.4970035938349199,8.671721766931423,1.0,5.0
777987,2025,0.6232445736773246,1.116542756906046,8.573718978812172,0.0,13.0
777983,2025,0.5000561617389022,-0.297458420398173,8.533120132875005,0.0,8.0
777979,2025,0.5346173207905821,-0.1637992659347444,8.583552219089082,0.0,22.0
777977,2025,0.5293592996200936,-0.25106678933622106,7.899988430494654,0.0,11.0
777978,2025,0.5766493755829445,0.308546542735995,8.346814115022818,0.0,4.0
777982,2025,0.5577728989226329,0.09216985981735569,8.803867096278776,0.0,11.0
777974,2025,0.5113838992812862,-0.4792764343214735,8.205756002871697,1.0,3.0
777975,2025,0.4794768712978965,-0.8725437659735878,10.066536883318744,1.0,3.0
777976,2025,0.3611709049451273,-1.7235509586822024,10.920761376590145,0.0,21.0
777973,2025,0.5352696964802828,0.47876668596658767,9.63477996038835,1.0,7.0
777970,2025,0.5897576468190447,0.9255361552413212,8.675022967502416,0.0,9.0
777968,2025,0.4995617147147249,-0.5097233263373787,9.246885219308178,1.0,8.0
777967,2025,0.39353166202782847,-1.3432983053056382,8.240095071894046,1.0,7.0
777962,2025,0.4865919629031305,0.04703934780173883,8.880466957662847,0.0,7.0
777969,2025,0.6006164402698816,0.7555200923870349,8.399275552240193,0.0,7.0
777964,2025,0.5437797891691692,0.16541935499850013,8.337306058122593,0.0,6.0
777956,2025,0.5166910009065906,-0.02792635219883706,8.49509208491305,1.0,13.0
777966,2025,0.5596445353800906,0.34079184882096086,8.753466390032344,1.0,6.0
777963,2025,0.5591244894479693,-0.009020018992466065,8.529337618616793,1.0,6.0
777965,2025,0.5495762934200247,0.22471063579641468,8.216303437312872,0.0,4.0
777955,2025,0.3573641696246059,-1.5429769963566602,10.682714948636287,1.0,12.0
777957,2025,0.4587137444127569,-0.6919831222678983,9.685151487885378,0.0,14.0
777961,2025,0.5083406784008067,-0.02207897504993369,9.434394640629272,0.0,10.0
777954,2025,0.4613512965672667,-0.8664899089936565,9.694394321243646,0.0,9.0
777958,2025,0.6284606530339568,1.1269668875691365,8.290567224349653,0.0,10.0
777971,2025,0.454668615980098,-0.7847646004277216,8.173570355462145,0.0,3.0
777960,2025,0.4928200908827145,-0.7718713215911444,8.57314704550378,1.0,5.0
777951,2025,0.5556382419037235,0.24976764743238017,9.292761085929559,1.0,16.0
777953,2025,0.5445469022984988,0.33573970818858506,8.555314503450681,0.0,5.0
777950,2025,0.6107516100075422,1.0143349967180273,8.460682709759155,1.0,7.0
777959,2025,0.6070171367723894,0.7667618679283771,8.773643765944076,1.0,7.0
777952,2025,0.6693643843582262,1.4776163016736168,9.178624968702227,1.0,7.0
777949,2025,0.6734566904681568,1.7137806305802823,8.418554120450231,1.0,3.0
777948,2025,0.5175460413597143,-0.15117961432724494,8.47175129357019,0.0,12.0
777947,2025,0.6766272352140302,1.3959716909492805,8.248242401744783,0.0,14.0
777941,2025,0.4467448769584812,-0.975947296416232,9.601731940847067,0.0,16.0
777939,2025,0.5333623634563976,0.14867356345446262,8.686408796393271,0.0,3.0
777944,2025,0.5114811937537166,-0.1846695323486108,9.05794378355911,1.0,2.0
777940,2025,0.6418671301564571,1.6151154905888243,8.615901298982147,1.0,19.0
777945,2025,0.6437357110613643,1.2853167562838934,8.89179100182284,0.0,6.0
777935,2025,0.5067514751791851,-0.2939084155043144,8.808246935177653,0.0,20.0
777943,2025,0.6584833355842271,1.4346312667774064,8.686675935308656,1.0,3.0
777942,2025,0.671390154332463,1.565096228391408,8.388573427515453,1.0,7.0
777936,2025,0.6737688288480917,1.658317725215446,8.878953821139831,1.0,9.0
777934,2025,0.6288686032751284,1.2603392255412207,8.903547147174175,1.0,5.0
777931,2025,0.533624460954772,0.07277777855342786,7.912750338528354,1.0,3.0
777932,2025,0.6966454426895241,1.6825111495444083,8.528908494847522,1.0,10.0
777926,2025,0.4929299475222156,-0.8387967175210995,8.566796969704548,1.0,3.0
777930,2025,0.506934502901242,-0.21020185548692985,8.367454193139144,1.0,16.0
777937,2025,0.6351327564382419,1.265163629033282,9.109272569143847,0.0,12.0
777924,2025,0.43737011187915464,-0.8598349105322026,9.077591321786567,0.0,9.0
777938,2025,0.43956617629911443,-0.7876871351933421,9.174391679486353,0.0,14.0
777922,2025,0.5190052535098176,0.41023453207994537,9.020768567671578,1.0,3.0
777925,2025,0.5245162252438322,-0.039428551723582214,8.423696426322637,0.0,14.0
777916,2025,0.5599929078210835,0.3421823660066843,8.373508213684412,0.0,15.0
777915,2025,0.49790751084940543,-0.4670291508661991,8.848838509234806,0.0,5.0
777933,2025,0.4842262735258045,-0.5347670224950719,8.296970048980967,0.0,21.0
777927,2025,0.6557996883191706,1.8516940884515016,8.473180460598188,1.0,11.0
777923,2025,0.5218224541365957,-0.00998129873050092,8.542377929538922,1.0,4.0
777919,2025,0.6798082932219969,1.805422519295083,8.622139374326188,0.0,4.0
777928,2025,0.6639767829273496,1.4487932198387292,9.04875449482192,0.0,6.0
777929,2025,0.5882060598016973,0.7211161535008581,8.930155254293517,0.0,9.0
777921,2025,0.6556738819072673,1.103664828439715,9.313628456357401,0.0,4.0
777918,2025,0.649703876733315,1.494365237167146,9.129813791029228,1.0,11.0
777920,2025,0.5485750300632296,0.1676643418471539,8.682782653399341,1.0,7.0
777914,2025,0.6826045313463734,1.2653569090477639,9.465222825111292,1.0,6.0
777917,2025,0.6578847614148493,1.4105110383050272,8.961803726261671,1.0,12.0
777909,2025,0.5815903453092434,0.8429147811077405,8.591760799060319,1.0,7.0
777911,2025,0.43760241825985796,-1.022808598296876,9.730867487952434,0.0,4.0
777912,2025,0.6873211587223359,1.9125321235478834,9.083622177921592,1.0,8.0
777913,2025,0.5386169370570107,0.5032178905436259,8.6002067723021,0.0,11.0
777910,2025,0.45324861498618174,-0.7491034768186701,8.054122201428795,1.0,1.0
777946,2025,0.6348411592028544,1.518913880974762,9.029374668289915,1.0,21.0
777900,2025,0.6310187730252084,1.4039569621713759,8.898564986857144,1.0,16.0
777902,2025,0.5090307807009251,-0.029140028808519375,8.949222344280978,1.0,9.0
777905,2025,0.6540635906152394,1.2946652754092929,8.860445475839304,1.0,12.0
777907,2025,0.525533535241205,-0.6668988697292773,8.733615930013569,0.0,7.0
777904,2025,0.5183076841418726,-0.36822385592465,9.02818113365222,1.0,8.0
777906,2025,0.44037965649279626,-1.1443283485045506,8.946181328529793,0.0,9.0
777908,2025,0.4782129594182354,-0.6281671643490814,8.929298809186403,0.0,6.0
777903,2025,0.44303540569317706,-0.7211506128191497,8.929700312458081,1.0,13.0
777901,2025,0.5432809193633007,0.48589078412031184,8.390515697963567,0.0,13.0
777895,2025,0.512480969927936,0.21500360916860456,8.210008698555361,0.0,9.0
777898,2025,0.44949928556568364,-0.59282238955,8.07995143921169,0.0,3.0
777897,2025,0.7038005272565979,2.3679925284663814,9.515230249287937,1.0,8.0
777896,2025,0.5727007462986784,0.6722129261389677,8.390173753734752,0.0,6.0
777899,2025,0.7034174547046469,1.9094086958389418,9.497486966804102,0.0,8.0
777891,2025,0.6279678157420557,1.0845173513259088,7.589705740334652,1.0,10.0
777888,2025,0.5613776787101469,0.24686148076661227,9.514367900761343,0.0,5.0
777881,2025,0.7022010142366837,2.1968276458274825,9.003051455519202,1.0,10.0
777886,2025,0.439460917593966,-1.1828205124654052,8.884573238652484,1.0,3.0
777890,2025,0.5430953745673166,0.36828659813485487,9.141238400131183,0.0,16.0
777889,2025,0.44469372471014573,-0.6489619986738844,8.997748989186869,0.0,4.0
777894,2025,0.6812176013469202,1.8215421148527446,8.223842663863318,1.0,7.0
777892,2025,0.5384984593489812,0.42641271679545395,9.357431520766955,1.0,5.0
777882,2025,0.48661008023155605,-0.2690635782512666,8.253462016108118,1.0,6.0
777885,2025,0.4976103406646532,-0.19580157046487673,9.164833598780392,0.0,1.0
777893,2025,0.5008410352540945,0.05493277775235789,9.588179676149803,1.0,13.0
777883,2025,0.4432761351425152,-0.6019114116026764,8.129456125635633,0.0,7.0
777887,2025,0.7201684474526299,2.432393192774806,10.028428289438938,0.0,26.0
777875,2025,0.604698671265636,0.7733087288057657,8.629208098032061,0.0,5.0
777879,2025,0.601401013278017,0.9321413965270154,8.361791600436717,1.0,1.0
777884,2025,0.6803575443642704,1.67433340280604,9.253511381633116,0.0,20.0
777869,2025,0.4391277102261466,-1.0482398812122877,8.880279493855886,0.0,7.0
777876,2025,0.46168059672893824,-0.5384116922404323,9.600528884764646,0.0,14.0
777880,2025,0.5903586513588044,0.874782113320787,8.21418528059104,1.0,1.0
777873,2025,0.5785427090998791,0.20232528474572717,9.361422410863083,0.0,14.0
777871,2025,0.461226931906844,-0.7816119475736731,9.338198888516914,0.0,5.0
777874,2025,0.5109768121367718,0.0451215579407123,8.871360158393722,1.0,4.0
777877,2025,0.4391732405415081,-0.7777146162491672,9.258100998422522,1.0,6.0
777864,2025,0.4849449244919588,-0.3827971033111261,8.51811647316725,1.0,3.0
777865,2025,0.4808007964844223,-0.19938642350774,8.360436961740039,1.0,7.0
777872,2025,0.6752339751199422,1.832539991084565,9.309207768058904,1.0,8.0
777867,2025,0.6030696373294103,1.112328182897691,8.755101171033225,1.0,5.0
777870,2025,0.7231116757795139,2.621665660968556,10.103855231494425,1.0,1.0
777866,2025,0.672079370620812,1.5048072027849555,9.063205801783171,0.0,10.0
777868,2025,0.5234475221652772,0.22647300536026002,8.213915165363352,0.0,7.0
777878,2025,0.5710936075433735,0.5060430672660324,9.04139657102806,1.0,10.0
777859,2025,0.42448503409817107,-0.9063855720077335,8.71491797856737,0.0,8.0
777863,2025,0.40364901158816446,-1.4801843066624405,8.82561393246799,1.0,15.0
777856,2025,0.45978479333703404,-0.9276928966796879,10.284419953110778,1.0,4.0
777858,2025,0.4711017548255384,-0.5127264416717601,8.875333152274747,0.0,7.0
777857,2025,0.39268880015345714,-1.2666442612873439,9.228645441441707,0.0,6.0
777860,2025,0.627772821807408,0.9391049345700346,8.347853643001647,1.0,9.0
777862,2025,0.49834971044133725,-0.23374255680860892,8.697765596806851,1.0,15.0
777852,2025,0.37070597562827573,-1.5192699595083707,10.38139347693169,0.0,12.0
777855,2025,0.5222913332260742,-0.11672822686875482,8.435874553175749,0.0,4.0
777853,2025,0.5449796523021493,0.02793103467662794,9.225445183737294,0.0,7.0
777854,2025,0.5718182239900262,0.48377346207301203,9.199715530667243,0.0,14.0
777847,2025,0.40404171861383886,-0.9964203939081543,9.04562182151334,1.0,1.0
777850,2025,0.43110330512402484,-1.019706001934511,9.162993073541834,0.0,15.0
777851,2025,0.44824145189548475,-0.9055303257263009,10.325967173941844,1.0,2.0
777841,2025,0.47305322348981166,-0.46763906921110937,9.515946665248219,1.0,8.0
777848,2025,0.4672931042004987,-0.5994616353971624,8.906607303018959,1.0,5.0
777849,2025,0.6231429464926971,1.0431291234022784,9.146240537342827,1.0,7.0
777845,2025,0.44316165380939865,-0.931565238602509,8.214167380985433,1.0,3.0
777844,2025,0.6008333986475506,0.9466469185828116,8.255738194091117,1.0,7.0
777846,2025,0.3920248518479628,-1.356565089511487,9.445984351269253,1.0,1.0
777840,2025,0.4512505178316023,-0.915831719377353,8.504472974584196,0.0,9.0
777842,2025,0.3606722727768337,-1.8009857800742872,10.516598070246323,0.0,11.0
777836,2025,0.5675322362374668,0.08653769786949088,8.636559023914632,1.0,5.0
777843,2025,0.6010221735848337,1.1195940918751461,9.263233710171642,0.0,12.0
777838,2025,0.6045548074011806,0.6691838324774281,9.30280651278575,1.0,7.0
777834,2025,0.41371673953648447,-0.9836656341958906,8.851760913966421,1.0,4.0
777832,2025,0.4367941368863763,-0.9143395229381511,8.261346787826765,1.0,12.0
777861,2025,0.6045195604858667,0.7548231390327605,8.171863864131137,1.0,11.0
777833,2025,0.4157458418549498,-1.2447310599375254,9.25756734953869,0.0,3.0
777826,2025,0.6250722509698402,1.1652239615810556,8.396048747255644,0.0,12.0
777827,2025,0.463626195917552,-0.8018279104207631,9.322480509972218,0.0,6.0
777830,2025,0.4189853451318107,-0.834485272776514,8.292473242495332,0.0,11.0
777819,2025,0.6024320347263425,0.8120308123564378,7.573342939767221,0.0,12.0
777829,2025,0.562336635775614,0.20637825283798356,8.735503251332673,0.0,6.0
777831,2025,0.5209389392227429,-0.04319526900306287,9.314229789355021,0.0,6.0
777835,2025,0.5775123724766196,0.8598227324396374,8.919856611226445,1.0,7.0
777837,2025,0.501103237760065,-0.1451489133395831,8.82783935585456,1.0,14.0
777823,2025,0.4034943013231435,-0.9707614520755132,10.902981164999234,0.0,14.0
777828,2025,0.5759599020515394,0.9431590849856305,10.0973150269592,0.0,15.0
777824,2025,0.5339290869144079,0.22490599005728232,9.457792805106154,1.0,4.0
777818,2025,0.5952284084241966,0.8475517864717985,8.959405121756445,1.0,1.0
777816,2025,0.4657297646532082,-0.7819335850256234,8.983621193699598,1.0,13.0
777817,2025,0.36010925893593665,-1.7759663209979968,10.572485396213128,0.0,2.0
777812,2025,0.5766185063542647,0.6936068714587961,9.59243117229174,0.0,15.0
777814,2025,0.42084661256741185,-0.9698664336955045,8.658258117589826,0.0,13.0
777821,2025,0.5769815731068899,0.9193949252146413,8.68234611221238,0.0,7.0
777820,2025,0.47977261690460227,-0.45784100132019423,8.781587444127355,1.0,15.0
777822,2025,0.474133513604391,-0.6792972199087827,8.615446328228838,1.0,11.0
777815,2025,0.6320702633430643,1.1287600656286743,9.7946826996864,1.0,24.0
777811,2025,0.5201530129136,-0.40375565930381313,8.620665810686237,0.0,19.0
777806,2025,0.4734280857179713,-0.2435480985021951,7.849788563119659,1.0,11.0
777801,2025,0.4789643763898432,-0.5489517039787679,8.729288641921613,0.0,4.0
777810,2025,0.5657933601426828,0.0904632509213388,8.317912066246066,1.0,4.0
777808,2025,0.5258345397367924,-0.20505512970029577,9.649655475378804,0.0,12.0
777807,2025,0.5743207299264522,0.49214182724488376,9.041877276503136,0.0,4.0
777813,2025,0.540871492941964,-0.06043496779399023,7.910794060670782,0.0,3.0
777805,2025,0.41925850250104424,-1.0608141926348005,9.061821390624116,1.0,5.0
777800,2025,0.5602566242920659,0.287338378173251,8.774775278346253,0.0,8.0
777799,2025,0.5706704485029583,0.4713303261668629,8.513497780539602,1.0,4.0
777797,2025,0.5198219703434332,-0.11247852060483182,9.056958358027273,1.0,7.0
777802,2025,0.36523670133535213,-1.455887952871981,10.534884512564211,1.0,5.0
777798,2025,0.6186303949158574,1.129590185174539,9.332746357845055,1.0,11.0
777804,2025,0.4190824788307546,-1.1125867153345794,8.854918830249812,0.0,7.0
777809,2025,0.6635413756955488,1.4788778449441669,10.059974593003858,1.0,11.0
777788,2025,0.5155592807163061,-0.31208248533343386,8.769101658644024,1.0,9.0
777786,2025,0.5536085597409528,0.17767940530812454,8.384145070488799,1.0,11.0
777793,2025,0.4510195232630329,-0.8683313787751951,9.631323884987184,1.0,3.0
777794,2025,0.45666092971371985,-0.39401808374565783,8.536967464922208,1.0,3.0
777782,2025,0.36123582406175925,-1.6374447146404296,10.516395925567094,0.0,14.0
777791,2025,0.49477604633076266,-0.8311297878522345,9.172733641482164,1.0,10.0
777787,2025,0.5049833083168811,-0.005915305911004421,7.61103169838479,1.0,3.0
777803,2025,0.5055238206186768,-0.25051734486434346,8.930053540058472,1.0,8.0
777792,2025,0.4467976597628358,-0.6328062795956811,9.089458862412918,1.0,15.0
777790,2025,0.6581722751481951,1.404196209018848,9.855342234668887,0.0,3.0
777795,2025,0.5490990943886147,0.14235834685927126,8.765476572097604,1.0,4.0
777796,2025,0.5672486670370734,0.4790602261474352,8.88456919063923,0.0,12.0
777789,2025,0.5343517960436042,-0.002198688616902984,8.6866934335618,1.0,7.0
777784,2025,0.42782486199463554,-1.03463906093613,9.457629339029863,0.0,15.0
777781,2025,0.629306343071838,1.4308718182504416,9.488568784666416,0.0,8.0
777780,2025,0.634972331330945,1.0467081263365297,8.171231347277514,1.0,5.0
777785,2025,0.6449578301475166,1.0950695945344062,9.83029475116443,0.0,6.0
777778,2025,0.4486676106145125,-0.8303364352535553,8.861553708698791,0.0,5.0
777776,2025,0.4256802548528198,-0.9813751462930668,8.690525069837562,0.0,11.0
777775,2025,0.5224142484786706,-0.3808687103583608,8.591123598359637,1.0,13.0
777779,2025,0.4774908586077866,-0.8449313354002774,9.046265463466646,0.0,19.0
777774,2025,0.5015785192346827,-0.3144098772689503,8.627965886825466,1.0,8.0
777772,2025,0.5233084060626108,-0.26303829316674504,8.427995047693969,0.0,3.0
777777,2025,0.46040117249119994,-0.6524040034369201,8.981451424959664,0.0,9.0
777766,2025,0.55978963406046,0.3666887651812774,8.475360941041531,1.0,7.0
777768,2025,0.35871149564024907,-1.5421388471331932,10.685838535240348,0.0,9.0
777765,2025,0.41804615216007024,-1.4166128001402907,9.546000411189196,1.0,9.0
777767,2025,0.5661355164489091,0.27241513225190206,9.989161222560037,0.0,3.0
777783,2025,0.5121313509763137,-0.41544400926515235,8.046538480739432,0.0,8.0
777773,2025,0.554123738206298,0.129318114313468,8.474112846638043,1.0,4.0
777770,2025,0.5418615608660579,0.05872595076013073,9.15071682914127,1.0,4.0
777764,2025,0.442821228906405,-0.6660379382576957,7.9724105703094,1.0,5.0
777757,2025,0.7024496567914983,1.7810281880058392,9.82702027296013,1.0,4.0
777771,2025,0.4294574820897718,-0.8694481428892792,9.550367487258232,1.0,7.0
777759,2025,0.527886292618793,0.26829448941701517,8.243505656487576,0.0,3.0
777760,2025,0.48660056463423446,-0.47593358442832195,8.923231746292236,0.0,11.0
777758,2025,0.6952003787834131,2.0737335205435983,8.71230786290242,1.0,3.0
777769,2025,0.4425750852272073,-1.0615833574736615,8.351778900990519,0.0,9.0
777762,2025,0.4986969427962576,-0.3192732041595784,8.936331624383586,1.0,9.0
777761,2025,0.6314341578429563,1.2252751344800514,9.955081056453295,1.0,5.0
777756,2025,0.5987755628732832,0.8064086678014669,8.954399604259063,1.0,7.0
777763,2025,0.4033376536275557,-1.7022618546656199,10.350471089900523,0.0,6.0
777753,2025,0.48918089508720913,-0.5622441476219007,8.568511353106091,0.0,14.0
777754,2025,0.4465257175377989,-0.7347315539341231,10.050342269347464,0.0,11.0
777755,2025,0.5324210501192045,0.008813733828919826,8.510036606572072,1.0,4.0
777748,2025,0.6108800781269496,0.992716369152752,8.812209691836724,1.0,2.0
777746,2025,0.4735723282758933,-0.5940586532729185,8.229770142168308,0.0,6.0
777749,2025,0.6835434205006211,1.8260129159801255,8.6376173426723,1.0,10.0
777750,2025,0.5224973892627217,-0.3259234527833654,8.869788104622392,0.0,9.0
777747,2025,0.4865217373945627,-0.19143404554380283,8.836032276384566,1.0,6.0
777751,2025,0.6947083697358438,2.0604685204306366,9.476591080866136,1.0,7.0
777741,2025,0.5421647208730928,0.6405321431300679,7.994733000323593,1.0,2.0
777752,2025,0.6856331330798582,1.9757643350820961,8.034262172668093,1.0,12.0
777745,2025,0.3941730461513901,-1.7917710279227324,10.051882241624243,0.0,5.0
777744,2025,0.6744722843712754,2.010180848083575,9.603819813998353,0.0,15.0
777743,2025,0.5974320532266768,0.8198481654920022,8.528630019409839,1.0,10.0
777742,2025,0.654773568234229,1.4496505034637863,8.596085394803401,1.0,14.0
777737,2025,0.6264197949861154,1.2523083725575745,8.946959167893448,0.0,13.0
777732,2025,0.48650866599097875,-0.522279706366065,8.078254018924031,1.0,5.0
777736,2025,0.5293908215499017,0.3018566683707944,8.292824952993007,1.0,11.0
777739,2025,0.49113825222310276,-0.4336891944902642,8.800846442323532,1.0,11.0
777738,2025,0.55406028862552,0.03766046264613659,8.691789893119756,1.0,7.0
777734,2025,0.5915899550010559,0.9166808919708948,8.657849682578341,1.0,8.0
777729,2025,0.5670661265433614,0.5851187021252889,8.883944378893583,0.0,11.0
777726,2025,0.6594699690700945,1.5753945777750884,8.862341240787565,0.0,18.0
777740,2025,0.4267748432486166,-0.856382630082041,9.40279178168776,0.0,10.0
777733,2025,0.4766200170010345,-0.6795293183032092,8.016719960742224,1.0,5.0
777731,2025,0.7163900833615745,2.289799624385417,9.164513514714105,1.0,3.0
777724,2025,0.5254322993096543,0.09018134512187681,8.476332543191917,0.0,2.0
777728,2025,0.42967285033389063,-1.4417196926611013,9.335725723253283,0.0,1.0
777730,2025,0.6421620784514116,1.1257938439000583,8.267476725221893,0.0,9.0
777735,2025,0.6058906195144563,1.1051288620959032,8.663026247310444,1.0,9.0
777723,2025,0.5389709163274314,0.184101571146645,7.818989014838778,0.0,12.0
777727,2025,0.5781097155662327,0.5764440819662741,8.69307170293345,1.0,12.0
777725,2025,0.5580127294107895,0.037957716687040524,8.705729962625407,0.0,16.0
777722,2025,0.556822805036726,0.2457446405963324,8.761203115999049,0.0,12.0
777712,2025,0.5765038578275739,0.9211416141400235,9.385375025440728,0.0,8.0
777720,2025,0.5848177125293903,0.7054043995957471,9.766730856804008,1.0,3.0
777715,2025,0.5373784682261743,0.05688891416163891,9.531740065946645,0.0,8.0
777716,2025,0.6208229348618726,1.192211071234346,8.296349238192846,1.0,18.0
777721,2025,0.574239441929294,0.7467800819388644,8.484411129877664,0.0,5.0
777718,2025,0.7105727290227876,1.780168675555272,8.632306538908638,1.0,6.0
777717,2025,0.43645523198803493,-1.0303129707227525,9.686546848785964,0.0,2.0
777719,2025,0.543675530241747,0.26075263490172296,8.923073083636588,0.0,6.0
777709,2025,0.4185044200383065,-1.0582108491700783,9.066022758285925,1.0,12.0
777711,2025,0.47623137250617026,-0.666265023014678,8.215568092048944,0.0,12.0
777714,2025,0.5590973552225192,0.2960652892288395,7.85870603330583,1.0,3.0
777710,2025,0.5824039748350418,0.8730346146514651,9.995360855000783,0.0,16.0
777707,2025,0.6368185544231008,1.1095835372456422,8.455738053338054,1.0,5.0
777713,2025,0.5710213304877491,0.2838338735588838,7.931588875798668,0.0,18.0
777708,2025,0.46227313607401554,-0.9262443548210413,9.414683157821361,1.0,13.0
777704,2025,0.5603980694350963,0.543510803523694,8.877640596052164,1.0,2.0
777701,2025,0.6480248077489607,1.3312300298253477,8.381036139461187,1.0,15.0
777697,2025,0.43362773396816556,-0.9449738421421354,8.695880272762514,0.0,2.0
777699,2025,0.5645681315568647,0.552348682360112,9.15863026588564,1.0,6.0
777702,2025,0.566560929542827,0.6322772528493844,8.600335016877132,0.0,24.0
777703,2025,0.6101984101932024,1.2775192827041397,8.72261364537131,1.0,12.0
777694,2025,0.4255502660412933,-1.1607840199873514,8.197549606706032,1.0,1.0
777700,2025,0.7247016700621985,2.0946255257735027,8.597045943130825,1.0,10.0
777693,2025,0.541934748516544,0.14316762682974887,8.73272339639851,0.0,19.0
777706,2025,0.582561843587583,0.6634641718182782,8.463893599850278,1.0,5.0
777705,2025,0.4401490180559909,-0.8491976539558717,8.721676187443656,1.0,1.0
777695,2025,0.5050739396837975,-0.10830400719932275,8.480060326798673,1.0,9.0
777698,2025,0.488563522633917,-0.6336909132596551,9.120209329205158,1.0,20.0
777691,2025,0.6717120734059908,1.753995342682255,8.357116116181265,0.0,5.0
777696,2025,0.5858056692016413,0.7513610632138858,9.600822550712879,0.0,18.0
777678,2025,0.47453423267369227,-0.22012286600638023,8.27637785022206,1.0,9.0
777688,2025,0.5856392639046824,0.8400666537500997,8.958881961137427,0.0,7.0
777692,2025,0.4458983812152127,-0.8812443412363887,8.39618139673696,0.0,4.0
777684,2025,0.5665123686632989,0.3423812795654224,9.14038437936562,1.0,5.0
777685,2025,0.668497756128945,1.62474388259355,8.43361368236756,1.0,12.0
777683,2025,0.6111050985447158,1.2197245764508093,8.578615878308588,1.0,6.0
777686,2025,0.7101748495566137,2.0547727927252386,8.73369630820522,1.0,8.0
777689,2025,0.4467571461419835,-0.7746218570062189,8.611073970933235,0.0,6.0
777677,2025,0.5152655634423625,0.06753804539393292,8.007056620469625,0.0,1.0
777690,2025,0.5505913803811887,0.11328939996203208,8.28778776458292,1.0,1.0
777687,2025,0.5625718397212761,0.6781733854880477,9.562031482982432,1.0,10.0
777679,2025,0.5969438118403142,1.0618840089727908,9.741174390599896,1.0,4.0
777680,2025,0.5403967464695804,0.4499960502779699,8.508810464168656,1.0,3.0
777681,2025,0.5874843016612641,0.6500701019227784,8.868033980369141,1.0,10.0
777682,2025,0.5552543427696579,0.21841961748864452,9.008003350036928,0.0,10.0
777673,2025,0.6283741201020161,1.2867767925118787,8.884270470161882,0.0,10.0
777671,2025,0.5364881266376077,0.29983611418714856,9.316078452336722,0.0,5.0
777670,2025,0.6089894657155187,0.593914342709209,9.96966332895921,0.0,13.0
777674,2025,0.3776464046939062,-1.6811538988229646,9.051662272678408,0.0,14.0
777676,2025,0.5573927022024431,0.5259278884405237,7.532258963268349,0.0,1.0
777669,2025,0.44611693545709946,-0.9163187184852386,8.993971748258549,0.0,14.0
777675,2025,0.551517693194252,0.25985963738841944,9.609162202630724,0.0,7.0
777663,2025,0.47156059622581864,-0.2552031098508426,7.7924350408441345,0.0,3.0
777666,2025,0.6252775363918903,1.0552515865240892,9.161934587026684,0.0,5.0
777659,2025,0.47104554962912665,-0.7016374278039698,9.247614429812405,0.0,11.0
777664,2025,0.5901945853524944,0.7887901185866052,8.7005795077824,1.0,5.0
777665,2025,0.47489409365435675,-0.6677414733234863,8.959895096372541,0.0,11.0
777667,2025,0.5395626162324141,0.2000649126373763,9.133104125427476,0.0,7.0
777668,2025,0.5448375411043761,-0.015136716427938311,8.568996477134512,1.0,6.0
777672,2025,0.5061055650488736,-0.26779116448023477,8.852968137701145,0.0,11.0
777662,2025,0.5793417960818236,0.5218445162533136,8.175279545371733,1.0,6.0
777661,2025,0.38708302732421396,-1.5725123249894466,8.301881266051698,1.0,9.0
777660,2025,0.5610198036655162,0.2386122231591545,9.18605343014291,0.0,17.0
777655,2025,0.6751048850335389,1.8822605041813216,8.399865462829785,0.0,6.0
777656,2025,0.5497929487335537,0.010705175207020816,8.302051293062076,0.0,5.0
777658,2025,0.43096415278400807,-1.5332493276832044,9.375596160040994,0.0,13.0
777657,2025,0.49953349111914336,-0.7357375998124686,9.503711222828475,1.0,11.0
777652,2025,0.6074408536662168,0.744287090332878,9.171088752697287,0.0,5.0
777647,2025,0.5394114900383642,0.09420902813844212,8.669880804801354,0.0,10.0
777649,2025,0.5573211879540846,0.35531217239718826,9.699276405390105,1.0,20.0
777648,2025,0.4353979803598015,-0.7477802695965278,9.088679681299938,1.0,3.0
777650,2025,0.44840982384772154,-1.1512699313230583,8.832669580492524,1.0,2.0
777653,2025,0.5998637829418555,0.7863297039569028,8.842507277535239,0.0,4.0
777651,2025,0.47613905255406586,-0.5756841510554614,8.862915944996084,1.0,3.0
777654,2025,0.6035725417670585,0.6378141974764692,8.090787049226636,0.0,3.0
777646,2025,0.5882198525029857,0.4098056806164061,8.726496355529276,1.0,9.0
777639,2025,0.38882729391515547,-1.6617752498589333,9.512990111563699,0.0,9.0
777645,2025,0.5882122213752438,0.6219925904340861,8.905954202467202,0.0,5.0
777641,2025,0.49076014188729483,-0.6614827935399232,8.034233775795604,1.0,11.0
777643,2025,0.43777780835795704,-1.3923601665740213,9.359722048748717,0.0,7.0
777638,2025,0.5380605915898139,-0.00880854654703379,9.610839034397628,0.0,7.0
777640,2025,0.5397484817980095,0.2620789084986999,8.763629339046215,0.0,21.0
777642,2025,0.5281295969615132,-0.0428518262404016,8.943228851949991,1.0,11.0
777634,2025,0.37718868234084696,-1.6433047729336234,9.194344365775684,1.0,5.0
777637,2025,0.47661710831205084,-0.6393373081480093,8.513240354381312,1.0,10.0
777636,2025,0.4220727536297161,-1.4009923585456796,9.386701534608141,1.0,17.0
777628,2025,0.6529447192199888,1.564874216551166,8.012501683508665,0.0,7.0
777633,2025,0.5095062796470735,-0.5497747251371089,7.817843410507877,1.0,5.0
777631,2025,0.4953061900233122,-0.41728773712273387,9.53091433214003,1.0,11.0
777630,2025,0.42139070546236973,-1.0245156877184491,8.483953502291953,0.0,10.0
777632,2025,0.432970714600168,-1.004913874197728,9.735027090816626,0.0,8.0
777644,2025,0.6281430529929544,1.1494473142865531,8.780974946951863,1.0,4.0
777629,2025,0.612894783353567,0.6644112790111388,8.607532321050057,1.0,7.0
777635,2025,0.5017869349768672,-0.6094366458969662,7.920591282468462,0.0,12.0
777625,2025,0.6509920302726219,1.157763911398831,8.696801573229337,1.0,7.0
777621,2025,0.44328000460087863,-0.817105189206108,9.163303812898604,1.0,9.0
777624,2025,0.5296920898713273,-0.06595105100321506,9.096281177600805,1.0,2.0
777627,2025,0.5998203952271514,1.1247145872115247,8.89098471035683,1.0,15.0
777626,2025,0.5579799143603102,-0.03676106937267844,7.9426385860268365,1.0,4.0
777622,2025,0.45896038950625306,-0.7277883951877776,9.078789311445185,0.0,6.0
777618,2025,0.4218383533003665,-1.1715733540479132,8.711456419765598,1.0,9.0
777615,2025,0.5681697025130066,0.3788910768852079,8.468640578133785,0.0,10.0
777617,2025,0.5488600814884704,0.7178235242820462,8.162866476255038,0.0,2.0
777620,2025,0.5446951637642679,0.4067178734779789,8.74484451217095,1.0,5.0
777616,2025,0.3629658502847407,-1.6475420011256015,9.969709567944877,0.0,6.0
777614,2025,0.4356379449019998,-0.7987041067415713,9.763840095008884,1.0,9.0
777613,2025,0.5229589658927304,0.05582235109083868,10.194771442042084,1.0,9.0
777619,2025,0.49770783602692453,-0.30125510284073626,8.433232252018275,1.0,9.0
777609,2025,0.5386419603902051,0.21263511948411432,8.431870128523604,0.0,7.0
777623,2025,0.5789904614312404,0.42114155458646074,9.143992928393425,1.0,7.0
777600,2025,0.4941426687708856,0.0795786481010001,8.712047460469432,0.0,9.0
777601,2025,0.45135457342531515,-0.9561123796923893,8.792571253100471,1.0,3.0
777610,2025,0.4883555044005186,-0.6727736716614514,9.292455004845591,0.0,5.0
777607,2025,0.44591498855733436,-0.8942018311672263,8.69363493356655,1.0,3.0
777598,2025,0.6049692985443937,1.028029372902049,7.55069911953841,1.0,5.0
777612,2025,0.5781415232148192,0.3840737116672919,9.604156655471606,1.0,14.0
777608,2025,0.44095380003689777,-0.8435417123272293,8.23322737854267,0.0,8.0
777606,2025,0.4259812865162294,-1.2069082967106728,8.905608400624722,1.0,5.0
777611,2025,0.6384970228573562,1.1324952542402997,8.646497126756305,0.0,21.0
777605,2025,0.5265072096992859,0.2566061122161023,8.220606593966894,0.0,17.0
777597,2025,0.48958615571756325,-0.3712689009733026,8.850055644157429,1.0,7.0
777603,2025,0.4367874448218991,-0.8613564345339286,9.708457392019149,1.0,14.0
777604,2025,0.3682863490048186,-1.37111671196569,10.770637392096175,0.0,9.0
777599,2025,0.56134011170995,0.450117006704263,9.953458524252511,0.0,11.0
777592,2025,0.7079041135588839,1.8037022363319024,8.080039945032144,1.0,5.0
777586,2025,0.5124728964849501,0.09735240280055445,8.515936142423607,0.0,1.0
777596,2025,0.5336316998482121,-0.02221879283889293,8.860878569661622,0.0,6.0
777595,2025,0.49892684200129545,-0.2603760009269019,7.6001134156175745,1.0,3.0
777602,2025,0.5403983566301395,0.33456030962245065,9.148067220942318,1.0,6.0
777594,2025,0.5401389106099032,0.10724673672085508,8.772946530403937,1.0,4.0
777591,2025,0.4823151409799635,-0.41900644172778473,8.615384190989065,1.0,6.0
777585,2025,0.5763104271275461,0.7463185702394145,8.244209143067392,1.0,9.0
777590,2025,0.45699780854442684,-0.6462105669240323,8.802511492185557,0.0,12.0
777582,2025,0.5312882898011787,0.3844538743856933,8.496747041359844,0.0,10.0
777583,2025,0.3595303862978515,-1.65850852852468,9.952285124028263,0.0,18.0
777588,2025,0.5002565697432547,-0.21245587182396036,9.582552590959258,1.0,6.0
777587,2025,0.5857471106808668,0.622513316541055,8.016919681469275,1.0,7.0
777589,2025,0.43730446464822736,-0.8273611372425093,9.63801588906602,0.0,5.0
777593,2025,0.6033982385298428,1.1553998894879447,8.807256060167125,0.0,18.0
777580,2025,0.5335174396086166,-0.25503977550339557,8.644011089415255,0.0,11.0
777574,2025,0.565275076884303,0.3644184776417487,8.567558546771926,1.0,13.0
777578,2025,0.5022734849331362,-0.12207702819725905,8.1492198602977,1.0,7.0
777584,2025,0.4842857397314144,-0.11823172609137603,10.384276100643085,0.0,18.0
777575,2025,0.4573111071710382,-0.6100406952706691,8.353830612574063,0.0,8.0
777581,2025,0.5290300345926761,-0.01153067137835268,9.277617541952795,0.0,9.0
777576,2025,0.6099630918777964,0.9623856778074911,9.16520216012014,1.0,11.0
777579,2025,0.5435895444665304,-0.05391346261125057,8.383419164159163,0.0,15.0
777577,2025,0.5571019614813385,0.9858911323908474,9.90830208472487,1.0,12.0
777573,2025,0.41787767785893626,-1.4549675348202,9.10832904851747,0.0,8.0
777569,2025,0.4931477434004739,-0.5682542232241751,8.88570652547207,0.0,1.0
777566,2025,0.601339305873217,1.0003598750681038,8.355439315324956,0.0,5.0
777571,2025,0.5139249284712651,0.33700491924759324,9.142427075481848,0.0,12.0
777570,2025,0.5926512008858988,0.7737794774302579,8.627689486575914,1.0,9.0
777565,2025,0.4651119754951598,-0.4976830664935561,10.19606314269834,1.0,4.0
777568,2025,0.48386280675612914,-0.36505459678527663,8.779417633548636,1.0,5.0
777557,2025,0.544174301854431,-0.024139241937895562,8.737987050131935,0.0,20.0
777572,2025,0.45295815429472724,-0.8788169146079405,8.718352034451614,0.0,12.0
777558,2025,0.5103893653500949,-0.1390274466162868,9.022504914045358,0.0,19.0
777567,2025,0.6119472146931734,1.0090227735713753,8.547156007019062,0.0,6.0
777563,2025,0.37043978241577724,-1.914046341373548,10.5728608623323,0.0,11.0
777564,2025,0.5977233687212109,0.7717930777405639,9.885503481083475,1.0,3.0
777560,2025,0.5601407909296636,0.1838330854136267,8.395262708761523,1.0,12.0
777559,2025,0.518318743699317,0.3475927180580834,9.897562412368034,1.0,13.0
777552,2025,0.5891217595334736,0.7259579586185204,8.83834914185193,1.0,7.0
777553,2025,0.47493682292743633,-0.607139208432013,8.673381963860802,1.0,9.0
777549,2025,0.46531876413003126,-0.8435238625681114,9.0200296059573,1.0,13.0
777554,2025,0.49902185518406333,-0.053866355086915216,7.898118510864862,0.0,8.0
777545,2025,0.5436862938322299,0.11853772853497892,8.514443680083533,0.0,7.0
777548,2025,0.4808466246107486,-0.33231397823524644,9.499810309350504,1.0,7.0
777542,2025,0.5861933845926334,0.9515222679431311,10.003466346184009,1.0,11.0
777543,2025,0.49175594726485267,-0.6931214251970091,8.900060672073506,0.0,7.0
777562,2025,0.43531719856989876,-0.9972214026590795,9.958846978803685,1.0,11.0
777555,2025,0.6607207472689534,1.4201474372743075,8.520937310593293,1.0,5.0
777561,2025,0.48834893964321585,-0.3350783408424385,10.881218041714998,1.0,7.0
777556,2025,0.5705738565603837,0.383127500379934,8.827194781788243,1.0,8.0
777551,2025,0.4991549122630358,-0.19937466776316284,8.045208959871722,0.0,9.0
777550,2025,0.6402712249761957,1.4470163070434001,8.601681331218542,1.0,12.0
777547,2025,0.3807675268127601,-1.6102515570376974,10.531283749940098,0.0,17.0
777544,2025,0.6733980213295803,1.4350466991208335,8.255451091513585,1.0,7.0
777533,2025,0.5948539501148687,0.6281457161671278,8.74730655446199,0.0,19.0
777534,2025,0.3804902820651687,-1.5737142996429532,10.663176978458104,1.0,15.0
777540,2025,0.41213951658896614,-1.5188924270273079,8.804981344248793,0.0,5.0
777536,2025,0.4801572035707023,-0.8501391159294818,8.30022718797326,0.0,1.0
777532,2025,0.4539361286445754,-0.6356221798274305,7.9598060064699405,1.0,6.0
777541,2025,0.6506229165288212,1.273828156471024,9.228752169244869,1.0,5.0
777546,2025,0.6710357390964417,1.4946885121641884,7.752417250721067,1.0,7.0
777526,2025,0.5721849837226047,0.6710905948556739,8.232182437989952,0.0,3.0
777531,2025,0.5365161674284964,0.2959543960144381,8.464580737504049,1.0,8.0
777530,2025,0.5820569573101311,0.3368178668260116,9.18254341310259,0.0,20.0
777539,2025,0.5459103704096709,0.33764670444219896,9.239289993261576,1.0,2.0
777538,2025,0.5741904114265841,0.626713606529406,8.033028800634344,1.0,16.0
777528,2025,0.6109535064447134,0.9239959938820773,8.509159133041596,0.0,12.0
777537,2025,0.5292913843538893,-0.2767423028461198,9.69458268266667,1.0,3.0
777535,2025,0.6852172134918733,2.020518519630564,8.951129449561918,1.0,16.0
777524,2025,0.6305174573243103,1.2098524183007209,8.530132292846503,1.0,4.0
777525,2025,0.5198962978695871,0.15831349027140518,8.245946397881664,1.0,5.0
777529,2025,0.6411052966707179,1.256007542610994,8.615202996846243,0.0,10.0
777527,2025,0.563395785834875,0.18779449763852163,8.646176148527251,1.0,13.0
777521,2025,0.49580344704591567,0.03650809680513033,10.194957412197107,1.0,6.0
777520,2025,0.5241890580214941,0.08584619163232103,8.341836429740903,1.0,9.0
777522,2025,0.5456650392663701,-0.14895181484010608,8.66452690887076,0.0,8.0
777514,2025,0.5798808496025403,0.6108771946776672,8.896073590815982,0.0,7.0
777517,2025,0.6336709201199912,1.2594361660880302,8.483579942755135,0.0,12.0
777513,2025,0.6818636228881232,1.8337925328934728,8.743649115036847,1.0,3.0
777519,2025,0.5475434096081594,0.24632140733308955,9.39146294387242,1.0,11.0
777509,2025,0.5815665617107839,0.7138777542714771,8.479912552043661,1.0,5.0
777508,2025,0.658579040680175,1.5454658823373504,8.188035294452925,1.0,9.0
777518,2025,0.561171270823196,0.36254035661055384,8.393276207072502,0.0,12.0
777523,2025,0.7072154634852221,2.5492329643868605,8.997732643999125,1.0,5.0
777511,2025,0.6160329241432231,1.3363166410745615,9.21889421086182,0.0,4.0
777512,2025,0.5151223245981077,0.0773519971405771,8.8703112006579,0.0,13.0
777510,2025,0.5361157357601833,-0.1885264484121056,7.909510724369916,1.0,5.0
777515,2025,0.5016007878017956,-0.21482127131568682,9.929845798904845,1.0,15.0
777516,2025,0.44778918865134715,-1.0989023049074702,10.166017854007826,1.0,7.0
777507,2025,0.5415341510711075,0.21452818041187477,8.549476438092368,1.0,7.0
777506,2025,0.5180170622935739,-0.39195564547930295,9.52321609743543,1.0,16.0
777505,2025,0.6454389892887137,1.501754486295755,8.437353426208707,0.0,12.0
777500,2025,0.426646353920314,-1.1799762177865847,10.043893839379885,1.0,2.0
777503,2025,0.5927363449059473,0.6562296795961605,8.382166548497901,0.0,4.0
777501,2025,0.49990452930774554,-0.38431978187232546,8.943655039768709,1.0,13.0
777499,2025,0.6029249567321218,0.6296423280946418,7.990475243435572,1.0,15.0
777504,2025,0.7217358419099383,2.1724124791187656,9.004002111741704,0.0,11.0
777502,2025,0.5503946410504312,0.4847809485260573,9.358242923314842,0.0,9.0
777496,2025,0.6273382144543203,1.4890856066198572,8.8210938179999,0.0,5.0
777494,2025,0.5813939216170738,0.36625658077387785,8.508746336871532,1.0,3.0
777492,2025,0.5023065137340474,-0.13626098178490972,8.98268711557723,1.0,5.0
777497,2025,0.6110457301457057,0.899313662687058,9.019107931228795,1.0,5.0
777493,2025,0.6286618453876842,1.2509592673250554,8.689881571522516,1.0,3.0
777491,2025,0.4996692941727098,-0.3318907059297071,9.289466416265006,0.0,10.0
777495,2025,0.5110512807599557,-0.3146939538783975,9.038413202296027,1.0,6.0
777498,2025,0.5463568447013721,0.23684905480156038,9.450217956758307,1.0,9.0
777483,2025,0.4216898965733201,-1.0614408504674284,9.577621173461047,0.0,7.0
777488,2025,0.6561034488522849,1.5168650794779928,9.536374632277287,0.0,10.0
777487,2025,0.6334773072391401,1.3018580367088746,8.75721977673282,0.0,1.0
777484,2025,0.5901354737938764,0.8733259266065113,8.547800928268458,1.0,8.0
777486,2025,0.5635590746404826,0.4598724720636645,8.051866440885616,0.0,2.0
777485,2025,0.4524326338600463,-0.9509578103967329,9.522572292193683,1.0,4.0
777490,2025,0.5057704694920429,-0.3544882311094355,8.581532655485454,1.0,9.0
777481,2025,0.4277176931840522,-1.1244912646340286,9.666128414195285,1.0,11.0
777475,2025,0.6480158486998865,1.2472874201956374,8.875242208223419,1.0,10.0
777480,2025,0.6500456330166209,2.0357576541486533,9.115789066682733,0.0,16.0
777476,2025,0.6498085962443448,1.810689386695071,8.992280831996647,0.0,4.0
777479,2025,0.5215777866615312,0.047586673784700044,8.650255355041878,1.0,9.0
777478,2025,0.5314623379377957,-0.012398319001275223,8.711721835578423,1.0,11.0
777489,2025,0.48881142405773914,-0.6435273176453422,8.088751349738512,1.0,9.0
777477,2025,0.61137791317554,1.0331069543035651,8.905075015335454,0.0,6.0
777467,2025,0.42537142089965596,-1.2150070110112976,8.146567424920171,0.0,14.0
777482,2025,0.5804277523366015,0.20204451769994783,8.695439221425378,1.0,8.0
777468,2025,0.5013603652822114,-0.3144630088919362,8.780616820656816,0.0,7.0
777473,2025,0.5715717992295725,0.406060291137801,8.181657512516644,1.0,8.0
777472,2025,0.5941850777962099,0.6017647049527797,8.04063252204269,0.0,5.0
777469,2025,0.46286824275201754,-0.8873837952768696,10.507665745472721,0.0,16.0
777471,2025,0.5888975410522349,0.8230635898394227,9.189952467762028,1.0,14.0
777453,2025,0.46377555309004526,-0.3485811327167065,7.952513593994889,0.0,4.0
777465,2025,0.40738731038920534,-1.1603237870858352,9.414301307361946,0.0,6.0
777461,2025,0.634587802628319,1.382926449993412,9.62546555122761,0.0,4.0
777466,2025,0.6518177499085795,1.7495530040978884,8.97686898656042,0.0,5.0
777462,2025,0.5251085702165728,0.11987460028063555,8.828428105589154,1.0,9.0
777474,2025,0.5285561505538926,0.2373801726508912,9.248642890361134,1.0,6.0
777470,2025,0.5361316364953086,0.05322561067122357,8.115866893682568,1.0,5.0
777463,2025,0.6331822649169223,1.2690207567830034,8.6810740138503,1.0,20.0
777460,2025,0.5012467245323236,-0.4601675974558263,8.690973302699208,0.0,9.0
777454,2025,0.6019330948518946,0.4319946970015283,8.985525944701207,0.0,6.0
777456,2025,0.43503222439142974,-1.1689213349879892,10.07153157996194,0.0,15.0
777457,2025,0.5578452565810825,0.36107288254921627,9.473888581777596,1.0,7.0
777452,2025,0.5758745510789283,0.5776007398417062,9.774994177180707,0.0,17.0
777445,2025,0.6559359058459735,1.5139465838054627,9.08923587262438,1.0,7.0
777449,2025,0.6457785888748829,1.5975930972466525,8.94481949657708,1.0,10.0
777451,2025,0.684889242130702,1.8930079921916871,7.782411669078076,1.0,11.0
777447,2025,0.4100964547238381,-1.2474230433472249,9.16509319627313,0.0,9.0
777458,2025,0.4018525210474607,-1.5353780277093014,9.023278566387901,0.0,14.0
777450,2025,0.5634086311652287,0.23577573785746808,8.946777765985907,0.0,15.0
777443,2025,0.5239718448670908,0.1020898622433246,8.55483508010344,0.0,5.0
777448,2025,0.5429371787621432,0.2507187172870939,8.659521851563806,0.0,14.0
777440,2025,0.6026493557752024,0.5830618886732158,7.490350421541275,1.0,3.0
777464,2025,0.5928134696175505,0.8324467952947866,8.013083476786067,0.0,12.0
777444,2025,0.4242366468499501,-1.0566692613500488,9.01340136683915,0.0,3.0
777455,2025,0.45696904128081106,-0.964442305875477,9.048426115464357,1.0,8.0
777446,2025,0.6901711410534931,1.912569465073858,8.129499732552864,0.0,5.0
777441,2025,0.4157161228714314,-1.6213008273242067,9.682227624533764,1.0,10.0
777442,2025,0.6025082976371771,0.8671226582878963,8.943810866021966,0.0,8.0
777436,2025,0.5623892055775067,0.6174776046942799,8.483313846924968,0.0,13.0
777432,2025,0.43747043582378675,-0.9276357991850525,8.595241885163396,0.0,8.0
777431,2025,0.4871663395055721,-0.5758460713499436,8.509848593282573,1.0,22.0
777438,2025,0.6618729997978602,1.7545001847088313,8.751583057601668,0.0,8.0
777435,2025,0.6344338998154044,1.1560142271444207,8.709695236795882,0.0,8.0
777439,2025,0.46872519281893,-0.3860563355007831,8.469392621302768,1.0,8.0
777433,2025,0.5385135988591482,-0.24399883340946943,9.29119820091594,1.0,7.0
777437,2025,0.5631751477979613,0.6963568303454463,8.216897863448258,1.0,12.0
777434,2025,0.5572773130298065,0.1303648623027792,8.49615856963029,0.0,23.0
777430,2025,0.4402091506017882,-1.4326923628327426,10.345959538615446,0.0,22.0
777428,2025,0.4388511677669697,-0.9562855245856463,8.491057059903358,0.0,5.0
777426,2025,0.612090495479058,0.7389138085218394,8.36627288331546,0.0,11.0
777429,2025,0.4598193536711016,-0.8028132840274188,9.321824263104599,1.0,6.0
777427,2025,0.618076076216077,0.8836005932127982,8.816396091647423,1.0,11.0
777425,2025,0.5244341300277725,-0.006832953904769467,8.580442782741432,0.0,12.0
777420,2025,0.5310324612782015,-0.08768116301829439,8.7374686532372,1.0,11.0
777422,2025,0.6324231832473638,1.2969604746739969,8.897602205033941,1.0,9.0
777412,2025,0.49134663855463495,-0.31142527744740783,9.067885101033939,0.0,9.0
777415,2025,0.5763566466554872,0.6187420702233591,8.395166243435906,1.0,11.0
777419,2025,0.6025874151628726,0.7875072214379623,8.974678020595384,1.0,17.0
777418,2025,0.6293102174231473,1.3050542561682537,8.983167212862448,1.0,8.0
777417,2025,0.556041072314366,0.11554510808348724,8.304024810344,1.0,5.0
777421,2025,0.4610030587653516,-0.41599019822558675,8.581045613020626,0.0,5.0
777424,2025,0.4320168549066495,-0.877443014262319,8.786382162944166,0.0,7.0
777413,2025,0.5783052830786508,0.2937948019358558,8.250427203840974,1.0,6.0
777423,2025,0.5395613538822639,0.5481156252913183,9.439050575988233,0.0,15.0
777410,2025,0.401652188536724,-2.1250058947292167,10.786606973435116,0.0,8.0
777414,2025,0.4403467181014762,-0.9648574471528744,9.003737989456084,1.0,10.0
777411,2025,0.48370691006891264,-0.6187559830778826,9.45460559737841,0.0,6.0
777416,2025,0.6668112511171231,1.8023382985387784,9.307655632546638,0.0,10.0
777406,2025,0.6266687198325278,1.2450492987615138,8.903259259874618,1.0,6.0
777409,2025,0.5158288665042743,-0.3721287408404438,9.55276828028713,0.0,12.0
777404,2025,0.46176880837430223,-0.6175140520427307,8.964560335301053,1.0,11.0
777408,2025,0.6473885643644792,1.4497387598892795,8.764130485149302,0.0,6.0
777402,2025,0.42051005294177896,-0.8846577463157356,9.418883416694884,1.0,8.0
777401,2025,0.5136245986422124,0.1904224697158865,8.6405304466571,0.0,17.0
777407,2025,0.5269303070731871,-0.03379723499024117,9.025764784874195,0.0,5.0
777403,2025,0.4994301746623639,0.05737431814336879,8.835365526693913,0.0,20.0
777399,2025,0.4192149571752747,-1.638764501729308,10.556883306696632,1.0,6.0
777400,2025,0.475329504497263,-0.5808410585009921,10.233860328056462,0.0,3.0
777395,2025,0.5581307166900568,0.19449566308993846,8.105023848704327,1.0,14.0
777397,2025,0.4535882190911383,-0.836270246089628,9.960226140228372,0.0,15.0
777396,2025,0.5119253637628386,-0.43718983056244304,8.767284932861786,1.0,5.0
777398,2025,0.6523884574918806,1.5342260803395384,9.158434428782904,1.0,20.0
777405,2025,0.5088123337660038,-0.07343696740346096,9.068020029305535,1.0,8.0
777394,2025,0.49939035021565314,-0.37417700713291135,9.827759605381814,1.0,6.0
777389,2025,0.4909915995858111,-0.4177080945269774,9.09693873782214,0.0,5.0
777390,2025,0.5145155114034199,0.026392944087548723,9.881766392942014,1.0,7.0
777388,2025,0.45747632624366175,-0.4549037815476116,8.972736178131239,0.0,13.0
777393,2025,0.49053154751290884,-0.9238749020549306,8.293190522696982,0.0,10.0
777391,2025,0.6246372247946443,0.9860996180864823,8.28256254592421,0.0,9.0
777392,2025,0.47336983784377845,-0.7015198639700536,8.352749465197865,1.0,10.0
777381,2025,0.466164085750923,-0.4564315855470651,10.030917366883871,1.0,14.0
777382,2025,0.6324783306491709,0.8255195888363273,8.77646483960378,0.0,16.0
777380,2025,0.4894369001744584,-0.45399561584046993,9.090035535760752,0.0,11.0
777386,2025,0.7059901139750145,1.8564349444627306,8.22981013744797,1.0,15.0
777384,2025,0.49636477330789175,-0.485889364200915,8.980618279466963,0.0,16.0
777385,2025,0.45717156627586214,-0.8227426926794722,9.072036023323875,1.0,9.0
777387,2025,0.5278934638551884,-0.2176197751029545,8.698990497130332,0.0,11.0
777378,2025,0.5059826594826542,-0.141301684392623,8.13371931987885,0.0,6.0
777375,2025,0.4384386643828166,-0.7129846248530831,9.501858330572132,0.0,11.0
777383,2025,0.46552127784777825,-0.8908249218669952,9.015717410621257,0.0,5.0
777374,2025,0.6283362805833115,1.2424301341465498,8.342552945910542,1.0,12.0
777373,2025,0.5075839646571269,0.08755920707189899,8.335873861310468,1.0,15.0
777377,2025,0.5287622965135917,0.11455176104313,7.947959107531878,1.0,1.0
777379,2025,0.38435361853691835,-1.9798056923061482,10.76165213849389,0.0,16.0
777376,2025,0.4203734861867906,-0.9970125678051127,9.488237297060767,1.0,5.0
777372,2025,0.6102331528710628,1.0840851386445474,8.395963257443118,1.0,7.0
777364,2025,0.6383543777156927,1.2289060788038324,9.016339099753447,0.0,6.0
777370,2025,0.4632070431605937,-0.991655263026423,9.118400902997866,1.0,10.0
777361,2025,0.5526457628084507,0.20707292760437299,8.051794895834854,1.0,6.0
777362,2025,0.5114689931589506,0.27843421142164293,8.97373489444278,1.0,7.0
777360,2025,0.611521361295358,1.0214494235191944,7.862873378519888,1.0,1.0
777365,2025,0.4520158679166887,-0.9319369204174025,8.906276504949588,0.0,7.0
777371,2025,0.6949536389361364,2.1790632391018305,8.657425987697533,0.0,3.0
777368,2025,0.5286939244907733,-0.05228175872222362,8.503693339282838,1.0,9.0
777369,2025,0.5722230177038107,0.6509427129619135,8.921701007203392,1.0,10.0
777367,2025,0.445614040249408,-0.881997921132417,9.262267768401815,0.0,8.0
777359,2025,0.4493559345158932,-0.8511107372253258,8.481269042570654,0.0,3.0
777363,2025,0.48186523186903,-0.3182418836912362,8.756628836928652,1.0,2.0
777357,2025,0.45919056122850604,-0.8956258078824615,8.882949875342952,0.0,8.0
777366,2025,0.4788140407365608,-0.5329453040600762,8.380105715353029,1.0,2.0
777358,2025,0.36560450723763416,-2.213736505515871,10.245929985618936,0.0,9.0
777355,2025,0.6617399155567621,1.2481732458328527,7.304684135842275,0.0,13.0
777351,2025,0.6866193968291614,1.9077584726860437,8.819899687388059,1.0,8.0
777354,2025,0.5341885143859458,-0.03447895903343373,8.444792587525665,0.0,6.0
777356,2025,0.4997168725911868,0.10461487835490711,9.206431643348935,1.0,11.0
777350,2025,0.552532883808797,0.06854596146256633,8.129299364522854,1.0,3.0
777353,2025,0.4573358379476355,-0.7231416235087519,9.29867084981941,0.0,4.0
777348,2025,0.4554130719007253,-0.8200325971360644,9.216038282095381,0.0,3.0
777344,2025,0.38617569145824937,-1.6335280453890433,11.405617965038937,0.0,4.0
777347,2025,0.5997570461197613,0.646580231823182,8.450269835916592,0.0,17.0
777352,2025,0.5104907220428537,-0.14849998016318133,9.143539155906842,1.0,4.0
777341,2025,0.4390783534797519,-0.8825520585600706,8.729409536122725,1.0,10.0
777343,2025,0.4372095579735471,-0.9701397226565137,9.731627851753318,1.0,30.0
777337,2025,0.6892942920810057,1.5943112682847227,8.913144297993592,1.0,3.0
777346,2025,0.48519703275625103,-0.6881505824783979,9.233285903472243,1.0,9.0
777349,2025,0.4500736164650421,-0.8542657452273948,8.027149802672067,0.0,5.0
777345,2025,0.515924062388812,0.0727719143108365,9.97023645430942,0.0,9.0
777334,2025,0.6025839691187166,1.024119836532082,8.882808107728804,0.0,5.0
777342,2025,0.5201563635236476,-0.31128599606906077,8.963932323627677,0.0,13.0
777338,2025,0.4211123710639153,-1.0874954610162426,8.94644541251491,0.0,4.0
777340,2025,0.4962522697575432,-0.3104390023715451,7.792033629254507,0.0,13.0
777335,2025,0.4940742850057059,-0.6964225182378273,8.757067837683891,0.0,9.0
777339,2025,0.6501494743356632,1.1954534323891404,9.019483527006326,1.0,16.0
777336,2025,0.5128620330446345,-0.28942929675432266,8.902564917868794,1.0,11.0
777331,2025,0.5910428929222814,0.7070750368337321,8.90043663945302,0.0,24.0
777332,2025,0.6278910886615494,1.1726480974581652,9.921003575126173,0.0,17.0
777326,2025,0.7009610043540633,1.6942405985293219,8.943143941886415,0.0,7.0
777324,2025,0.5781344114335755,0.8815148356206522,8.792672032078585,1.0,15.0
777325,2025,0.4393997152470471,-0.8573548032706525,9.395883746674157,1.0,11.0
777330,2025,0.45964401047603537,-1.0410064248639856,10.195863369074482,0.0,14.0
777322,2025,0.46021769355586595,-0.6104554265447603,8.705621938525619,1.0,5.0
777323,2025,0.48398192743323953,-0.3718847089434387,9.65903029326158,1.0,16.0
777321,2025,0.6943506039955358,1.7730537629152545,9.186651764039361,1.0,5.0
777328,2025,0.5588025737047182,0.5779988400082752,9.138171107027791,0.0,10.0
777318,2025,0.6003470892414962,1.1866484856386077,10.049796456248615,0.0,15.0
777319,2025,0.5060156721251378,-0.6159053191483698,8.18261909132083,1.0,14.0
777329,2025,0.47278950833887606,-0.3474208888620406,8.803103755569852,0.0,15.0
777327,2025,0.4078000769744136,-1.4760292833614332,8.776580074833145,1.0,1.0
777320,2025,0.5177131257738433,0.1286877899833617,9.088978432584936,0.0,15.0
777333,2025,0.5374930467155707,-0.6023458328691004,7.934982932009572,1.0,7.0
777315,2025,0.541512930748566,-0.02214288286417132,9.738218329226019,1.0,10.0
777309,2025,0.43525671581772746,-0.8763156244862356,9.123187865172117,0.0,7.0
777313,2025,0.4437631447002724,-0.7379570414945787,8.884407818121549,1.0,13.0
777317,2025,0.44727304853277905,-1.040200942066185,9.55649479547251,1.0,6.0
777310,2025,0.48719837308112146,-0.4448324006411344,9.63061960213531,0.0,8.0
777316,2025,0.47434434045163565,-0.6304016097198852,8.607611639273046,0.0,3.0
777307,2025,0.611705272931198,0.6116590734056894,9.431064282217324,1.0,17.0
777312,2025,0.5254132203140939,0.12648925371977518,9.381951329548414,1.0,5.0
777304,2025,0.5305098979662297,-0.06544841758828815,8.141702316683723,0.0,6.0
777308,2025,0.53710943918501,0.3693278983417496,7.937847432211385,1.0,2.0
777301,2025,0.6925278497948695,1.9632594627433624,8.506568211700529,0.0,7.0
777311,2025,0.41616296835203903,-1.0667042804804898,9.14018288717301,1.0,7.0
777302,2025,0.4649907887016095,-0.6516231026638107,9.121646364638737,0.0,10.0
777305,2025,0.5404899771617165,0.13923478386101634,9.94543339154817,0.0,11.0
777303,2025,0.6004906161614082,1.1114921705763434,9.95117256328523,0.0,10.0
777314,2025,0.691291539603251,2.043454082673091,8.39885276107642,1.0,3.0
777306,2025,0.5788334939374402,0.660378590437795,8.080882285681962,1.0,4.0
777299,2025,0.4421479050319666,-0.721714609896715,8.943135309109403,1.0,7.0
777295,2025,0.4308994802268573,-1.054301768840078,8.551283849084747,1.0,9.0
777300,2025,0.5649839163653201,0.28914437840182705,8.94875940573884,1.0,19.0
777296,2025,0.7213637297138643,1.899123379403267,8.376382354417354,0.0,10.0
777292,2025,0.5604950239654298,0.5435466164893006,8.982337159625247,0.0,16.0
777297,2025,0.5544392007756972,0.27326442403040774,8.574873560337167,1.0,8.0
777291,2025,0.48470842568137257,-0.6756951829438798,9.593142742788329,1.0,6.0
777283,2025,0.44689731071751004,-0.8489487557783726,8.603517515399398,1.0,17.0
777288,2025,0.5018334779472354,-0.0013225566956687322,7.706832951093603,1.0,1.0
777293,2025,0.4362837399323245,-0.9466826961426834,8.296859676644914,1.0,2.0
777286,2025,0.6896383330533348,1.8470591391128937,8.87286612706869,0.0,7.0
777298,2025,0.602664516723517,0.6762485891398525,8.715262684231835,0.0,4.0
777287,2025,0.6365460086238812,1.1573974813808716,8.853925489617227,1.0,7.0
777282,2025,0.6126042968200458,0.9834758347904794,8.147634373627822,1.0,12.0
777285,2025,0.36213108208000583,-1.7950428614452127,11.43437235131823,0.0,11.0
777281,2025,0.5558001018603457,0.1284359359204448,9.25359504091595,0.0,9.0
777278,2025,0.5279439203801071,-0.1666708166423749,9.529130173783338,1.0,10.0
777280,2025,0.6846735915983606,1.7545691573247801,9.04895183840233,1.0,7.0
777271,2025,0.6990984931022592,1.7021857466379537,8.692653651953904,1.0,11.0
777272,2025,0.43492452242762736,-0.9895831896901677,8.08566089248881,1.0,5.0
777284,2025,0.44596344671640087,-0.889044677087921,9.506904361505692,0.0,13.0
777273,2025,0.4894050106403287,-0.517027523778372,8.639799702260825,0.0,10.0
777289,2025,0.5086274944522817,-0.38418120115752585,8.74056748792083,0.0,9.0
777294,2025,0.48846226421308936,-0.44684601367785354,10.203268403725996,1.0,8.0
777290,2025,0.5171257350343657,-0.27812586312617094,7.896793636652348,1.0,6.0
777275,2025,0.5033193614688188,0.00729557113652545,8.437875525762115,0.0,3.0
777265,2025,0.4465064951989583,-0.9589066634608762,8.624802712102372,1.0,13.0
777274,2025,0.4598370277863944,-0.6837302370655877,8.384166722496293,1.0,20.0
777276,2025,0.48648596013392054,-0.6850491639929068,8.585857168412865,1.0,10.0
777277,2025,0.49418000466117534,-0.3212215361982003,9.815980743435267,0.0,12.0
777279,2025,0.5212091127659151,-0.03610277965504413,8.607124145095417,1.0,11.0
777266,2025,0.5964851782051646,1.360142608598508,8.928600065614297,1.0,9.0
777268,2025,0.6178408810073812,1.1795697154212568,8.108875321602952,1.0,6.0
777269,2025,0.36332511021024444,-1.9559656359329691,10.500962005514516,0.0,8.0
777262,2025,0.5915802607233903,0.7142561982841121,8.136703630657705,1.0,5.0
777270,2025,0.5398962270991557,0.15246484603974228,9.890691576580389,0.0,11.0
777267,2025,0.6469857894680975,1.1776458481824754,9.286668116950606,1.0,9.0
777263,2025,0.46041315043340814,-0.7466352087533032,8.783207841661415,1.0,5.0
777264,2025,0.37054436083564224,-1.571630089006148,11.115303646840964,1.0,13.0
777258,2025,0.42094457281252234,-1.1940505655197062,10.236922206802156,1.0,18.0
777260,2025,0.4736081976253621,-0.54040747243611,8.816900948505321,1.0,13.0
777257,2025,0.5469585163074189,0.41651231159415064,8.932850790929793,1.0,5.0
777261,2025,0.5334984462230146,0.2145469505707355,8.937697774668289,0.0,6.0
777259,2025,0.6009907487982692,0.7794772157362724,9.310742924725922,1.0,1.0
777256,2025,0.5008723348134637,-0.7917161612880631,9.323774817032874,0.0,9.0
777251,2025,0.5124969362960474,-0.1230034481803369,8.651513386910231,0.0,5.0
777253,2025,0.6816047601730721,2.118454806279129,9.373418411547695,1.0,8.0
777245,2025,0.4368328705120978,-0.6527428008934666,9.074925769950575,0.0,13.0
777255,2025,0.542525695670612,0.4625396448433872,8.799513568265345,0.0,15.0
777246,2025,0.5583939279760373,0.24965528715155508,9.620371463416475,1.0,14.0
777250,2025,0.5446010595428855,0.478416118192181,9.039210258897349,1.0,11.0
777236,2025,0.6308708638544238,1.5653003339465545,8.146992238840385,1.0,6.0
777247,2025,0.4671891574765965,-0.6307047384197967,9.407634178452339,1.0,7.0
777239,2025,0.5388062950961793,-0.10195636730926927,8.814570288519558,1.0,5.0
777242,2025,0.6102138283776315,0.9148097822412038,8.887001844823128,1.0,7.0
777254,2025,0.4272654463725546,-1.094188239348544,9.742476722949167,0.0,11.0
777249,2025,0.43016420082310686,-1.1912996250191137,8.949295081200848,0.0,3.0
777252,2025,0.584603449108155,0.5435589251390802,8.564898250197622,0.0,5.0
777243,2025,0.49884714274317277,-0.2710655765546616,11.023222659670758,0.0,5.0
777235,2025,0.578992869998342,0.6024897299322494,9.169661613984495,0.0,19.0
777248,2025,0.5153572046432352,-0.5656492993011623,9.283999788124774,0.0,12.0
777244,2025,0.4626958914029192,-0.700603483121557,10.305168768914445,1.0,13.0
777230,2025,0.4674693548672277,-0.6133196995472269,8.807599922589164,1.0,11.0
777229,2025,0.5661991343938815,0.3759155462248026,8.837008395914149,0.0,14.0
777231,2025,0.6265220912470597,1.1729194852934168,9.017587879812933,1.0,7.0
777228,2025,0.48066937478749844,-0.09410672287052732,9.949240598649657,0.0,13.0
777233,2025,0.5410972402141089,0.3891208471905144,8.33926267887668,1.0,6.0
777234,2025,0.5356547097774451,0.23324544752086068,10.059222743165423,1.0,8.0
777237,2025,0.5943509527385384,0.7821985376359983,8.555581860414787,0.0,15.0
777241,2025,0.4636006458256052,-0.7757268513193956,8.766383552482818,1.0,18.0
777238,2025,0.42880916339052183,-1.1813359804879116,9.363229063312474,1.0,6.0
777221,2025,0.4790779239705048,-0.5796758395281707,9.3118638949065,0.0,10.0
777240,2025,0.4231204585936236,-1.0738813042613318,9.442245584906082,0.0,1.0
777232,2025,0.5134509654266043,-0.17259799813013635,11.16902258194496,0.0,13.0
777223,2025,0.5684655315164765,0.30188049878663004,8.609528468503886,0.0,11.0
777227,2025,0.4452540169987716,-0.9418608944385504,10.097921264074312,0.0,9.0
777225,2025,0.6104123473908516,0.8507619691355839,8.571587754949388,1.0,1.0
777222,2025,0.6104180228684171,0.8266195078719711,8.553121272598805,0.0,3.0
777213,2025,0.42003118412566115,-0.8833285309130692,8.521940670482785,0.0,10.0
777217,2025,0.6131236727981906,0.7044044995483111,8.05465293538763,1.0,4.0
777214,2025,0.6120987287292068,1.2277237893987807,8.70363595662616,1.0,5.0
777226,2025,0.41108908505958935,-1.3088328468455552,8.422724809603142,0.0,9.0
777216,2025,0.4584512258320372,-0.8018020643835928,8.753286207137233,0.0,10.0
777224,2025,0.4450020562041187,-0.8974568148592481,9.053489369768196,0.0,4.0
777220,2025,0.4794200392303872,-0.5018253266146795,8.35125612998302,0.0,12.0
777215,2025,0.4836058264473907,-0.5170495273623881,11.133533008069037,1.0,10.0
777205,2025,0.5327567676926248,-0.03270227765036396,8.016475166461646,1.0,1.0
777206,2025,0.5279139860183937,0.06126889205048345,9.399439414850246,0.0,6.0
777218,2025,0.5607163341748062,0.5560983826579105,10.050907970298667,0.0,4.0
777219,2025,0.5806267161458634,0.6194936232904595,8.969653306394079,1.0,11.0
777207,2025,0.55945651376445,0.3993697366556844,8.437177559707479,1.0,5.0
777210,2025,0.47030773385998637,-0.5863322092865362,9.33544587624455,0.0,8.0
777211,2025,0.5185187061165462,0.05706643730786227,9.520232059561568,1.0,6.0
777209,2025,0.6880149976963412,1.5234138891240767,10.396665670537608,1.0,12.0
777208,2025,0.5567998305074534,0.5186800590454871,8.997787327106568,0.0,6.0
777204,2025,0.5452706654867009,0.2998546479926052,8.610739029533402,1.0,12.0
777212,2025,0.41175751353189777,-1.3868370365519034,9.072992935254046,0.0,12.0
777201,2025,0.49158524956278077,-0.5133611947413586,7.991941592987274,1.0,10.0
777202,2025,0.5616621147242015,0.6408086748352041,8.803718357254363,0.0,12.0
777200,2025,0.4816494441840775,-0.740722142734294,8.65473702658368,1.0,11.0
777203,2025,0.5393826176377948,0.10541763453819568,8.414278119906182,0.0,9.0
777199,2025,0.47309149723482724,-0.6155016834607462,8.224821491571445,1.0,4.0
777198,2025,0.4480517361180997,-0.9048119798704886,9.471035235052046,0.0,13.0
777195,2025,0.5453719201821912,0.4913494508630607,8.868195450657295,1.0,6.0
777187,2025,0.487967215760524,-0.2690310568253403,8.59323351943143,1.0,13.0
777196,2025,0.6963383295970347,1.698787037167326,10.223394889970102,1.0,12.0
777197,2025,0.6078955052997025,0.7442738038740783,9.504274455149647,0.0,14.0
777194,2025,0.5460780124999826,0.3977455561384117,7.882539234312372,1.0,7.0
777190,2025,0.4256781274703152,-1.2005854065087322,9.153531604787725,1.0,9.0
777188,2025,0.4204812849450414,-1.2896041251875052,9.122527667937142,0.0,7.0
777193,2025,0.5290004579442844,-0.1414413681051767,8.857533126385249,1.0,4.0
777191,2025,0.6834613519294226,1.422326391462162,8.320038567552853,1.0,6.0
777192,2025,0.6581925701642638,1.1858894602947567,8.2064769238279,0.0,16.0
777180,2025,0.4831778376474171,-0.6129755283910066,9.15457141537661,0.0,14.0
777185,2025,0.558924658772247,0.08185331403317214,8.250741329122057,1.0,1.0
777186,2025,0.5670767949621923,0.2676688232377072,8.060829615958754,1.0,7.0
777189,2025,0.4838621590777272,-0.4683818784108125,9.435985809657446,1.0,11.0
777175,2025,0.4642799157214601,-0.7353801852832003,8.554974074853716,1.0,5.0
777172,2025,0.4186179089299158,-1.1721360864077912,8.957140266433674,1.0,3.0
777163,2025,0.49644162877675924,-0.5249630628026704,8.718585834413224,0.0,13.0
777182,2025,0.6099102128336334,0.9392669146996844,8.438120510692755,0.0,10.0
777184,2025,0.5486360512020156,0.10306028271248376,9.224684910676247,1.0,15.0
777179,2025,0.7259080101843918,2.3432671414047035,9.87934840541929,1.0,12.0
777183,2025,0.588391250539885,0.9015692961315921,9.12428223282145,1.0,9.0
777177,2025,0.5949857652711643,1.1173217009915974,8.017369665626758,1.0,7.0
777173,2025,0.4582715783887924,-0.7659166177096253,9.223907381547841,1.0,6.0
777178,2025,0.5825588849298868,0.5360520643795014,8.83636571853104,0.0,10.0
777174,2025,0.6222353935486111,1.0832014621903705,8.854259608306416,0.0,6.0
777171,2025,0.510397446116321,-0.27474808101301873,9.803602812996655,1.0,19.0
777162,2025,0.5575568500597002,0.3918011503436742,8.197241289868822,0.0,10.0
777176,2025,0.5001586428138233,-0.004407749914587258,9.554966777094283,0.0,11.0
777165,2025,0.4363619751908098,-1.01914888396962,9.409455238374349,1.0,4.0
777166,2025,0.47499755072358385,-0.4708477110273066,9.614308016675599,0.0,9.0
777181,2025,0.44561273998885276,-0.9293385311105264,10.08629575301714,1.0,10.0
777168,2025,0.616633579675631,0.9834978897708565,9.292729773097767,1.0,6.0
777169,2025,0.503317298113513,-0.30982634332312275,9.724699373027859,1.0,11.0
777170,2025,0.4814359339509368,-0.5293951508526619,10.305200686344541,1.0,7.0
777167,2025,0.620070988872376,0.9348920037657308,9.181193404510413,1.0,9.0
777156,2025,0.46474267398816127,-0.6232181193998951,10.180924654871554,1.0,9.0
777159,2025,0.49873017983514467,-0.46811276995488676,10.140700718850807,0.0,15.0
777158,2025,0.5024448826846958,-0.23595086768662385,9.024060489665812,1.0,7.0
777164,2025,0.46726538715365673,-0.35311636622346476,8.7561119033174,0.0,6.0
777157,2025,0.5161685720604027,0.08649266751891264,9.077655522611824,1.0,7.0
777153,2025,0.5380003768279821,0.08116082027211853,9.674528255012248,1.0,11.0
777161,2025,0.6245933137974632,1.0859725926427546,8.056806728745741,0.0,15.0
777155,2025,0.49558319468470124,-0.3641823942588326,9.95624412939627,1.0,9.0
777160,2025,0.6996419781099331,2.264141549742745,9.224458749543093,0.0,5.0
777148,2025,0.5288551338420928,-0.3124691799329127,7.6260992461790895,1.0,3.0
777154,2025,0.5653344938940128,0.2695559963654905,9.077019041077236,0.0,10.0
777149,2025,0.6353317991202383,1.2209905275428696,8.643053240582846,1.0,11.0
777146,2025,0.4332858314705,-0.7523973155780452,8.82894449978496,1.0,9.0
777151,2025,0.4726617273117861,-0.6134560133804269,8.867376293508407,0.0,11.0
777147,2025,0.5243193131969054,0.06739912472348425,8.26291717834308,0.0,11.0
777150,2025,0.448130177513898,-0.6987076140662367,9.81905196483212,1.0,11.0
777139,2025,0.4712718157120383,-0.7744520717365486,8.341587668416008,1.0,6.0
777152,2025,0.4480058861954654,-0.6952043630529703,10.399390871376209,0.0,13.0
777143,2025,0.5369671808758388,0.31496159246120514,7.421652571169907,1.0,15.0
777142,2025,0.5168541287153844,-0.22126591131650733,9.019712655148199,0.0,7.0
777145,2025,0.5191847985131335,0.3916318909423099,8.711423611303593,0.0,22.0
777134,2025,0.5710509857144992,0.4092576297144161,8.714302722186606,1.0,16.0
777133,2025,0.530200361056582,-0.029609912494590017,9.025566489357464,0.0,13.0
777127,2025,0.5230482910205209,-0.2666774524384564,8.281952693381337,0.0,3.0
777141,2025,0.49514175629080454,-0.37684890087380146,9.526612921299252,0.0,6.0
777144,2025,0.5799451948794605,0.45854965325010144,9.422975832507836,1.0,1.0
777136,2025,0.4835870282894554,-0.4368504898641055,8.844565951468239,0.0,4.0
777135,2025,0.6615149378853437,1.3528916240520072,8.332759661762998,1.0,11.0
777138,2025,0.4236463152208934,-1.0281740830619677,8.919559906625006,0.0,8.0
777140,2025,0.7266129948542348,2.3488434502684026,9.111694464024596,1.0,7.0
777137,2025,0.5497797425017835,0.18749437479742045,7.8661924282063636,1.0,9.0
777126,2025,0.46455138410821084,-0.7175234745528454,7.971562654682396,1.0,9.0
777131,2025,0.4994526189611761,-0.04626980479002514,9.155551305286487,1.0,15.0
777132,2025,0.4357651668711056,-0.8425016922434965,9.555580586911823,1.0,7.0
777130,2025,0.5024691395461803,-0.27574078188239154,9.589873690332832,1.0,5.0
777129,2025,0.49083306327142323,-0.2135623909005352,9.035336115818545,0.0,12.0
777122,2025,0.5093279788086802,0.04031854096225634,9.291982010168097,0.0,5.0
777128,2025,0.7306305574938586,1.895774670316778,9.79526292971783,1.0,6.0
777121,2025,0.4817274433634378,-0.027293694367666967,8.357653631303206,0.0,12.0
777120,2025,0.4433012878212249,-0.6344049478708326,8.59031920659262,0.0,11.0
777125,2025,0.5742193487586318,0.12687938598981024,8.125636790942766,0.0,6.0
777123,2025,0.6576677643188631,1.3465367724027377,8.180895124249435,1.0,9.0
777113,2025,0.5422419090828702,0.0984516117303423,8.90863515715058,0.0,3.0
777124,2025,0.4780873740215719,-0.6261722393847434,8.627675490974344,1.0,5.0
777118,2025,0.5712614702411908,0.5013331808931842,8.37601253247426,1.0,9.0
777119,2025,0.48888465485433436,-0.7175135575915271,7.96480911627974,0.0,7.0
777116,2025,0.4522345370415872,-0.7892037547908153,9.764723866188229,1.0,9.0
777115,2025,0.48925696410009534,-0.35438755625077967,9.259512621867609,0.0,6.0
777117,2025,0.501471210190499,-0.5060715758082386,8.040871529181077,0.0,3.0
777101,2025,0.514981502281393,0.03605846366528897,9.68689881305458,1.0,5.0
777107,2025,0.5812468630610148,0.4732561418360269,8.722911643125386,0.0,11.0
777112,2025,0.4428355655647715,-0.7452883713830519,8.610608519664833,0.0,9.0
777106,2025,0.6239666063492691,1.3392571708420242,8.77736086957959,0.0,11.0
777108,2025,0.5322389271998955,0.30737541511388294,8.849547203068793,1.0,4.0
777111,2025,0.5260494075488497,0.054776562093398005,8.586677327411302,0.0,12.0
777105,2025,0.610597749284262,1.1597060410051605,8.661241933913546,1.0,14.0
777109,2025,0.4549898190530839,-0.8178926976024856,9.004195006656316,1.0,15.0
777114,2025,0.4956557596299453,-0.6880826182008342,8.976310039195688,1.0,10.0
777110,2025,0.5875018250758725,0.6563209448144169,8.7668130078978,1.0,12.0
777098,2025,0.48083242318186664,-0.8666154684421382,9.02234296114966,1.0,2.0
777102,2025,0.38253992613226045,-1.1481360766289415,11.349254246326531,1.0,10.0
777100,2025,0.5133594034274139,0.4747519800275876,9.887557349283151,1.0,10.0
777099,2025,0.5006023843368677,-0.1555548929185329,8.61858209426345,1.0,7.0
777103,2025,0.5498292051097258,0.5875214092854959,9.310919813480025,0.0,2.0
777094,2025,0.49190848522559044,-0.3648730960739649,8.192308734995883,1.0,9.0
777092,2025,0.5063788024649003,-0.19546366624525582,8.872840362320835,0.0,7.0
777093,2025,0.4755478352548067,-0.6477780885966934,9.021780628625756,1.0,4.0
777089,2025,0.5304715492771277,0.4391030760951601,9.37337492308915,1.0,14.0
777090,2025,0.5440274094728305,0.26906649389670284,8.745434516624258,0.0,14.0
777091,2025,0.45102608092705554,-0.760315388341606,9.808795971065823,1.0,6.0
777095,2025,0.5777750131683902,0.5935476877981395,8.890624032135287,1.0,7.0
777088,2025,0.5338935757947909,0.024034475202677975,9.12126195020712,1.0,5.0
777104,2025,0.5762267307941239,0.7698904076078414,9.170029842074136,0.0,10.0
777081,2025,0.4757682156060556,-0.7025355393666355,9.200873519077867,1.0,11.0
777097,2025,0.47805443831262806,-0.9572996788887128,9.031630261345702,0.0,21.0
777096,2025,0.5739846705921129,0.5544796826169591,9.118632195989386,1.0,6.0
777080,2025,0.3824380091857765,-1.4796586721210898,10.87986475929831,1.0,16.0
777085,2025,0.4945117577410661,-0.5199930905187283,8.949811639221641,0.0,15.0
777086,2025,0.5199953341702933,-0.07481259099161633,9.766640588291432,1.0,13.0
777079,2025,0.5003370979669255,-0.6640479034226929,8.500528021842875,1.0,14.0
777076,2025,0.6016366607967085,0.8733593113918843,8.558098852990947,0.0,8.0
777077,2025,0.4639653768339728,-0.5618289825615927,8.272705157074046,0.0,9.0
777078,2025,0.6377661780404212,1.2563599626204833,8.362456331237688,0.0,10.0
777074,2025,0.5731765237334248,0.5806381328291311,8.76705408602468,0.0,9.0
777083,2025,0.5249528776407957,-0.1440273326192542,9.28903795645126,0.0,6.0
777084,2025,0.5994927787034302,1.0330169848025206,8.649347865305469,1.0,10.0
777082,2025,0.5002211529697602,-0.22018343953472008,8.244954566425575,0.0,11.0
777087,2025,0.5490153683931706,0.27801343299305037,8.544551304427324,1.0,5.0
777075,2025,0.48031426301512736,-0.3776381930266388,9.008274239146754,0.0,7.0
777072,2025,0.3798613108009836,-1.7210582208268135,10.192663962350515,0.0,8.0
777067,2025,0.5059265754591935,-0.4848352123326433,8.086081623882489,0.0,14.0
777071,2025,0.5554696497140017,0.7200708912320052,10.029152991515167,1.0,8.0
777070,2025,0.5186101459055901,0.12134088008560413,10.205052370103799,0.0,11.0
777073,2025,0.4623217690434139,-0.8526100677298823,8.013751643787376,0.0,3.0
777068,2025,0.5970792357457263,1.0463477620077046,8.443361165486397,1.0,15.0
777060,2025,0.466536555243796,-0.3885411706607108,7.816359249695584,1.0,3.0
777062,2025,0.4911012552492701,-0.1781425586525219,8.594683804399828,0.0,3.0
777064,2025,0.43950373909151963,-0.7023583704641131,10.030742464862183,1.0,18.0
777063,2025,0.5834528856148706,0.5962164573187707,8.117123776466752,1.0,5.0
777066,2025,0.49232202307129524,-0.5082358471178073,8.673441497822521,1.0,5.0
777061,2025,0.6236664028960048,1.1134823231134028,8.107296041869468,1.0,12.0
777069,2025,0.5009519723786912,-0.1645903222577955,9.154973015730043,1.0,14.0
777059,2025,0.6457187847288125,1.5092858875731618,8.80269258639918,0.0,11.0
777057,2025,0.5987110340887198,1.2689066398776891,8.848558521465712,1.0,9.0
777065,2025,0.5921984238856942,0.6391006100006162,8.852557525258295,0.0,16.0
777053,2025,0.3962082364022876,-1.6942226494821808,11.049582382393163,0.0,8.0
777055,2025,0.49658244560432324,-0.038537496050611776,10.105512262518971,0.0,9.0
777050,2025,0.5229449662026034,-0.13864936527489186,8.792170558718515,0.0,6.0
777051,2025,0.5678345239905549,0.5098865583957853,9.132365014742803,1.0,7.0
777056,2025,0.5891146985084396,0.4708004030962437,8.429057086366127,1.0,9.0
777044,2025,0.4331411250993698,-0.7957786175293314,8.706102954531643,1.0,13.0
777052,2025,0.446851867457235,-0.807501298602283,8.985757227445687,1.0,7.0
777042,2025,0.470306272779869,-0.4775058322537238,8.695256281084701,1.0,7.0
777045,2025,0.5711577693037438,0.5954470837136503,8.394409873016432,1.0,5.0
777048,2025,0.6598050910967911,1.5137579654474065,8.370696064685744,1.0,7.0
777046,2025,0.49538598537987233,-0.5319201714582946,9.157515196547283,0.0,9.0
777054,2025,0.6013271576150319,1.1377147592049917,8.926043187471382,1.0,5.0
777058,2025,0.4873672714583748,-0.4066575969093419,8.892767225016796,0.0,9.0
777043,2025,0.6775406475405665,1.645438289118711,8.063379347397856,1.0,8.0
777047,2025,0.6447884819212416,1.4200450471964121,8.874837735410292,1.0,6.0
777049,2025,0.3873013338920366,-1.3366973280537155,11.085244033849074,1.0,12.0
777040,2025,0.46853858974721535,-0.7112061369409394,9.65196533463623,0.0,4.0
777035,2025,0.528793444879688,-0.07585095446550616,8.333480559203647,1.0,1.0
777039,2025,0.6173359515152691,1.0452587007366914,8.991337559446823,0.0,17.0
777026,2025,0.44069072220783734,-0.8083818867467986,9.09494194507713,0.0,5.0
777037,2025,0.4402319399251136,-0.9458016730922025,8.89851965932979,1.0,5.0
777041,2025,0.5152059396658732,0.3228147164873384,8.880808375525936,0.0,12.0
777029,2025,0.43488006301420556,-0.9484499129378833,9.392605230362499,1.0,7.0
777034,2025,0.6224999045732187,1.0933330156511079,8.544050386524194,1.0,9.0
777031,2025,0.5539490205575833,0.2912401095270456,9.204864590291855,0.0,12.0
777028,2025,0.3943230329339968,-1.5104193167640687,11.005013367772271,1.0,6.0
777024,2025,0.5110662652768816,-0.14665191278622974,8.75742492599861,0.0,12.0
777032,2025,0.4837058577132582,-0.4306698294955953,9.934938730009435,0.0,7.0
777022,2025,0.632428529368372,1.403072221066921,9.124804124083518,1.0,7.0
777036,2025,0.5733977761570106,0.6774627862403068,8.720193963748713,1.0,5.0
777027,2025,0.4584000448924299,-0.8427010954649587,8.734674623053845,1.0,12.0
777038,2025,0.5322872507489338,0.11297431477412752,8.928970018042454,0.0,17.0
777030,2025,0.6347435610142709,1.2974563169393916,8.75655987795347,0.0,20.0
777033,2025,0.6415812669908405,1.2375084797349425,9.072947648870574,1.0,3.0
777019,2025,0.5519946944358093,0.18940193321938023,8.819449011960044,0.0,7.0
777021,2025,0.5440992909873168,0.009019453376897506,8.376520708740275,0.0,15.0
777023,2025,0.5230831834501596,0.3083815711677985,8.467169698210753,1.0,16.0
777025,2025,0.6108617702931521,1.0388161747603966,9.221702274554183,0.0,7.0
777018,2025,0.5017272112451817,0.18832079432135398,9.339774832697127,0.0,6.0
777008,2025,0.6460179114401072,1.3333171966229318,8.323326616238132,0.0,6.0
777014,2025,0.46725601359328023,-0.5317476601099954,8.854837981680843,0.0,1.0
777020,2025,0.6525547871829809,1.6978491457459044,9.203823239587459,0.0,11.0
777015,2025,0.576459943922579,0.3995671038756462,9.340390343070313,0.0,17.0
777016,2025,0.50021141030402,-0.20019444989028704,9.739240661693001,0.0,8.0
777013,2025,0.5394885546118214,0.25650084692576003,9.805828453558727,1.0,9.0
777012,2025,0.5055852564458179,-0.36759511487102886,9.562995078672788,0.0,7.0
777005,2025,0.46048715103103144,-0.7650639695984965,8.964326196158707,1.0,3.0
777017,2025,0.41468706878949957,-1.5913885037165658,9.210187211981298,1.0,17.0
777009,2025,0.590185808804249,0.7083168232912684,8.094250019909747,1.0,11.0
777007,2025,0.6658060410142107,1.6474230760187962,8.843126583193104,0.0,18.0
777011,2025,0.5616439632442396,0.28630893544221864,8.418635608647822,1.0,1.0
777006,2025,0.45870680638765926,-0.7583055896412888,9.221287432011787,1.0,5.0
777004,2025,0.5431053022565575,0.5243081577081729,7.595184274650979,0.0,9.0
777001,2025,0.47569888938571026,-0.6380323211942643,9.569075300456381,0.0,13.0
777010,2025,0.535050731813846,0.09975564756121398,8.888045496770674,1.0,8.0
777003,2025,0.5692357392803319,0.4400778531919768,7.860570650659943,0.0,7.0
777002,2025,0.4738581693147158,-0.6532510387869195,9.102070491553434,1.0,2.0
777000,2025,0.5166023138129222,-0.1558460871356685,8.868792508907259,1.0,8.0
776993,2025,0.5210635193524834,0.10147839341242354,8.815043336894387,1.0,11.0
776999,2025,0.6604379158014191,1.5875315295130255,9.656825505845118,1.0,18.0
776991,2025,0.6995433365861303,1.9449355636396106,8.381249167386494,0.0,6.0
776997,2025,0.6865655671026853,1.7677184508923254,8.19198802742105,0.0,12.0
776994,2025,0.4084252187187127,-1.3964505921779473,9.32402422032855,0.0,7.0
776996,2025,0.5603318074131303,0.584628777199103,8.818426753190973,0.0,11.0
776992,2025,0.5364003018908235,0.47727060477754724,8.837426945522294,0.0,4.0
776990,2025,0.543617215744906,0.3603660521104247,8.126684729878301,0.0,10.0
776998,2025,0.5660543962646636,0.5413791073147235,9.417460287567206,1.0,6.0
776985,2025,0.5063928219553968,-0.529363088983256,8.26770928750295,0.0,3.0
776995,2025,0.42888368072277605,-0.9577382821456726,9.692985859408928,0.0,9.0
776986,2025,0.6657855983055186,1.3128728229755173,10.011254236506623,1.0,6.0
776983,2025,0.48617073017327905,-0.4537032108799393,10.118071224678278,1.0,7.0
776984,2025,0.5513002379888631,0.2053932113592089,7.764648332694918,1.0,6.0
776988,2025,0.47266697879499936,-0.5539457793966885,8.579886486942105,1.0,7.0
776987,2025,0.5205835432226285,0.23843019608301805,9.018692427243833,1.0,14.0
776982,2025,0.5227184057404752,0.06441850240509121,9.199190201271286,1.0,3.0
776979,2025,0.6290932630362658,0.9555074754033164,8.899894534744865,0.0,9.0
776989,2025,0.4171848056099296,-1.351954468896012,8.586012577164194,0.0,9.0
776975,2025,0.5262516891361664,-0.2729524645158798,8.171474460363141,1.0,5.0
776976,2025,0.6541247884510623,1.7487993316270536,8.987503285978878,0.0,8.0
776978,2025,0.5788633725894778,0.6122141231453798,8.263189120573509,1.0,5.0
776980,2025,0.5143283332530931,0.31352418189059433,8.908632922488206,0.0,11.0
776981,2025,0.5767778719810146,0.5920712372761712,9.041860855011713,1.0,9.0
776977,2025,0.4137300325741172,-1.016718669349721,9.818125571806824,1.0,5.0
776974,2025,0.49122667982613555,-0.4703673204845784,8.226754123983794,0.0,8.0
776966,2025,0.4369632237657569,-1.1137757959554153,9.908462323912866,1.0,15.0
776968,2025,0.6856776889828221,2.1199084054432027,8.871423468536141,0.0,14.0
776973,2025,0.5706286356103013,0.601595339085904,8.871695953661103,1.0,6.0
776970,2025,0.5147514602514216,-0.1067753548670127,9.042155209477837,0.0,6.0
776967,2025,0.46120610080372365,-0.6876535913758011,8.54864425209506,0.0,7.0
776972,2025,0.4083173293368694,-1.5555022934952911,9.007080389175865,1.0,8.0
776965,2025,0.4667559513334223,-0.5739496280995056,8.156157577640974,1.0,12.0
776961,2025,0.4729974877815268,-0.4156075783389324,9.209080902787516,1.0,9.0
776971,2025,0.5072769167167649,-0.5463182374642418,8.542388831784772,0.0,17.0
776960,2025,0.558662010282263,-0.015204382903125598,9.055021578847933,1.0,8.0
776969,2025,0.6803969708316125,1.4997178710569283,7.944662572750154,0.0,3.0
776958,2025,0.4569499451005728,-0.8585166551573589,9.775520298810527,1.0,10.0
776959,2025,0.5633734589252122,0.1899545645248517,8.314416089345524,1.0,13.0
776964,2025,0.5601775307265418,0.20086006151805857,8.578913517210678,0.0,11.0
776957,2025,0.4383835903246018,-0.915398238279831,9.993952208811478,0.0,4.0
778372,2025,0.4426238536095215,-0.9173517229729348,9.509134846707173,1.0,20.0
776962,2025,0.42201150227717926,-1.0659468975186137,9.407996233671616,1.0,5.0
776951,2025,0.6340838800631612,1.2504703378632585,9.132976997483519,1.0,14.0
776953,2025,0.5597277217692569,0.6790411977023983,8.823604295555114,1.0,14.0
776949,2025,0.5793047178890622,0.31908329921613354,9.059681874019272,1.0,12.0
776963,2025,0.47435199853794496,-0.5842339582291095,8.59546494464888,0.0,9.0
776956,2025,0.5309378816014597,0.32817042449749123,9.086916371382546,1.0,12.0
776952,2025,0.42120262670181624,-1.4973401590744024,9.1335174234933,0.0,9.0
776954,2025,0.46651058988977584,-0.5513680204788711,9.038441833280126,0.0,13.0
776955,2025,0.5644575317517647,0.7127278269236375,8.195765528418821,1.0,15.0
776946,2025,0.6077332713142519,0.8159417200394827,8.34373143201253,0.0,5.0
776950,2025,0.6023903289154081,0.7447705044479617,9.059633382279419,1.0,11.0
776945,2025,0.5029654096304238,-0.0800882315031959,9.277409574236817,1.0,13.0
776947,2025,0.5081806659551744,-0.3991270962987462,8.422387473935618,1.0,8.0
776943,2025,0.6058428452384271,0.6552816236297803,8.985600636173563,0.0,4.0
776944,2025,0.4589334904921008,-0.6237161977074865,10.540756731758593,1.0,7.0
776948,2025,0.4621412517362643,-0.47968929316366266,9.5070262032269,0.0,17.0
776935,2025,0.47182557305754086,-0.3501221750282823,9.11050218700624,0.0,14.0
776940,2025,0.548766102149411,0.7255995121365443,9.2022209194166,1.0,9.0
776939,2025,0.4746591632683637,-0.9772595218269414,9.331301160623665,1.0,12.0
776929,2025,0.5113470876415864,0.022587195748944234,8.383523336235298,0.0,13.0
776937,2025,0.5858652563416318,0.7085111272543947,8.357255463502716,1.0,10.0
776936,2025,0.5433628821733979,0.3291612953143464,8.855341393844133,1.0,1.0
776933,2025,0.6111967786176725,0.7683074849450086,7.391622509950647,0.0,3.0
776931,2025,0.5278504416554055,-0.11130240942280435,8.684880498468718,1.0,5.0
776942,2025,0.6709545896755855,1.1444838326612143,8.807840142138556,1.0,5.0
776938,2025,0.5405499848524128,0.35671265608986813,9.19152048211194,1.0,9.0
776941,2025,0.5250493784867601,-0.23693534498587238,9.515357773077946,1.0,7.0
776934,2025,0.5715998619205153,0.2590197566227911,9.143745507193913,0.0,2.0
776932,2025,0.4619973632647445,-0.9100460931802266,9.135462442878978,0.0,9.0
776930,2025,0.4348193207524307,-0.9285424882144536,9.461737265286105,1.0,9.0
776927,2025,0.5096168441527982,-0.23781777789271838,9.658218924177481,1.0,11.0
776928,2025,0.5897516946556174,0.7887442884640044,9.055336504158596,0.0,23.0
776923,2025,0.5478897217363056,0.3225589532075103,8.644098652505045,1.0,6.0
776921,2025,0.5906912015438526,0.7489257621631922,9.31619472301108,1.0,5.0
776915,2025,0.6214861081449051,1.1448364831471822,9.52538102664863,1.0,1.0
776917,2025,0.46325145521147376,-0.551100817191284,10.332121034830386,0.0,25.0
776913,2025,0.5280479199952539,-0.18851850356280814,8.294529075548438,1.0,9.0
776920,2025,0.5373747287200011,0.26184880126994947,9.036554490842958,0.0,12.0
776922,2025,0.4485246405851074,-0.9728790854428156,9.336403441671676,1.0,3.0
776926,2025,0.5307998018271775,-0.1790524079097213,8.262860745750006,0.0,7.0
776924,2025,0.47676345484489535,-0.686316086093742,8.075928508366255,1.0,5.0
776925,2025,0.4799762220116714,-0.39648933072665776,8.250133491760817,1.0,25.0
776918,2025,0.4979162020615554,-0.33706475919016904,9.04676464960276,0.0,5.0
776919,2025,0.45958535301935777,-0.6188995279713917,11.187001513434764,1.0,33.0
776916,2025,0.5610213712162665,0.20730576191794498,9.834528781864806,0.0,9.0
776906,2025,0.5860827913728311,0.5439507924191206,7.916697187175461,1.0,5.0
776914,2025,0.45535734715463083,-0.5352920671547055,9.356476802588704,1.0,6.0
776908,2025,0.5643710681585102,0.6021442752911629,8.062299788575642,1.0,7.0
776901,2025,0.47961317011220683,-0.4978423357108883,8.137737660104817,1.0,4.0
776902,2025,0.6839599411502623,1.940299098178742,9.002117491288296,0.0,7.0
776900,2025,0.4997094859856077,-0.26776435131928145,9.088469162522406,1.0,6.0
776904,2025,0.4531163655742081,-0.7716064983130004,10.396057600107994,1.0,13.0
776903,2025,0.43655434620153427,-0.8747186629292932,10.206852600733974,0.0,10.0
776912,2025,0.49111596330212265,-0.4539210675233887,7.531119726556466,0.0,12.0
776909,2025,0.4958264757960758,-0.44538179272408224,10.408275075417015,1.0,10.0
776911,2025,0.5485948203774886,0.15620533255800384,8.230207463152187,1.0,18.0
776897,2025,0.5157690983262055,-0.08911343014227434,8.186992375432823,0.0,10.0
776905,2025,0.5535146314089346,0.3852571790258814,8.476595805779295,1.0,9.0
776910,2025,0.5025681567395156,-0.08323692420198835,8.62101934526681,1.0,2.0
776899,2025,0.47139270145667767,-0.38709817226916454,9.361092183933952,0.0,9.0
776898,2025,0.5655379230899679,0.30591285369209,9.816950974335565,0.0,1.0
776896,2025,0.5259029928274587,-0.10515270712838691,8.895153443053726,0.0,13.0
776895,2025,0.478084884804301,-0.5425776691526939,9.155418785605026,1.0,7.0
776889,2025,0.4472354190070314,-0.8104622270196908,8.368304692691968,0.0,3.0
776907,2025,0.5422670542979603,0.28417074271424253,8.53020243835511,0.0,6.0
776894,2025,0.44870561464362113,-1.1264882477131004,8.886271921360379,0.0,17.0
776893,2025,0.5047635815408489,-0.03352363840659736,9.036663713741207,0.0,11.0
776887,2025,0.5225062354141472,-0.09042877475913429,8.741979428311682,0.0,16.0
776892,2025,0.5617475054686834,0.5294551157149926,8.509316565683477,0.0,9.0
776891,2025,0.4663527813017836,-0.5944588340816552,8.899976265108702,1.0,10.0
776888,2025,0.6045618659209363,0.8860586559601612,9.47926914141798,1.0,8.0
776886,2025,0.45726651510813376,-0.5657433219102875,10.982565817378898,0.0,14.0
776881,2025,0.47964531301525043,-0.23095957614256513,9.33012656956088,0.0,10.0
776885,2025,0.543853370733157,0.03388398383983807,9.666238770834843,1.0,13.0
776884,2025,0.5680411388307145,0.47014518481015727,8.25354328431768,1.0,10.0
776883,2025,0.4766899482990881,-0.7166503303457497,8.801619333612312,1.0,9.0
776890,2025,0.5566687204838882,0.24910735774566006,8.428634920328202,1.0,2.0
776879,2025,0.4508075756012714,-0.49536929646196504,8.760824123586536,1.0,9.0
776874,2025,0.590055575991554,0.7342716660523467,8.828912642133886,1.0,9.0
776875,2025,0.47827049161414903,-0.5316273702124703,9.559130388956559,0.0,10.0
776877,2025,0.6293939048950393,1.270408627085465,8.914861522417734,1.0,16.0
776880,2025,0.5850539639612186,0.5767620718946977,9.858361181601373,1.0,13.0
776876,2025,0.570448112429145,0.5759826740957728,8.50061517072416,0.0,13.0
776882,2025,0.44200543637279643,-1.1218262495662576,9.638572090002805,0.0,4.0
776871,2025,0.46527230497772193,-0.6924678989931876,9.027764888799709,1.0,13.0
776878,2025,0.5080472786927238,0.027789045014287552,8.990847248173349,0.0,5.0
776872,2025,0.3845560087008693,-1.8798575089758607,11.085998341162437,0.0,16.0
776867,2025,0.502320478937738,-0.28243456359854024,9.199517371249497,1.0,6.0
776873,2025,0.5087892050976786,0.5072340365932256,10.03128472848511,1.0,8.0
776870,2025,0.5412116359653484,0.13370788482739854,8.330733974740218,0.0,5.0
776866,2025,0.42425592265183654,-1.1512814316249353,8.647600808799494,0.0,9.0
776861,2025,0.5786451160039384,0.5649151354425933,9.065142272350945,0.0,9.0
776862,2025,0.43914465115694545,-0.8104628360670431,9.333310822581716,0.0,10.0
776865,2025,0.5417537105782104,0.755130465932735,9.064899718304567,0.0,23.0
776868,2025,0.561658934380552,0.5910597227749853,9.623908069221871,1.0,5.0
776864,2025,0.6185725841529421,0.7328114617877766,8.99751506005464,1.0,8.0
776863,2025,0.564629812237348,0.46522363308529685,9.335819049312276,0.0,5.0
776869,2025,0.4296814165296793,-1.073676540233551,8.93719037272618,0.0,9.0
776860,2025,0.5807602461390339,0.6006414464274896,9.053812798172425,0.0,6.0
776855,2025,0.5498194391806441,-0.20583325597613297,8.124368315562316,1.0,2.0
776854,2025,0.39404474441068343,-1.6473069464805477,11.249715833549626,0.0,14.0
776848,2025,0.49599105441244457,-0.21750252521384855,8.973478605755911,0.0,10.0
776852,2025,0.49588824438512213,0.09693329114698718,9.91544545222461,0.0,15.0
776857,2025,0.6615840326821554,1.6510590813137704,8.061719129584612,1.0,11.0
776858,2025,0.5646636073097074,0.7556277530033257,9.10894575514926,1.0,18.0
776844,2025,0.44801706885507797,-0.9026138563524353,8.749459878356888,0.0,6.0
776851,2025,0.6721352900955297,1.735286879154292,8.484201596935181,0.0,6.0
776846,2025,0.5569269923172111,0.4268379025528916,8.450089111229177,0.0,5.0
776859,2025,0.6053510814487884,0.7527075321536257,8.604712415369617,0.0,13.0
776847,2025,0.5364216968766524,0.06300273799991243,9.32045516392998,1.0,7.0
776845,2025,0.48218639786739137,-0.7811155715525304,8.59915928432131,0.0,5.0
776836,2025,0.3816892804722765,-1.9873510191977575,11.17982329926831,0.0,21.0
776843,2025,0.44911278145608563,-0.9058717590029611,9.892246779533506,0.0,9.0
776839,2025,0.5522618881136352,0.4598092084940408,9.093885912762262,0.0,8.0
776849,2025,0.4879935158410874,-0.2797416250062266,8.526252742946154,1.0,10.0
776850,2025,0.5047066865691033,0.37221639284069097,9.254307343068303,1.0,3.0
776856,2025,0.5374240370261643,0.05510287444335263,9.748780955810668,0.0,10.0
776853,2025,0.47152223727567305,-0.44522936522127593,9.219527073033095,0.0,9.0
776838,2025,0.46679479924104617,-0.3976704620949964,9.627565629937223,0.0,5.0
776841,2025,0.6659110935117141,1.7286241596992145,8.510728818364637,1.0,14.0
776837,2025,0.5106733284987471,0.05980728263733523,9.900290733869642,0.0,6.0
776830,2025,0.6719136469736219,1.7123364121817712,8.067150794194717,1.0,7.0
776840,2025,0.5066118331194636,0.10824999554279467,7.864346025811696,1.0,7.0
776842,2025,0.4672661707316273,-0.44925370523406466,8.997926078050035,1.0,14.0
776829,2025,0.4666368806000512,-0.7349259118494379,8.249057801505309,1.0,5.0
776831,2025,0.5157947467598946,0.0014143242986025145,9.877758640991912,1.0,5.0
776835,2025,0.453782245958821,-0.8413031273717982,8.596119685070187,0.0,8.0
776832,2025,0.6984162279023828,2.132293367765998,7.774024127374857,1.0,11.0
776834,2025,0.47964974847660274,-0.3487972619371588,9.333017402627735,0.0,6.0
776833,2025,0.42753657011244106,-1.0226196615129477,8.892527401378745,0.0,14.0
776821,2025,0.4994424624737889,-0.45416953570459967,8.099332451874702,0.0,10.0
776827,2025,0.5307157979868785,0.4261536119899248,8.648508424459877,1.0,13.0
776828,2025,0.5517263649503513,0.23279621543613727,8.359424507132182,1.0,5.0
776826,2025,0.4337662882972602,-0.9942491415922992,8.623878537899781,1.0,5.0
776825,2025,0.7017081246916953,2.2953713236447344,9.909708684606876,1.0,7.0
776820,2025,0.5862768475096604,0.35598952665142575,7.9956280547655645,0.0,12.0
776824,2025,0.5214925994265692,-0.06540173512681349,8.00567984617699,1.0,5.0
776823,2025,0.5072916816442246,0.098239610152573,9.811950962259072,1.0,6.0
776822,2025,0.6521649215249522,1.144481971608429,8.093392149643186,1.0,5.0
778431,2025,0.47225821847553895,-0.475687532086012,8.896560788842931,1.0,8.0
776815,2025,0.46557947730542887,-0.7137644075496613,8.92917731544967,1.0,9.0
776802,2025,0.6255605301567302,0.9635904819259805,8.586533498747947,0.0,6.0
776813,2025,0.5618884160996129,0.828858587099403,8.567006242191738,0.0,11.0
776812,2025,0.47321427318264647,-0.3522466131746018,8.522149701752179,0.0,3.0
776811,2025,0.5131324634354824,-0.018501831009457948,9.305402894161183,0.0,14.0
776816,2025,0.5015256562781718,-0.3696499326225053,9.060943834898879,0.0,2.0
776814,2025,0.4452263429011624,-0.7989001859989768,8.492829620773664,0.0,4.0
776817,2025,0.5182404635131035,0.04281192629299127,8.304978302992641,1.0,11.0
776818,2025,0.5117472865854958,-0.09876853206573129,9.15727025513692,0.0,10.0
776810,2025,0.5244920228900201,-0.2440976126333286,8.204156980176439,0.0,5.0
776819,2025,0.5048320487300214,-0.08131645047268046,9.416925070011759,1.0,14.0
776809,2025,0.7104803288693841,2.486236424824186,9.755630425658039,1.0,11.0
776807,2025,0.5504259862582925,0.06353388213070087,8.085533002945859,1.0,9.0
776808,2025,0.5500904751671032,0.16099112458183765,9.171004117304873,1.0,10.0
776805,2025,0.5292532635081962,-0.08792562024374442,9.120651301112801,1.0,11.0
776796,2025,0.49916599296317476,-0.5460424546955468,9.36736951254246,1.0,8.0
776797,2025,0.5672064063185225,0.8135397179244623,9.169349459785893,0.0,8.0
776803,2025,0.5451060371581997,0.49594665665728127,9.041511676762866,1.0,8.0
776804,2025,0.5208735917747053,0.2547341300630007,9.396271612126464,0.0,5.0
776801,2025,0.46438431377314204,-0.7819926542634503,8.905619071865166,0.0,22.0
776806,2025,0.6441571734987681,1.367437595166103,9.040008127570633,1.0,14.0
776798,2025,0.43584277683905837,-0.974747985854083,9.0363388065137,1.0,10.0
776799,2025,0.525315793887738,0.4261535137778112,9.303389555208323,1.0,13.0
776800,2025,0.4524087914726188,-0.8248926411157288,8.50418092999732,0.0,6.0
776793,2025,0.6028264357519163,0.616292242064,8.57393627968093,0.0,8.0
776794,2025,0.7187349731922568,2.4584678786395826,9.820093067163576,1.0,19.0
776789,2025,0.5506396665863685,0.19388743597103258,8.323622768649901,1.0,8.0
776791,2025,0.5782048516484862,0.6391377302345684,8.074290915404985,1.0,9.0
776788,2025,0.5399626879983405,0.2834640754896429,8.835864165312524,0.0,9.0
776795,2025,0.49598882107815995,-0.08564734766559388,8.371544585276302,1.0,5.0
776792,2025,0.5429311371987526,0.24812211607002152,9.220222741880306,0.0,5.0
776790,2025,0.5577662637978859,0.26498359627215956,8.759463558087502,1.0,8.0
776781,2025,0.4292360506187973,-1.5149958564081436,9.219226921203438,0.0,3.0
776784,2025,0.5905282745268231,0.589504288452159,8.987378080403804,1.0,11.0
776786,2025,0.6223885705284204,0.9990848238266454,9.521500247447177,1.0,8.0
776783,2025,0.6785297845891204,1.5325915352610064,9.171187322190455,1.0,5.0
776785,2025,0.5727569418818633,0.46695540882372305,8.01187271645716,1.0,13.0
776782,2025,0.417043572533102,-0.8620700315004691,8.513607254954923,1.0,13.0
776779,2025,0.44611993329700944,-1.1496234858782193,8.73063899606203,1.0,11.0
776780,2025,0.5106056614035683,0.31372938993251476,7.5263394266440455,0.0,5.0
776787,2025,0.45294098914711306,-0.801494821623908,9.331231905496969,0.0,11.0
776776,2025,0.4325655763658178,-1.0033448748995746,9.223136633831306,0.0,1.0
776777,2025,0.4559713074532708,-0.7574739677531167,8.992405336231796,1.0,7.0
776778,2025,0.5059875152770775,-0.007660980789481963,8.977723603377216,1.0,7.0
776774,2025,0.5673194694410789,0.5104908980777813,8.986363792863513,1.0,10.0
776768,2025,0.502300587344352,-0.3820644420646601,9.587640411401749,1.0,6.0
776772,2025,0.5617145935602663,0.047151765284322904,8.897273697315848,1.0,18.0
776770,2025,0.6628979794952543,1.2271405905452608,9.02414027872001,1.0,13.0
776773,2025,0.39912922366779013,-1.5555867322919752,8.841602251297598,1.0,15.0
776771,2025,0.572424281752295,0.5762265281505163,8.043150253493296,1.0,14.0
776775,2025,0.6982471274952524,1.443022571539425,8.88038869983257,0.0,3.0
776764,2025,0.5505239392701529,0.11559122320257863,8.87869474096018,0.0,5.0
776769,2025,0.514784782693802,-0.19418082494822514,9.006877131122012,0.0,15.0
776763,2025,0.43291869742618133,-1.098862409707952,9.320028869234521,1.0,13.0
776767,2025,0.49862224147271605,0.13450294632511275,8.152830710263922,0.0,6.0
776762,2025,0.45631005414134485,-0.6617716507745137,9.36193465089668,1.0,6.0
776755,2025,0.6244249366179279,1.0103400364663666,8.53005627952767,1.0,17.0
776759,2025,0.6740875276717531,1.3915095754566271,8.507029720388672,0.0,15.0
776754,2025,0.4255874381787802,-1.5478114581126128,9.001350103147711,0.0,1.0
776758,2025,0.7029815618812869,1.6279416576748775,8.673378346500042,0.0,11.0
776746,2025,0.5503680601449051,0.2884816196953028,8.358496227222558,0.0,10.0
776749,2025,0.4476935938435528,-0.723381140789374,8.33495686485819,0.0,12.0
776765,2025,0.4849033525301812,-0.6612370357029694,8.364126082273636,1.0,8.0
776761,2025,0.4363371774537233,-1.0814336612850355,8.456499617645218,1.0,7.0
776766,2025,0.522829161465033,0.08924683437992043,8.396342318437862,0.0,17.0
776760,2025,0.49511241225807223,-0.10283898108778787,8.50469952515219,0.0,5.0
776757,2025,0.5067623490716305,-0.14416594191267776,9.251000684400106,0.0,5.0
776753,2025,0.5714320709183639,0.3415461039594085,8.466622802630937,1.0,5.0
776756,2025,0.625704215832972,1.0371513143058813,8.651732027054527,0.0,17.0
776752,2025,0.4342469607935294,-1.091808053599611,9.8018017998484,1.0,11.0
776751,2025,0.44591112396360366,-0.7020930973353896,9.304941535990583,0.0,10.0
776750,2025,0.4595784496853404,-0.8439964148846794,10.088814427529487,1.0,8.0
776747,2025,0.4621515622455962,-0.7924682914982069,9.138949028604175,1.0,3.0
776745,2025,0.5642850122947302,-0.05171133195169565,8.422365674282492,1.0,13.0
776743,2025,0.4365174489766168,-1.0179856490715553,8.92995418477706,1.0,5.0
776748,2025,0.6067348946136807,0.7428384438625005,8.619783828676011,0.0,7.0
776744,2025,0.4355434806923424,-1.039655439085508,8.221573533973812,0.0,7.0
776742,2025,0.38851695990115764,-1.79099874605332,11.284109473830258,0.0,10.0
776737,2025,0.6220447282229827,1.2250845836323225,9.053245439219383,0.0,5.0
776740,2025,0.4742720186710329,-0.9895445806985843,9.422781244013901,0.0,18.0
776739,2025,0.4392565506896597,-0.821070480149925,8.265249563786291,0.0,8.0
776735,2025,0.48913885278694524,-0.5607180185540472,8.759718537989542,1.0,11.0
776736,2025,0.503416923464281,-0.1887827253005748,8.72981239129925,0.0,20.0
776738,2025,0.5521116035746708,0.29864422313512357,8.44746583606496,0.0,2.0
776741,2025,0.5866895824275391,0.6518594078990904,9.910028696924975,1.0,3.0
776733,2025,0.6839810428148491,1.524228316133286,7.920131782967645,0.0,7.0
776732,2025,0.45143495050110505,-0.9453547428453135,9.153382747217709,0.0,7.0
776728,2025,0.6393425002511762,1.1739197793971288,8.517500720421781,1.0,4.0
776731,2025,0.484191318574143,-0.509415506440688,8.925944797562671,0.0,7.0
776730,2025,0.39349001798261907,-1.6060765668307062,10.865859918114218,1.0,7.0
776734,2025,0.4768777698099034,-0.4859110736819732,9.135478190038139,1.0,13.0
776727,2025,0.5401558607212678,0.0707830070175948,9.640512402897132,1.0,5.0
776729,2025,0.5409466505835469,-0.0193614365944665,7.972204527713473,0.0,13.0
776719,2025,0.6789681468731021,2.043121485610497,8.621201741929395,1.0,4.0
776723,2025,0.5621493513901922,0.7222444329540748,8.824650265502074,1.0,16.0
776725,2025,0.46869447346627013,-0.5972928136368538,9.285953795047948,1.0,2.0
776724,2025,0.6178139246916957,1.0890605554547865,9.80443595611035,1.0,12.0
776726,2025,0.4576432395389719,-0.6372876257755538,8.802816233879422,1.0,4.0
776721,2025,0.46823467194212687,-0.9295198085292335,9.927344370217162,0.0,11.0
776722,2025,0.5598533825733955,0.3602281398730051,8.853615183444811,1.0,9.0
776720,2025,0.5291136019836572,0.024312189569071732,8.769960732003721,0.0,11.0
776712,2025,0.6049151328263072,0.6825741921543361,9.031211191478548,1.0,8.0
776716,2025,0.45207857730196976,-0.9022089745579683,9.130672125377103,0.0,13.0
776713,2025,0.4951040610477149,-0.497311799271067,8.401767084618125,0.0,20.0
776715,2025,0.38482937230585135,-1.799994101402547,11.341363217920719,1.0,17.0
776711,2025,0.5214001190303554,-0.03379932677052797,8.978916418558766,0.0,3.0
776717,2025,0.5173221943707628,-0.20914726057573343,8.534787993430044,1.0,6.0
776718,2025,0.5408688993784405,0.6027466952796596,9.355887784921194,1.0,9.0
776708,2025,0.43497688774460025,-0.9124048540114227,10.062067055803817,0.0,20.0
776714,2025,0.6519228270483667,1.5726770242562214,9.200068039041255,0.0,8.0
776710,2025,0.5155132576577519,-0.2662728706052172,9.002634780202722,0.0,14.0
776706,2025,0.5197754172402521,-0.25616103324981476,9.276794675101334,0.0,9.0
776709,2025,0.48917261591360117,-0.4481477169132486,9.357603644476585,1.0,5.0
776705,2025,0.5698635416696927,0.6040381939301436,8.787464333528286,0.0,12.0
776700,2025,0.4353852823091693,-1.073686982103509,9.278822437417853,1.0,9.0
776702,2025,0.6227053570492134,0.9767926251086787,8.735765639013847,1.0,8.0
776698,2025,0.47007969327259325,-0.7127151738885122,8.934199922616692,0.0,12.0
776704,2025,0.6019455863704364,0.9966242366078625,8.942963350297651,1.0,7.0
776701,2025,0.3982767333684933,-1.5652509120437907,10.887777417179336,1.0,11.0
776699,2025,0.489256712190662,-0.20832858317901976,9.346302603605508,0.0,16.0
776703,2025,0.5381728889919614,0.06468530531479322,7.310009761028869,1.0,8.0
776697,2025,0.5602753945383077,0.4461280486299594,8.83515905278817,1.0,9.0
776707,2025,0.4710032158615182,-0.6063715583851991,9.11915153439593,1.0,10.0
777459,2025,0.49119621973142025,-0.5784587463391055,8.630633632298007,0.0,7.0
776694,2025,0.4841662966972913,-0.23079524250004232,8.069243454268127,1.0,7.0
776688,2025,0.4927320816372019,0.025645083704898854,8.762480272987613,0.0,11.0
776692,2025,0.5404272533667771,0.04981194968648788,8.619053980038204,1.0,10.0
776689,2025,0.496757420077305,-0.31706604565932883,7.889849623351373,1.0,19.0
776695,2025,0.5619101396379239,0.3779675221598478,9.331553867590792,0.0,9.0
776696,2025,0.6043298044532024,0.8597173113134043,8.855512785325955,0.0,22.0
776690,2025,0.5686788326770325,0.4780723901436029,8.930275274384575,1.0,7.0
776693,2025,0.3796719756991083,-1.5714352536158134,10.520622937163168,1.0,7.0
776681,2025,0.44020238789351007,-0.8952851947583135,9.33765517251521,0.0,5.0
776682,2025,0.53249724301737,0.19528740269778166,9.788518744431176,0.0,4.0
776683,2025,0.5335285057072344,-0.13803401051734598,8.220801630216137,0.0,7.0
776691,2025,0.5167942960190464,0.06744286712116186,8.671715003293976,1.0,10.0
776685,2025,0.5517821182825018,-0.0673089077800033,7.589094795064387,1.0,1.0
776679,2025,0.43305588351579405,-0.7697523198526945,8.802938266841002,0.0,10.0
776686,2025,0.45987646644081026,-0.18456818667946334,8.834935518769,0.0,11.0
776680,2025,0.564210334947901,0.6113740696269725,8.280203619626144,1.0,10.0
776678,2025,0.43654434765670175,-0.7960249020833249,10.299672264316575,0.0,9.0
776684,2025,0.546111948619089,0.21836546739320858,10.066936363771184,0.0,7.0
776687,2025,0.5715375819366745,0.3863542656806218,9.248081805430022,1.0,21.0
776677,2025,0.4874253842888045,-0.7366979874094198,8.440937699127383,0.0,16.0
776675,2025,0.5164006158586546,-0.21725489647862598,8.586094439526649,1.0,7.0
776674,2025,0.5992675672521811,0.469091272427324,8.149395269388146,0.0,9.0
776676,2025,0.4780091672734221,-0.8363112911450733,8.967773929232894,1.0,5.0
776671,2025,0.37502478951728696,-1.510815095823798,10.76173234068114,0.0,15.0
776668,2025,0.44302160229685716,-1.0129582910545682,9.647627052621182,0.0,10.0
776672,2025,0.4976340961654507,-0.3627878016197626,9.578636578743197,1.0,11.0
776667,2025,0.6182527456588712,0.7400833969754603,7.969484928013454,1.0,6.0
776661,2025,0.4189776734319407,-1.1956802196534169,9.049162938041967,1.0,3.0
776662,2025,0.5270609053987855,0.16164130498712934,8.889882355648496,1.0,13.0
776673,2025,0.4860302529942826,-0.33891655794522635,8.72204089581494,1.0,9.0
776658,2025,0.534257280841749,0.29611376553856994,9.707517118031806,1.0,5.0
776670,2025,0.4651915562398464,-0.3025998386194137,9.448482108742944,1.0,8.0
776659,2025,0.46249106985709815,-0.6225576163331077,8.956433973527744,1.0,9.0
776669,2025,0.6192192184558926,1.0125076816209215,9.024819415239813,1.0,1.0
776664,2025,0.5356004963549444,-0.0476434644377645,8.320561872482887,0.0,10.0
776666,2025,0.540024821012468,0.044052979561505536,8.526743968958732,0.0,9.0
776665,2025,0.5829396582672797,0.6804416312190693,8.916575371855924,0.0,6.0
776663,2025,0.4945959488081468,-0.45635043258899827,9.106830602834208,1.0,7.0
776660,2025,0.375173309537556,-1.6741962486440503,10.72112501365364,1.0,11.0
776652,2025,0.4725917098924179,-0.5084877896380008,9.335253789253128,1.0,3.0
776656,2025,0.5563985752950297,0.2033608167091298,8.644107738857324,1.0,9.0
776653,2025,0.5184169206489814,-0.07421505618037424,9.239828228738025,0.0,11.0
776657,2025,0.5325238154440564,-0.1743010316249421,9.473817127324192,1.0,10.0
776651,2025,0.5301837176710639,0.022782291903298585,8.914155819512345,0.0,5.0
776644,2025,0.37817914832827737,-1.516413598749291,11.62179095726392,0.0,14.0
776650,2025,0.4702015394922826,-0.418951063604677,8.90176451592559,1.0,12.0
776642,2025,0.5915306053033796,0.7092351055097995,8.244336128901109,1.0,12.0
776654,2025,0.5122221322163987,-0.09098258778847895,9.294838903402521,0.0,9.0
776655,2025,0.47286334464635316,-0.3802791273355507,9.352637564164134,0.0,9.0
776631,2025,0.4576956238684409,-0.8507582914443477,8.494334167428955,0.0,11.0
776637,2025,0.6781159433210207,1.9062935354822323,8.305223401417553,1.0,9.0
776648,2025,0.6077024222043287,0.8742348806255373,9.490369106097663,0.0,9.0
776643,2025,0.5059059071968506,-0.07849668449292839,9.27374215272097,0.0,17.0
776647,2025,0.5580687978176707,0.5036897938197273,9.220908981284833,0.0,1.0
776649,2025,0.5636228180683092,0.3569230995501336,8.792354104398658,1.0,12.0
776646,2025,0.4411071095997842,-1.1434185180963492,8.806696555006692,0.0,7.0
776645,2025,0.4744559810062169,-0.5461038064724026,9.08300497007018,0.0,19.0
776633,2025,0.5449711570999094,0.5045840855099122,9.367365743292398,1.0,16.0
776639,2025,0.4624438878028039,-0.840310638586699,8.676502250209436,0.0,16.0
776641,2025,0.5671183108855619,0.7400567247178433,8.302082455141386,1.0,7.0
776634,2025,0.6058851591273898,0.9311437115283586,9.272375906870252,1.0,9.0
776640,2025,0.42971245235642846,-1.0443070550520082,10.295476077256978,0.0,5.0
776636,2025,0.4809102474029086,-0.5583845540916469,8.19580534973248,1.0,3.0
776635,2025,0.5138532605281079,0.518297983170062,10.170638222203117,1.0,11.0
776638,2025,0.6557957843304151,1.6064601823365112,8.185473774784677,1.0,5.0
776627,2025,0.44775319205602265,-0.7163839681355876,8.540316193021866,0.0,13.0
776630,2025,0.48504205904620173,-0.4966165808467462,9.07642035610068,0.0,13.0
776628,2025,0.6820259357061046,1.8424546456639308,9.039066185305138,1.0,10.0
776625,2025,0.5286414926790113,0.28450014163062576,9.05988647595256,1.0,6.0
776632,2025,0.6587244397962333,1.8613974197762575,8.821426795534578,1.0,6.0
776629,2025,0.48599579031626566,-0.32583784289510753,9.202094577720304,0.0,17.0
776623,2025,0.5481689963772816,0.29365386422564094,9.019328607430896,1.0,10.0
776619,2025,0.4708353743068392,-0.5999768482314461,9.098028156582075,1.0,10.0
776621,2025,0.5670158718946126,0.44827841624772696,8.242561821050902,0.0,8.0
776626,2025,0.44425155134067185,-0.7066873103227036,9.673947071578205,0.0,11.0
776622,2025,0.4763205224391808,-0.3011151594785221,9.867834101642654,1.0,11.0
776617,2025,0.46790611195935855,-0.6535892413430417,8.51546967693479,1.0,6.0
776618,2025,0.4281687381120849,-1.1377700602777303,9.525104755613643,0.0,13.0
776620,2025,0.6546618232415191,1.515895731519642,8.589457368062268,0.0,3.0
776610,2025,0.692907090151007,1.8925919876790709,7.817754776661079,1.0,4.0
776606,2025,0.5112298099183615,-0.058417395392829016,8.819641097554557,1.0,9.0
776612,2025,0.4998385181718296,-0.18245609002090998,8.69535190501092,1.0,5.0
776613,2025,0.712690022630149,1.8741585908900276,8.654782367549037,1.0,5.0
776624,2025,0.4286964367699552,-1.0783740941585511,9.667625053965105,1.0,7.0
776615,2025,0.5499522959041482,0.6270160769690437,8.688131178240491,0.0,18.0
776614,2025,0.4523699721401549,-1.0454325633247428,8.800554560773874,1.0,8.0
776607,2025,0.4540204425904073,-0.9305126326702629,8.909779997257987,1.0,8.0
776608,2025,0.5686981825340426,0.6841144844283007,8.360510146646053,0.0,7.0
776611,2025,0.5529664759400343,0.38392355512028553,8.42257079537173,1.0,5.0
776605,2025,0.42908033480120167,-0.9915328109813352,10.347292851683738,0.0,7.0
776603,2025,0.5244518953619679,-0.37592108038740624,7.740698981810601,0.0,10.0
776609,2025,0.4947732770627089,-0.4256556221941436,9.91721791112934,0.0,7.0
776602,2025,0.6390750119477825,1.3875346589263855,8.196215745796517,1.0,15.0
776616,2025,0.5209013819507,0.17634412842224395,9.313813405301385,1.0,9.0
776604,2025,0.4485564107506403,-0.797406452325827,9.8434327455898,0.0,7.0
776600,2025,0.5106912788168851,-0.15477622082501175,8.51253189254786,1.0,3.0
776601,2025,0.5255570493493897,-0.3617702127934265,8.554227951276706,0.0,9.0
776597,2025,0.6424067992198548,1.1870500802095119,9.050591538909595,1.0,15.0
776596,2025,0.5227729166095151,-0.038132001633205743,8.14929662874931,1.0,14.0
776598,2025,0.4741949687700901,-0.8663884838207939,8.584830358151732,1.0,16.0
776599,2025,0.4165857001926278,-1.1711706819257548,8.952449702651277,1.0,7.0
776593,2025,0.6249533378789982,1.3541768523755482,8.50227888948858,1.0,12.0
776589,2025,0.5861979445068972,0.3027023359355964,8.78269741609674,1.0,13.0
776592,2025,0.598374865054432,0.830468885053213,8.111059814733508,0.0,4.0
776595,2025,0.525861028044944,0.4234370065932512,8.852292551964615,1.0,15.0
776590,2025,0.4213555015000205,-1.2577420847275576,8.903104243749839,1.0,11.0
776594,2025,0.4807773367522858,-0.5504397515108463,8.472461761656724,1.0,7.0
776591,2025,0.48030953518350245,-0.20920240994468625,9.168699870655876,0.0,5.0
776584,2025,0.5015584812792614,-0.2461841622908287,8.382508109261378,1.0,3.0
776581,2025,0.4706573474186453,-0.7770714910453123,9.26748844362045,0.0,13.0
776588,2025,0.6320508771990864,0.9227711094343642,8.808279281009629,1.0,6.0
776582,2025,0.5755393148955026,0.9555713887177228,8.940642787834708,0.0,12.0
776585,2025,0.5124045114313777,-0.6492673406058135,8.713910349443095,1.0,11.0
776586,2025,0.5734502943835735,1.0692198306658198,8.506838685904782,1.0,17.0
776583,2025,0.45688963727333126,-0.8116801671500863,9.075108281308232,0.0,9.0
776578,2025,0.5333581536803413,-0.2509067858168336,9.032815789026902,0.0,11.0
776575,2025,0.5261605221252252,0.14480732231120005,8.752843203890423,1.0,10.0
776587,2025,0.758579510603504,2.2477653290401345,8.339469969390024,0.0,7.0
776577,2025,0.4797129947052688,-0.4729864013347433,8.15795175391017,0.0,13.0
776576,2025,0.4477977394792586,-1.166135082607461,8.658417138687726,1.0,7.0
776573,2025,0.4399349530777636,-0.999951402635899,9.735171429298582,1.0,13.0
776574,2025,0.5397774860889403,0.34974390076384215,9.484140227368862,1.0,9.0
776570,2025,0.6909634514155993,1.738220075772679,9.083794188395462,1.0,13.0
776580,2025,0.4671591208794928,-0.7154627872352257,9.080527017009842,1.0,7.0
776565,2025,0.4995103044862789,-0.1760273986093731,8.95445493136448,0.0,13.0
776561,2025,0.5403154350333039,0.3681690652455012,8.193544977461107,1.0,7.0
776579,2025,0.46597484252313515,-0.4084414425259941,9.321469564262408,0.0,5.0
776567,2025,0.6164321231190973,0.9969635930048082,8.779209060692496,1.0,17.0
776566,2025,0.5601825040654507,0.47057599036766923,9.063658946780631,1.0,6.0
776572,2025,0.5933649699016754,1.1377348281472315,8.5458770685664,0.0,5.0
776569,2025,0.4379619720637542,-0.959194700057539,8.94331997185807,0.0,13.0
776568,2025,0.585447679306168,0.645221079373427,8.563747767379251,0.0,3.0
776563,2025,0.6105837754710766,1.0372405856621543,8.341050655224477,1.0,23.0
776571,2025,0.7431622108402535,2.254408061718459,8.076894076795446,1.0,4.0
776562,2025,0.5335773214028002,0.20249186311272152,8.908110342358208,1.0,6.0
776557,2025,0.49239944885315184,-0.658452673481557,9.110910012741462,1.0,15.0
776559,2025,0.4340505929058467,-1.1481960235674022,9.541136689856623,1.0,7.0
776564,2025,0.40718092284520707,-1.182150292317778,8.722035350980757,0.0,5.0
776555,2025,0.6980679076741662,1.8106045849898007,9.230970621539786,1.0,7.0
776553,2025,0.5594187935920907,0.737629842764369,9.536948577886918,0.0,10.0
776554,2025,0.5378634594110493,-0.3004128988940974,8.933271302512212,1.0,5.0
776550,2025,0.5207758947737372,-0.016897815358501034,7.333413435409293,1.0,7.0
776560,2025,0.6145987704912388,1.3918936197947664,9.275513951012497,1.0,23.0
776558,2025,0.6317651918752327,1.1436808104391145,9.44520409410028,0.0,11.0
776556,2025,0.4096442053728637,-1.557824758522917,9.473692938571547,0.0,14.0
776551,2025,0.520914699036569,0.18183038480279534,9.529618943871515,0.0,12.0
776545,2025,0.4393060110971745,-0.7446631201504254,10.18395926399373,0.0,5.0
776552,2025,0.6576601480778308,1.6726205842700574,9.08270919465326,1.0,3.0
776546,2025,0.4824616213539114,-0.6008991362346909,8.911115665217118,0.0,9.0
776549,2025,0.5472686573897928,0.28428242083103444,8.603145236078317,0.0,6.0
776547,2025,0.444312682112766,-0.9583280824049928,9.305481431087127,1.0,9.0
776548,2025,0.5406684837591547,0.4139510669172134,8.774966162499908,1.0,28.0
776544,2025,0.3976560697742619,-1.6953795412471888,9.263158903461232,0.0,12.0
776543,2025,0.6107644223749528,1.0339976842240113,8.777799785557086,1.0,2.0
776540,2025,0.49930068824888657,-0.251826709576401,9.059591715497318,0.0,8.0
776541,2025,0.4628958856256285,-0.8385036231597119,9.220825880965238,1.0,11.0
776542,2025,0.3735018753818947,-1.3921300119293076,11.474449891581276,0.0,18.0
776538,2025,0.47949088428018977,-0.5781716246306987,9.589769864617768,0.0,7.0
776534,2025,0.6047065229188617,1.0659872745743417,8.989621084259026,0.0,3.0
776533,2025,0.5649655589945191,0.48906024214086047,8.177808850765297,1.0,23.0
776527,2025,0.512858052755698,0.4158453693536647,9.396369012742385,0.0,5.0
776525,2025,0.43709045760981835,-0.902946675720072,10.131175385348735,0.0,5.0
776539,2025,0.5857382463891504,0.9605812778997891,9.086286750202056,0.0,13.0
776535,2025,0.6130354787645925,0.9305160481272899,8.574821417635503,0.0,19.0
776532,2025,0.545793286889062,0.38131719248201873,8.209978461831168,1.0,5.0
776536,2025,0.5162908198771852,0.26824656709868155,8.980235332660936,0.0,6.0
776531,2025,0.6119126028745571,1.2478938943144913,8.737390679763472,0.0,5.0
776530,2025,0.44660954549623033,-1.0226518148113946,8.688957375050641,0.0,15.0
776529,2025,0.40460354302596563,-1.4683687441192022,9.25164260864382,0.0,8.0
776528,2025,0.4515853426332173,-0.8665210700093617,9.13801428802981,1.0,4.0
776537,2025,0.44287767714776083,-0.9924034184211875,8.049679394241876,1.0,7.0
776516,2025,0.5390634532527356,-0.017596929125295774,8.821641710579748,0.0,12.0
776526,2025,0.3873065637872536,-1.2636004713073343,10.701633698594248,0.0,7.0
776523,2025,0.6047824722566085,1.255653697810689,8.861660021709131,0.0,7.0
776524,2025,0.4398219980695511,-1.1056901618941175,9.397249271150107,0.0,12.0
776518,2025,0.5382795153374793,0.617173666332178,9.139924499444444,1.0,11.0
776513,2025,0.5006257610568915,-0.36775691071820904,8.698794728931881,1.0,9.0
776517,2025,0.5805236976208694,0.8713288866351229,9.650660980672368,1.0,7.0
776520,2025,0.44029447160707913,-0.8562669539533359,8.909541660404477,0.0,11.0
776515,2025,0.46577388974382117,-0.8852016554402142,8.593590172569936,1.0,12.0
776521,2025,0.5227489240394787,-0.25692299780358924,8.578449496587982,0.0,6.0
776519,2025,0.6076480418363396,1.11787402391136,8.870993771369381,0.0,6.0
776510,2025,0.6444492012090383,1.2508382315992594,7.940409939726004,0.0,3.0
776512,2025,0.4452570245701588,-0.9341485518401936,8.429381531827497,0.0,5.0
776514,2025,0.4057534941561148,-1.5191327077439618,9.277504344970817,1.0,5.0
776511,2025,0.3570835133957606,-1.7240069228804702,10.614323440308894,1.0,11.0
776507,2025,0.5805584454989766,0.8921104558349274,8.947116737540961,1.0,15.0
776508,2025,0.4426250639357041,-1.0518286546226403,8.886415999486934,0.0,15.0
776509,2025,0.573393293293528,0.7559877421964853,8.983781245786565,1.0,9.0
776522,2025,0.5836753798168816,0.96770165503919,8.939319204940949,0.0,4.0
776498,2025,0.464180401291248,-0.5042023886242156,8.935388341462533,1.0,2.0
776503,2025,0.5479987327078721,0.2817997382361564,8.776048401104836,1.0,9.0
776501,2025,0.48114023424108765,-0.45146893840477026,8.753395962629828,0.0,18.0
776505,2025,0.5396302038632197,0.16911343882784005,9.348151652463613,1.0,10.0
776499,2025,0.557847937712427,0.4886698437108416,8.526431694727059,1.0,11.0
776502,2025,0.5802512483631984,0.6641291894168454,8.861454861891609,0.0,11.0
776497,2025,0.5822396624733014,0.5470450258905148,8.310052471968294,0.0,14.0
776506,2025,0.5718959927595435,0.6203447237719314,9.27710554236214,1.0,13.0
776492,2025,0.3944942320571637,-1.6006046188982321,11.434933506301988,0.0,10.0
776500,2025,0.593964382493676,0.5227263348994651,8.815772953360497,0.0,18.0
776494,2025,0.5965359345024133,0.6663623141430987,8.066473807347894,0.0,7.0
776504,2025,0.4799903800891886,-0.4919151435372126,8.807721773771954,1.0,12.0
776495,2025,0.5352242648838048,0.6105024396556671,10.074043912309603,0.0,12.0
776490,2025,0.4739153343385103,-0.4929586636997285,8.956586802766349,0.0,17.0
776496,2025,0.4551175471782717,-0.8655586151674619,8.647314562672674,1.0,16.0
776491,2025,0.5074541096869806,0.1160941541314618,9.383954706156494,0.0,21.0
776482,2025,0.4936739426186283,0.0373800241649236,9.26483095514864,1.0,7.0
776493,2025,0.6196350181971692,1.088977788594375,9.380280551426393,1.0,18.0
776485,2025,0.5045984208937441,0.01560345979698456,7.950556620475738,1.0,11.0
776488,2025,0.561247719137978,0.25619873956004824,8.868310619813478,0.0,6.0
776487,2025,0.6198945064069302,1.1614862490760283,8.726602487426634,1.0,7.0
776484,2025,0.5789382050460882,0.4942035026840896,9.195630958673013,0.0,15.0
776483,2025,0.5201505854861778,0.07041646102189483,9.349395481982448,1.0,3.0
776489,2025,0.5113829409354337,-0.412218938878638,7.663706897827915,0.0,8.0
776486,2025,0.38023282602046216,-1.6994630940173931,11.069010104235758,0.0,11.0
776480,2025,0.6250233044629048,1.1706733764151689,8.585786675938174,0.0,8.0
776481,2025,0.48596029261159523,-0.45774942964751525,9.875378376983527,1.0,8.0
776477,2025,0.4664303297652085,-0.3942315112795376,9.809068666819941,1.0,15.0
776478,2025,0.514013064471623,0.05288259042756021,9.278879758860395,1.0,8.0
776468,2025,0.5187600936543867,0.018380127138455497,9.936259721549822,1.0,2.0
776465,2025,0.6097492760385035,0.8710136570692981,8.59825112609447,0.0,12.0
776475,2025,0.46052549197552783,-0.6536788517531504,9.395036933119743,0.0,22.0
776479,2025,0.4613335283678026,-0.8710958282959994,7.976760158590991,1.0,3.0
776474,2025,0.5597834480004832,0.04808511024752229,8.939281080267573,0.0,9.0
776476,2025,0.4757314177099569,-0.5506489842258242,8.899015944942143,1.0,13.0
776466,2025,0.6132379505274006,0.7536875811506056,8.574781348118359,0.0,7.0
776473,2025,0.6206329750248145,1.0955196692835778,8.827252426666366,0.0,6.0
776469,2025,0.5852404601815819,0.9080766656905116,8.998875826254213,0.0,7.0
776471,2025,0.5183308674474076,-0.21720961995411828,9.736533749346153,1.0,9.0
776470,2025,0.5567025550908646,0.5464678255206491,9.100163049620045,1.0,6.0
776472,2025,0.4831735768548484,-0.7479374309056969,9.076326985703957,1.0,15.0
776467,2025,0.37920054247822776,-1.596375629905134,11.094693081386934,0.0,18.0
776459,2025,0.5327417080072547,-0.181402463908491,8.462271517912235,0.0,2.0
776461,2025,0.48316876021732535,-0.4356156164685121,7.60158575658428,1.0,8.0
776458,2025,0.5861973570919254,0.6754298624815718,8.835638808946067,1.0,6.0
776464,2025,0.4722185573814492,-0.8619882261103332,8.677549855868602,0.0,12.0
776463,2025,0.6124552515919395,1.0937851271259853,9.054471294937187,1.0,7.0
776462,2025,0.5532363004355423,0.4464474151891736,8.85238615452423,0.0,19.0
776455,2025,0.660506928342186,1.1584941971745433,9.20369520722391,1.0,16.0
776450,2025,0.4735954687740079,-0.5157212290404916,9.108734017342933,0.0,9.0
776452,2025,0.6418285971919739,1.604396588198925,8.708087925537464,0.0,12.0
776453,2025,0.43193321156023173,-1.0582031892598374,9.16023750319586,0.0,7.0
776454,2025,0.4477980243677556,-0.9768237066696049,8.8205571326861,1.0,3.0
776457,2025,0.5130023598963174,0.03849871815487367,9.24918747990099,0.0,8.0
776456,2025,0.41606825468511305,-1.2241952171147776,9.38932870636775,0.0,12.0
776460,2025,0.5126207120822466,-0.07532332796990407,7.471708844453551,1.0,5.0
776451,2025,0.570512703645175,0.28739782516315665,8.468193602540744,0.0,8.0
776446,2025,0.5595028102644359,0.14854253074049895,8.77084687537366,1.0,3.0
776449,2025,0.530823027666403,0.5254725542700813,8.35394298775922,1.0,7.0
776445,2025,0.5277674996631071,0.037992730826157416,8.68079914932482,0.0,10.0
776442,2025,0.37375564529158345,-1.5985837271164014,10.803382641180738,1.0,3.0
776444,2025,0.5327050604431637,0.5237837999970343,8.97003631357643,0.0,14.0
776448,2025,0.4540132699364985,-0.7151751782870603,9.868786135463232,1.0,15.0
776436,2025,0.5247231331352461,0.03477609661677614,9.435253865603777,1.0,4.0
776440,2025,0.7049471658856334,1.7008067128031255,8.544097828624082,0.0,3.0
776433,2025,0.42911555881576396,-1.1236218140896796,9.402875393215357,0.0,6.0
776435,2025,0.6956629972818632,1.9791463274038152,8.037203973449158,1.0,6.0
776439,2025,0.4822458765360962,-0.22445060887834356,9.10979603318197,1.0,9.0
776441,2025,0.4338271027045411,-1.1106353106813664,8.365223858356677,0.0,5.0
776443,2025,0.4666541347866426,-0.9182872475537127,8.315280896431341,1.0,7.0
776438,2025,0.5238153660183127,0.096945088531534,8.7701935767056,0.0,5.0
776434,2025,0.4978186409089524,-0.32257817427770097,8.904314245868695,1.0,13.0
776437,2025,0.46928401022252664,-0.8476525344870843,9.234306402124393,1.0,5.0
776432,2025,0.4996864747265893,-0.22054193482434312,7.810323129862322,0.0,11.0
776447,2025,0.5023303047404715,-0.051209494736460505,8.611391653422244,0.0,12.0
776424,2025,0.47428865971724954,-0.42730421614650566,10.249431262513966,1.0,6.0
776431,2025,0.41623529465900283,-1.153377442461279,10.895267948131153,0.0,18.0
776430,2025,0.5190514048471059,0.2505668318207615,8.944584684446683,0.0,21.0
776428,2025,0.4704839890418899,-0.3605573148774554,8.926763490618837,0.0,20.0
776421,2025,0.5582480132083263,0.5151767913422716,8.169600280893164,0.0,3.0
776427,2025,0.44751732158008933,-0.8564036889886537,10.026331415160628,0.0,7.0
776423,2025,0.5806163581384834,0.7152246744405439,9.274607428986998,1.0,7.0
776419,2025,0.430304158699544,-1.040130925917001,8.34431031985595,0.0,12.0
776429,2025,0.5356176041291515,0.26527036743423066,8.948912017084494,1.0,5.0
776425,2025,0.6140675200157364,1.3637567193707445,8.99287874027661,0.0,10.0
776426,2025,0.47363788759103687,-0.8183722976125338,9.92418253125419,1.0,9.0
776422,2025,0.5713210574281845,0.6249323198674045,8.94364797352607,0.0,6.0
776416,2025,0.5290765533811598,0.05881522490513091,8.49807441175899,1.0,7.0
776420,2025,0.6741497932399539,1.424686586846306,8.51953659279264,0.0,9.0
776418,2025,0.46448711474257953,-0.5614681052601321,8.951697055730373,1.0,6.0
776417,2025,0.3704308741813103,-1.4898482268001338,10.678832913770892,0.0,9.0
776414,2025,0.5069547491831989,0.29404144841572055,9.24972708755403,1.0,7.0
776415,2025,0.49364171156113934,0.16273363680906602,10.174997976114138,0.0,11.0
776409,2025,0.6086131648819009,0.7305850597173952,8.757900219609501,0.0,22.0
776413,2025,0.4937733245134082,-0.4368313646932373,8.748007650528205,1.0,12.0
776405,2025,0.4916340014991978,-0.3908927651296835,9.010056505943998,1.0,1.0
776412,2025,0.4349574302361709,-1.127052611654341,9.749929789863451,1.0,5.0
776406,2025,0.48866616627197856,-0.5106608640529445,8.615560487166281,1.0,5.0
776411,2025,0.49696729073769497,-0.13871615534109177,9.31138101096222,0.0,15.0
776407,2025,0.5203679041583184,-0.21453526264222966,8.58965494864882,1.0,7.0
776400,2025,0.594024001583814,1.0472916430614663,7.992820285389817,1.0,6.0
776399,2025,0.5599895913398432,0.4337014222499988,7.494187812844619,1.0,16.0
776410,2025,0.42484855768348817,-1.2636369041767275,8.526511127663786,0.0,7.0
776408,2025,0.7264237691724981,2.3826789515604694,9.121477921511405,1.0,4.0
776401,2025,0.5455843619681725,0.3400517953896258,8.899969706008068,1.0,5.0
776403,2025,0.5193146347334832,-0.17163376412134312,8.405436715936299,1.0,2.0
776397,2025,0.5689490579659969,0.33937465889746504,9.451023484092033,0.0,12.0
776404,2025,0.5492018566541403,0.04104926180414292,8.37809155331694,1.0,12.0
776398,2025,0.5227233311042218,0.009909775816730294,9.239808194887875,0.0,14.0
776393,2025,0.5424763570255712,0.35704456459469225,9.06345454206268,1.0,7.0
776402,2025,0.4357461018591634,-1.0755374505601796,9.210191602547964,0.0,7.0
776388,2025,0.41701796022717574,-1.0618025550866077,9.254677935580059,0.0,9.0
776395,2025,0.45587893982753114,-1.0041593950911107,8.910336970857223,1.0,9.0
776390,2025,0.47165975125170717,-0.4692210900464382,9.948323646152284,1.0,14.0
776392,2025,0.5964660748927426,0.4673503925125146,7.922273375310134,0.0,6.0
776391,2025,0.5711313602545944,0.6341950705222673,8.599861588218653,1.0,8.0
776394,2025,0.5374906271135587,0.08847226375771747,8.084781200351708,1.0,8.0
776396,2025,0.4353976336120508,-0.9826473639162648,9.523066290559461,0.0,6.0
776389,2025,0.718461818967688,2.3197170951302692,9.222692956236152,1.0,9.0
776375,2025,0.47695258450155165,-0.79982270008597,7.918907614859607,1.0,9.0
776379,2025,0.44051366979128653,-0.877765631790973,9.47473024431661,1.0,9.0
776374,2025,0.5224015705769083,-0.31521830072686824,9.294950576725787,0.0,8.0
776376,2025,0.4917158930861152,-0.5001901923417731,9.565262194776498,1.0,7.0
776387,2025,0.48872783520541724,-0.8634634312278672,8.37474510767626,1.0,3.0
776386,2025,0.5964732289854335,0.7577944253091188,8.923874842720881,1.0,11.0
776382,2025,0.5025942077027361,-0.3808918840823742,8.825566786357706,0.0,7.0
776384,2025,0.5673308434850222,0.643953877851,8.566504640714674,1.0,14.0
776383,2025,0.507917594164003,-0.2906492916262717,8.78552358391021,0.0,12.0
776385,2025,0.5408874656548539,0.2101096642585274,9.368477837027518,0.0,5.0
776381,2025,0.5139974622443525,0.04010481899766215,7.797313117194529,0.0,5.0
776378,2025,0.41675804228434143,-1.1478100448095199,8.58652639018863,1.0,11.0
776377,2025,0.5752558506211155,0.2991424432108946,7.979850879995537,0.0,3.0
776373,2025,0.5801503092110255,0.8138276376458525,8.045213133697935,1.0,6.0
776380,2025,0.7123037020059791,1.9602421095203406,9.15678318046165,1.0,9.0
776372,2025,0.5278669168032433,-0.18618856861333588,9.009314276001362,1.0,5.0
776364,2025,0.4126345177272034,-1.298892953615185,8.8089320518287,1.0,6.0
776369,2025,0.5511436950873762,0.5186391688409405,9.028165045811612,1.0,6.0
776367,2025,0.5567320639651928,-0.11207658733102047,8.715468890740334,1.0,5.0
776368,2025,0.5078278515121151,0.0712251306302298,9.450149850189218,1.0,12.0
776371,2025,0.5330543553024539,0.07392634985246767,9.027601235000866,1.0,10.0
776370,2025,0.49484933420926713,-0.44027354549761955,8.578988596784148,1.0,5.0
776365,2025,0.6778673971839231,1.406269970999163,9.004211930671254,1.0,2.0
776362,2025,0.5671417771405927,0.5776056521282624,8.742170471690992,1.0,13.0
776352,2025,0.5598413664322591,0.5703340755738902,8.384113865646896,1.0,10.0
776351,2025,0.5008863960227816,-0.172282926953254,8.994216160832226,1.0,11.0
776354,2025,0.5451022797095544,0.21606828779577503,9.876101936973079,1.0,10.0
776353,2025,0.5544789696635565,0.5120419699974889,8.955837917828136,1.0,7.0
776359,2025,0.46729084351451383,-0.664298415952314,8.3891151183342,0.0,11.0
776361,2025,0.6145706992337914,1.0779313485364734,8.476013602242583,1.0,4.0
776366,2025,0.40944212865232466,-1.2600753565098644,9.147356323687452,1.0,10.0
776363,2025,0.5093213038184748,-0.44477560677545375,9.464743670367255,0.0,5.0
776360,2025,0.47738237589937177,-0.31880614760978676,8.910083506098191,0.0,14.0
776355,2025,0.5018227550593461,0.007081915847949111,8.81661098763359,1.0,17.0
776356,2025,0.5848949638473117,0.8605349238469254,9.292236445001883,1.0,10.0
776357,2025,0.6861645016090521,1.359167114450303,8.949355140818005,0.0,6.0
776358,2025,0.4461934477082257,-0.8481367166812385,9.227182738439948,1.0,3.0
776345,2025,0.5948609203991859,0.9088932005422954,8.551238973885654,1.0,3.0
776350,2025,0.4642425141888104,-1.0180631085876346,8.232469272043305,1.0,6.0
776338,2025,0.5187223232846534,0.31155710447828755,9.063665844263335,0.0,9.0
776343,2025,0.5904795718656524,1.1123526277899116,9.0958393541442,1.0,9.0
776336,2025,0.5082870493181413,-0.2163822858640831,9.085513915908905,0.0,6.0
776349,2025,0.5090347781921971,-0.03208085542553492,9.081952685581347,0.0,5.0
776347,2025,0.47909153372372965,-0.5871798635515559,9.10457380672975,1.0,10.0
776344,2025,0.47641934161608984,-0.7710592493308281,9.637271689887958,0.0,8.0
776342,2025,0.5490448840277368,0.20790381014347015,9.700456979784384,1.0,14.0
776348,2025,0.6041033417151708,1.0442699899014054,8.020242685483057,1.0,4.0
776337,2025,0.5146149294265073,-0.19934622390614212,8.743969295759685,0.0,7.0
776346,2025,0.4349683881446708,-0.9610281275367961,8.997253558877798,0.0,8.0
776339,2025,0.5498254900455242,0.5677615903116094,8.028921008159491,1.0,17.0
776341,2025,0.7246738745330794,2.413608135832429,8.246322420899732,1.0,14.0
776328,2025,0.5277475132380505,0.25257189280933523,7.504495801277695,0.0,20.0
776333,2025,0.6630642852554183,1.7236441370875406,7.998718400304004,1.0,8.0
776340,2025,0.43609474490453665,-0.9683995311858099,9.17592249867452,1.0,16.0
776320,2025,0.4949849193355048,-0.2275451381734307,9.133310758097481,1.0,7.0
776334,2025,0.5744809439253548,0.675022878541058,9.169046479435853,0.0,13.0
776329,2025,0.4225590003369382,-1.0430567233707841,8.84829060992534,1.0,11.0
776322,2025,0.6038280290309366,0.8618862551843834,8.922707188242285,1.0,13.0
776335,2025,0.5235440023466841,0.05462342584052328,8.553448263580442,1.0,7.0
776331,2025,0.5912888377490386,0.782484106528146,8.606466843547302,1.0,5.0
776332,2025,0.4373408157627179,-1.147864129189886,9.958807492749306,0.0,2.0
776324,2025,0.4731936497342452,-0.3818834377030555,9.182940631842316,0.0,10.0
776326,2025,0.593156133889123,0.9463309885855079,9.553466941235252,0.0,5.0
776321,2025,0.5752327517562789,0.6174010836853427,8.734741680832707,1.0,7.0
776325,2025,0.46865891211947586,-0.9454850418683872,8.107919111579818,0.0,12.0
776327,2025,0.4435383727358144,-0.9125931853947675,9.330740614976815,1.0,11.0
776323,2025,0.7210255853642618,2.231249891802152,8.663196941327914,1.0,15.0
776317,2025,0.6835893796823196,1.9264795124363254,8.610175279436028,1.0,13.0
776330,2025,0.5721195686854869,0.002685102755551587,9.139826926864965,1.0,10.0
776318,2025,0.4412424022693298,-0.5129436946966446,8.171995342531831,0.0,4.0
776315,2025,0.4769031492347938,-0.43372566835954585,9.998097538030631,0.0,14.0
776316,2025,0.4789716089471001,-0.53467071406955,9.149569630017284,0.0,3.0
776313,2025,0.4251661330666044,-1.1018456683149955,9.072960619023439,1.0,7.0
776314,2025,0.4894992527451385,-0.7198739447481063,8.243268224307162,0.0,5.0
776312,2025,0.5329152809327758,0.06741074473814197,9.212155647360998,0.0,17.0
776319,2025,0.5215270845206122,-0.1565540934261536,8.896675302096483,1.0,9.0
776309,2025,0.5189357320114848,-0.04092700600844795,9.470966577220798,1.0,9.0
776311,2025,0.4657908451951809,-0.613920894770597,9.021790467714467,0.0,11.0
777825,2025,0.46086491220602893,-0.49982346913381975,10.12317114043431,0.0,9.0
776303,2025,0.5386696767950485,0.11229530903951916,8.57526770995193,0.0,12.0
776308,2025,0.47684400513101943,-0.2499926174151654,7.727768898392511,0.0,5.0
776310,2025,0.6028352994152564,1.1863742924263092,9.542434428484789,0.0,3.0
776307,2025,0.4552946436137206,-0.828108068724756,8.206753215969034,0.0,5.0
776304,2025,0.4517674283891159,-0.89558269682202,9.064670935446193,1.0,11.0
776305,2025,0.5194131612551999,-0.2504651598222651,8.90125811068131,0.0,11.0
776302,2025,0.44579128210257435,-0.8526702751632965,8.520578460492665,0.0,17.0
776306,2025,0.4834010978834784,-0.44413835944612473,8.796812206196655,0.0,15.0
776298,2025,0.4495364352824648,-0.7976403279090053,9.171815409101844,0.0,19.0
776295,2025,0.6840707416724142,1.6174593595190343,8.4704523459014,1.0,11.0
776300,2025,0.5306005355709893,-0.41399661649336267,8.96117854984615,1.0,3.0
776301,2025,0.49709421454882347,-0.4759604189234829,8.702041286295946,1.0,11.0
776293,2025,0.45038184784437907,-0.5556929121988995,10.902093302501926,0.0,11.0
776294,2025,0.5013401958250862,-0.06005963488036366,9.751957071133923,1.0,11.0
776297,2025,0.4780285845836649,-0.5140502030502047,8.915368946365296,0.0,15.0
776287,2025,0.39816888371406667,-1.4454960555319818,8.622434100019559,0.0,12.0
776283,2025,0.4912838086045826,-0.8838108190761644,9.192564210641972,0.0,8.0
776285,2025,0.4850731245985773,-0.5685851429847806,8.806371036054449,0.0,4.0
776279,2025,0.5241818358850804,0.11978734065890348,9.91399057929531,0.0,6.0
776286,2025,0.47753723265916664,-0.4209254769972567,9.076234798769391,0.0,13.0
776296,2025,0.5607659273364044,0.3225825239984919,8.676738326403509,0.0,4.0
776299,2025,0.6067499082665655,0.9596957844088796,9.379693661711082,1.0,9.0
776290,2025,0.5074887701253136,-0.6052997351297243,8.570794780014378,1.0,3.0
776288,2025,0.48343671334681415,-0.39814409423171226,8.284064891944626,0.0,11.0
776289,2025,0.5084842149348843,0.20074383307837806,8.68471671223194,1.0,12.0
776284,2025,0.457323845396682,-0.7631159635823817,9.28103586449556,0.0,15.0
776291,2025,0.646194671437952,1.1869971649310558,8.52884843417821,1.0,11.0
776292,2025,0.47583050909713975,-0.6624881313038088,8.369512398959344,1.0,7.0
776277,2025,0.42983477679806215,-0.9360702169976901,10.993917224560537,0.0,12.0
776280,2025,0.5316523441804327,-0.25298851766265584,8.719872601138864,1.0,5.0
776276,2025,0.4994673535436354,0.18449065546519905,9.33335500820383,1.0,7.0
776269,2025,0.49498498143568376,-0.5503475885540531,8.978478271046773,1.0,4.0
776275,2025,0.5806770640646051,0.7082955316860118,7.702023308517922,0.0,4.0
776281,2025,0.6108554629177759,1.0161921591324896,9.630868080078486,0.0,8.0
776272,2025,0.4627362098557974,-0.6592157807705544,9.286977434653773,0.0,2.0
776270,2025,0.4334057760887753,-0.47668394042018797,10.945677536782291,0.0,16.0
776282,2025,0.5187060937808551,0.3580450807589069,8.753362384884023,1.0,1.0
776278,2025,0.4268637996906536,-0.9962521864398147,9.314867507278684,0.0,7.0
776274,2025,0.5976128318561482,0.7007201023047099,9.185859136638927,1.0,7.0
776271,2025,0.5460777085018633,0.07086636448708776,8.637410681151072,1.0,3.0
776267,2025,0.46683906972447486,-0.49515638536970413,9.061912740263594,1.0,11.0
776266,2025,0.5353138972845274,0.4118639151174059,8.566710750416728,0.0,7.0
776268,2025,0.5647948827423093,0.6270694760237611,8.90662649903605,0.0,11.0
776273,2025,0.4843530481256434,-0.3037397000269027,8.268677393848916,1.0,6.0
776259,2025,0.6719131726359023,1.3765303797462638,8.732624819792118,1.0,18.0
776261,2025,0.43912143670768183,-0.7817787011383005,7.470539385201923,0.0,18.0
776260,2025,0.4703112419057044,-0.45953020973090697,9.270268740781507,1.0,21.0
776264,2025,0.4245981212947934,-1.1528053904824656,8.982222466259842,1.0,7.0
776251,2025,0.5911114808273024,0.5961130165927692,8.702275830535235,0.0,10.0
776253,2025,0.5011444339575352,-0.3323138867658118,10.614628867158803,1.0,13.0
776262,2025,0.49415103624495055,-0.21817400756986519,7.67189747603469,0.0,4.0
776263,2025,0.4783799605011695,-0.5541566798424202,8.879688994045063,0.0,8.0
776265,2025,0.475932575206462,-0.46355968001487063,8.295092000916735,1.0,8.0
776255,2025,0.519012116003228,0.3068746029246738,10.347660155286116,0.0,10.0
776256,2025,0.5330812246106659,0.20594800370280136,9.380298262566356,1.0,9.0
776258,2025,0.5350196893677215,0.43936559302879014,9.361744053697326,0.0,11.0
777839,2025,0.5075484723778602,-0.010245207611324575,8.664863940917222,0.0,6.0
776252,2025,0.7075055069853513,1.6483412401396946,8.529558818198225,0.0,8.0
776254,2025,0.4849421301270964,-0.4307155045871658,9.945800186194612,1.0,9.0
776249,2025,0.5059326558004811,-0.07118459106566342,8.684455072284182,1.0,2.0
776242,2025,0.593619248921136,0.7408132749354054,8.72042034943824,0.0,7.0
776257,2025,0.4304891719843931,-1.024381124384871,9.764041066279937,0.0,7.0
776247,2025,0.49194935115895383,-0.26606966327733217,9.18521827559023,0.0,9.0
776248,2025,0.4995624396819801,-0.1926803391754449,7.436749528575854,0.0,10.0
776243,2025,0.4917695753097328,-0.281809435404532,9.26432582024016,0.0,8.0
776250,2025,0.4166146919317537,-1.1351378576373887,9.0221925938166,0.0,10.0
776245,2025,0.4932001051871982,-0.48320639728812614,8.281359520717235,1.0,3.0
776244,2025,0.43825762544961383,-1.1187149570455768,9.401608568785019,0.0,5.0
776241,2025,0.515230931525436,-0.2002541428612973,11.48293834571301,0.0,3.0
776246,2025,0.4546895943259285,-0.8430129782553276,9.927604791941745,1.0,7.0
776233,2025,0.580620956875615,0.7782355212725683,8.716718411916018,1.0,12.0
776238,2025,0.5594401577054668,0.8417373297193435,8.761216624783618,0.0,8.0
776234,2025,0.5151728671037782,0.44827219642045507,8.648573949985764,1.0,11.0
776240,2025,0.4740354975809886,-0.44593085866192583,8.476447823782285,0.0,8.0
776239,2025,0.47880172371710705,-0.4063179864913697,9.153036775082137,1.0,1.0
776237,2025,0.6894729570968693,1.6252868510753329,8.749918524095621,0.0,5.0
776235,2025,0.4208424720469938,-1.1482786754725591,8.869237944090886,0.0,5.0
776229,2025,0.5292733063459392,-0.2453676210979668,9.004852844368884,0.0,13.0
776225,2025,0.45740039398169186,-0.7316860553742027,8.789990154422158,1.0,8.0
776231,2025,0.456278461911582,-0.905064532097664,9.292080456754354,1.0,6.0
776226,2025,0.5897865365698858,0.6146506378330614,8.259944763405137,0.0,6.0
776232,2025,0.5172777438394173,-0.26077591435037034,11.045978893825058,1.0,4.0
776227,2025,0.5750084474169035,0.6709334262534457,8.962439214647858,0.0,4.0
776230,2025,0.43401479988552105,-1.1112694271151249,9.809123518233154,1.0,11.0
776228,2025,0.4436776108718146,-0.7465054243617033,8.194699638614194,0.0,10.0
776236,2025,0.43317762809459354,-1.0298332260811005,8.404709719046178,1.0,10.0
776221,2025,0.6563185110202397,0.8072727873055345,7.48688717378507,1.0,16.0
776222,2025,0.523853273648648,-0.38911109933457166,7.723833829555929,1.0,9.0
776220,2025,0.5154233318815098,0.07291122080415373,8.577389293475001,0.0,11.0
776223,2025,0.4753865596404552,-0.5361808608187008,9.025570607185836,1.0,6.0
776218,2025,0.4469127427222956,-1.045298960375234,7.772495540856005,1.0,7.0
776224,2025,0.5776572244596055,0.636403005502614,8.659201488456146,0.0,6.0
776215,2025,0.6599895328345986,1.7008988892885366,8.770779870535058,0.0,11.0
776216,2025,0.6488960755948228,1.760686722550079,9.04947288031385,1.0,5.0
776217,2025,0.518573979025821,0.3034412243527768,8.752645379308024,0.0,5.0
776219,2025,0.6289768397638721,0.7597157283006675,8.755081372297296,1.0,5.0
776209,2025,0.5439433835941645,0.05770498116564616,8.38666088736603,0.0,16.0
776210,2025,0.5843419820343099,0.49132519967348887,9.068932134214924,0.0,5.0
776207,2025,0.4215457908248176,-1.059421662019056,8.826406881264717,0.0,12.0
776213,2025,0.4645339406305138,-0.8059869470316033,9.368713272353018,1.0,9.0
776212,2025,0.709444174683747,2.1487599480485353,8.86929167286249,1.0,7.0
776214,2025,0.5103589065731761,-0.5934997264726102,8.997607012573226,1.0,7.0
776211,2025,0.5753092203978879,0.8748421806147177,7.451532813910664,0.0,17.0
776208,2025,0.4599382371205506,-0.6480169542290151,9.319982878004968,1.0,6.0
776200,2025,0.602276475671164,0.8927641867483611,9.071966972508186,0.0,7.0
776198,2025,0.5414721771446568,-0.1705893276376964,8.253336919553512,0.0,4.0
776203,2025,0.4834408058258507,-0.5174356729566302,8.920945966640165,0.0,8.0
776204,2025,0.5113822103506331,-0.5092144430589787,7.968887159326893,1.0,6.0
776202,2025,0.5299873874465395,-0.15738763100519598,7.504834697439134,0.0,7.0
776201,2025,0.6249986276678822,1.3316521613775718,8.994271205791053,1.0,12.0
776199,2025,0.6718093463072914,1.6902638507968135,8.929138242305557,1.0,9.0
776206,2025,0.43757688372061365,-0.7724366470346813,8.374121401923963,0.0,8.0
776205,2025,0.5675642929083892,0.17477792841039042,8.422995161275473,1.0,13.0
776192,2025,0.6119458078502558,0.9141860675856849,7.9693306683120815,1.0,6.0
776197,2025,0.452577195852859,-0.6360667635131623,9.19983822471524,1.0,5.0
776193,2025,0.4551648660453092,-0.9652701934015989,9.18994810839542,0.0,9.0
776194,2025,0.750632020651599,2.1470675300685773,8.633100128075421,1.0,11.0
776196,2025,0.4915057392696342,-0.6567713473115907,7.80621024732052,1.0,7.0
776195,2025,0.4421491205453983,-1.038214233183359,9.26013431754189,1.0,6.0
776190,2025,0.5671070373737481,0.19303036105691088,8.512000718035122,1.0,3.0
776191,2025,0.4514793439579972,-0.8301561255893484,8.931168836619651,1.0,11.0
776183,2025,0.5900223201016932,0.8414361566695951,8.021715599127566,0.0,4.0
776182,2025,0.45330680426985076,-0.8569206167984714,9.10534366161209,0.0,16.0
776185,2025,0.4407761731503873,-1.236190275666541,9.137292662023922,0.0,8.0
776188,2025,0.5641214575506642,0.44791693523707005,9.976967825761877,1.0,1.0
776189,2025,0.5430920176021704,0.27664961167663277,7.725927081925904,0.0,6.0
776184,2025,0.657693743384842,1.8631723137121536,9.060915811008886,1.0,8.0
776186,2025,0.4913783220289033,-0.05069358126669376,9.125021942982677,1.0,7.0
776187,2025,0.526377205138615,-0.027286125675979628,8.27487852829783,0.0,13.0
776178,2025,0.4477680471896334,-0.4566805147897657,9.285360792350922,0.0,13.0
776179,2025,0.7033243772150388,1.6924828604148772,9.440702763737118,1.0,8.0
776167,2025,0.558183629979616,0.5965569054134504,9.257934992302474,1.0,13.0
776176,2025,0.564650606075339,0.8602276319578044,8.584396255322346,1.0,4.0
776165,2025,0.5462815476094,0.2350686570091784,9.41805982874483,0.0,19.0
776174,2025,0.5880854693434221,0.7712042431298366,8.943902895553387,1.0,12.0
776177,2025,0.5547323159947882,0.8775209501037428,8.967343792924,1.0,6.0
776175,2025,0.5433589250222495,-0.17639324562292483,8.723424459282509,0.0,10.0
776173,2025,0.4382268812336092,-0.9154501695969317,9.09424334231983,1.0,8.0
776181,2025,0.5416042013556608,-0.0593870422090799,9.670213961944976,1.0,7.0
776180,2025,0.5434948115109252,0.219252289704517,8.943773508296392,0.0,12.0
776171,2025,0.5779204191317228,0.7227524683996107,9.000079375066576,0.0,4.0
776169,2025,0.4446387998089343,-0.77638988455317,10.137488621843758,1.0,7.0
776170,2025,0.5320446505093135,0.11312389067357052,8.561984779151567,1.0,11.0
776168,2025,0.5410373399209883,-0.5050176646989913,8.462527791057598,0.0,5.0
776172,2025,0.4482014326664425,-0.7894260592602972,9.371260360339313,1.0,7.0
776166,2025,0.7035421108041503,2.009362300744476,8.534787027615273,1.0,9.0
776162,2025,0.6303688118271831,1.4312702606700154,9.155087882064153,1.0,7.0
776164,2025,0.5567071155145369,0.3962848454952902,9.244445812577682,1.0,10.0
776159,2025,0.5299747202583491,0.40751874622449735,8.821765896487793,1.0,6.0
776146,2025,0.7002213866420335,1.7498521523383481,8.623850462881453,1.0,7.0
776160,2025,0.5302246487388984,0.09177304608581602,9.86996339643365,1.0,11.0
776157,2025,0.5962957237228206,0.5498156152346221,9.39692966663043,0.0,3.0
776161,2025,0.4774622918606427,-0.3015845430405147,8.701516976649932,0.0,5.0
776163,2025,0.6761998829475162,1.6384564488470879,8.988479197328026,0.0,5.0
776153,2025,0.560176067316778,0.36075232322301104,8.985285855227353,0.0,11.0
776156,2025,0.5201669172920895,-0.19727526688666475,8.938784374051412,0.0,4.0
776158,2025,0.5410302465148482,-0.3118957538344759,8.238047985538097,1.0,5.0
776152,2025,0.6018450524419319,0.4795430528686746,7.944412285725035,1.0,6.0
776155,2025,0.42098870031516095,-0.9335722634341321,8.949735009965414,0.0,7.0
776150,2025,0.5167215681764687,-0.3832419547070304,8.040321537603308,0.0,8.0
776154,2025,0.4618864633554429,-0.7234295224030977,9.319707050637092,0.0,6.0
776151,2025,0.566057576164562,0.3494831396424841,9.755095882312741,1.0,7.0
776138,2025,0.44692594925277246,-0.9659610131234271,8.513639206384308,0.0,11.0
776137,2025,0.7224177722423539,2.0727743399278165,7.454945437462194,1.0,4.0
776141,2025,0.6638067942599841,1.5804895392048173,8.660398920957995,1.0,3.0
776143,2025,0.5435031799933967,0.2535618766251684,9.00260123973283,0.0,8.0
776140,2025,0.5795094838526208,0.5821485366303201,8.359460090506971,1.0,5.0
776135,2025,0.4427394999600894,-0.6776310938262721,9.830249288751652,0.0,8.0
776145,2025,0.5388261942504458,0.48446006068519554,8.580932912355411,1.0,17.0
776144,2025,0.5856266182352026,0.6282812217994753,8.32326371921503,1.0,6.0
776148,2025,0.4507156273479561,-0.714116487113333,8.629879645682623,1.0,4.0
776147,2025,0.5179008929801333,-0.5261198242130635,8.90652667216732,1.0,17.0
776139,2025,0.519279176727969,-0.5260482693254502,9.144836378933544,0.0,7.0
776136,2025,0.5189057993234678,0.05475633719771041,8.958185954600568,1.0,16.0
776149,2025,0.5357238411264373,-0.1497380348821309,9.041993312298247,1.0,5.0
776142,2025,0.5368833833839269,0.2221875682448832,9.109141922164975,1.0,2.0
813072,2025,0.45385759314947083,-0.9957329197738579,7.705618729492809,0.0,3.0
813066,2025,0.5178862237402028,-0.17572833147815184,8.085567148744376,1.0,4.0
813074,2025,0.4875812731757953,-0.5241066580058097,8.239915735430683,0.0,4.0
813069,2025,0.529076223865561,-0.07069021072597395,8.468692562997857,1.0,15.0
813071,2025,0.548281068956848,-0.18483602135470886,8.398783431279675,1.0,7.0
813064,2025,0.49927256555241906,-0.28930347443488363,8.210482315636035,0.0,3.0
813070,2025,0.5390032400111497,0.23905311571353863,9.113418565361117,1.0,7.0
813068,2025,0.5969976218348336,0.9024162583962365,8.88732428105621,1.0,12.0
813073,2025,0.4898603615464757,-0.5947338207771916,8.406641477022179,0.0,9.0
813059,2025,0.5371368977880168,0.3055070512885087,9.100056653509304,1.0,4.0
813065,2025,0.5066826488800519,-0.4172157278998058,8.559488762065046,1.0,4.0
813047,2025,0.5106145778488382,-0.05290423180901887,8.264991405519691,1.0,12.0
813063,2025,0.5164578909955382,-0.1243596244264811,9.30333555894947,1.0,11.0
813051,2025,0.5279185954111616,-0.29892843821303283,8.188924894663657,0.0,8.0
813058,2025,0.5876724827741646,0.6698552831590923,8.878380240561498,0.0,5.0
813062,2025,0.4779134782849782,-0.8012512103910754,8.98337100414063,1.0,20.0
813057,2025,0.4671195042239664,-0.5430308381140584,7.826789991230343,1.0,5.0
813052,2025,0.47034575654436916,-0.6706895459627605,8.646038441776575,0.0,7.0
813048,2025,0.5569244658603764,0.20966161322519525,8.45447020058387,1.0,10.0
813056,2025,0.4774240121251316,-0.49409799169455654,8.543062428639507,0.0,12.0
813061,2025,0.539613110574049,0.3158768872602562,9.037470464241032,1.0,15.0
813055,2025,0.5205737014332747,-0.12049889621704404,9.14720979458058,1.0,12.0
813049,2025,0.5265664362939475,-0.29237246609555806,8.986212393739324,1.0,7.0
813060,2025,0.5556897352907688,0.3237076614976686,9.0212625504672,0.0,7.0
813041,2025,0.5556665195838635,0.346573608295229,8.765808688965528,0.0,10.0
813042,2025,0.5319562096768238,-0.13608220045134017,8.440153587431212,1.0,3.0
813050,2025,0.5202215661743285,-0.3518749139192969,8.356136337929792,1.0,6.0
813054,2025,0.4878539256286988,-0.4775300759201009,8.027763353074977,1.0,5.0
813046,2025,0.5596889483166619,0.09607936722851132,8.276632387554816,1.0,4.0
813040,2025,0.5525162667738553,0.5260787512428411,8.997971058723445,0.0,4.0
813044,2025,0.483491597743892,-0.5099258216505045,8.57658115199511,0.0,13.0
813036,2025,0.48920954714551285,-0.6464903459195432,8.212653363678196,0.0,3.0
813034,2025,0.5136635684865896,-0.28682636550167523,8.119325354605532,0.0,6.0
813043,2025,0.5617676690322203,0.36746732167831037,8.833332887289059,0.0,17.0
813033,2025,0.5485807403401695,0.037220445885472506,8.373261910908369,1.0,4.0
813035,2025,0.5566486483807684,0.37544341330272274,8.521315008194199,0.0,10.0
813039,2025,0.5160685157553513,-0.5123303417928026,8.982363130978635,1.0,8.0
813031,2025,0.5723368580392444,0.7010797045071224,9.085198675464031,1.0,6.0
813038,2025,0.47687167667548436,-0.5296287203651273,8.734354964719167,1.0,8.0
813037,2025,0.5194931791603278,-0.19199949060113058,8.892502546832858,1.0,7.0
813027,2025,0.4522863468647724,-0.8588430954464747,8.816112240021848,1.0,15.0
813026,2025,0.48350565339896817,-0.5643775022680646,8.664229889397154,0.0,6.0
813032,2025,0.585915201516167,0.47405790834549955,8.781616147845961,1.0,11.0
813023,2025,0.5690210373601232,0.4954662476489793,8.772174847421606,0.0,8.0
813022,2025,0.5784508459300275,0.3485135312149239,8.695226886706939,0.0,7.0
813025,2025,0.48782381491518656,-0.47483015691435654,8.412976649851062,0.0,4.0
813024,2025,0.47924357193929557,-0.594385047484021,8.850234983585613,0.0,9.0
823244,2026,0.5222255928251223,-0.1442185793661542,7.616465238522426,0.0,7.0
823649,2026,0.49582490948782815,-0.4792790343363674,7.936345388596871,1.0,18.0
823812,2026,0.5772644098019422,0.5370369289151198,8.666407968468032,1.0,16.0
824704,2026,0.6357604351605914,1.0445950655071088,8.35087495168717,0.0,14.0
824865,2026,0.5375148413252352,0.10805070536601855,8.095653032974024,1.0,3.0
824541,2026,0.4591702101805729,-0.5331012926178523,8.050102839593784,0.0,3.0
824218,2026,0.6085497004682939,0.9306724498326059,7.916355762304748,0.0,3.0
823325,2026,0.4911490761604736,-0.28450691233955894,7.542392828175016,0.0,10.0
823486,2026,0.5415869870521315,0.2728459413491965,7.474105081599811,1.0,8.0
823081,2026,0.5030145232121768,-0.21575644434097396,8.620953187656001,1.0,16.0
823974,2026,0.6164995335386885,0.8586246493072303,8.22612494147198,1.0,10.0
823163,2026,0.5580443562886522,0.5356978189279272,8.969378683343367,0.0,10.0
823243,2026,0.47775118976714964,-0.7625237039279107,8.400192275155012,0.0,3.0
822839,2026,0.5949464036278215,0.8665577366542925,9.034575352862028,1.0,5.0
823893,2026,0.6194590029598985,0.8697742692335698,9.016877376231607,1.0,3.0
824946,2026,0.5077155261627841,-0.19204007816854346,8.032899232338464,1.0,6.0
824216,2026,0.5644740704742981,0.4173992879577019,8.67525062619671,0.0,8.0
823324,2026,0.49425741151422864,-0.3305918851757755,8.31107138549129,0.0,7.0
823162,2026,0.5267808470044677,0.22721155321464281,9.020602890239017,1.0,6.0
823971,2026,0.5894471683602243,0.684379497310647,9.158874335671339,1.0,9.0
823082,2026,0.5279937653115773,-0.13369950892421306,9.119171340616914,1.0,11.0
824701,2026,0.6128419940110322,1.3326998976876714,8.49740275008977,1.0,12.0
822838,2026,0.5930094091852062,0.8023051387350558,9.045701340291282,1.0,15.0
823488,2026,0.5348779890516446,-0.18645086340956382,9.134940657068315,0.0,9.0
824862,2026,0.5534316711200923,0.5447943534564488,8.844638748164863,0.0,5.0
824540,2026,0.4506793050741381,-0.6567582335875728,8.693575930359351,1.0,11.0
823651,2026,0.5550077145972437,0.5210661725060688,9.117438311707632,1.0,6.0
823892,2026,0.6634972967791251,1.3226755927449338,8.658241689071971,1.0,7.0
824213,2026,0.5447266931778433,0.2972180164397625,8.552086458137524,1.0,20.0
823811,2026,0.6753167229028192,1.5714109971671149,8.852727692414799,1.0,7.0
824945,2026,0.5053470050948407,-0.15351224176855013,9.285893786882509,1.0,8.0
823241,2026,0.4911118998874642,-0.41416383893584646,8.011973425697855,0.0,4.0
823323,2026,0.48549023308914147,-0.42955289511620853,8.575872728467925,1.0,3.0
823973,2026,0.6259531616905126,1.1540803143198708,8.891254905707232,1.0,5.0
823161,2026,0.5636613978136572,0.43810651643132426,7.839514639453203,0.0,11.0
824864,2026,0.5272142837619486,0.14808110312420675,8.831463347913479,1.0,14.0
823487,2026,0.56381329818862,0.4226433464331588,8.911144477092972,0.0,11.0
824944,2026,0.559304891018497,0.3806599381394036,9.269621192323592,0.0,5.0
822837,2026,0.5946887450762821,0.8278719685634712,8.967571873971222,1.0,7.0
823891,2026,0.6550541490101096,1.223057679940029,8.865679992285816,1.0,7.0
823647,2026,0.5920281227816945,0.6580211800349549,8.683655892579905,0.0,7.0
824538,2026,0.4623081610530983,-0.5955067200409719,8.453345536092934,1.0,5.0
824215,2026,0.5663947299241163,0.9663549750765331,8.756950772028096,1.0,16.0
823810,2026,0.6511263344417106,1.2230637273314593,8.921547322119835,1.0,16.0
823079,2026,0.5055962000295477,-0.3408332090625767,8.63837389052668,0.0,18.0
824700,2026,0.6431618572601073,1.4105901981551219,9.236285210092062,0.0,9.0
823160,2026,0.5150558210887438,-0.019423599110055277,9.19436021559996,1.0,8.0
824135,2026,0.5799736209134138,0.6170310192832175,7.880946943320855,1.0,4.0
824863,2026,0.5065882960355023,-0.36131454253851447,8.752100033091189,0.0,7.0
824539,2026,0.5351878266788954,0.013420973601420536,8.444443776290235,1.0,2.0
823484,2026,0.5472189944411572,0.31023797402764564,9.206172705510465,0.0,15.0
823890,2026,0.5889931500727661,0.6356193836835371,9.03805708187581,0.0,13.0
822834,2026,0.7357868224324623,2.276952639044776,9.146772407006708,0.0,19.0
824943,2026,0.5499904929220214,0.22125394582071306,9.002245044753947,1.0,4.0
823809,2026,0.5815223482994559,0.6928972809075098,9.089770534572182,0.0,5.0
824702,2026,0.5630385991784408,0.4808918788135835,8.975241944312648,1.0,9.0
823080,2026,0.5092370507944917,-0.22521808208849164,8.950645881662624,0.0,6.0
824214,2026,0.43505611704070657,-0.7608404381400333,8.640905779055338,1.0,9.0
823320,2026,0.5335393707027726,-0.25442093080336736,8.577157146438903,0.0,5.0
823159,2026,0.5186879775419201,-0.13736830418690266,9.175070962273116,1.0,3.0
825108,2026,0.46461849965713364,-0.6491975595077057,9.5573051989985,1.0,15.0
823972,2026,0.5390752740628132,0.16448974317337267,8.923499970541531,0.0,6.0
824861,2026,0.4599827575233484,-0.8350605351474968,8.872732360641002,0.0,13.0
824537,2026,0.5410238938069873,0.039436545059330516,8.631174029230667,0.0,11.0
823485,2026,0.5319836037519482,0.22311021416510293,9.122901973415377,1.0,5.0
823888,2026,0.629611650549942,1.5210637930607058,9.119803832899207,1.0,11.0
822836,2026,0.6380921459159581,1.3703635080451628,9.227391834657418,1.0,6.0
824942,2026,0.599453784562404,0.6582991461797271,9.120052985791117,0.0,7.0
824699,2026,0.5606382751869021,0.5010006752889369,9.018325551611614,0.0,2.0
823807,2026,0.6255804262492437,0.9998411519459942,8.844902177321089,1.0,8.0
823077,2026,0.4536625533420316,-0.7412094834912886,9.319158973787859,1.0,3.0
824212,2026,0.5907488643704667,0.6590923055913889,8.234112476173962,1.0,11.0
825107,2026,0.484273516905303,-0.4054857373509924,9.600923250889371,1.0,12.0
823322,2026,0.5079692440739216,-0.4542862512103482,8.639403482395013,0.0,12.0
823158,2026,0.5125518417452901,-0.20897750767951875,8.69942047640251,0.0,5.0
823969,2026,0.5813661475899297,0.5126747092010016,8.96636510575506,1.0,5.0
824940,2026,0.6382954215253174,1.0244100528688405,7.91813144736632,1.0,6.0
824860,2026,0.47249421941963904,-0.6617387377787388,7.765379741173587,1.0,11.0
824536,2026,0.5234843079847497,-0.39254859964316274,7.815991897913511,0.0,11.0
823483,2026,0.6161941509384044,0.7988549786057026,7.644822274837682,1.0,11.0
822835,2026,0.7096009138885009,2.0904635253833006,8.924143592230465,0.0,3.0
823889,2026,0.5989064818920897,0.7317909345967041,8.923993316473576,1.0,10.0
823078,2026,0.4746784863377755,-0.46660426120835397,8.94190599817529,1.0,3.0
823806,2026,0.5882386930418262,0.7349395645599386,8.779009799375892,1.0,10.0
824211,2026,0.4733991149402233,-0.46685619778492177,8.356545697270066,1.0,10.0
824698,2026,0.5837191074010081,0.6767175473385564,8.95406859630192,1.0,8.0
825106,2026,0.4471989561433912,-0.7979856095811587,8.87781359566712,1.0,1.0
823321,2026,0.529321589460787,0.13979963446641905,8.077173623776725,1.0,8.0
823157,2026,0.4964958011718517,-0.44434375422230976,8.656808397145648,0.0,8.0
824136,2026,0.5453613296058116,-0.1641887949451202,7.986470187989216,1.0,22.0
823970,2026,0.6342080473502141,1.0686817501391637,8.0105696976493,0.0,5.0
824133,2026,0.5874239663458485,0.6027800616340159,8.87276292260374,0.0,6.0
825105,2026,0.5169205597241268,-0.006808016723831987,9.682216585221882,0.0,19.0
823242,2026,0.48513864595980327,-0.5209115136050929,8.307139209554565,1.0,9.0
822758,2026,0.4503313757326938,-0.6885575138517191,9.519045978923723,0.0,19.0
824299,2026,0.567257290517109,0.7250415365058536,8.153753478482093,1.0,4.0
823568,2026,0.5205020380220748,0.12088599190621901,8.931544418964553,1.0,10.0
824786,2026,0.5215461177600408,-0.057361144936693115,9.55167575639783,1.0,7.0
824621,2026,0.44683063225122926,-0.7869896026048865,8.468208307038093,1.0,9.0
822919,2026,0.5567841845395628,0.31172584040307394,8.564829793338747,0.0,8.0
823732,2026,0.5051796199528806,-0.16348649240800928,9.331038924388595,1.0,14.0
824377,2026,0.4518879704445387,-0.6074306786197227,10.405276575807402,0.0,11.0
824458,2026,0.4909511580064622,-0.4585866293442703,8.253934705953741,1.0,5.0
823406,2026,0.5379504489668229,-0.06702204224030014,8.312707979249893,1.0,9.0
824056,2026,0.44993195085217363,-0.8526413132509186,8.574483785056776,0.0,4.0
825026,2026,0.4442855078537089,-0.6254920029601282,9.481399301106428,1.0,15.0
825103,2026,0.46789516967538014,-0.48335439311091233,9.72620778594287,0.0,2.0
823240,2026,0.5047412325736257,-0.2948276076126853,7.884339427135059,0.0,13.0
824295,2026,0.5673275537723378,0.529538304047798,8.352927362982282,1.0,17.0
824622,2026,0.4585967860506659,-0.3601202020881777,8.669591849788684,1.0,9.0
824132,2026,0.44698675086388534,-0.8130516902164391,8.962123559482514,0.0,7.0
822757,2026,0.4333656770546248,-0.8745333189151738,9.755745774952329,0.0,15.0
825027,2026,0.4646784079288457,-0.4063055599027375,9.373355800694178,0.0,11.0
823404,2026,0.5623794904841347,0.4486571288905729,8.393609234343192,1.0,5.0
824782,2026,0.5637008659066379,0.8179407504746679,9.889940128889885,0.0,5.0
823569,2026,0.5631960411224975,0.525292213573221,9.016542694684032,1.0,16.0
822920,2026,0.5350229163586014,0.029054857364149252,8.893620456102115,0.0,2.0
824134,2026,0.44504666292066375,-0.7593834957978863,9.019379684010072,1.0,10.0
823730,2026,0.5075974193648513,-0.24438513702588707,8.919339126063823,0.0,8.0
825104,2026,0.4784228764042575,-0.3800370649479921,9.777688391982263,1.0,3.0
824378,2026,0.43788518704448676,-1.097936134132825,9.749828259530123,0.0,3.0
823239,2026,0.4907045852940356,-0.46715941908092135,8.405708919312774,0.0,9.0
824054,2026,0.4347995579088554,-0.6498149310381485,9.314643096885455,1.0,1.0
824459,2026,0.49130329844058307,-0.3884728249224221,8.539686344374164,0.0,1.0
824460,2026,0.5165996817886752,-0.032636509241488,7.942878139185009,1.0,11.0
822756,2026,0.43513114451837354,-0.7180315664533994,9.700375888809416,0.0,14.0
823405,2026,0.5663812917216501,0.4866693491168644,8.112918637469653,1.0,10.0
824781,2026,0.5714496954490393,0.739389587846398,9.613518251382379,0.0,14.0
823566,2026,0.5937325123898423,0.933841766368381,8.67622195242679,0.0,13.0
823729,2026,0.5142909864691886,0.05288283897676407,8.740165169603596,0.0,5.0
824620,2026,0.4322241313739579,-0.7413098661287008,9.00489858457588,1.0,3.0
824131,2026,0.5054270761077732,-0.17217892503918308,8.0281002933895,0.0,13.0
822917,2026,0.5308121977967564,-0.29635598743888036,8.116869142872755,0.0,3.0
824379,2026,0.42944495774074265,-0.7386210518001568,10.446520976955528,1.0,5.0
825025,2026,0.44555330849129376,-0.6110222415525864,9.34413251220532,1.0,22.0
823238,2026,0.4921368616741899,-0.16848969036902947,8.280652805124246,0.0,7.0
824053,2026,0.4586405918904106,-0.7906946673403684,8.780093439705798,1.0,15.0
825102,2026,0.4695026861139979,-0.5998496512479424,10.152354846693136,1.0,11.0
824296,2026,0.532786412013057,0.021308643223211448,8.727893164182017,0.0,8.0
823002,2026,0.4947979511216951,-0.4330421852858082,9.01629662716548,1.0,10.0
824456,2026,0.535257450340752,0.051241883833502797,8.40022937131113,0.0,6.0
823401,2026,0.5700036602584239,0.9425236717101828,8.381846218875781,0.0,5.0
823886,2026,0.5637018964971444,0.48421861987616327,9.31149302292049,0.0,2.0
822755,2026,0.4727606252234112,0.006584754520735762,9.857662987679499,1.0,15.0
824783,2026,0.4416661824087539,-0.8319799583865062,9.769032832184944,0.0,14.0
822832,2026,0.4471764018349125,-0.6984554292719943,9.006633219778026,0.0,16.0
824619,2026,0.5208057713394507,0.3884065997082744,8.535836486620784,0.0,3.0
823728,2026,0.4764382987221174,-0.5493184115543347,8.60604818316684,1.0,10.0
822918,2026,0.5269662382152392,-0.2229392414050734,7.862749273743651,1.0,3.0
824376,2026,0.432618335790951,-0.7566950216806538,9.93618350853866,1.0,16.0
824052,2026,0.4424607302104226,-0.8251891407699427,8.24908693587307,1.0,8.0
823237,2026,0.4906592128320629,-0.42740796014420385,8.526475549037304,0.0,10.0
824457,2026,0.5272515208925456,-0.16461794763011528,8.337980152522835,1.0,3.0
824618,2026,0.45031075446099345,-0.6689971882529449,8.534693125614414,0.0,6.0
823648,2026,0.6057030227495289,0.7269705510816112,8.375110958804864,1.0,7.0
823402,2026,0.541928866462216,-0.04650679042899001,7.602476039401084,1.0,8.0
822999,2026,0.5023262161921849,-0.18519686161573237,9.087394877433962,0.0,11.0
823887,2026,0.5085358992986984,-0.2754685403144701,8.869841277977722,0.0,9.0
822754,2026,0.484259562978898,-0.09564363471072383,9.481793723992325,0.0,13.0
824780,2026,0.5128651766792731,-0.3306650074686428,8.551886976961928,1.0,5.0
823567,2026,0.6489345733687882,1.4364465141912075,8.583455175178713,1.0,8.0
822831,2026,0.4565034672609451,-1.0842989284272193,8.235023261384809,0.0,5.0
823727,2026,0.4328692410735981,-0.9096191590834413,8.168309099270402,1.0,6.0
822916,2026,0.561515596742714,0.3089083663760311,7.903177997932753,1.0,5.0
824375,2026,0.4520869477105107,-0.7814944423929393,10.349922762617423,1.0,6.0
824051,2026,0.4837877183082763,-0.5093481394655285,8.94725115642212,0.0,9.0
823235,2026,0.4480573346052333,-0.7915647581339091,8.23158606741223,1.0,6.0
823403,2026,0.5470988220331846,0.09841549745900872,8.333070525833612,0.0,10.0
824455,2026,0.5155790139865765,-0.3192825672630715,7.816236561837911,1.0,12.0
824779,2026,0.49676677541397274,-0.2828338620682114,9.849646253473072,1.0,5.0
824617,2026,0.44085142055439797,-0.5626909583081613,8.294225224429212,0.0,8.0
822915,2026,0.4945135216090575,-0.4247694947859897,8.040058340212418,1.0,3.0
822833,2026,0.45717508030953824,-1.0270153327231153,8.70352829813751,1.0,7.0
824374,2026,0.4731469292040061,-0.4030977531552829,10.304931709431342,1.0,10.0
823234,2026,0.49185972243619575,-0.3283310526212679,8.23360285126341,1.0,5.0
822753,2026,0.46559772875082567,-0.06106114704399956,9.836252616623174,0.0,7.0
824050,2026,0.48647450219971666,-0.2652291122116996,8.877071161307514,0.0,10.0
823646,2026,0.5857802279041635,0.7499962527154854,8.756171800203182,0.0,9.0
823000,2026,0.4909784219982661,-0.43812776495693134,8.9236103666297,0.0,8.0
823885,2026,0.5069531523526947,-0.21828652162874781,8.842392975521765,1.0,11.0
823564,2026,0.6122048120616539,0.9613261615577193,9.010422407579668,0.0,5.0
823726,2026,0.47018293064184147,-0.5729296996081807,8.670021827046789,1.0,14.0
823884,2026,0.5182717241789578,-0.12245298030433344,8.939172018592746,1.0,9.0
823565,2026,0.6247572730391395,1.3247416483733272,9.059556977987103,0.0,1.0
823724,2026,0.47607590505754316,-0.41480780672413886,8.71455548435585,1.0,4.0
823645,2026,0.5940285410192581,0.7015210680473178,8.036912297688026,0.0,8.0
824130,2026,0.5993331410121236,0.6650758685852236,8.616509285754153,0.0,2.0
823319,2026,0.5665511589403905,0.32409621284771156,8.372738121328206,1.0,10.0
824695,2026,0.5394894985529212,0.23893417752023272,8.657649563276953,0.0,2.0
823482,2026,0.5719246377863153,0.4475495025871375,8.770064722134693,0.0,9.0
824297,2026,0.5077797605841532,0.1270943654650805,8.906595021001754,1.0,2.0
824534,2026,0.6218166247374897,1.1165344810746574,8.61912590417251,0.0,12.0
822829,2026,0.518268015610057,-0.06528292472182419,8.775487994789636,1.0,14.0
823643,2026,0.5811506234726856,0.32429603964931425,8.68949657888473,0.0,4.0
822997,2026,0.500453183530122,-0.28372695634683665,8.846074503874506,1.0,8.0
824858,2026,0.5264199652486561,-0.2101667043595922,8.601900172983578,0.0,9.0
824941,2026,0.5680094927749486,0.4106807640602995,9.111881428152092,1.0,16.0
824128,2026,0.6236805977264985,1.0174079405539096,8.120939427195331,1.0,2.0
823808,2026,0.678704886457355,1.8069409418166744,8.439612561330737,0.0,10.0
823076,2026,0.4793727814921521,-0.6258064164112578,8.535204708327239,1.0,5.0
823318,2026,0.5953867477075722,0.6634942740185145,8.718140305122416,1.0,7.0
823156,2026,0.5107870982580509,0.013564712397674665,8.60190402095204,1.0,15.0
823968,2026,0.6188472964644677,0.9764588681442622,8.439725069200426,1.0,15.0
823480,2026,0.5366383619908748,-0.03047568376908214,9.316537887254531,1.0,7.0
824294,2026,0.5094608233891655,0.011136251510653818,8.350979890096648,1.0,7.0
824697,2026,0.5295417899330972,0.10235778931610369,7.897733792510085,0.0,7.0
822830,2026,0.5102402006424832,-0.25788391045411596,8.671191972620688,0.0,11.0
824129,2026,0.6371335946669145,1.8041682177676373,8.706060513907069,1.0,2.0
824535,2026,0.5297634037482513,-0.06477313566000746,8.796641488293202,1.0,10.0
823644,2026,0.5646854664149052,0.42668890375519425,8.092298388927224,0.0,17.0
822996,2026,0.46577683536465403,-0.8537293007771956,9.006621827080336,1.0,9.0
823805,2026,0.6268934362115854,1.2412218025069484,8.72649465225506,0.0,4.0
824857,2026,0.49748232727270325,-0.5272736299450217,8.417878097757313,1.0,8.0
823074,2026,0.4990492964237685,-0.28188467527731187,8.242736843360396,0.0,8.0
824939,2026,0.549121789710322,0.184962899140976,8.86224237346122,0.0,6.0
823316,2026,0.583762482988996,0.7023221413889503,8.634191577052016,1.0,14.0
823967,2026,0.599748842255498,0.6712834081619306,9.119854228607672,1.0,9.0
823155,2026,0.5845545325988202,0.6220421844596825,8.287150973828707,1.0,15.0
824859,2026,0.5168995052790614,-0.2487197917619474,8.612979731772013,1.0,8.0
823479,2026,0.5443858989099705,0.2393317355786218,8.977648522616215,0.0,7.0
822828,2026,0.5257078849207736,0.022163444737237956,8.97887049693604,0.0,10.0
824293,2026,0.6008484015056659,0.7710258574538084,7.1503936494670075,1.0,10.0
822998,2026,0.47731527036696925,-0.7082704537241802,8.265164726623183,1.0,9.0
824533,2026,0.5554131402024703,0.23233978634510918,8.179834826758837,0.0,15.0
823642,2026,0.5746765567616461,0.5512169640906134,8.228593441046788,0.0,1.0
823804,2026,0.6624187717433712,1.5802134948105406,8.421836081224312,0.0,14.0
824126,2026,0.579887495516203,0.15801434464762462,7.841457857009552,0.0,11.0
823075,2026,0.49026363506803705,-0.43325980669525416,8.874298766121647,0.0,12.0
824696,2026,0.5405561739430684,0.13332565113318248,8.441082962323987,1.0,13.0
823317,2026,0.6497319025570775,1.359348289102143,7.861999869057208,1.0,9.0
823154,2026,0.5781533841563985,0.6618093428747998,8.360465518167317,1.0,7.0
823966,2026,0.5561174767450602,0.3177373962508902,9.112433334648482,0.0,7.0
824938,2026,0.5970643914643451,0.7490718160118756,8.188339711517331,1.0,14.0
823153,2026,0.5744832464087429,0.7830134660553337,8.331212268862476,1.0,8.0
824856,2026,0.5348656312656195,-0.0784013920472257,8.930702441210457,1.0,16.0
823400,2026,0.6486738924196317,1.3493772991624298,7.588093022525327,1.0,21.0
823481,2026,0.5603306647979871,0.27674795146989145,7.203744848697472,1.0,20.0
823563,2026,0.5547906881994147,0.355518884461802,8.86073627744254,1.0,21.0
824937,2026,0.5558054380633201,0.5285589860061954,8.930317098488906,0.0,14.0
823725,2026,0.4480825345433585,-0.7612753112553021,8.656634966350738,1.0,19.0
823073,2026,0.5002747520089964,-0.2604288801812652,8.593036340769379,0.0,12.0
825024,2026,0.48008824486811535,-0.7539080483950967,8.961574141271008,0.0,9.0
823964,2026,0.6083488955841685,0.8370440866454115,9.055519249397836,1.0,4.0
824853,2026,0.5724321078319219,0.5300567049790706,7.620018723405127,0.0,7.0
824292,2026,0.5471321347958974,0.1899425179899425,7.88215936526477,1.0,3.0
823398,2026,0.6255857263233312,1.1082525212875234,8.351757966129647,0.0,9.0
824531,2026,0.5325187794999358,-0.08122889093073413,8.801207585636403,1.0,3.0
823478,2026,0.5048597597982278,-0.33809139718118125,9.156239130241294,0.0,14.0
823562,2026,0.5809689164831293,0.642240353997381,8.988511548980702,0.0,8.0
824935,2026,0.5510776639794621,0.29978289118221785,9.118100826217148,1.0,11.0
823723,2026,0.4778733267186144,-0.5027054239490802,8.770920724493791,1.0,6.0
824616,2026,0.4723602287965855,-0.3955405400680439,8.637538920454698,0.0,13.0
823802,2026,0.5373841498069465,0.21253169038767872,8.3468220807606,0.0,16.0
823072,2026,0.47362510673530683,-0.7052220403465859,8.605034470052995,1.0,11.0
824210,2026,0.5863413872235056,0.7102080495480785,9.283327210441401,1.0,13.0
825022,2026,0.48583299085687537,-0.6254174105091377,8.694109494424726,1.0,3.0
823315,2026,0.5050193299622661,-0.25409301668113177,8.183800708992909,1.0,5.0
823965,2026,0.6212456261720007,1.2097126642782858,8.481161282684763,1.0,3.0
824855,2026,0.5523328899103668,0.235998729360566,8.95832007600112,0.0,13.0
823071,2026,0.4850879597189754,-0.32961032035961374,8.642711677249041,1.0,8.0
823722,2026,0.5106542459220734,-0.398982344973926,8.662151625589573,0.0,14.0
824291,2026,0.5715344134848661,0.3750474793239551,8.378207231834848,1.0,3.0
823399,2026,0.6227835471139804,1.1292522143994426,8.496771636600407,1.0,2.0
824532,2026,0.5474453831417269,-0.11414793793791636,8.741997005947661,1.0,11.0
823477,2026,0.5423746840974928,0.20865318136421598,9.009536028988911,0.0,13.0
823561,2026,0.5867262525259219,1.097242004329937,9.326678431798156,1.0,9.0
824936,2026,0.5644812217757375,0.5758347121120619,9.290459857271058,1.0,9.0
824615,2026,0.4536723822223253,-0.667662910392143,8.63905367762704,0.0,11.0
823803,2026,0.5289285671735988,0.05844650605373172,8.454755510841784,1.0,3.0
824209,2026,0.599244884773171,0.7323403672631642,9.26097450110693,1.0,4.0
825021,2026,0.5207649990262632,-0.21656838446306956,8.924648796496339,1.0,11.0
823314,2026,0.5655038442031977,0.1792471598678882,8.571044367653988,1.0,13.0
823963,2026,0.6617555968718466,1.554276433969725,8.631640836686415,1.0,10.0
823396,2026,0.6197736414439282,1.0151772681071063,7.788325798042097,0.0,15.0
824530,2026,0.5595880519089347,0.06373143613674408,8.536839562186572,0.0,3.0
824289,2026,0.5342855387689303,0.01963385816319248,8.098707187502422,1.0,19.0
823560,2026,0.6454750189139156,1.216751140923185,7.973824809843816,0.0,15.0
823801,2026,0.5479568221209307,0.3520853971517082,8.795456031743054,1.0,3.0
824614,2026,0.4406958158341807,-0.9004427688836119,8.569993910382637,0.0,8.0
825023,2026,0.49798399201089616,-0.5007854940409898,8.95049684585479,0.0,15.0
824453,2026,0.5672413503602144,0.5239349858623811,7.9955438434419195,1.0,6.0
824208,2026,0.5794935455910827,0.6689372705610198,9.18989180044335,0.0,5.0
823313,2026,0.5327471180704751,-0.17744043303765566,8.84804309321685,1.0,7.0
824693,2026,0.5689823304688055,0.4395179059965412,8.595723279444162,1.0,16.0
824454,2026,0.5320607161453375,0.16104398961258629,8.638850003645066,0.0,10.0
823476,2026,0.45187890266372555,-0.7119761934000439,9.805010624350357,0.0,9.0
823397,2026,0.5458844374450009,0.3296436710339865,8.537172554177664,1.0,6.0
822752,2026,0.48057755344045616,-0.5630234009841034,9.446086489817985,0.0,15.0
823559,2026,0.5833762700809317,0.6614286934609156,8.238146090011233,1.0,6.0
823883,2026,0.5210439343674008,-0.17161527102868518,9.18456474905006,0.0,12.0
824778,2026,0.5158943369442798,-0.24032792955100216,9.189284623121079,1.0,1.0
824207,2026,0.5063068180654013,0.009212543646319106,9.21039793111966,0.0,13.0
823720,2026,0.5751008147216302,0.74863332374992,8.872669900377431,0.0,3.0
824373,2026,0.3878860120541517,-2.0580030453697495,9.925544333491716,0.0,8.0
824048,2026,0.5030794612747936,-0.37702190582704587,9.20500119753817,1.0,8.0
823152,2026,0.5248984565773555,-0.10506800920918838,7.9959613651844474,0.0,5.0
825101,2026,0.5133168968100098,-0.3958824729450077,8.925131174799159,1.0,9.0
825019,2026,0.6287323392299612,0.7951641114321383,8.907591019130406,0.0,11.0
823558,2026,0.5741546463516674,0.4952462252816141,9.026987121165694,1.0,17.0
823721,2026,0.5148138112678589,-0.01391001614061137,8.729689215580153,0.0,9.0
824694,2026,0.5623845201119518,0.2806571842420142,8.719780018481659,1.0,6.0
823394,2026,0.6011252958519985,0.6277286918348605,7.819186319061249,0.0,15.0
822751,2026,0.4810361272613792,-0.6071245964210089,9.304482082041563,0.0,13.0
825020,2026,0.5971543532387831,1.1201669270868289,9.04313637647615,1.0,13.0
824775,2026,0.4363716527899203,-0.8973344392921707,8.775404047871984,0.0,5.0
823882,2026,0.4720600040927179,-0.7148721965162393,9.040390950470185,0.0,7.0
824451,2026,0.5124539263446944,-0.03889873675005274,8.405653511124703,1.0,6.0
824206,2026,0.5084924979533934,0.678973092991558,9.333794906682172,0.0,12.0
823151,2026,0.4817013060995382,-0.6104623688674803,8.172392990260812,1.0,10.0
823474,2026,0.4848898818347247,-0.3875103777146955,8.016634731214403,0.0,4.0
824372,2026,0.378291623444553,-1.774424628500314,10.336679524599894,1.0,7.0
825098,2026,0.554216928105681,0.41695876432283796,9.615310930353763,1.0,8.0
824049,2026,0.5123754001707541,0.08526110838882466,9.626243565546295,0.0,5.0
822750,2026,0.46404633773461834,-0.6946316270817852,9.160903962064994,1.0,3.0
823393,2026,0.5579162619413113,0.2565602420705332,8.445251139456207,1.0,9.0
823556,2026,0.5790642881853837,0.4227203713142651,8.477663576337743,1.0,7.0
823881,2026,0.4649148963501385,-0.6898391603024241,8.448460571399142,1.0,8.0
824452,2026,0.5112090238588983,-0.2544353471613273,8.136004637147256,1.0,12.0
824205,2026,0.49442597615880046,0.2898201962429116,9.305296521254913,0.0,12.0
823718,2026,0.5204599148983683,-0.23505580167430437,9.000382576684519,0.0,11.0
824691,2026,0.5826457642402539,0.4240217211475661,9.134222727172983,1.0,3.0
824371,2026,0.3886834794546929,-1.7993689608475247,11.067864044286175,1.0,15.0
825018,2026,0.5912915221312047,0.4482512439144702,8.795179784138357,0.0,11.0
824047,2026,0.4784605228024252,-0.6962112946043162,9.426876015316727,0.0,3.0
823150,2026,0.5469043716353668,-0.14995600904917478,7.515606806021537,1.0,7.0
825100,2026,0.5313840807239131,0.016072254714608426,8.830991912271653,0.0,14.0
824777,2026,0.5319010596874623,-0.23398317000570973,8.547147449600244,0.0,8.0
823475,2026,0.46330694216675683,-0.5008879772356112,9.29968366092767,0.0,6.0
824776,2026,0.4983232611207904,-0.4156145798476977,9.32226200235711,1.0,14.0
824450,2026,0.5653352639259196,0.5235443249905044,8.714511842506136,0.0,11.0
822994,2026,0.5252356982404975,0.005427043476208657,8.618214935759948,0.0,7.0
823879,2026,0.5307543235508295,0.49366272203147005,8.957419919274443,1.0,8.0
822749,2026,0.43852887517575845,-1.1006122736082664,10.373367811331976,0.0,13.0
824125,2026,0.45712209148269095,-0.6193259062954279,8.440379610733503,0.0,12.0
824692,2026,0.5879806696726483,0.9264213094365629,9.006339532126402,1.0,6.0
824370,2026,0.38884676538834784,-2.4794350027315115,9.81194664778754,0.0,15.0
824046,2026,0.5160317671997734,-0.299488812900983,8.54955599591224,0.0,7.0
823149,2026,0.5623873573573881,0.476635542968914,8.45005258458408,0.0,10.0
824448,2026,0.5984511302154624,0.7766673968242095,7.905086226280295,1.0,13.0
822995,2026,0.5119809754046468,-0.3561270034262906,8.222420359019868,0.0,18.0
823880,2026,0.5333223536126147,0.10224935305095868,9.154313524694922,0.0,8.0
824290,2026,0.5186471866401272,-0.1838713923436436,8.829874180906288,0.0,16.0
822747,2026,0.44097884514454966,-1.323717965537799,9.584762617913082,1.0,15.0
824773,2026,0.520260366636351,-0.16113286011933378,9.135767556500948,0.0,4.0
823640,2026,0.5466932752409056,0.1590801695101708,8.065124907171558,0.0,8.0
824127,2026,0.5033614618610672,0.207986123424455,8.187198111049513,1.0,11.0
824690,2026,0.5716893167768088,0.4647357027049152,8.28147418668795,1.0,11.0
822914,2026,0.5123294532490806,-0.3007682718571614,8.555233744706372,1.0,6.0
824369,2026,0.43937465003313797,-1.126336484374969,10.986411464513946,0.0,1.0
824045,2026,0.49065151330299484,-0.4478883550269582,9.35498967872466,0.0,6.0
823148,2026,0.5757975809670642,0.5751271604360195,8.21980829161463,0.0,7.0
825099,2026,0.627673042153209,1.0210150770327986,9.452356835890274,0.0,16.0
823236,2026,0.4393840127049203,-1.3465831464187823,8.413113171157114,1.0,4.0
823878,2026,0.550543001426798,0.16594294908085255,8.945722251308847,1.0,5.0
824449,2026,0.5375924531144182,0.1446484837266956,8.636222859925658,0.0,2.0
822993,2026,0.49900559822788876,-0.29093195082181017,8.954728703242091,1.0,7.0
824123,2026,0.4865055184749073,0.008285159675551847,8.765163346362096,0.0,14.0
824044,2026,0.531117620202496,0.2653602178301187,8.576501730574334,1.0,10.0
823147,2026,0.6002100277380324,0.9707865302185544,8.259759087390398,1.0,9.0
824286,2026,0.5147785849385662,-0.2683766437964739,8.570174937913537,1.0,7.0
822748,2026,0.4392502477581211,-0.8841060129590328,10.342359546338198,0.0,14.0
824774,2026,0.48912706750993257,-0.8034477325879764,8.788519012498554,0.0,5.0
823641,2026,0.5105190689033965,-0.34725770462743244,8.787104272518622,1.0,5.0
824688,2026,0.638341008840655,1.2626548475404744,8.817469034303102,1.0,9.0
822913,2026,0.5087811716695682,-0.3493466119865053,8.321460629110591,0.0,12.0
824367,2026,0.4409246088037485,-0.9759720778488351,11.783778076207806,1.0,11.0
825097,2026,0.573082030164512,0.6829078348161255,9.619259057226365,1.0,18.0
823231,2026,0.43409270273035566,-1.1440298437515473,8.366843277419907,1.0,3.0
822745,2026,0.438662098888704,-0.8899842736800393,9.86636779276337,0.0,9.0
824288,2026,0.581101715385751,0.43826214756695875,7.160104565664848,1.0,9.0
824689,2026,0.6012677354569866,0.7264703950006244,8.40388357964679,1.0,15.0
824368,2026,0.4444898772732681,-1.0618363524101095,11.393415402622397,0.0,18.0
825096,2026,0.6042188894670678,1.04425104028885,9.512199507193376,0.0,5.0
823233,2026,0.4896093389490251,-0.4694224645271292,8.062469667603157,0.0,3.0
824770,2026,0.44996745291210316,-0.8468885832359462,9.34704532095056,0.0,6.0
823639,2026,0.4908439389974796,-0.6650849708718272,8.330581617793303,1.0,18.0
822912,2026,0.5575761340323665,0.31030313224151795,8.045415528541628,1.0,7.0
824529,2026,0.5128324383231194,-0.4332111445100213,8.46164980898983,1.0,17.0
824854,2026,0.5321793179571166,0.010756475462257466,8.953274191983494,1.0,13.0
822827,2026,0.486168300935639,-0.42745247762420036,9.030802518934996,0.0,14.0
822992,2026,0.5348943172060285,-0.0003661244830006627,8.52109480472593,1.0,8.0
823638,2026,0.5986156225262956,0.9549341402015297,8.334864354269534,0.0,7.0
824932,2026,0.6331526944134568,0.8818704115820265,9.000191368176402,1.0,8.0
824124,2026,0.48365645177409017,-0.4555832753721693,8.875426126677223,1.0,9.0
824611,2026,0.5234262718363084,0.31779161324636296,8.708153503204164,1.0,9.0
823800,2026,0.5038871167338135,-0.22238390721340573,7.911185105787379,0.0,6.0
822909,2026,0.6332504879862367,1.171424237745562,8.124807940249378,0.0,9.0
824204,2026,0.45841661308452897,-0.7981272258688543,9.559583660347796,0.0,16.0
823069,2026,0.4742762957261182,-0.6248624610149894,8.764356895266708,0.0,5.0
823962,2026,0.5573400081634355,0.5333950622769658,9.583756014782871,0.0,10.0
823232,2026,0.518862299215542,-0.07077492717428976,8.508367833164455,0.0,13.0
824851,2026,0.5283275449978351,-0.20167616259510662,7.978717583407008,0.0,18.0
823070,2026,0.46663128472418053,-0.6782460953053605,8.580807573751894,0.0,20.0
822826,2026,0.5183027030470337,-0.18729064379074525,8.597532035956206,1.0,8.0
823229,2026,0.5086971592697958,-0.42752918931256134,8.330404333787513,1.0,8.0
824613,2026,0.548584978043958,0.5364473473282826,8.85692020931186,0.0,9.0
822989,2026,0.5305915746899629,0.17872373510144293,8.876063532629077,1.0,7.0
825093,2026,0.5165545358232773,-0.030932719610588716,9.669922555812233,0.0,10.0
822910,2026,0.5537040511772436,0.5623271686317337,8.463916522558412,1.0,7.0
824121,2026,0.48518298076976885,-0.3477930015543142,8.834308492972804,1.0,13.0
824203,2026,0.4511476627558093,-0.7757711490468108,9.5539178342932,0.0,11.0
823799,2026,0.5419944906706032,0.2536661349957511,8.252807199743609,0.0,9.0
824527,2026,0.5293136947681819,-0.27187644099859787,8.779327305889748,1.0,11.0
823960,2026,0.5007009613843025,-0.3319750248876387,9.955036481060151,1.0,16.0
824933,2026,0.5866871249723016,0.715000315779205,8.484170383053545,0.0,13.0
824852,2026,0.5006447491046379,-0.41971273291252464,8.958407645959673,0.0,8.0
824934,2026,0.6878574644483266,1.7101603868207818,8.763171072880883,1.0,8.0
822824,2026,0.5077273663979323,-0.06184408159352859,9.25721877368072,1.0,6.0
823635,2026,0.6074777966869519,1.4342935201426803,8.058935994465886,0.0,4.0
824528,2026,0.5663410471508122,0.1805870232765059,9.081806403997117,0.0,11.0
822991,2026,0.5647744548066398,0.5401299495519695,8.76339358920268,1.0,6.0
823637,2026,0.5612247450818877,0.5672128410018916,8.522053955252787,0.0,3.0
824612,2026,0.5125812801845582,0.20206689922070992,8.733756331483056,0.0,3.0
824202,2026,0.4461987747423473,-0.6693205631983143,9.845435898519858,1.0,11.0
823797,2026,0.5130755163946783,-0.17556883166887657,8.383794361488675,1.0,5.0
823068,2026,0.5064777127488989,-0.3669843945281835,8.938464104613024,0.0,5.0
822911,2026,0.5494625935799141,0.42510608968307095,8.655250855184889,0.0,3.0
825094,2026,0.4817513714584175,-0.626662277460609,9.38964028412059,1.0,19.0
823230,2026,0.5284342128374312,-0.13000969776626914,8.240980414167105,1.0,9.0
824122,2026,0.501503026399269,-0.19612027021307055,8.72781126302089,1.0,20.0
823959,2026,0.5757448753039799,0.5525263019251672,9.338503376296373,1.0,6.0
824446,2026,0.5570402989381377,0.1449142518937366,7.889534224629989,0.0,5.0
823395,2026,0.5846747585578749,0.5900945112041578,8.262704093529258,0.0,6.0
822825,2026,0.5058865382315839,-0.12384895733157507,8.775926570090755,0.0,5.0
823719,2026,0.46574505392328425,-0.3545106760538151,8.794232171997722,1.0,15.0
824609,2026,0.5061070429738916,0.33693366953306375,9.32588279006578,1.0,15.0
822906,2026,0.46717794709610133,-0.7791527473670515,8.390908952977053,0.0,6.0
823311,2026,0.4744166425901744,-0.6592886185118015,8.444853471684494,1.0,16.0
823961,2026,0.6747479196771958,1.7487159199068896,8.726267645468546,1.0,9.0
824447,2026,0.5191730463542007,0.09586137889908325,8.658067148719772,0.0,1.0
824849,2026,0.5296924940482851,0.05237841725708466,9.327141718992713,1.0,8.0
824526,2026,0.6227453954222901,1.1005101008852665,8.696562015979886,1.0,9.0
823390,2026,0.5922458860895442,0.7198097506303717,7.835134212635978,0.0,18.0
823473,2026,0.505654762909948,0.04491381756643465,8.899898429483562,1.0,7.0
822823,2026,0.5151773545919274,-0.22755818930188945,8.8458211352881,1.0,3.0
823636,2026,0.5527217674942013,0.39220458609398745,8.876647835226402,1.0,8.0
824931,2026,0.5577845073599769,0.2413115555149367,9.255799879229539,1.0,7.0
823716,2026,0.4842557000672069,-0.513659290677878,8.541336793711256,0.0,8.0
824610,2026,0.49600555820416303,-0.22169169561414392,8.97207897412044,1.0,7.0
823798,2026,0.563962726477864,0.628285925147731,8.375637690353397,1.0,15.0
822908,2026,0.496953709365927,-0.752207243208712,7.898181189040527,0.0,5.0
823310,2026,0.4761548599000816,-0.5145750218062163,8.874441810672893,0.0,11.0
825017,2026,0.5155599454062125,-0.27981361441657093,9.014413917776606,0.0,5.0
823956,2026,0.6355578582157296,1.554303273293588,8.780545211980503,0.0,3.0
824445,2026,0.5091935454313105,-0.28933526954897176,8.294306605054786,1.0,4.0
824608,2026,0.49918429744203374,-0.16606378384896256,9.227735276245383,1.0,5.0
823717,2026,0.4573003743468098,-0.5506924052321263,8.777861674314703,0.0,8.0
822907,2026,0.5320482486889238,-0.3377595070647643,8.080421756132363,1.0,3.0
822821,2026,0.5270635975030153,0.35364453142565394,8.954112349632402,1.0,9.0
823958,2026,0.6340225535485602,1.4593785358241425,8.75702513034827,0.0,5.0
823312,2026,0.48392959321241397,-0.5828961466888871,8.905682250817016,0.0,9.0
824525,2026,0.6011273123216628,1.0461706944173033,9.199734040708934,0.0,15.0
823392,2026,0.5645229528792196,0.7744483240660333,8.642280092302533,0.0,9.0
823633,2026,0.5553494864344571,0.4556041965681249,8.380465049903288,0.0,16.0
824930,2026,0.5159046710130566,-0.09796416866371768,8.391819697152664,1.0,7.0
823796,2026,0.5639788208381017,0.8081302619950032,8.653361548972498,0.0,8.0
825015,2026,0.5048114973223661,-0.3958958390362096,9.278958652207088,1.0,7.0
824929,2026,0.5589108424279692,0.37501501907182333,8.990020668883771,0.0,7.0
824848,2026,0.5165379760474644,-0.02608207071269602,9.061990397073169,1.0,13.0
823391,2026,0.6191427713497,1.1060698169433167,7.759831179198296,0.0,15.0
823472,2026,0.5079415747214138,-0.22272048182455614,7.553916512069707,1.0,5.0
824850,2026,0.5558451346403817,0.47276733107759794,9.446209652774986,0.0,16.0
824524,2026,0.6238899124379786,1.306847192361966,9.033554298153717,1.0,10.0
823634,2026,0.5736322017926984,1.0177546335656182,8.445965470759665,0.0,9.0
823795,2026,0.5918331169216846,0.8373348557675125,8.269794267332339,1.0,14.0
825016,2026,0.5328514685726637,0.01820143013713672,9.337164930235954,1.0,9.0
823471,2026,0.5101008768986436,-0.009186284437524131,8.897456987991353,1.0,11.0
823714,2026,0.4587554923484064,-0.4022863699705257,8.758783557304604,1.0,8.0
824686,2026,0.595017771217989,0.7611064287115604,9.3989575721408,1.0,11.0
824287,2026,0.5110379425695757,-0.47709412319125094,8.953645136271962,0.0,9.0
823389,2026,0.5178297113505961,0.057666982711414454,8.54546668242704,1.0,10.0
822744,2026,0.4489047793820942,-0.9090929033165631,9.470366925359109,0.0,7.0
823557,2026,0.5996039832557599,1.0829216805962931,9.016352352985818,1.0,9.0
824772,2026,0.5473393189507039,0.3809450163402818,9.3289665997842,1.0,4.0
822990,2026,0.5287342624510184,0.22266383786410437,8.263432079490023,1.0,3.0
823877,2026,0.48936766434447415,-0.4140030282219552,7.984055710239926,0.0,11.0
823713,2026,0.48917359745337163,-0.2925643476761626,8.964889879429768,0.0,10.0
823066,2026,0.451981712818329,-0.8234382970891496,9.213989620638486,1.0,9.0
824366,2026,0.4178849999314317,-2.2337784634402382,11.15655534244188,0.0,14.0
824041,2026,0.5395060584675053,0.2846353202570187,9.23428906169702,0.0,7.0
825012,2026,0.5047820227518214,-0.34174061355206403,8.953426632109517,0.0,13.0
823309,2026,0.5656901477055993,0.5207435135592907,8.643686401412506,0.0,10.0
823146,2026,0.5966620965314519,0.6104660818271581,7.745924983349308,0.0,13.0
823554,2026,0.5921243110370478,0.806370778928486,8.886319760831865,1.0,13.0
823715,2026,0.47047045974251867,-0.5891544599274884,8.17461165195142,0.0,15.0
824685,2026,0.5978601127337497,0.884160133742529,9.156401634063343,1.0,2.0
822746,2026,0.44961375645619633,-0.8224563223279183,9.12987298719134,0.0,5.0
825014,2026,0.5111720209519107,-0.1724581338574513,9.348134126884911,0.0,20.0
823388,2026,0.5371213606517982,0.17444970883657113,8.358319136664102,1.0,24.0
824771,2026,0.5758064513661008,0.6139658186485033,8.944096129232033,0.0,9.0
823876,2026,0.5401007592932309,0.2670303284589028,8.484347765725651,1.0,4.0
822988,2026,0.5495354844198496,0.1681389800764971,8.294131371580864,1.0,6.0
823067,2026,0.5080522951916809,-0.07295547574356688,9.587319825696616,1.0,5.0
824284,2026,0.5413227088903664,0.16666213228227883,9.27076620233816,1.0,6.0
824365,2026,0.40253843126780253,-2.746272324983276,9.230774581904274,0.0,10.0
823308,2026,0.6086299729417854,0.8922036367291445,8.492316383592996,0.0,4.0
824042,2026,0.5086924950566718,-0.4745901852475902,8.498051023117574,1.0,7.0
823144,2026,0.5458553110954332,0.2382760452766271,8.928178834423905,0.0,5.0
823711,2026,0.4903348419304473,-0.3106364481725377,8.651012808316164,1.0,7.0
823555,2026,0.6721007223358157,1.7385393197424626,8.798706960017546,1.0,14.0
822742,2026,0.4391286433873517,-0.974057037011393,9.161803332571425,1.0,5.0
824769,2026,0.6014947527992208,0.8305865990045667,8.677519749771019,0.0,4.0
823387,2026,0.5507760792428082,0.17575700883254627,8.106817270447927,1.0,1.0
822987,2026,0.5938926016306165,0.7792625731840122,8.418754781612066,1.0,3.0
823875,2026,0.5177660306537823,-0.24760113450668542,8.54652724159664,0.0,9.0
823065,2026,0.46347070040211663,-0.8090226792134864,9.004618364239683,0.0,5.0
824687,2026,0.6218387525457036,1.2006996311812659,9.054540827434451,1.0,12.0
824364,2026,0.4109486892613623,-2.4619450198542605,11.12729321877634,0.0,17.0
825013,2026,0.4717866259432807,-0.6523943830645678,9.07377748395911,1.0,8.0
824043,2026,0.5048732921098583,-0.37894120531197445,9.494652889221888,0.0,6.0
823145,2026,0.5332524588634684,0.038451791456116,8.468687501439984,0.0,5.0
823307,2026,0.5881583743738554,0.760314897735756,8.533932751344151,1.0,7.0
824285,2026,0.5295052194888428,-0.1916023086646619,9.161395656239737,1.0,8.0
824363,2026,0.5025540424070419,-0.34297782919939024,11.197189988810702,0.0,6.0
824283,2026,0.5442828117914652,0.005394057381931578,9.01126719067022,0.0,9.0
823874,2026,0.5771481160816533,0.44872558900255866,8.5278704249324,0.0,1.0
822984,2026,0.5626598190354732,0.3725926759458729,8.616323603915124,1.0,6.0
823552,2026,0.662814248452558,1.5498375325667184,8.836212426365849,1.0,13.0
824684,2026,0.6125897739695401,1.0048884676663312,8.944298812399875,1.0,9.0
824120,2026,0.5054162713588672,-0.13947390136318194,8.820364167432787,1.0,8.0
823064,2026,0.4926945851777214,-0.5948649351641433,8.941270911865358,1.0,9.0
824201,2026,0.45192186575719345,-0.9647538025790484,9.129528353484977,0.0,11.0
824039,2026,0.5021592926032954,-0.020850953349557607,8.977819724420552,0.0,6.0
823143,2026,0.5259384043278376,-0.21224708350513896,8.532318040559888,1.0,9.0
823228,2026,0.5038476814296917,-0.2481437123838302,8.379238199424305,1.0,5.0
824281,2026,0.5727295177927303,0.4904921361007175,8.687144692125205,0.0,13.0
822986,2026,0.5293326173477498,-0.07221847897589019,7.907971328103283,1.0,7.0
823469,2026,0.5597463791226385,0.45741035207345454,7.606963553523925,1.0,10.0
823873,2026,0.5750586135722076,0.5013270866219811,8.84196193514584,0.0,16.0
822743,2026,0.5226812874037886,0.1525079725612038,8.97157047678561,0.0,14.0
823553,2026,0.5597203889508463,0.5398306003462833,8.860919781432129,1.0,11.0
824682,2026,0.5723318267223151,0.5429672577973128,9.230040817164086,1.0,5.0
824119,2026,0.5145076755649822,-0.1888754591188909,8.851354995679793,1.0,8.0
824200,2026,0.43817070964914145,-1.0302186069392176,9.155643352341514,1.0,3.0
824040,2026,0.4833303591613584,0.1521216376601222,9.171268593122168,1.0,7.0
825092,2026,0.4814783327302699,-0.544832557286365,9.930035987887717,1.0,9.0
823142,2026,0.5141820441533961,-0.2394655186140641,8.665441763755517,0.0,5.0
823227,2026,0.5220308691097638,-0.02207393193905107,7.592877976745426,0.0,15.0
822985,2026,0.5595881922747854,0.44046827917246406,8.206765374317698,1.0,3.0
823063,2026,0.5028833445021836,-0.5465228288975854,9.429430969482377,0.0,8.0
824198,2026,0.44105905783634497,-0.9488992937985821,9.203952371968944,0.0,14.0
823226,2026,0.45616653481256497,-0.6648889867067419,8.5826191469961,0.0,6.0
824036,2026,0.47228128733180136,-0.43465952898487487,8.980370519028394,1.0,10.0
823141,2026,0.5216848974664462,-0.2965862900390749,8.21011327569928,1.0,4.0
824282,2026,0.4993415854224335,-0.3754069280969962,8.706703404122019,0.0,4.0
823470,2026,0.5943696187395145,0.8644065411091022,7.650492396067541,1.0,9.0
823872,2026,0.597110299297324,0.7294892026593786,8.687805824514813,0.0,11.0
822740,2026,0.4928752278149776,-0.20203839482129063,9.46388455417656,1.0,17.0
823550,2026,0.5746094462938095,0.6109610031398706,9.100115417256866,0.0,7.0
824683,2026,0.5986711832902493,0.7406683403482739,9.222010437010828,1.0,13.0
824118,2026,0.503385493104675,-0.2725766360979599,8.861214087414247,0.0,4.0
824361,2026,0.4853557309340424,-0.5249574806352386,10.638436352204648,0.0,15.0
825091,2026,0.47118939517030206,-0.7087637884247908,8.84886189067245,0.0,1.0
823551,2026,0.5680088537569339,0.17091560656325278,9.281408189161562,1.0,11.0
822741,2026,0.5221493936618465,0.06433595769543404,9.716383392182466,1.0,12.0
824117,2026,0.5388805786643885,0.19933719586774282,8.83459035058314,0.0,13.0
824681,2026,0.6092037783909907,0.6662079761063133,9.069668724265007,1.0,11.0
824362,2026,0.4878997393249221,-0.28918546180279364,11.092905592271887,1.0,8.0
825090,2026,0.4809139291803862,-0.5704124895096829,9.723370803162108,0.0,6.0
823467,2026,0.5504819731065811,0.3477049227056382,9.179992357655275,0.0,13.0
823870,2026,0.581797713847622,0.6284629500872129,8.522603676184128,1.0,7.0
824767,2026,0.5078565427949202,-0.3866064510880237,8.859868265146053,0.0,12.0
823306,2026,0.5644225116013951,0.36732085246451207,8.512861687215711,0.0,3.0
824522,2026,0.5801591571792689,0.6335947105538104,9.313687505148694,0.0,10.0
823466,2026,0.6476641883278428,1.3495458204808874,8.973836538235274,0.0,16.0
824846,2026,0.5001816656147366,-0.10962502296613376,9.010735857895382,0.0,7.0
822822,2026,0.5543640986231396,0.23670421119230795,8.58386858310601,1.0,2.0
824768,2026,0.5069846343809232,-0.368659794862127,9.416263177151318,1.0,2.0
823871,2026,0.5486737528589244,0.17909554528150257,8.68774533090647,0.0,5.0
824443,2026,0.613652469806226,0.6618511273514324,7.950402541139028,1.0,10.0
824116,2026,0.5380571203233138,0.11788543114089092,8.283593576079427,1.0,7.0
824607,2026,0.4668309601269265,-0.5413033154248016,8.793576271746268,0.0,20.0
823794,2026,0.4907894413660515,-0.5538443315190754,8.340654887772013,1.0,6.0
822904,2026,0.47355286458729046,-0.5355834887982864,8.804267661940216,0.0,8.0
825088,2026,0.507434509274846,-0.5320516882740783,8.893242615204475,0.0,4.0
823303,2026,0.5457029436810911,0.4311568844410882,8.480504172579735,0.0,6.0
823957,2026,0.4935487017385946,-0.2980122865781379,8.69070173577333,1.0,4.0
823225,2026,0.47756065417827953,-0.6885653816738011,8.37167459785175,1.0,7.0
822820,2026,0.6050896807442568,1.1629675268485322,8.598602999858764,1.0,15.0
824847,2026,0.48114451433087224,-0.32415226139286896,9.135389849129373,0.0,8.0
824523,2026,0.5604581099740696,0.28127112583441527,9.151937964690326,1.0,4.0
823869,2026,0.5725092042450523,0.3629646908941371,8.663726768676524,1.0,15.0
823468,2026,0.592389601038923,0.8996788043058003,9.262262347680718,1.0,12.0
824444,2026,0.5447680785002338,0.08755190642832732,8.379496226757476,0.0,3.0
822905,2026,0.4715538474692745,-0.7569256334657493,8.865517424719162,1.0,6.0
824115,2026,0.4950930111872619,-0.4125740583710325,8.97739980344693,1.0,6.0
824606,2026,0.4454918911430076,-0.7341001502864947,9.087385812741827,1.0,7.0
823792,2026,0.48911908919190644,-0.327223425584446,8.174752722779802,1.0,7.0
825089,2026,0.5175521371093239,-0.2526729836478971,9.666876372955276,1.0,3.0
823304,2026,0.547109400428082,0.16093697510995064,8.562482289605127,1.0,6.0
823224,2026,0.47750973242364475,-0.818040940857788,8.112714579052893,0.0,16.0
823955,2026,0.5737078445250889,0.442695327716867,8.567766479938786,0.0,9.0
823868,2026,0.5478063953928735,0.17120814885090158,8.909950748345883,1.0,7.0
824845,2026,0.46014337560764246,-0.7307090236051227,9.064918798989467,1.0,3.0
824765,2026,0.5072510628786039,-0.25318611118789897,9.515428069621654,0.0,5.0
823463,2026,0.6811583848735246,2.151861981625605,7.742480204561975,1.0,6.0
822819,2026,0.5504688157854288,0.2871153680524827,8.701153329302418,0.0,7.0
824520,2026,0.5397004947370447,0.11591330317409188,9.318639520954582,1.0,5.0
824440,2026,0.5549765033688954,0.1248966610646108,8.363312617507924,0.0,9.0
824605,2026,0.46497944369735206,-0.5630779293312291,8.352394127725045,1.0,3.0
823793,2026,0.5045661562459106,0.001500215385470979,8.367652028840135,1.0,7.0
822902,2026,0.5161630616388148,-0.49688662430908503,8.050986724248569,1.0,3.0
823221,2026,0.46167342762209657,-0.550073033038494,8.511063591388737,1.0,13.0
825085,2026,0.5242844087036558,-0.2284139678167466,9.607352127473412,1.0,6.0
823305,2026,0.5191333952681048,-0.19777097213429912,8.655491439274629,1.0,5.0
823954,2026,0.5748581127434517,0.5828526568528848,8.815867371702165,0.0,9.0
824113,2026,0.5033825854838789,-0.21588051741111264,8.99164431824836,0.0,9.0
824441,2026,0.5932164088387183,0.7931492290759289,8.277440639454055,1.0,9.0
824844,2026,0.4201905243550906,-1.4932499048474506,9.951145773175046,1.0,5.0
822818,2026,0.4980710582014714,-0.528032667735823,8.303678499533474,0.0,13.0
822901,2026,0.5539490401243888,0.16158996089174338,8.46958101158331,0.0,1.0
824199,2026,0.45833606205603195,-0.611615138222585,9.178578999024841,0.0,4.0
823953,2026,0.5960054799020889,0.7802171622690879,9.122562209166949,0.0,12.0
824442,2026,0.5641893824358017,0.4234807554689797,8.640164628917775,1.0,5.0
824843,2026,0.4829209738170593,-1.068230222963259,8.553509522467694,0.0,8.0
824521,2026,0.5700361263280554,0.9360780407794905,9.48906823802788,0.0,14.0
823385,2026,0.7081009785268404,1.8538447635839137,7.752848632311863,1.0,4.0
824764,2026,0.4608193769623265,-0.7084248976723488,8.642914237792798,0.0,3.0
822817,2026,0.4741205045006948,-0.6684503384053474,8.845130280608473,0.0,13.0
823632,2026,0.4871907120194185,-0.34735414680796206,8.019915449659264,1.0,12.0
824927,2026,0.5291416483255137,-0.037437185102681375,9.356934117881153,1.0,7.0
823790,2026,0.5506777821671412,0.24140820112096445,8.505250659843078,1.0,10.0
824604,2026,0.4726753632117792,-0.47373560643946655,8.987538560428737,1.0,11.0
823712,2026,0.4765040160241785,-0.3288630303837514,9.061703296265817,1.0,3.0
822903,2026,0.5559056760184123,0.23631812110583547,8.46251216307448,1.0,11.0
824197,2026,0.42963817948601507,-0.9638428249339899,9.133676662944234,0.0,12.0
825011,2026,0.520269377467017,0.12492130049195188,9.561421284894767,0.0,10.0
823951,2026,0.6694600385712508,1.7023355179272264,8.558578652484824,0.0,8.0
824841,2026,0.41264850837678146,-1.976275834461917,8.949027416864647,1.0,7.0
824438,2026,0.5961000545555071,0.8370131725952763,7.844113210925452,1.0,6.0
824519,2026,0.5852158032550596,0.5035544412938507,9.35239806936524,0.0,15.0
823386,2026,0.6800271183734107,1.72675005454022,8.553980513576244,0.0,14.0
824763,2026,0.5581577315445034,0.5539022907222911,9.358876404762496,1.0,4.0
822815,2026,0.49870004357768266,-0.3409950658188997,8.105707200646895,1.0,8.0
823631,2026,0.4688066219928203,-0.5909078806312847,8.485053710346829,1.0,5.0
824928,2026,0.5321952257635273,0.10405237261716055,9.334012454975134,1.0,5.0
823791,2026,0.5784650669421523,0.42026597826909184,8.177118813240066,0.0,4.0
824603,2026,0.4986095020472249,-0.3230797214043981,8.89005530423616,1.0,11.0
823710,2026,0.47972308525568935,-0.49841861785352215,9.162285007853365,0.0,14.0
822900,2026,0.5308038872161739,0.04064363381972406,8.587710767547478,1.0,11.0
824195,2026,0.452507128008817,-0.5508961425816458,9.492789203088025,1.0,7.0
825010,2026,0.5083455562573606,-0.10561364885497009,9.374968131894612,1.0,8.0
823952,2026,0.6266728851438821,1.075617270342708,8.557048396643898,1.0,4.0
823383,2026,0.6458336583407764,1.237440984739723,8.370173106996857,1.0,9.0
824517,2026,0.5226526822386558,0.07752879270803387,8.614653827815673,1.0,16.0
823630,2026,0.5418526785744843,0.4273946256574082,7.748728245643248,1.0,13.0
823709,2026,0.49530753052594806,-0.026627295086605853,8.766618090135708,1.0,10.0
823789,2026,0.5675932681514351,0.33367575271335453,8.161566557445447,1.0,8.0
824196,2026,0.4617058385905045,-0.536045345527462,9.346295498451916,0.0,11.0
825008,2026,0.4972764084510478,-0.2831924082397959,9.371620741603687,0.0,9.0
824762,2026,0.5460059810981983,-0.1491187631152505,8.367135873393714,0.0,4.0
824926,2026,0.5947547000348955,0.6673904144289442,8.578089383235268,0.0,2.0
824602,2026,0.4749728458562836,-0.5975237940434996,8.907122966407979,1.0,8.0
823950,2026,0.624348551325,0.9053953542316813,8.819926863131029,1.0,7.0
823384,2026,0.5761098161725557,0.4692528378689246,7.977569414135672,0.0,20.0
824280,2026,0.5055700704203825,-0.49650765682384185,8.657453024894004,1.0,5.0
822739,2026,0.5068461080899113,-0.04584472973706527,9.802211419837384,1.0,5.0
824439,2026,0.5409362002172675,0.17017867942813683,8.500470992125518,0.0,13.0
822983,2026,0.545880905686191,0.3471461006808688,8.182994818561886,1.0,9.0
823707,2026,0.4849732670695604,-0.40822979069925486,8.701034908325152,0.0,5.0
824925,2026,0.5624861053797627,0.6126145871727587,8.882081951924588,1.0,5.0
823629,2026,0.4562146225664492,-0.7968897077843335,8.05968149447248,0.0,7.0
824601,2026,0.4587191861395361,-0.764987686381001,8.932886808210835,0.0,15.0
824194,2026,0.4643685022080476,-0.47314798408632763,9.25681261378164,1.0,2.0
823061,2026,0.506260696923546,-0.18506659573603523,8.560834637037502,1.0,9.0
824360,2026,0.47298463401906465,-0.491681204550076,11.438161403754814,0.0,10.0
824037,2026,0.4196083209725711,-1.1074562758603421,9.797941865821421,0.0,6.0
823140,2026,0.5468615741295677,0.14392954687730813,8.718611700612042,0.0,2.0
825009,2026,0.555156931673109,0.1462481099739271,9.40031875171636,1.0,7.0
824278,2026,0.5481301696302968,0.3701643441671392,8.592204406623058,0.0,3.0
823060,2026,0.5447560752797732,0.26746983465505375,8.444319245542337,1.0,6.0
824359,2026,0.46630719248964475,-0.53208742260416,10.791391846070457,1.0,6.0
822737,2026,0.5180475374188585,0.26756576470466686,9.407331790850414,1.0,16.0
823382,2026,0.4812252382472105,-0.37250018107553484,8.415074732234755,0.0,6.0
822981,2026,0.5783000995303312,0.68825979288056,8.584242586890404,0.0,15.0
824435,2026,0.5914744237981728,0.5351721843604573,8.229718068831636,1.0,11.0
824193,2026,0.4367900182507536,-1.0368628730237572,8.82253977913285,1.0,5.0
824600,2026,0.48403853926689594,-0.4924801512393859,8.437151507972999,1.0,11.0
823706,2026,0.44971676854104486,-0.8450508329209907,8.703475128633835,0.0,3.0
823139,2026,0.5796680316814704,0.5587256810459986,8.50825401014861,0.0,11.0
824924,2026,0.58900430180796,0.7564254229565043,8.938157793598617,0.0,5.0
823627,2026,0.4555376390646568,-0.8423328863048575,8.3469215971603,1.0,9.0
824038,2026,0.4296699935214181,-1.7406220878525218,8.820057711968486,0.0,17.0
825007,2026,0.526162215850589,0.07232340258301322,9.421726376803683,0.0,10.0
822982,2026,0.5839806872862411,0.70350121957464,8.080444188516697,1.0,9.0
824923,2026,0.5898393785561005,0.8028860337356802,9.124602906145975,1.0,9.0
822738,2026,0.5497265077064957,0.5263059014669819,9.49069756375608,0.0,10.0
823381,2026,0.5306217929207957,0.15060023893794833,7.767153898456624,0.0,6.0
824436,2026,0.5645816099324575,0.5099859488443962,8.367809525260661,1.0,13.0
824279,2026,0.48793925857658915,-0.45246499418073105,8.640613723452969,0.0,5.0
823628,2026,0.49434889654386716,-0.18294261799549957,8.04366675022428,1.0,13.0
824192,2026,0.4522580517944209,-0.7700683153663779,9.109463671621326,0.0,8.0
824599,2026,0.4532399157710099,-0.7047709396237548,9.601280614633552,1.0,17.0
823708,2026,0.4791105972454236,-0.5240931234802251,9.27223511264723,1.0,9.0
823058,2026,0.523511815459079,-0.12889267624061657,8.747673467435067,0.0,2.0
824358,2026,0.4590051577537406,-0.6300951286811146,10.656832161062818,0.0,14.0
825006,2026,0.5516183921951318,0.3413199229571199,9.405485658106777,0.0,11.0
824034,2026,0.40977061937641956,-1.4924323200189127,9.310341914918464,0.0,11.0
823138,2026,0.5571972747635874,0.45033264523179384,8.330876005934229,0.0,11.0
823867,2026,0.4783640573664285,-0.44570731979151196,8.82302859112507,1.0,12.0
823465,2026,0.5297260559114515,-0.03972176055475422,9.027722210628475,1.0,9.0
824277,2026,0.5253601875675513,0.18911587590960402,8.40705759691411,0.0,10.0
822980,2026,0.5898280885295254,0.8072968998767904,8.106058577497793,1.0,22.0
822734,2026,0.5189957002272688,-0.1586128710950356,9.701546069845918,0.0,23.0
823549,2026,0.5933896273381999,0.8522763472294657,9.014376466874886,1.0,13.0
824114,2026,0.493642997191572,-0.4477614319855187,8.618643206217717,0.0,4.0
823705,2026,0.5379938174144958,0.5399383052162928,8.8108873324411,1.0,9.0
824680,2026,0.5494187113395079,0.22411916187595196,9.045547454659859,0.0,12.0
824357,2026,0.45732042155338803,-0.6800513360774092,11.565167738030329,1.0,13.0
824035,2026,0.4444727125245989,-0.7426710509285792,9.031988496402702,1.0,3.0
823301,2026,0.46958001585133696,-0.7638655131998608,8.062858309666133,1.0,1.0
823137,2026,0.6229229677465006,0.8917753555277327,7.774321879398668,1.0,7.0
825087,2026,0.5205163365769383,-0.24141813266219003,9.51923220326865,1.0,14.0
823865,2026,0.46581978347443015,-0.7464031815701151,8.87042377845846,0.0,12.0
822979,2026,0.605700817605325,0.9622834158006931,8.41152678002817,1.0,5.0
823464,2026,0.5656468282477415,0.10917557198406616,8.426606989272539,0.0,5.0
824276,2026,0.4575656613851487,-0.7511881965197956,8.475898273368628,0.0,7.0
822736,2026,0.47257217160114046,-0.7283877168286247,8.976549217030568,1.0,15.0
823548,2026,0.5317312339814263,0.08035156591736028,8.454727908718347,1.0,9.0
824112,2026,0.46299761863102484,-0.7330103238411225,8.727100146153383,0.0,8.0
823704,2026,0.5762437190017441,0.8373984473270757,8.725746131842882,0.0,3.0
824677,2026,0.4790112882743853,-0.5935871314228414,8.697320308590095,0.0,7.0
823059,2026,0.5051358857547156,-0.25968112182492065,8.588289941844469,1.0,15.0
824356,2026,0.44300141898214,-0.5803316831576419,11.556196389516135,0.0,10.0
824033,2026,0.47279472594031574,-0.19883226693425787,8.985978659545783,0.0,20.0
823302,2026,0.48021974106142296,-0.6647557140151494,8.56881831321576,0.0,9.0
825086,2026,0.5429737203680831,-0.0011431078918884812,9.188565761493637,1.0,8.0
823136,2026,0.5621777005511486,0.5812572813332685,8.702600129227346,0.0,3.0
823462,2026,0.5251896660782278,-0.05113213214741091,9.099423745849768,0.0,13.0
822977,2026,0.6317994456064467,1.2729608870381024,8.772669239810762,1.0,8.0
823703,2026,0.5838860897217952,1.0872552078042894,8.41092058130717,1.0,5.0
824355,2026,0.4549484113185166,-0.7725367726157768,11.55134983550691,0.0,9.0
825084,2026,0.5547230521586831,0.32201522200511046,9.539565235871557,1.0,9.0
823134,2026,0.5664743574397935,0.6601405079664474,8.478200885594916,1.0,9.0
824273,2026,0.47571154226250395,-0.47507541244016127,8.657453281088841,0.0,5.0
823866,2026,0.4439488201343028,-0.8520347357627871,8.591468227169523,0.0,10.0
822735,2026,0.5033859944585501,-0.1972993433325404,9.947868208656358,1.0,12.0
823547,2026,0.5962806550121325,0.7394727814933103,8.471055077915054,0.0,3.0
824111,2026,0.4933249357759192,-0.3838495712945083,8.528751489892157,0.0,7.0
824678,2026,0.5000319650321895,-0.44004746047718885,9.001128712899877,0.0,5.0
823057,2026,0.5239169548337778,-0.28169101411280323,8.610224866416374,0.0,7.0
823299,2026,0.46212173518898614,-0.7819096159362706,8.240307949469214,0.0,4.0
824032,2026,0.43625186120882586,-0.7609259421642234,9.557299894832955,0.0,11.0
824274,2026,0.474962633750201,-0.5364745258191808,8.264066875204024,0.0,4.0
823056,2026,0.4862752261142127,-0.5404715794966631,8.45485494333776,0.0,8.0
822733,2026,0.5080119070566367,-0.25442984835027405,9.532562729395167,0.0,3.0
823864,2026,0.46997652158490405,-0.6800724128354194,9.310162109897584,0.0,12.0
823545,2026,0.5789638732879163,0.47508508780892805,8.730043086358359,0.0,2.0
824031,2026,0.46736807135182823,-0.30104009213447747,9.171585357179204,0.0,5.0
825083,2026,0.6311373461663402,0.9759380809665943,9.528963881388286,1.0,3.0
824679,2026,0.5946862867829473,0.9904250336206742,8.930584998161295,0.0,6.0
823461,2026,0.528266190534744,-0.06365064431072881,7.260691783009605,0.0,1.0
823546,2026,0.5375996459686988,0.23461279732450713,9.300974653792224,0.0,6.0
822816,2026,0.5566004444251379,0.36349186170178316,8.29630143613276,1.0,8.0
824761,2026,0.5485011060231951,0.1400937038251557,9.188631501133408,0.0,14.0
823863,2026,0.519421495197479,-0.12722471005049846,8.755442132474215,1.0,3.0
824842,2026,0.47791741839345553,-0.5341766821059177,8.92140171682179,1.0,11.0
824922,2026,0.6576331984715925,1.5375995729120668,9.116979536986834,1.0,9.0
824110,2026,0.45877082836592026,-0.6708648469138554,8.43717361828173,0.0,2.0
823788,2026,0.510811615029355,-0.16250636702685928,8.214926942718453,1.0,6.0
824029,2026,0.41897366138894765,-1.1278563570518394,8.679289950926629,1.0,15.0
825082,2026,0.6926604265373929,2.196554563086406,9.540752779858039,0.0,5.0
823298,2026,0.52846375126708,-0.1626465039627236,8.733367588596959,1.0,10.0
823223,2026,0.5278138609334969,-0.3257806779454506,8.269695779693874,0.0,13.0
824518,2026,0.49928080557889004,0.07403176272176397,9.760594255225254,0.0,9.0
824674,2026,0.5882196362723756,0.5984909855962804,8.924542437592807,0.0,3.0
822814,2026,0.45867049609398464,-0.6565515084975422,8.352292176231861,1.0,7.0
823458,2026,0.535376023161601,0.19133521068949044,7.319356354097135,1.0,3.0
823222,2026,0.49363911116277687,-0.45557609674045224,8.69199531764373,1.0,13.0
824109,2026,0.4483960029439348,-0.7397116426730479,8.853956895637907,1.0,5.0
824760,2026,0.5283499664273985,-0.21298696595901107,9.181948789768546,0.0,6.0
824920,2026,0.6649810438094292,1.927641813888292,9.182458015132768,0.0,2.0
823862,2026,0.518632847089645,-0.1922694170774432,8.422051029848538,1.0,5.0
824516,2026,0.4675255330861524,-0.5986788134171662,9.334363794195799,1.0,13.0
823787,2026,0.5387387869115629,-0.017250657134821865,8.812841792844806,0.0,14.0
823300,2026,0.5626782438690997,0.3564324674487831,8.463898245367705,1.0,2.0
824030,2026,0.4174084911382727,-1.1335446416935637,8.906925444606303,1.0,7.0
825080,2026,0.6256494411958178,1.006001056628929,9.608749827285953,1.0,9.0
822813,2026,0.5577877681752991,0.28628961731081615,8.352305528382185,0.0,5.0
824839,2026,0.4639513018208206,-0.614767877820967,9.340989216051163,1.0,8.0
823544,2026,0.5360646932903218,0.09637265712043801,9.128910218021286,1.0,2.0
824759,2026,0.5740105727096347,0.5327071945945819,9.511377267919977,0.0,11.0
823459,2026,0.47034235565463084,-0.6955025810843126,8.771369280248237,0.0,4.0
823861,2026,0.5394456390912895,-0.10734009228089736,8.5018060211166,1.0,4.0
824108,2026,0.4545417891337457,-0.8063851289577285,8.54157005386029,1.0,14.0
823786,2026,0.4596048093634056,-0.4760629761217152,8.70458613039042,0.0,6.0
824676,2026,0.5857807712141596,0.6108340262888141,8.68802238761954,0.0,13.0
823220,2026,0.517580021650063,-0.178065608172464,8.619836551146966,1.0,13.0
825081,2026,0.6714786821572595,1.9613583674112305,9.419265888925993,1.0,10.0
823297,2026,0.5670345615676389,0.43251020083592406,8.089298431899815,0.0,7.0
824921,2026,0.6289664667288196,1.4773646957253295,8.96105407439227,0.0,3.0
824840,2026,0.5258559037471727,0.010159913692610528,9.019292765223467,0.0,5.0
824028,2026,0.4579732374047054,-0.5350372278497708,8.979956429056859,1.0,3.0
824838,2026,0.4331382333851235,-0.9031512932654142,9.030494078028893,1.0,16.0
823380,2026,0.5076384110770032,-0.24960204839663722,8.4012329932659,1.0,3.0
824598,2026,0.4886957395280385,-0.4568889588817818,9.200716521058972,1.0,4.0
823784,2026,0.6121008753272271,0.8765346530912075,8.418426144805089,1.0,6.0
824107,2026,0.4646253379241101,-0.6158973367998374,8.531178319856977,0.0,7.0
823625,2026,0.542112294233035,0.4432293454430852,8.111314625989664,0.0,9.0
823219,2026,0.49572654694815826,-0.35120779193957646,8.472757469505392,0.0,8.0
824437,2026,0.6069146645565574,1.0442106169164582,8.524035876567323,0.0,12.0
823296,2026,0.5108646085221524,-0.4064655947539448,8.10610322874219,0.0,3.0
822899,2026,0.5581380745492871,0.6222200759417692,8.65125948537668,0.0,9.0
822812,2026,0.5441810506273742,0.4111670974169229,8.087363872030508,0.0,10.0
823948,2026,0.7302517904020002,2.124341727348682,8.996832615033187,1.0,8.0
825005,2026,0.506900346437432,-0.31086361601775825,9.404260611291413,0.0,11.0
824434,2026,0.5698842941427845,0.5864526698374882,8.164643355040301,0.0,9.0
824837,2026,0.44661945727515096,-0.6832935088208437,8.929161685842558,1.0,7.0
824275,2026,0.5990843825613359,1.212588773724847,8.740718557945142,0.0,16.0
823379,2026,0.5198964408837948,-0.07386830042308196,8.533209501451019,1.0,13.0
824758,2026,0.5168665161602065,-0.19869965944355467,8.502846386721103,0.0,13.0
822811,2026,0.5329868998354398,0.2247484216457121,8.403756878967318,1.0,9.0
823624,2026,0.5022463097491279,-0.37026301785071686,8.145734203253896,0.0,9.0
824597,2026,0.4850409357778828,-0.553282046301755,8.569489847067661,0.0,8.0
824106,2026,0.4316913844456182,-0.9134569209688412,8.890423079459879,0.0,16.0
823785,2026,0.5878165013558582,0.8972799009425156,8.402313578586254,1.0,6.0
822898,2026,0.5681465235709051,0.6652663326696654,8.614034320379238,1.0,17.0
825004,2026,0.5072439752706343,-0.2309080714853429,9.310675060600984,0.0,5.0
823294,2026,0.558158570097326,0.17192788286696903,8.452002188573788,0.0,7.0
823216,2026,0.4826602188849979,-0.6203862041831096,8.736787489649608,0.0,12.0
823949,2026,0.6983337156926646,1.5059685213305085,9.137643315845622,1.0,21.0
822809,2026,0.5709989449956362,0.4544176055952084,8.083877344829462,1.0,3.0
824432,2026,0.5912681201976021,0.6103086548530566,8.14733466760361,1.0,5.0
823783,2026,0.6119312509516992,1.000423148846487,8.436667351210389,1.0,3.0
825003,2026,0.4808520617728829,-0.7037466065962306,8.955195237310324,0.0,10.0
823217,2026,0.47213374151113063,-0.6440869526755073,8.47588799839533,0.0,5.0
823295,2026,0.4817963937065619,-0.5701800203059887,8.494391700007878,0.0,3.0
824836,2026,0.4378290681455628,-0.9005401484299891,9.038374081122145,1.0,13.0
824270,2026,0.5652467840662002,0.3889149932186939,8.167514996825817,1.0,4.0
823376,2026,0.5763694072174484,0.6308440557114778,7.807386765774194,0.0,14.0
824756,2026,0.4843911374640674,-0.6198773183652463,9.529533030663739,1.0,8.0
823626,2026,0.5065791103563737,-0.20214159959111289,8.416926122199552,1.0,6.0
824596,2026,0.517608639656233,-0.17908040852755266,8.882207163438268,1.0,17.0
824104,2026,0.44741260370418034,-0.7121157224710636,8.887183840820637,0.0,7.0
822897,2026,0.6188739022898071,1.1124586104405925,8.019154042096467,0.0,7.0
823947,2026,0.7493987625607358,2.2661955247529586,8.791440598566195,1.0,5.0
824272,2026,0.5693390907642173,0.550745875620944,8.607101043846347,0.0,8.0
824595,2026,0.5712974142040408,0.5459780205345685,8.359218172941029,1.0,8.0
824757,2026,0.4644351336797531,-0.8149152400948332,8.635819987941657,0.0,12.0
824834,2026,0.4811367364959383,-0.41993339552632425,9.124757184985889,0.0,3.0
823378,2026,0.5905548659274327,0.7132205734036958,7.6940798644925765,0.0,9.0
822896,2026,0.6266952895526466,1.1156063058475585,7.818444773714435,0.0,6.0
824515,2026,0.457267037647385,-0.72030279572673,10.082469690367136,0.0,11.0
822732,2026,0.5168946682113855,-0.15095780001460848,9.454666103500312,0.0,12.0
823377,2026,0.5439391882901178,0.18845053602895884,8.611993427443393,1.0,11.0
824835,2026,0.48130752556980916,-0.4021016535913164,8.937746389087122,0.0,11.0
824433,2026,0.5337778744984981,-0.005725816267897803,8.615723668459886,1.0,7.0
822978,2026,0.6204909755758461,0.8647038290128147,8.774221765931982,1.0,13.0
823623,2026,0.5030069376632017,-0.2316172470653398,8.317956094610894,1.0,16.0
823055,2026,0.4744636955874975,-0.588631338643033,8.839328990580013,1.0,11.0
824594,2026,0.521505272495087,-0.40471326072475117,9.273852989494399,1.0,7.0
822894,2026,0.5648144587069805,0.44400975227288536,8.403704075208749,1.0,10.0
824191,2026,0.4655316309913723,-0.8694019015104152,9.358307123699802,0.0,9.0
824353,2026,0.46032989361254084,-0.7044454292018625,10.660853082544268,1.0,14.0
825002,2026,0.4539108651526342,-0.841765830201625,9.439747951531702,0.0,10.0
823135,2026,0.56801360541016,0.42762233676335226,8.37909488681045,1.0,13.0
823946,2026,0.582853538343335,0.7153941517987874,8.253317638253083,1.0,6.0
824593,2026,0.5106381209969674,-0.3974973600693781,9.091159609691704,1.0,8.0
822731,2026,0.491204104881418,-0.4785167086859428,9.403498358958462,1.0,13.0
822893,2026,0.5537256852322153,0.16426042772398386,8.69380101534815,1.0,13.0
824833,2026,0.44894975353806754,-0.8964078488680022,9.211149215918976,1.0,11.0
823375,2026,0.5836015799852664,0.7218295979193179,8.58251047331375,1.0,19.0
824431,2026,0.5593936997139681,0.3791744018014645,7.784101925886407,0.0,10.0
822975,2026,0.6139367463619305,0.7923961106919722,8.162474773655623,0.0,17.0
823622,2026,0.5019087111631172,0.024003854724776747,8.441618120593269,1.0,7.0
824190,2026,0.4877394785807351,-0.5488093123103054,9.335061439064296,1.0,11.0
823054,2026,0.47375384404180404,-0.5293702388051028,8.392861263359801,0.0,7.0
824513,2026,0.4468272634674988,-0.9019873382634681,9.75044500473176,0.0,7.0
824352,2026,0.49511873599726436,-0.24545779393476233,11.923801471275738,1.0,11.0
825000,2026,0.4368093294932081,-1.1549390587291772,9.384568184891137,1.0,10.0
823132,2026,0.5857795380694827,0.584765972768991,7.750722230031633,1.0,6.0
823945,2026,0.5881272983594,0.6822586937851743,8.728034272995332,0.0,7.0
824832,2026,0.457088429291396,-0.7532593120125128,8.851721605907388,1.0,14.0
822729,2026,0.5160659910407476,-0.05339482964358987,9.81496829498658,1.0,6.0
823373,2026,0.603259950225434,0.7773465758845549,8.13630922175263,1.0,12.0
824430,2026,0.4961231512720596,-0.25197915660167286,8.416776403671928,0.0,13.0
822976,2026,0.6511290086824973,1.8998112104877976,8.427093928567835,1.0,7.0
824512,2026,0.4660553404729891,-0.7735476057331542,9.39393204313924,1.0,10.0
823621,2026,0.5399205611848888,0.5114463948024479,8.345748695838497,1.0,11.0
824592,2026,0.5633256307429746,0.48746696708977333,8.999303935567564,1.0,3.0
824187,2026,0.43879870286430456,-1.1643623364239448,8.982210787714987,0.0,2.0
822895,2026,0.5481535905453456,0.2534221778401683,8.520899104286828,1.0,9.0
824354,2026,0.4877807636727093,-0.344376879670708,10.354678956638343,0.0,25.0
825001,2026,0.4406143153344002,-0.9714874582443308,9.490376687057454,0.0,21.0
823133,2026,0.5269349317528497,-0.010196484792409654,8.915889079868531,1.0,5.0
823944,2026,0.6793867461611057,1.8120592881091397,8.550775291774942,1.0,10.0
823053,2026,0.49339052580646414,-0.2817179057213155,8.804361587520667,1.0,6.0
822974,2026,0.5815389374859534,0.9658793444209753,8.486296903553397,0.0,19.0
822730,2026,0.5498989222483572,0.5494313929772054,9.528146216884865,0.0,10.0
824510,2026,0.5553682955781258,0.0559578542378511,9.147409767769364,0.0,11.0
823702,2026,0.522665361186858,0.20151397552290884,8.829421843355627,1.0,15.0
823781,2026,0.5959119765979323,0.7910056831124699,8.169690809497617,1.0,18.0
823050,2026,0.4921305284273993,-0.55652927761605,8.447442253841544,0.0,3.0
824027,2026,0.5984757769327151,0.8630570040960702,8.914233049819247,0.0,17.0
825078,2026,0.44812805077729206,-0.908539896262703,9.458161463140033,1.0,5.0
823131,2026,0.5506088707942602,0.25424516844580636,8.591415855714374,1.0,5.0
822971,2026,0.5903258181134557,0.728544567295875,8.836165319583591,0.0,8.0
823460,2026,0.5214721273176741,0.07395148498018594,8.8849672334422,1.0,5.0
824754,2026,0.5658876205970048,0.4979493116038188,8.790716710628969,0.0,6.0
822728,2026,0.5129510581608427,-0.18803814002436167,9.366382922287364,0.0,10.0
823541,2026,0.6086697456800028,0.9272381165194783,8.670293601558871,0.0,13.0
824511,2026,0.5424817629514844,0.14249557167365542,9.034018492352045,1.0,7.0
824918,2026,0.5593564015691715,0.30436688155324204,8.711763590158997,1.0,7.0
823782,2026,0.6421690481071551,1.289904410879765,8.298366623335877,1.0,11.0
823700,2026,0.47104633001927426,-0.5917131581045147,8.868138136781958,1.0,10.0
823052,2026,0.47682026787154413,-0.6489753137944332,8.468679589191176,0.0,11.0
824675,2026,0.551375169833817,0.424542773681846,8.982710493416759,0.0,3.0
824189,2026,0.48365176054356424,-0.4625174227461244,9.217702248949875,0.0,16.0
824026,2026,0.5771943512840015,1.5896799189946917,9.067917212974002,0.0,10.0
825079,2026,0.5017130508181108,-0.35036106405422374,9.513158620806983,0.0,11.0
823129,2026,0.6051231265259726,0.7448652461220991,8.402290600039803,1.0,11.0
822727,2026,0.5172731122102909,0.08098809255060545,9.321157530761846,0.0,5.0
822973,2026,0.5909525113263063,0.7048636679264297,8.940674836234578,0.0,9.0
823701,2026,0.5297730014167131,0.6310948757568731,8.898348368992965,0.0,8.0
823130,2026,0.5648920366253508,0.37549948090725727,8.425403720133048,0.0,8.0
823456,2026,0.5738596026626327,0.37430089941923667,7.267615713011987,1.0,5.0
824755,2026,0.5575831722971809,0.6423120115941252,9.33054784808333,1.0,9.0
823540,2026,0.554287795251958,0.3161191249693893,8.876393554314017,0.0,9.0
824509,2026,0.5693653615401354,0.6666578861846314,8.6409097325459,0.0,7.0
824917,2026,0.5846650822222764,0.5807345151738502,9.072908218812392,1.0,10.0
823780,2026,0.5932741347998607,0.8754871475093541,8.554307091548562,0.0,1.0
823051,2026,0.4865535254314878,-0.5322351761397766,8.68628313803773,1.0,8.0
824671,2026,0.5638065102292812,0.5551797521143136,8.918110143243732,0.0,9.0
824188,2026,0.44261766758187326,-0.9015624437495253,8.527921170653789,1.0,20.0
824024,2026,0.5664207614140301,0.7159906222332517,8.80859278994262,1.0,15.0
825077,2026,0.43690925839504247,-0.970280239148956,9.151503667483631,0.0,7.0
823457,2026,0.5698648422144106,0.4497051615477099,7.739661753134522,1.0,10.0
824753,2026,0.5253922545473021,0.04936831215989437,9.33619851303826,0.0,10.0
823542,2026,0.5964491581340216,0.846293984679109,8.974596422878417,1.0,3.0
823779,2026,0.6394219681279002,1.2964974961258313,8.618805531037927,0.0,21.0
824919,2026,0.6344289440632507,1.132529437358222,8.451500055451788,0.0,9.0
823698,2026,0.5476466420066618,0.2854687009164056,8.778532087675417,0.0,14.0
824672,2026,0.5546931658921171,0.48963326418820136,8.951239306004593,1.0,13.0
824185,2026,0.4714484712485666,-0.4625200644810803,9.24873042437705,0.0,6.0
825076,2026,0.4448241924422639,-1.0734910793588215,9.30476810350742,1.0,5.0
824673,2026,0.5985707687145888,0.8278575234638526,8.805138993808406,0.0,21.0
824271,2026,0.4545060868839447,-0.8849644231764958,8.318953075906935,1.0,10.0
823455,2026,0.5692345637104449,0.2798507204743334,8.730834482497833,1.0,14.0
823538,2026,0.5545062387736405,0.5001695445132429,8.948883296639497,0.0,8.0
822810,2026,0.5730177739481453,0.6748778571062748,8.138168064761595,0.0,16.0
823860,2026,0.4930615646728459,-0.5878534356501651,8.704821868787985,0.0,6.0
824914,2026,0.5685237392620605,0.46370386814517434,9.002513677797738,1.0,9.0
824186,2026,0.5018933750971925,-0.14669898829162606,9.149006420055576,1.0,6.0
823049,2026,0.5589521239011329,0.34995121397817897,8.424330606084384,1.0,13.0
822892,2026,0.4907565216889412,-0.5183134750706325,8.44503367299353,1.0,5.0
823699,2026,0.5186345771357785,-0.14478828070011246,8.709789746892143,1.0,8.0
824350,2026,0.38384951957985536,-2.2953132712570326,11.394513439590973,0.0,16.0
825073,2026,0.5600697852468535,0.30928616173886125,9.346848208740594,0.0,15.0
823293,2026,0.5307408847957532,-0.15853600917802046,8.177522267178405,0.0,5.0
823943,2026,0.6321389755538447,0.9356615131916093,8.97037061190383,1.0,1.0
824269,2026,0.4721100505301278,-0.44694331641468354,8.921712441749092,0.0,4.0
823697,2026,0.5794927800115192,0.7107810271870428,8.652773543602134,0.0,5.0
823048,2026,0.5412048709305893,0.2994880381481185,8.519743688119075,1.0,11.0
824669,2026,0.5696610855075236,0.5597638297420395,8.638940959449346,1.0,5.0
822808,2026,0.5418107496542732,0.1969771061815568,8.222782421188874,1.0,10.0
823454,2026,0.5171944063236813,-0.12079597632701508,9.112063615284269,0.0,9.0
825075,2026,0.5547878985881439,0.7811355628696169,9.756351239750126,0.0,7.0
824184,2026,0.4980764657065265,-0.3610935144726707,9.198905591889714,1.0,15.0
824915,2026,0.5299192740727023,0.10180166563914071,8.688328392804966,1.0,9.0
823859,2026,0.4894679856572713,-0.72142601192698,8.720956884120204,1.0,7.0
822891,2026,0.5241851473013035,-0.06505195202546465,8.585163260447938,0.0,6.0
824351,2026,0.3726864397501707,-2.7191502317461764,10.335914683803024,0.0,8.0
823942,2026,0.719323239909877,2.2717320728022323,8.794438847911245,1.0,11.0
823292,2026,0.49577706638006835,-0.49075540191559475,8.355751405955626,1.0,5.0
823537,2026,0.5717492413066213,0.7475285471790035,8.339005176454162,1.0,7.0
824916,2026,0.5949099073737871,0.6688299772708676,9.028335786014345,1.0,5.0
823453,2026,0.5281324062379916,0.14297202407488707,9.071857187177542,1.0,14.0
822807,2026,0.5864359091180139,0.6425865779256348,8.404822983981067,1.0,10.0
824268,2026,0.449059386896851,-0.6774853232920648,8.79430717517088,1.0,9.0
823857,2026,0.5055978353688743,-0.3258911411128021,8.872999769258104,1.0,5.0
824183,2026,0.512491573698368,-0.10950839090965413,9.22905722479305,0.0,5.0
823696,2026,0.5113728675702045,-0.10939577209587252,8.793742622460412,0.0,11.0
823047,2026,0.5633849528479327,0.31567857214679756,8.510759590561705,1.0,8.0
822890,2026,0.5499773959211605,0.2092343782817037,7.92817539255081,1.0,10.0
824349,2026,0.3800233270503123,-2.678044054319044,11.940914353654414,0.0,16.0
825074,2026,0.5398798863252848,0.23800779478703846,9.152357400187373,1.0,6.0
823941,2026,0.6676762027927923,1.0578480305720908,8.853309518785796,0.0,18.0
823291,2026,0.5344257645909865,-0.004116162443905483,8.43864332272719,0.0,10.0
824670,2026,0.5587442255645934,0.4394675149717099,8.985067893947695,0.0,3.0
824829,2026,0.458752962501325,-0.8109137891814161,9.692197183025478,0.0,9.0
824427,2026,0.5003134039526685,-0.3876726473810949,8.181670871462943,0.0,12.0
822972,2026,0.5322511202155027,0.19473754903905696,8.50942934326044,1.0,4.0
822806,2026,0.47866231795635855,-0.6329645899803472,8.504159129041478,0.0,7.0
824025,2026,0.4662009067148163,-0.5246997997488364,9.228036648917678,0.0,9.0
823289,2026,0.5148279709995814,-0.06783212919540067,8.627932629123645,1.0,8.0
823218,2026,0.5499644618360207,0.37254203939131864,8.931493868438151,0.0,7.0
824998,2026,0.4377157980804924,-1.5582886192215843,9.33098057474532,0.0,29.0
824830,2026,0.46785397767632975,-0.7530748059936099,8.86546035503893,0.0,11.0
823374,2026,0.5543759978911953,0.01536286362606224,7.99526265427983,0.0,15.0
822969,2026,0.5397007507971378,-0.1043644779860559,8.74846064983409,1.0,7.0
824267,2026,0.5423962352210285,0.007193562641220258,8.642284751048082,1.0,14.0
823858,2026,0.5449022473217378,0.2518592243149966,8.50148227151437,1.0,16.0
824429,2026,0.4869128107975023,-0.4586417158597368,8.784345643542027,0.0,5.0
822805,2026,0.49681800192836456,-0.2163460550825934,8.213293331524971,1.0,5.0
823620,2026,0.5445077136549532,0.14275257875609065,8.170355998079236,0.0,7.0
824591,2026,0.47807571625373124,-0.6122099419590171,9.419506233402034,1.0,11.0
824105,2026,0.4445122518497808,-0.9444423632633372,8.874992608100172,1.0,8.0
824347,2026,0.4405372138323161,-0.5712256549971549,11.912510445027833,1.0,10.0
824023,2026,0.4833451171949018,-0.2673633905266721,9.041476522127963,1.0,11.0
823290,2026,0.5132836070375698,-0.06479634818625614,8.129025502999063,0.0,8.0
823214,2026,0.49347815371322923,-0.3652806637431054,9.524550963695994,0.0,9.0
824999,2026,0.464056177312049,-1.3623784906458305,9.815485320380663,1.0,12.0
822970,2026,0.6001872778358558,0.7676528749935443,8.199517415408032,1.0,12.0
824428,2026,0.5033523908986763,-0.2495722093526907,7.950278207989986,0.0,12.0
823215,2026,0.49465576836771286,-0.42267660898880693,9.416050059541819,1.0,21.0
823287,2026,0.5718114842088181,0.7219103178171694,8.424863129863118,1.0,9.0
824831,2026,0.44519202049499385,-0.7976014545813389,9.473881098950649,1.0,9.0
823372,2026,0.44404856574319085,-1.0273459182255649,8.60313267861554,1.0,17.0
824266,2026,0.5821514221887729,0.5650069212062717,8.504485637924947,0.0,10.0
823856,2026,0.5223639203784572,-0.160180326655371,8.755361902327747,1.0,8.0
822804,2026,0.4800687633748552,-0.7086345688261803,8.73958218269162,0.0,11.0
823618,2026,0.5142496491963408,0.21323427789170446,8.37951534427159,0.0,11.0
824103,2026,0.4648134911130511,-0.5149997362667748,8.654514705397643,0.0,10.0
824590,2026,0.45353555077670704,-0.8131516526342972,8.664086990396301,1.0,3.0
824348,2026,0.43545451059342954,-0.8884041856276448,12.267765336022144,1.0,5.0
824996,2026,0.48711989873319844,-0.9072713291411048,9.872938467804614,1.0,7.0
824022,2026,0.5040347974324554,0.21031383959407496,8.926707758727892,1.0,5.0
823619,2026,0.5045247525766243,-0.29662290688430654,8.163052577199046,1.0,9.0
824265,2026,0.5266636262740589,0.03888367608268294,8.805615280213132,1.0,11.0
823855,2026,0.5471856877145611,0.25387085901204665,8.488362062059595,1.0,2.0
824101,2026,0.4835202390169102,-0.21240731812832134,8.905099938366405,0.0,6.0
824346,2026,0.43809208110855313,-0.7556599857870296,11.396238051257182,0.0,12.0
823371,2026,0.4635634233763606,-1.0638960737373149,9.20378921239669,0.0,14.0
824827,2026,0.44318866368542914,-0.9068209362081059,8.959455782669375,1.0,12.0
823370,2026,0.5707650355404655,0.6161667462450763,9.116213324187434,0.0,11.0
822726,2026,0.48777982219045524,-0.37698067751889675,9.952936086970348,0.0,12.0
824826,2026,0.5168715323314755,-0.04978132154394611,9.355709030235797,1.0,10.0
824425,2026,0.5254358323755843,-0.11434405424285442,8.5733279294075,1.0,5.0
824752,2026,0.512300645352337,0.022233533734396235,9.294203873604998,1.0,11.0
824507,2026,0.5085398529731702,-0.14453965772169133,9.404668620417711,0.0,7.0
823617,2026,0.4891154297258938,-0.2845219032539943,8.473406221362826,1.0,12.0
822803,2026,0.4816347971455837,-0.5337529147793204,8.896056604787976,1.0,13.0
824588,2026,0.4485690364297016,-1.0133756002628818,9.79561148827594,1.0,10.0
823778,2026,0.6069188672126864,0.9058541841892123,8.46336079584397,1.0,6.0
824102,2026,0.5051438507947629,-0.11128861052803447,8.816531414777936,0.0,18.0
823695,2026,0.4873892464560114,-0.2930799613582407,8.70264883701652,1.0,17.0
824020,2026,0.4353344043324666,-0.8656532491390828,8.883833952740243,1.0,7.0
824997,2026,0.6457684866533859,1.1096672746879355,9.497402450645897,1.0,10.0
823211,2026,0.4757389382781998,0.04958293087831593,9.35716815293162,0.0,6.0
823694,2026,0.4690390113009178,-0.39476513692943077,9.241909794919595,0.0,15.0
822802,2026,0.4662909482189299,-0.7701471791732328,8.316184925531674,0.0,4.0
823369,2026,0.5125759649649239,-0.12094878222084922,9.209994463005744,1.0,5.0
824828,2026,0.5150073523423595,-0.10378580215348598,9.537107307976573,0.0,12.0
822725,2026,0.48825514624766386,-0.3163946202427887,9.548755754671625,1.0,11.0
824508,2026,0.45292944627304493,-0.6868938583370676,9.449017252000742,1.0,3.0
824426,2026,0.47013595879953063,-0.7063749310295492,8.004552185569722,1.0,4.0
824749,2026,0.5233523594982594,-0.19219482262898682,8.537771434315118,1.0,9.0
823616,2026,0.46211986646235753,-0.8099057784080117,8.814927896813122,0.0,4.0
824587,2026,0.44847569188394937,-1.0364233349682175,8.964695952160714,0.0,8.0
824100,2026,0.520823682437337,0.3178849346590605,8.463735007389516,0.0,15.0
823776,2026,0.609339881055352,0.9400695439370772,8.470380599066717,0.0,17.0
824995,2026,0.6403665157943912,1.0841236152475635,9.591497421166292,1.0,12.0
823213,2026,0.4539256805466501,-0.7581316448979786,9.268793308825035,0.0,7.0
824019,2026,0.4785728921069851,-0.4837673858862349,8.726008875213196,1.0,8.0
823368,2026,0.5734680269789135,0.3927364207394112,8.545252138991067,0.0,6.0
822722,2026,0.46749065980133386,-0.9044636520713357,9.679249946715606,1.0,11.0
824823,2026,0.5368431874225503,0.3892450821106461,9.2853839585133,0.0,7.0
822801,2026,0.45526729432630647,-0.6744538713351065,9.286394942298681,0.0,11.0
824506,2026,0.5203153862479238,0.15054185341622586,9.397730580814821,0.0,8.0
823615,2026,0.47360104265764635,-0.607480289462853,8.215119153762684,1.0,9.0
824099,2026,0.4964168796232285,-0.1297638613490133,9.018155987766326,1.0,4.0
823693,2026,0.4475439308158817,-0.7313317368479789,9.443335046689217,1.0,9.0
824586,2026,0.46878512112314175,-0.9254720675306971,8.77503914243201,1.0,10.0
823777,2026,0.5500185260212371,0.35657098176281044,8.077828948221917,1.0,4.0
824994,2026,0.6572224287149733,2.0718690046056865,9.630279530161001,0.0,32.0
823212,2026,0.5076403500396286,-0.0188735509984602,8.564851597201926,1.0,6.0
824021,2026,0.46304976994681346,-0.6407228531996009,8.978227910095567,0.0,11.0
824751,2026,0.49913543698879964,-0.3425671757109638,9.05990143238779,0.0,10.0
823452,2026,0.5955666945599833,0.6698436656172245,7.8293232416080025,1.0,7.0
822724,2026,0.5924812568850107,0.6671048297114612,9.513961314850668,1.0,10.0
824505,2026,0.5387081528176944,0.4402738247973733,8.585275386908162,1.0,12.0
823046,2026,0.5353343620792057,0.09097210302123176,8.917321100078844,1.0,3.0
824666,2026,0.6670760469142937,1.4626836677947948,9.088311130223918,1.0,9.0
822887,2026,0.5784862993762317,0.6548837211294716,8.37936131997511,0.0,6.0
824181,2026,0.4871096169257556,-0.4306908830471015,9.186319249012033,0.0,12.0
825071,2026,0.5481244670083885,0.12902308893311795,9.18868273704104,1.0,7.0
824993,2026,0.4937353692972944,-0.38653159067707277,9.507904464408599,1.0,13.0
823938,2026,0.5832209229700411,0.7034658267693811,9.426622865402223,1.0,7.0
823451,2026,0.5615343289893664,0.49081297757210307,8.774892924345393,1.0,10.0
822723,2026,0.5506160925863894,0.3013891672383765,9.480855232105698,1.0,10.0
824750,2026,0.4948740931745323,-0.6946093169173458,8.66422526195434,0.0,7.0
823535,2026,0.5792298247110069,0.5079263536569356,8.935845330194482,1.0,14.0
824504,2026,0.5318430900745333,-0.14418189875671786,9.494876001892932,1.0,8.0
823775,2026,0.5605077635732382,0.6057777821976651,9.094043380124575,1.0,3.0
823045,2026,0.527409808877066,-0.3203252759057139,9.060383144049023,1.0,5.0
824667,2026,0.6779891108589083,1.6158086035880042,8.99037995402757,0.0,7.0
822888,2026,0.5538997660057915,0.5955205123306765,8.715152812527354,0.0,14.0
824182,2026,0.5356141143135599,0.29155519755993575,8.284566051020764,1.0,6.0
825070,2026,0.5269947417929189,-0.2166206241713642,9.019645916612776,0.0,7.0
824991,2026,0.5006484458815883,-0.12140709102096159,9.613550430541652,0.0,11.0
823128,2026,0.6260431913093782,1.219402717861551,8.59476203043158,1.0,4.0
823939,2026,0.5945727335318134,0.7247114285925389,8.945218533405964,1.0,1.0
824503,2026,0.5115443015338148,-0.5126610992240641,9.012501947246268,0.0,10.0
822721,2026,0.5696540348812633,0.2810450369232831,9.836801704515633,0.0,8.0
823450,2026,0.5114173139936866,-0.2626724186024247,9.35370421410726,0.0,16.0
824912,2026,0.6076168337928418,1.0684614540713004,9.155612914936974,0.0,9.0
824178,2026,0.4743141430675839,-0.7170750662766657,9.163371955488849,1.0,6.0
823044,2026,0.534417323886017,-0.20629242823286553,8.568726508980848,0.0,7.0
823940,2026,0.6226204492573586,0.9887177608166305,8.67353769138734,1.0,9.0
825072,2026,0.5659640670370404,0.3432979079449753,9.15766659609078,1.0,9.0
824746,2026,0.5142855882211593,-0.38282157013785956,9.367650666255923,0.0,3.0
823536,2026,0.6459776807565799,1.4132969047384416,8.79795215417472,1.0,15.0
824913,2026,0.6223342840804204,1.472715644764584,9.05005232967511,0.0,12.0
823774,2026,0.5497967692372012,0.40914371463131927,8.880378039259174,1.0,13.0
824668,2026,0.6561160185402818,1.208881615247006,9.030272293459852,1.0,14.0
824992,2026,0.4718674312815644,-0.7061104916790338,9.67074186434926,0.0,16.0
823127,2026,0.5843864210665083,0.8486344390426579,8.49000398770458,0.0,8.0
824748,2026,0.53158433421384,0.11691342782640188,9.027948542727122,0.0,7.0
823772,2026,0.5645772429502951,0.47310787842232377,8.50979356598809,0.0,6.0
822889,2026,0.5092178116504421,-0.2154267927877446,8.344770611689665,0.0,12.0
823125,2026,0.6267973073477645,1.0873505820260074,8.26179784893056,1.0,3.0
823448,2026,0.5294514386636058,-0.17741887483242344,8.993636730299917,0.0,10.0
823533,2026,0.6073508442337704,0.9224844240984521,9.083998444015412,0.0,6.0
824098,2026,0.47994122316829413,-0.35077018061025744,8.722890723495723,1.0,20.0
824989,2026,0.5681056813581589,0.6539491330907496,9.71251434338022,1.0,5.0
824663,2026,0.5253473084622864,-0.08247839584655901,8.547598625111988,1.0,18.0
824264,2026,0.5861948597862031,0.6344729066906779,7.2760889920011165,1.0,7.0
823534,2026,0.6594706167420409,1.4477185020256969,8.731780596482352,1.0,5.0
823853,2026,0.5339498447004583,-0.22462862204614215,8.443236968720132,1.0,7.0
822966,2026,0.5686982126043335,0.5538629127490762,8.36802916304872,1.0,7.0
824910,2026,0.49249366679569545,-0.6235477173354106,8.351304285164566,1.0,5.0
822886,2026,0.5722210666868119,0.6777237430697611,8.233123347869311,1.0,16.0
824179,2026,0.4767382641670341,-0.39088610335822616,9.2433545844506,1.0,12.0
824097,2026,0.4678756555261872,-0.3299731204981217,9.087908607763287,1.0,11.0
824345,2026,0.45236573575392364,-0.6550053999729376,11.245147578292046,1.0,7.0
824990,2026,0.5236654232783176,-0.11587869576569443,9.50501593358702,1.0,23.0
825069,2026,0.5619978931239075,0.3986256632540854,8.93770998340316,1.0,14.0
823936,2026,0.6421536073678102,1.555321405165649,9.369333553256126,1.0,11.0
823124,2026,0.5028285817414272,-0.32789221205716396,8.49620637777123,0.0,8.0
824263,2026,0.48647930789448096,-0.26118440376445823,8.831417794805455,1.0,5.0
823532,2026,0.6176630512203417,1.2516292813271885,9.022614719957263,0.0,12.0
824665,2026,0.5453273778650266,0.268630900360331,9.20953018285617,0.0,14.0
822885,2026,0.5463884625696518,0.16564556036629616,8.466084317368788,0.0,10.0
824909,2026,0.5753677894862536,0.16484996266172494,8.306232248087383,1.0,7.0
823854,2026,0.5654426973572607,0.4583085432873236,8.278151378166092,1.0,9.0
822967,2026,0.5384995427480662,0.06935721042071655,8.407328661927579,0.0,7.0
824180,2026,0.5038622998512511,-0.27058407416656016,9.069805546782055,0.0,9.0
823447,2026,0.577457629714157,0.30892012378826084,7.467455751309892,1.0,18.0
824342,2026,0.4592395820518634,-0.682732588008132,10.238628184437355,1.0,3.0
824988,2026,0.5470411046236484,0.1461880517425309,9.648140943882423,0.0,7.0
823937,2026,0.6591720426071865,1.4445926541690113,8.879743528515387,0.0,5.0
823126,2026,0.5437626768194759,0.28555960911317024,8.761302475015398,0.0,6.0
825068,2026,0.5190379298131115,-0.017256948763667776,9.544952736445628,0.0,24.0
823531,2026,0.5702622210341707,0.385703361666267,8.785148593056682,0.0,5.0
824908,2026,0.5603690097969435,0.3201575314170883,9.390327370251264,0.0,13.0
822968,2026,0.5439021645871115,-0.01405064496707696,8.571234654618241,1.0,7.0
824260,2026,0.5040624592395953,-0.16419657085324232,9.066660568674026,1.0,9.0
823852,2026,0.5032388206187863,-0.2539596470292219,8.518141560631532,1.0,3.0
824095,2026,0.4866014185632214,-0.31340225495090707,8.678742835720769,0.0,22.0
824177,2026,0.4827476330103145,-0.33589409823158733,9.209857681647481,1.0,3.0
822883,2026,0.5672965826717649,0.3699385221823544,8.098359061878178,1.0,7.0
824343,2026,0.4531538460247416,-0.5376485857944922,11.294667652602673,0.0,14.0
825067,2026,0.5354624008286025,0.2526003640269339,9.397841041526876,0.0,6.0
824987,2026,0.5105199286218499,-0.3424357184703192,9.32290268790964,0.0,16.0
823934,2026,0.6607779955945648,1.4338493211568868,9.129910689811622,0.0,13.0
823123,2026,0.5650745602367938,0.3523269054357273,8.237596475018321,1.0,4.0
823449,2026,0.6056161972820595,0.6826019821807463,7.964194948769919,1.0,8.0
824261,2026,0.4818030953610929,-0.4957414162968901,8.901852984034855,1.0,8.0
822964,2026,0.5910697215607449,0.8886411510312613,8.148371129327815,0.0,3.0
823851,2026,0.5264331074023031,-0.21483919267666893,8.64090418870918,0.0,7.0
822720,2026,0.5016223921052464,-0.24213437244772504,9.33776429135335,1.0,5.0
822800,2026,0.5283253837894883,-0.05646108468403257,8.103221277186066,1.0,6.0
824502,2026,0.43447297321527784,-0.9597310698437878,9.39920856934703,0.0,3.0
824585,2026,0.49862086769105884,-0.5587935067075233,9.325479472352132,1.0,11.0
823692,2026,0.4539682368364447,-0.9187327872932717,9.527526780396553,0.0,3.0
823040,2026,0.5321152142658254,0.04472882698174375,9.438611702622639,1.0,5.0
824344,2026,0.45946147395389825,-0.5673064020572673,12.131644380283207,1.0,5.0
824016,2026,0.454130166233593,-0.5691531287887532,9.632771134933135,0.0,7.0
823288,2026,0.4920150849813308,-0.303231386540652,8.563763516549932,1.0,1.0
822799,2026,0.5345370990300613,0.06708464380640485,8.926865973771326,0.0,16.0
823365,2026,0.4939031230222306,-0.4714625120834512,9.14400964586275,0.0,5.0
822963,2026,0.5989007900069678,0.8580399348590497,8.268687060996726,0.0,17.0
823849,2026,0.5686066433354643,0.5633570845638741,8.89778402821573,1.0,10.0
824262,2026,0.46740271629200186,-0.6294442569164469,8.399251602454717,0.0,7.0
822718,2026,0.4630487283905984,-0.7139637793887619,9.25968020110458,0.0,23.0
823614,2026,0.4632711647629842,-0.536469185437427,9.006020759906457,0.0,15.0
824501,2026,0.471159213795911,-0.7255769199818914,9.445525776879217,0.0,2.0
823690,2026,0.43873325646816247,-1.1988518408368798,9.441637595913512,0.0,15.0
824584,2026,0.48287714203161713,-0.5790152016895324,8.92240677108152,1.0,3.0
823043,2026,0.5482999515667522,0.16791241581236568,8.879031597030576,0.0,7.0
824340,2026,0.4458316749163994,-0.8364605749902032,11.091488266770698,0.0,7.0
824017,2026,0.46371345302300115,-0.39059099913202083,9.73936264862577,1.0,6.0
823286,2026,0.4979078594066273,-0.25241481969236274,8.416874768201746,1.0,13.0
823210,2026,0.5259112321202327,0.2785856604487612,9.591293571873779,1.0,4.0
823850,2026,0.4947346721626244,-0.545963796027281,8.371774792247829,1.0,6.0
823613,2026,0.5207852605543624,0.20788691621167285,8.635717737687497,0.0,13.0
824583,2026,0.4971124715443146,-0.493914069458854,9.312613741789413,0.0,7.0
824341,2026,0.4499719129360657,-0.818408974955311,10.437892766286591,1.0,14.0
824018,2026,0.5005330471715105,0.10085854755824906,9.31822906018562,1.0,13.0
823367,2026,0.509055693514203,-0.2740386210255715,8.1760888352601,1.0,12.0
822965,2026,0.5560307859335482,0.44577138787672355,8.418136105924754,1.0,8.0
824259,2026,0.529738388780939,-0.05934653090021049,7.22981862912165,0.0,6.0
822719,2026,0.49082608805583816,-0.41247585978722306,9.709590086251572,0.0,9.0
822798,2026,0.5561573805512371,0.3085842719440561,8.872624261733295,0.0,4.0
824500,2026,0.4388530968035883,-1.191014181745717,9.619785268787188,0.0,11.0
823611,2026,0.46453680389372287,-0.529708453716237,8.96035007022869,0.0,15.0
823691,2026,0.458908014966916,-1.4090674748358096,8.438830758847441,0.0,7.0
823041,2026,0.5282752652948532,-0.07779480203561802,9.021180203468875,0.0,13.0
823284,2026,0.47591096420421714,-0.6390456836019667,8.765609315119537,1.0,7.0
823208,2026,0.49668736013112325,-0.23688524778127815,9.440349108738387,1.0,3.0
822961,2026,0.5692762838660097,0.6186502271260289,8.607949689745016,1.0,15.0
823366,2026,0.5184305654351223,-0.20029427916517378,9.11664827510947,1.0,6.0
823209,2026,0.5469939865151486,0.26798814892820416,9.36162244470593,0.0,15.0
824258,2026,0.5452660637564377,0.14075725347973334,8.978185414621409,0.0,3.0
822717,2026,0.4788656332970589,-0.6291163631008463,9.001864510161035,0.0,15.0
822797,2026,0.5381862919912258,-0.10730785512203195,8.708729449188185,0.0,11.0
823612,2026,0.4643598823953369,-0.9270854380733249,8.78454234316052,0.0,7.0
824747,2026,0.44921377024038445,-0.867019683845762,9.19590649193333,1.0,9.0
824255,2026,0.539489703700132,0.15702944479549438,9.028726664348277,1.0,8.0
823363,2026,0.6133509005244908,0.9232527629108295,8.627191040684638,0.0,10.0
824824,2026,0.5190081218700032,-0.13932807414534604,9.123706699283197,1.0,4.0
822796,2026,0.48067564424440107,-0.5353966396940382,9.109487303030424,0.0,9.0
824423,2026,0.5087574458839886,-0.20046893271812918,8.461443860514159,0.0,4.0
822962,2026,0.5786959257842316,0.5565797943047512,8.781550170634253,1.0,7.0
823610,2026,0.46551476039730927,-0.914761322971798,8.349955680316201,0.0,3.0
824743,2026,0.480521703691856,-0.5288411845440926,9.302740921498884,1.0,7.0
824582,2026,0.5409737474266956,0.21598102089722165,9.329124530843771,1.0,23.0
823773,2026,0.6250229817870201,1.0442296269952427,8.280495862026841,1.0,8.0
823688,2026,0.606559783968885,2.0111293952093177,9.631968451705573,1.0,17.0
823039,2026,0.4998253141276346,-0.2493495191888985,9.236382570471052,0.0,4.0
824014,2026,0.510019796563339,0.03128157218284559,8.76046223539809,0.0,12.0
823285,2026,0.4996870359155854,-0.6345389722538698,8.945013199141545,1.0,8.0
823206,2026,0.4570603615677423,-0.3748362028760902,9.504449092827098,0.0,4.0
824257,2026,0.5694163246217196,0.568602931207471,8.617358662815287,0.0,14.0
824745,2026,0.4966104021389323,-0.3033247597121829,9.524999858559077,1.0,5.0
822794,2026,0.5633567579788868,0.5010829346614064,8.747257665531848,0.0,11.0
823364,2026,0.5061688674762825,-0.28296832514921366,8.640851216054,0.0,16.0
823609,2026,0.48998528679509734,-0.6944986383551134,8.603253073064105,1.0,8.0
824581,2026,0.5775947255470723,0.6446938611807594,9.255671977354288,1.0,3.0
822960,2026,0.5446593601681606,0.37518955287504446,8.530070947886037,1.0,6.0
824825,2026,0.5143937028049487,-0.3521380902930689,9.61188169928853,0.0,7.0
823689,2026,0.5903386104347988,0.7105566926682719,9.926843269875878,0.0,13.0
823770,2026,0.5891696068599535,0.7671664322783129,8.378840936982927,0.0,10.0
824421,2026,0.47238795648222015,-0.5142703986776819,8.331202272157244,1.0,7.0
823038,2026,0.5247385492648535,-0.07487683329388284,9.361993327464466,0.0,6.0
823283,2026,0.46373290808960527,-0.8345349733338848,8.46888498631341,0.0,18.0
823207,2026,0.4900580866750221,0.008569295860115029,7.669803571756239,1.0,5.0
824015,2026,0.5288724984425666,0.4116302145713724,9.197366824876873,1.0,7.0
824821,2026,0.5509510236062685,0.5803813989409349,9.221423544100986,0.0,10.0
823362,2026,0.5591520874318644,0.5460158695421437,9.426878682115383,1.0,13.0
822795,2026,0.5198474632496822,-0.13676958154304322,9.171983640332366,0.0,5.0
822959,2026,0.6023642258551363,0.7714190113969777,8.1313416101803,1.0,6.0
823608,2026,0.47266191533608454,-0.8011372661299031,8.478106328077638,0.0,9.0
824256,2026,0.49752697780736804,-0.18120758932753794,8.262362624949048,0.0,12.0
824422,2026,0.5265606535106704,-0.05123544084960134,8.292621131813116,1.0,11.0
824580,2026,0.5758376652735997,0.3890647313683778,9.361991873068341,0.0,9.0
823769,2026,0.6280666028101586,1.1406740061853538,8.532670393284278,0.0,7.0
823686,2026,0.5814021970702548,0.8268581588232109,9.613547785972035,1.0,5.0
823037,2026,0.5118138085343785,-0.18872562975154294,8.63506939774776,1.0,3.0
824011,2026,0.49085171835978053,-0.02596399648657811,9.80748493759858,1.0,5.0
823204,2026,0.4291713344831402,-1.0131250655827468,8.843142390981852,1.0,5.0
823281,2026,0.48831565455578607,-0.6714020931452438,8.461174424045753,0.0,6.0
824744,2026,0.486506723895938,-0.5142750415618143,9.149618821837224,1.0,9.0
824822,2026,0.5007843921769347,-0.24916055779592433,9.329184077264552,0.0,10.0
823444,2026,0.48297985510208746,-0.5373729123336226,8.824130381506079,0.0,18.0
823529,2026,0.5637836276037494,0.47633671941314515,8.782077493569854,0.0,10.0
822792,2026,0.5427767231480658,0.07209799673998893,8.922359570028332,1.0,3.0
824741,2026,0.6095803114308627,1.315916521254113,8.772068938132051,1.0,9.0
824420,2026,0.562503492972978,0.5444819717886327,7.8896593712152585,0.0,9.0
823771,2026,0.592941347806248,0.9957435780083275,8.775308803184648,1.0,8.0
824662,2026,0.564823270043085,0.3477211028824523,9.14086573203218,1.0,5.0
824176,2026,0.5400112426524423,0.19142037045774768,9.370961177459376,0.0,9.0
824339,2026,0.431881447411369,-0.8046650839633831,12.104857045573,0.0,17.0
824986,2026,0.4770489106791019,-0.9980144577170647,8.609974162319867,0.0,13.0
823121,2026,0.6105773673299507,1.101157944099221,8.249587393458173,1.0,8.0
825065,2026,0.5251964026484026,-0.09044992037445874,9.403681144376593,1.0,9.0
824819,2026,0.4860329649959266,-0.1934249247671888,9.543470515922477,0.0,12.0
824418,2026,0.49593855683493565,-0.5239111873832422,8.224335001372463,0.0,6.0
823445,2026,0.5947838918154082,0.39762325005490184,7.6826961119121595,1.0,8.0
823528,2026,0.5450977842248238,0.22174388852742635,8.079532756126488,0.0,12.0
822793,2026,0.5488547559402458,-0.15549281620512492,8.405483448593916,0.0,3.0
824742,2026,0.5433430218473,0.10560869058034142,9.393987566264467,0.0,9.0
824907,2026,0.5724054973484027,0.5687884344799312,8.998929345083374,0.0,8.0
824096,2026,0.4594911529606918,-0.6162760112414406,8.78596441928447,0.0,14.0
823768,2026,0.6062184659236514,0.8616662724124532,8.818413564348555,1.0,9.0
824661,2026,0.5980441804981594,0.7509105823063135,8.841892974002478,1.0,16.0
824175,2026,0.4909871664534303,-0.5609249014314089,9.01293029187417,1.0,10.0
824338,2026,0.4528885962266721,-0.6944600907909472,10.309330016792696,0.0,17.0
824984,2026,0.4119935669596255,-1.4977877804237172,9.71528268287518,0.0,12.0
823122,2026,0.627746339463377,1.14154329186981,8.066485985925265,1.0,11.0
825066,2026,0.5094268252561496,-0.37036484870305997,9.230258350941488,1.0,10.0
824818,2026,0.48383328201740755,-0.35428480834986714,9.244092581206846,1.0,7.0
824419,2026,0.49819331672704303,-0.40907601400392096,8.281381813090706,1.0,13.0
824740,2026,0.5582284790465154,0.41018155729684275,9.059881144180112,0.0,12.0
823530,2026,0.571586426071161,0.814758781200918,9.125352788590607,0.0,8.0
824660,2026,0.560187924263346,0.31231006926664956,9.367269845137582,1.0,26.0
822791,2026,0.5306490750850743,-0.07207145831305271,8.745741440955845,1.0,12.0
823446,2026,0.5125293737639754,-0.3963760094292123,7.822051042886967,1.0,16.0
824905,2026,0.5415618995259169,0.4740076071422039,9.094763678754664,1.0,6.0
824094,2026,0.4420343491635526,-0.7732482865066254,9.297837707690704,0.0,4.0
824174,2026,0.5303355695704589,0.059591491846990766,9.295092850919573,0.0,11.0
823767,2026,0.6234406454733409,1.2458897443385424,8.597232557253385,1.0,6.0
824337,2026,0.43453660131032273,-0.8896782096973851,12.025474888243368,1.0,9.0
824985,2026,0.42889820064659273,-1.4500743611527733,9.832129212676305,1.0,8.0
825064,2026,0.5219000590941681,-0.07114749757360785,9.519879592449907,0.0,10.0
823442,2026,0.5509263356489112,0.577469741744035,9.303408252881926,0.0,7.0
823765,2026,0.6200984977312443,0.7741124967637322,8.18791274090841,0.0,9.0
824335,2026,0.4468476018436985,-0.5989013080128408,11.98293634643586,1.0,18.0
824416,2026,0.5152422301322076,-0.13881231632290159,8.604354292587878,1.0,11.0
824906,2026,0.5851089111650221,0.4766957813764688,8.66303078917946,0.0,16.0
824093,2026,0.4446966242264599,-0.7228888657467664,9.406331254269421,0.0,7.0
822884,2026,0.5560003496894089,0.0703892348747953,7.721802086123582,1.0,14.0
823119,2026,0.5750305307029057,0.6179801740848258,8.333024647206162,1.0,1.0
823935,2026,0.6195020615818051,1.1250346924329397,9.35165476170199,1.0,19.0
824659,2026,0.5608256037478371,0.6172360745713218,9.249946972927965,0.0,18.0
822714,2026,0.5028877718392282,0.0737336514539493,9.199588650796862,1.0,14.0
823527,2026,0.6016637388359097,0.9633184503464061,9.231399332770412,1.0,7.0
824498,2026,0.4841803302446248,-0.39358969197018095,9.045442106814434,0.0,3.0
824417,2026,0.5392642648768565,0.05152216578711884,8.25361314340471,1.0,7.0
824904,2026,0.5767367778191307,0.5575278040170175,8.918010709903164,1.0,8.0
824336,2026,0.4555186724991385,-0.7999145851155218,10.75452160963476,1.0,18.0
824173,2026,0.4624667525144862,-0.650102242148073,9.437245480520108,0.0,4.0
824013,2026,0.48738948983945124,-0.11699816410984212,8.954642851274986,0.0,7.0
824982,2026,0.4887138671687436,-0.418248927172854,9.532558627735527,0.0,17.0
825062,2026,0.4409864628945415,-0.9525612202812559,9.009056229586353,0.0,11.0
823120,2026,0.4907350293392841,-0.5258473992900137,7.6887626710824994,0.0,2.0
823933,2026,0.6704212413989928,1.8411634092593516,8.772764652183978,1.0,7.0
822716,2026,0.44684168094292204,-0.8614321906738864,9.30396508111247,0.0,8.0
823526,2026,0.5654015444954215,0.5819485595140996,9.075523565112087,0.0,15.0
822882,2026,0.5137316853758811,-0.4898455428707834,8.991231427527943,0.0,3.0
823118,2026,0.6015839302202393,0.7677513447802236,8.026309318444609,1.0,11.0
824499,2026,0.5413503151563418,0.3761231921695729,8.859114040925409,0.0,13.0
824171,2026,0.4982622672735852,-0.6190530993189824,8.148023550853297,1.0,18.0
824415,2026,0.5862397484614318,0.2372193037905893,7.770231577572345,0.0,4.0
824658,2026,0.5365145814694912,0.2787090927059118,9.274755210172536,0.0,3.0
824903,2026,0.6648351638609826,1.4321559382559073,7.7980497829591116,1.0,17.0
824334,2026,0.47513123895581155,-0.5331631851996674,10.7775198528465,0.0,10.0
824092,2026,0.4659355887168594,-0.7014632978377772,9.135953578069351,0.0,7.0
824012,2026,0.4385085935765099,-0.9493616212442775,9.168981490885116,0.0,9.0
825063,2026,0.44342823930076714,-0.898969636287162,9.493377572590054,1.0,7.0
824983,2026,0.46664032737114086,-0.542873158200791,10.216482161709889,0.0,9.0
823932,2026,0.6784049208125179,1.9092578865268728,8.703105811760274,1.0,3.0
824902,2026,0.5730097266122836,0.5511223107573846,8.524311954063968,0.0,19.0
822715,2026,0.5184846506116582,0.35368916013769897,9.470185308926641,0.0,16.0
824497,2026,0.4939227736519377,-0.38067190398543344,9.068023752684947,1.0,5.0
823525,2026,0.5495425804913017,0.47269177262477236,8.558536508547117,0.0,7.0
824413,2026,0.5453877000560536,0.06903714910765907,8.562970344358979,0.0,13.0
824656,2026,0.5381499579869903,0.13919367584934325,9.583260637042379,1.0,10.0
824091,2026,0.43894895542410095,-1.0571512009770643,9.169066850870417,1.0,7.0
824172,2026,0.47170188509410366,-0.5841703407766219,9.399149287326955,1.0,2.0
822879,2026,0.5140690977774991,-0.46372257273396394,8.563993823070415,0.0,9.0
824333,2026,0.4863917464352137,-0.24665416371409019,10.881983104725876,1.0,13.0
825061,2026,0.4778103389874775,-0.614228351958764,9.49305317680848,0.0,5.0
824980,2026,0.5030640222856024,-0.33757943785115024,9.414948686229037,0.0,17.0
823117,2026,0.5320431105371104,0.22371432024417753,8.36829386402341,1.0,4.0
823931,2026,0.6616262913972928,1.669247592448909,9.185633421151048,0.0,7.0
824010,2026,0.43830548277429526,-0.9426585826194678,8.994947741588938,0.0,12.0
824089,2026,0.45137199258958033,-0.8901667021312525,8.811405624776063,1.0,16.0
822958,2026,0.48261536430962126,-0.7378525492504485,8.257133879118573,0.0,6.0
822712,2026,0.5212311254274377,-0.020113158305342514,9.850140780560832,1.0,23.0
824900,2026,0.5838966645945933,0.6735578624440641,8.949057925564585,0.0,13.0
823036,2026,0.4789241135587229,-0.6882614654528524,8.93346410131024,0.0,7.0
823282,2026,0.533818694493138,-0.04640044403381085,8.805922482060044,0.0,8.0
823205,2026,0.4650951728662684,-0.5555109434842369,9.15415820853952,1.0,11.0
823930,2026,0.6514060439262807,1.434083576208976,9.702962046324087,1.0,15.0
823062,2026,0.44430292454276765,-1.038794088612924,8.594555273139912,0.0,7.0
824820,2026,0.4498609938748989,-0.8323808810704761,9.119395527758183,0.0,7.0
822956,2026,0.5216265602586168,-0.23117989518266804,8.694670982839193,1.0,10.0
824254,2026,0.6415520241157318,1.2454778387482441,7.438583860162412,1.0,8.0
823361,2026,0.5588133667022538,0.4072185343573992,8.922093475572664,1.0,16.0
823847,2026,0.4982299012349421,-0.4330222411751241,8.210666903231209,1.0,11.0
822713,2026,0.551447061906467,0.49783095130262334,9.358545390748896,0.0,9.0
823607,2026,0.5433576470653151,0.1586984835850671,8.945210202097828,0.0,28.0
824495,2026,0.45901307957357035,-0.8084672226380566,8.623699294347137,0.0,5.0
823687,2026,0.49968248756958716,-0.42346789828794407,9.25798049138637,1.0,4.0
824579,2026,0.5006990502647187,-0.4757618610390508,9.144867976197943,0.0,9.0
823035,2026,0.493215044042282,-0.34459916356398906,9.018816170298534,0.0,12.0
822881,2026,0.6127598684377377,0.7944665956503205,8.051904109231904,1.0,11.0
823280,2026,0.5188116996449752,-0.03173461048040288,8.959695381358703,1.0,5.0
823203,2026,0.49501120565910706,-0.43225311255560994,9.249252400916035,0.0,12.0
823929,2026,0.7127468158325948,2.0212982825252412,8.943680484884215,0.0,7.0
823202,2026,0.4871229762483623,-0.5440427855830787,8.104153483925636,0.0,10.0
824815,2026,0.470882644495909,-0.48614968858630225,9.274855356968473,0.0,16.0
823848,2026,0.5008665375243669,-0.46558408025748704,9.162125902017166,1.0,2.0
822957,2026,0.5342016193854843,0.2564893576550554,8.45055009890248,1.0,3.0
823360,2026,0.5114876805648862,-0.02672759494667098,9.506851249322814,0.0,3.0
824253,2026,0.6058898164861901,1.045999530938948,8.620744986414383,1.0,7.0
822710,2026,0.5398413108065481,0.5933592072810421,9.549631589501775,1.0,10.0
823605,2026,0.5366667249052542,0.16078637486750835,8.737947478697988,1.0,8.0
824496,2026,0.5262176173470325,0.03957032583753973,8.413826974966911,1.0,16.0
823684,2026,0.5358864298405731,0.2639511903282392,9.293109542754571,1.0,11.0
824578,2026,0.5102193705125476,-0.2911823169353255,9.070315904467863,0.0,5.0
823032,2026,0.45637382989570274,-0.8066636441480652,8.664224163116813,1.0,6.0
822880,2026,0.5735208317233944,0.5048286578575092,8.486565729548953,0.0,14.0
823928,2026,0.6517460051822143,1.476110492307947,9.368664205972943,1.0,7.0
823279,2026,0.5467731943563013,-0.01624155708461093,8.615221016094067,1.0,14.0
823359,2026,0.49701820985276085,-0.26187819012362007,9.874196396650824,0.0,15.0
822954,2026,0.5514741429236669,0.3361357744146106,8.052165334488455,0.0,16.0
823606,2026,0.5221793046122154,-0.0925527104431837,8.849049649829755,1.0,10.0
824816,2026,0.4934446157460393,-0.42348076828774056,8.984273382420065,1.0,5.0
823683,2026,0.49643284710196567,-0.4988674655970831,9.610652314289176,0.0,7.0
824577,2026,0.5128660602171435,-0.32689703339687126,9.400396447570161,0.0,3.0
823846,2026,0.5377162114935171,-0.14929518493461763,9.387857390636073,1.0,12.0
824251,2026,0.5771228420383846,0.6005636410762505,8.660012527204838,1.0,5.0
824494,2026,0.46080152581577066,-0.8115669432270309,8.87860694651094,0.0,1.0
823034,2026,0.45766362588763576,-0.8132132342874614,8.882521158796516,0.0,12.0
822877,2026,0.596641286201855,0.5251864284783035,7.782227693975195,1.0,13.0
823277,2026,0.5260406697874632,0.01954343048401829,8.732641544942714,0.0,4.0
823201,2026,0.5482578545058286,0.2419064653745615,9.741782481435774,1.0,10.0
824252,2026,0.5516040647485121,0.17003676326148218,8.830291560251863,1.0,12.0
822709,2026,0.46267533322663246,-0.8894367317342838,9.777250154621308,0.0,8.0
824817,2026,0.5445867962639517,0.31966375507567685,9.490722719815755,1.0,8.0
824493,2026,0.4924713074906512,-0.15343983505457634,9.213553864638875,1.0,4.0
822955,2026,0.5521416604367222,0.07841170274058573,9.144319916041514,1.0,9.0
823845,2026,0.5197581965370799,-0.40334245220990356,9.047732999282456,0.0,5.0
823604,2026,0.487040858658932,-0.7915245567193433,8.757438863546616,0.0,8.0
824575,2026,0.5950095628567107,0.8841724942516612,9.059301963400976,1.0,15.0
822878,2026,0.4876738048486295,-0.5943282032765306,8.863510334106854,1.0,10.0
823685,2026,0.575643861392312,0.6698812929128737,9.418602910246209,0.0,7.0
823033,2026,0.4466802474092544,-0.8320044066312416,8.113316661825761,1.0,3.0
823278,2026,0.5425528089269291,0.020662505803338616,8.841081822856705,0.0,8.0
823927,2026,0.6154638910340003,1.1749244664387073,9.073691139648,0.0,12.0
823200,2026,0.5953719058780276,1.0040233536576346,9.470041748027542,0.0,7.0
823357,2026,0.5309900186621227,0.06007710765058837,9.022608839823388,1.0,13.0
823682,2026,0.6072872815942127,0.9132524924435832,8.35753442195543,1.0,8.0
824576,2026,0.5911581903772903,0.7559121005533312,8.381218529729109,1.0,1.0
823356,2026,0.47687806800895444,-0.7774291137415479,9.633516323853629,1.0,5.0
823198,2026,0.579172534365619,0.8911193799805421,9.559445630792732,1.0,6.0
822711,2026,0.4389347260452613,-1.0918477159100781,9.673685817392936,0.0,6.0
823603,2026,0.4774529681547359,-0.5510047172342609,8.855278882303228,0.0,4.0
822953,2026,0.509123747401112,-0.48780268791735165,8.3940083251465,1.0,7.0
823844,2026,0.5401089086871679,0.2549971294224836,9.271751706797957,0.0,5.0
824249,2026,0.5250830829907284,-0.2444999910987697,7.681195751966228,0.0,6.0
822875,2026,0.5345545588550692,0.15935347665183583,8.992876753579772,0.0,12.0
824813,2026,0.5535838844666475,0.29537226509865006,9.14322101303551,1.0,7.0
824492,2026,0.48546488943384547,-0.30125336826354004,9.398504479079557,0.0,8.0
823030,2026,0.48543494181097524,-0.5488144251224705,8.893502025751769,1.0,5.0
823276,2026,0.49897026020218765,-0.38003036766006537,8.68589673027421,1.0,15.0
823926,2026,0.6898289738283571,1.7798798551759838,8.669330038775701,0.0,11.0
823358,2026,0.5568550999876041,0.3557940552907155,8.867165379495335,1.0,19.0
824814,2026,0.5766401636782961,0.37788157045083764,9.355316762240866,1.0,10.0
822708,2026,0.4900035135529625,-0.22875265658156022,9.679342722264433,0.0,8.0
824491,2026,0.4596712409735143,-0.8588396902376404,9.099842180594145,0.0,12.0
823602,2026,0.4539171688061138,-0.8043870075050176,8.788436761788025,0.0,5.0
822951,2026,0.5649948972794785,0.4819278550753173,8.769012796277242,0.0,10.0
824250,2026,0.543926599567243,0.04157964694221184,7.330692889098364,0.0,5.0
823842,2026,0.5308797113498614,-0.28807800151756874,8.988397602289384,0.0,7.0
824574,2026,0.5688185573821791,0.7079680481338521,9.058088863988491,1.0,10.0
823681,2026,0.5415910878215654,0.20189143140081278,9.228624785431432,1.0,6.0
823029,2026,0.5009697758893572,-0.3982588634877213,8.660361142033214,0.0,7.0
822876,2026,0.5579544911916805,0.4104880568315236,8.864508562308039,1.0,11.0
823199,2026,0.5839140991715989,0.9256582549447097,9.639262905626289,1.0,4.0
823925,2026,0.6270761354641717,1.2497824675577582,9.027310414433856,0.0,8.0
823274,2026,0.4985773529208536,-0.6404759820310132,8.87326612605849,1.0,9.0
823440,2026,0.5516048692139041,0.3873324670391861,9.111852218467433,0.0,5.0
824766,2026,0.5363341022143294,0.014849820439298746,8.721224324648425,1.0,10.0
823524,2026,0.5616211685490624,0.37015439101405023,9.38628202821048,0.0,3.0
824737,2026,0.5443293405311822,0.1496928026574385,9.347967178088252,1.0,8.0
824901,2026,0.6596002179065213,1.4909093650596303,8.472324045082857,1.0,16.0
822789,2026,0.5248901095257383,0.014502297438899081,8.33178435015611,0.0,16.0
823766,2026,0.5779884978234818,0.5814356798347522,8.567817708543407,1.0,3.0
824655,2026,0.5737146422476644,0.7358793138797658,9.545789319986742,0.0,7.0
824170,2026,0.5164495144784014,-0.05461091090241817,9.100316009719661,0.0,5.0
824090,2026,0.47432238394049164,-0.53021264969155,9.416896410702787,1.0,13.0
824332,2026,0.48657630036704574,-0.030444439772893763,11.082074686717853,0.0,9.0
824009,2026,0.4796425367110031,-0.27005085144504776,9.198728553781054,0.0,3.0
825060,2026,0.5061639281097148,-0.250364182696962,9.504836062104408,0.0,9.0
824981,2026,0.4803564104021202,-0.4668113438715956,9.512414326833945,0.0,27.0
823115,2026,0.5560763532435886,0.4018656627679922,8.274640906244779,0.0,7.0
824414,2026,0.5219496775340101,-0.13664000275816282,8.252893364035696,0.0,8.0
824657,2026,0.5770547228038889,0.6080443167111511,9.07424682565428,1.0,8.0
823441,2026,0.6113652014455009,0.8795873453687131,8.828036350477113,1.0,7.0
822790,2026,0.4856670310021892,-0.6633224620562185,8.911228503920068,1.0,1.0
824331,2026,0.47127659047839743,-0.25650377893450094,11.236293692448415,1.0,13.0
824899,2026,0.5551313611169042,0.1704815672246038,8.825390461242028,0.0,13.0
824738,2026,0.541855186258035,-0.10622728875678461,9.017111571086577,1.0,13.0
825059,2026,0.5088992874232108,-0.28594781998671703,9.259306396887448,1.0,8.0
823763,2026,0.5604576724422473,0.3707511763724576,8.584634707354075,1.0,14.0
824169,2026,0.4790673584735826,-0.5083983667346278,9.22874933924631,0.0,6.0
824088,2026,0.4922822981479041,-0.2587344678164776,9.27113446797159,1.0,7.0
824412,2026,0.49866621194459887,-0.4372476988405945,8.249046249927064,1.0,8.0
823116,2026,0.5602531191529709,0.2528245914756859,7.928333966217988,1.0,7.0
824979,2026,0.47166189054249924,-0.15095674994405792,9.840662079627755,1.0,16.0
824008,2026,0.4221040120186979,-1.1996031284624231,8.833273590647506,0.0,7.0
822786,2026,0.5049756694429965,-0.5965365469584655,8.737620197695062,0.0,3.0
823523,2026,0.5278087350652025,-0.20213250819471873,8.191095058459494,0.0,10.0
824739,2026,0.5518097163690489,0.08778946235112216,8.76455483812176,1.0,7.0
823439,2026,0.5244329152002581,0.11911773574401391,8.539320270021873,0.0,7.0
824897,2026,0.5285324154713124,0.1842653140387742,8.801849267149471,1.0,13.0
824411,2026,0.4631008583493661,-0.6855541270118803,7.906996833846077,0.0,8.0
823764,2026,0.5407716071222488,0.3096823102284202,9.03491004953283,1.0,4.0
824168,2026,0.5446565046093518,0.2584728317375604,8.515517883367375,0.0,7.0
824086,2026,0.5306194466681586,0.6101749333338361,9.266794952490535,0.0,21.0
824653,2026,0.5844553297351258,0.765497902782097,9.238769742305825,1.0,11.0
824330,2026,0.4554599237529011,-0.6590097721668942,10.877160766295205,0.0,15.0
824978,2026,0.444799515345085,-1.0202084686987005,9.744473503271026,0.0,7.0
824007,2026,0.4381775172253524,-1.0167350033591769,9.146617865161142,1.0,5.0
823113,2026,0.6027821488450124,0.8503648697815269,7.986861662307191,1.0,9.0
825057,2026,0.5334937405551577,0.1113750978798379,9.160977298695705,1.0,15.0
823521,2026,0.5044544517809179,-0.4432494917576016,8.99119106646,1.0,3.0
824410,2026,0.5172622475498125,-0.3620881549899395,8.22329020554529,1.0,17.0
823522,2026,0.5258840413760143,-0.09157223620568626,8.669359743514518,1.0,13.0
822788,2026,0.5326310188012164,0.40140373043606287,8.53049815514002,0.0,8.0
824736,2026,0.564895005309523,0.34545594421675657,9.071393490935593,1.0,11.0
823436,2026,0.5363619381149166,0.164565673267618,7.6134393481327525,1.0,17.0
824898,2026,0.5822447175008495,0.6322014126279937,9.212020685458635,1.0,5.0
824087,2026,0.49745092324319534,-0.11977352173301896,9.679037982079606,1.0,7.0
823762,2026,0.6380067910157581,1.0912254859377684,8.498190913714483,1.0,11.0
822874,2026,0.566953774245682,0.6735020934718822,8.59254561764271,0.0,13.0
824654,2026,0.5348040483761642,-0.29688427753168034,9.16265537950525,0.0,14.0
824167,2026,0.48404443614166226,-0.48707741617900785,9.20037496981194,1.0,13.0
824328,2026,0.46009718727108345,-0.5905443098674142,10.154649913386656,0.0,10.0
825058,2026,0.606181242120892,0.8738647632638694,9.100834599783576,0.0,7.0
823112,2026,0.5865117227736397,0.8192181721803022,8.222668437863284,1.0,8.0
824006,2026,0.4638785570526487,-0.7399327365131657,8.80513840424917,1.0,5.0
824409,2026,0.5999500476400328,0.5793679397770972,7.82749710064663,1.0,7.0
823437,2026,0.5193223838800465,-0.26930966141079715,7.641397501978337,0.0,3.0
822787,2026,0.49949960811378835,-0.5853551020538048,8.547850611536907,0.0,14.0
824895,2026,0.5903317472164556,0.6873006436826928,9.168859295691869,0.0,11.0
824085,2026,0.46734308261891827,-0.5338733848978647,9.360615855857462,1.0,5.0
823760,2026,0.581721187708273,0.9599101567864311,8.838791913960085,0.0,4.0
824652,2026,0.5154582709117177,-0.1406512992061538,9.16985227739273,1.0,13.0
822871,2026,0.5061440793851268,-0.3709956411133956,9.24293730558401,1.0,10.0
824165,2026,0.4819733457347832,-0.5756034018555808,9.402221796529503,1.0,8.0
824329,2026,0.47093531902767644,-0.5783136794203788,11.054505468877089,1.0,15.0
824005,2026,0.462216927194517,-0.46365034411611517,8.701120642555965,1.0,6.0
823114,2026,0.5406113421977452,0.06285454296079182,7.9361694570216095,0.0,6.0
825056,2026,0.5946289732975631,0.6587320118695351,8.882546293102507,1.0,11.0
823518,2026,0.5671235723244755,0.673971873564129,9.220894618225651,0.0,8.0
824735,2026,0.5859450942818694,0.7532201067224236,8.839282320231415,1.0,9.0
824083,2026,0.4780360569511949,-0.383783440056514,9.286530548556762,1.0,9.0
823761,2026,0.6198980272762332,1.0141374884890455,8.411593326040972,1.0,7.0
824327,2026,0.4653949344166854,-0.6674948974964626,10.43322225809974,0.0,8.0
825055,2026,0.5503683702552842,0.44955405704565554,9.19186355503919,1.0,20.0
823110,2026,0.5758770138828236,0.7114334921827588,8.433886645858719,0.0,8.0
824004,2026,0.486519358976281,-0.0553291308840996,8.765835187883562,0.0,1.0
824408,2026,0.557277468909384,0.46063407624618713,8.738249126012963,0.0,16.0
823438,2026,0.48226232219676574,-0.3443367095586792,9.531112993768138,0.0,14.0
823519,2026,0.6077806239807778,0.894903886071814,8.478477470332916,1.0,2.0
822784,2026,0.48098551228280584,-0.6990100325216346,8.500315884874587,0.0,6.0
824732,2026,0.5430673064628929,0.03580551736164713,9.050226061590639,0.0,6.0
824896,2026,0.5500827882741021,0.363797148214738,9.140125161535156,1.0,13.0
822873,2026,0.5330365933157776,0.05128068971997748,9.08193141762091,0.0,6.0
824650,2026,0.5355479211136827,0.015347088189166226,9.380249006406926,0.0,6.0
824166,2026,0.48812283505598153,-0.3703999762285197,8.876718905417846,1.0,7.0
824893,2026,0.6573824874187895,1.3277446266730133,8.37361591122645,1.0,11.0
824406,2026,0.559926171054602,0.22210717478263345,8.458326648444034,0.0,4.0
822785,2026,0.4750949664706093,-0.34911628548263834,8.959010929090605,1.0,4.0
823042,2026,0.5311036330623405,0.26361271004797404,8.76518369955341,0.0,16.0
824247,2026,0.5961744655162549,0.9268512458462571,8.61115423425747,1.0,7.0
823759,2026,0.691425355072501,2.038013020404549,8.61649404259228,0.0,7.0
824248,2026,0.6695000703604655,1.516648993832065,7.470827310327146,1.0,3.0
823352,2026,0.4959245560176378,-0.29262254324694864,9.387928304459622,0.0,5.0
822707,2026,0.4806184656602233,-0.5888269992229903,9.897288752150205,0.0,5.0
823434,2026,0.49257867155312796,-0.4202670994168538,8.436523179191319,0.0,1.0
824812,2026,0.4964108086095613,-0.17692286812704727,8.24331639191078,0.0,13.0
823601,2026,0.4501293448196544,-1.20479777889513,9.20554289386642,0.0,6.0
823843,2026,0.5647846249085476,0.9180179933289956,9.292166801243797,0.0,6.0
822952,2026,0.5442692910654093,0.17912420702604956,8.529191507478716,1.0,14.0
824733,2026,0.5588103013965252,0.13575856762288996,9.107517849497558,1.0,10.0
824573,2026,0.5716677771316909,0.6936271483301963,9.050510400773321,0.0,14.0
822872,2026,0.5153981932646224,-0.2260888656713572,9.009162639608277,1.0,9.0
823680,2026,0.5857950850515975,0.8294734863245223,9.559999401009527,0.0,2.0
823031,2026,0.5573074879696304,0.435312056772004,8.406448910116397,0.0,6.0
823196,2026,0.5863550855432567,0.753065500115475,8.421454835645756,1.0,13.0
824244,2026,0.5931722210044331,0.6435825679404766,8.333751565851511,0.0,5.0
822704,2026,0.5460615174755222,0.7151578967777797,9.558167065341092,1.0,8.0
823197,2026,0.5545079096804032,0.5322914024152644,9.109573333421181,1.0,11.0
824734,2026,0.5359898879491035,-0.007712327835191174,8.391331660332778,0.0,6.0
823841,2026,0.5585759152212499,0.895597312975193,9.099763925068237,0.0,9.0
823435,2026,0.4847822079480396,-0.4855119635077931,9.14420036611306,0.0,4.0
822948,2026,0.5585979586850032,0.3087528288275477,9.211382315756316,1.0,3.0
823355,2026,0.5597209512602597,0.4876831701416942,8.848794049624296,0.0,11.0
824811,2026,0.46906071469641747,-0.6195019485824832,9.730027783516125,1.0,5.0
823679,2026,0.5859521821957959,0.5546643923320557,9.381981425634285,1.0,2.0
824571,2026,0.5050007430264487,0.08086319019350002,8.68765938543924,0.0,5.0
823758,2026,0.6570047046286362,1.7695271003554833,9.051305945002524,1.0,13.0
823600,2026,0.4504341077855078,-1.607886546986299,8.01881305999587,0.0,7.0
823027,2026,0.4995423565747268,-0.3347553482661933,8.38580180274011,1.0,7.0
822869,2026,0.5020679778425118,-0.5288466887863678,8.290217768317568,1.0,8.0
822950,2026,0.5356352521774442,0.052190276535936136,8.079833244755044,1.0,1.0
822706,2026,0.49565797223225894,-0.2268475656142833,10.02734768982024,1.0,17.0
823354,2026,0.5240705657968429,0.24506577228722012,9.487256501032842,1.0,15.0
824730,2026,0.572903908320195,0.4216164067938344,8.51515530306914,1.0,7.0
824810,2026,0.4931855126772974,-0.21011577561907718,9.508545735592461,0.0,5.0
823599,2026,0.43603222457708896,-1.4282251577996066,8.950476672474855,1.0,11.0
823840,2026,0.5525397241190676,0.4365293532148254,9.461229583735864,0.0,8.0
824246,2026,0.5937365317165371,0.7546468620640538,8.79720309815513,0.0,9.0
824572,2026,0.5070940764717741,0.13311728507188442,9.114591650408688,1.0,15.0
823755,2026,0.6845692543603554,1.8523092066765412,8.430798199307544,1.0,13.0
823678,2026,0.6062961790981958,0.8399131770408178,9.380861500268692,1.0,19.0
823028,2026,0.5562097324156134,0.4552572172054894,8.203511935544324,0.0,8.0
822870,2026,0.5107107645027252,-0.36375744101193314,8.238078317368542,0.0,10.0
823194,2026,0.5121491105616757,-0.25059930483001625,9.33607725629756,0.0,7.0
823433,2026,0.5338745836812555,0.09972458021330517,7.237304997227032,1.0,15.0
822868,2026,0.4912509004430432,-0.4737176949959576,8.908375612449968,1.0,10.0
824245,2026,0.5268188735897386,0.0744760316030391,8.85149231066225,0.0,13.0
823353,2026,0.5299789132932299,0.35014830815606196,9.820147060208974,1.0,5.0
823839,2026,0.4643839522605806,-0.8993782589503528,8.687720117519879,1.0,15.0
822705,2026,0.5855797504234239,0.6368063475968552,9.7958513663094,0.0,5.0
823597,2026,0.46736966838776695,-0.5568043521187936,8.555070359140169,1.0,17.0
824570,2026,0.4467924465807501,-0.8225439135953455,8.876486605284018,0.0,14.0
823025,2026,0.4699496599530174,-0.4837266056423913,8.780960283974316,0.0,10.0
824001,2026,0.4831982498489794,-0.22538898211376546,8.547315815086286,0.0,10.0
824977,2026,0.43625272763425926,-1.008493283169224,9.503498953442529,0.0,6.0
823195,2026,0.4610105997320808,-0.6525107391310416,9.758129074188416,1.0,3.0
824490,2026,0.5465260218605643,0.47680644559769064,8.57147691507598,0.0,11.0
824243,2026,0.5508965202847649,0.4252542475658337,8.50387866806632,1.0,14.0
823350,2026,0.5232369825422406,0.197561066678726,9.394895046867457,0.0,15.0
822949,2026,0.5931076445926372,1.2434751860703512,8.85629939341753,0.0,5.0
823838,2026,0.5554890164196223,0.22061043015766393,9.347797239392985,1.0,1.0
822703,2026,0.5767525519432306,0.7807317512860018,9.65339465173906,1.0,14.0
824489,2026,0.4740553545358812,-0.7909483839269714,9.154417813434314,1.0,2.0
823676,2026,0.5519050896145312,0.4860298642782407,9.379642829172377,1.0,5.0
824569,2026,0.47332076385224187,-0.5981643202167314,9.358532071993569,0.0,5.0
823026,2026,0.47933803835598404,-0.37631271252204923,9.001089303599022,0.0,12.0
824003,2026,0.48507249161224786,-0.07692075868536775,8.849716149835693,0.0,5.0
824976,2026,0.4408774667409534,-1.0916432276931622,9.517762773954225,1.0,7.0
823275,2026,0.6344613201420123,1.2679505199739731,8.570034987909384,1.0,15.0
823193,2026,0.45805211892450154,-1.0210500924837875,9.216965882069987,0.0,10.0
823923,2026,0.62904390756787,1.3057644301561087,8.500248966053,0.0,13.0
823837,2026,0.4865509215821313,-0.6582540194314319,8.313967741706062,1.0,14.0
823351,2026,0.541839828670002,0.363468713850641,9.36946107881622,0.0,3.0
822702,2026,0.5142652625234516,-0.08517791554609262,9.980421947791617,0.0,7.0
824242,2026,0.6035666932220747,0.7006395546054179,7.528674115379146,0.0,19.0
823596,2026,0.44782306267506977,-0.5914302728638541,8.962792753536439,1.0,5.0
823192,2026,0.4936490913379608,-0.2506132755131264,8.727713803700402,1.0,19.0
823273,2026,0.576823527479349,0.8298424031450092,8.490023763989369,1.0,4.0
822947,2026,0.5307460823605185,-0.0736620205432218,8.860798726638286,1.0,3.0
823598,2026,0.4234083798955826,-1.1427660387219647,8.272800797242658,0.0,1.0
824487,2026,0.48999201299327927,-0.49167114788382543,9.332473517059622,0.0,7.0
823677,2026,0.5938941050140827,0.9531372841144382,8.595291678275318,0.0,4.0
824567,2026,0.4610696405974663,-0.7075246063918277,8.474550649981602,1.0,11.0
823022,2026,0.4566165973523675,-0.7863371112918361,8.635079134872733,1.0,5.0
824002,2026,0.442649486873151,-0.6169549096870801,9.265369409222856,0.0,11.0
824973,2026,0.43752031999107754,-0.8315869427933994,9.69816983342993,0.0,6.0
823924,2026,0.5816114234592912,0.6080605869426302,9.44113470724816,1.0,6.0
822946,2026,0.5698998111521596,0.5146560890676664,8.19240684837535,1.0,5.0
823674,2026,0.5365007077453163,0.13245140619965365,9.600271798330057,1.0,7.0
824568,2026,0.4953443628648014,-0.4346129512078369,9.078937036652658,1.0,3.0
823023,2026,0.47358961922883835,-0.25525295533240383,9.124497055584163,0.0,6.0
824488,2026,0.46187197001561053,-0.6536097160183875,9.592088052820182,1.0,5.0
823595,2026,0.5141437357531458,-0.07306853096431948,7.933852651798833,1.0,6.0
824894,2026,0.5814377568391411,0.992260134579804,9.423391385561679,1.0,9.0
824974,2026,0.42356370477162947,-1.1526866603441428,9.503577277047947,0.0,9.0
823271,2026,0.5327412170619474,-0.007208291942398708,8.691496425988298,0.0,5.0
823921,2026,0.5374681960987848,0.3976133033661933,8.979546048209038,1.0,8.0
824651,2026,0.5505876001831778,-0.025442032301966736,9.217008001159357,0.0,2.0
824486,2026,0.4576501356111038,-0.6727784460804479,8.381388954595955,1.0,15.0
824809,2026,0.5426221717302215,0.18487747115634723,9.258598080624212,1.0,10.0
822782,2026,0.5541837992138104,0.1917964418133401,8.264965103876108,1.0,4.0
823593,2026,0.4636048564470094,-0.40541950474688754,8.879206819169179,0.0,7.0
824407,2026,0.5516625378916812,0.18722687742266217,8.669335230161646,0.0,5.0
822945,2026,0.6067624754141938,1.0842274840805437,9.099595842895498,0.0,7.0
824892,2026,0.5339743151768692,0.5492656458935068,9.31470029137909,1.0,8.0
824164,2026,0.5022852823836853,-0.4221504286823529,8.405433243961967,1.0,13.0
824325,2026,0.4845960720374521,-0.44862086618414765,11.03314729890893,1.0,4.0
823999,2026,0.4052256530668785,-1.3501913391618516,9.439483514169453,0.0,8.0
824975,2026,0.46039913115782766,-0.6810952541270957,10.191067245220493,0.0,14.0
823272,2026,0.5964984454238187,0.5356587747046064,7.76282582394512,1.0,7.0
823922,2026,0.5311281639477216,0.07778216453941723,8.562357347768263,0.0,13.0
823111,2026,0.5681564559719107,0.5547617812674076,8.524636471242806,0.0,8.0
822781,2026,0.5583765216831493,0.24431458305074608,8.572661830406814,1.0,6.0
823109,2026,0.596726784263622,0.5731382650466325,8.045029671978943,1.0,7.0
822944,2026,0.5914176213834319,0.5958204386865378,8.095934925926146,1.0,1.0
823594,2026,0.49990292191515884,-0.03744363266908759,8.37073176836012,0.0,8.0
824485,2026,0.46747450478736263,-0.7357461513903807,8.809760813117974,0.0,5.0
824808,2026,0.4998067023855194,-0.5571147738022312,8.704688479413013,0.0,5.0
824162,2026,0.47757926072621004,-0.7072212849821582,8.8194134658828,1.0,9.0
824405,2026,0.5654829274488878,0.32758520904559724,7.7762712414456105,0.0,20.0
824890,2026,0.5963430704073016,1.81698417862762,9.44120350316091,1.0,11.0
824649,2026,0.5039816056645742,-0.4863492877184399,8.9317403838617,1.0,7.0
824326,2026,0.5047957401548857,-0.09631677507426302,11.078892331702754,1.0,18.0
823269,2026,0.5326171309490071,-0.029871587875984307,8.716084625667081,1.0,11.0
823920,2026,0.6172597380706293,1.1882700606460668,8.603332999944653,0.0,5.0
824000,2026,0.42782832244522473,-1.2185260174923724,9.18076877111743,0.0,4.0
824972,2026,0.43503587883765227,-0.8534888333337617,9.64154172459034,0.0,14.0
824807,2026,0.4750418707989472,-0.794482407754765,8.158964200543208,0.0,8.0
824891,2026,0.537014844176232,0.3897681741345134,9.055292852682024,1.0,6.0
822783,2026,0.5284727264530327,-0.3201828670612714,8.863469553123968,0.0,6.0
823592,2026,0.46966537108859646,-0.4374538118480475,8.747245504725853,0.0,2.0
822943,2026,0.5739316554782963,0.49491205844157127,8.700003356340165,0.0,10.0
824404,2026,0.5306589984302126,0.2390553768639325,8.068307023340518,1.0,5.0
824483,2026,0.5282250634065685,0.3144036912514854,8.586545815390721,1.0,12.0
824163,2026,0.5447267652796285,0.25765524160523606,8.586631863339823,1.0,10.0
824648,2026,0.51995043819768,-0.1975068191309737,9.357221762933962,0.0,3.0
824323,2026,0.5073420667379915,0.020943630929509544,11.312985292746395,1.0,9.0
823996,2026,0.4101568338196943,-1.709125048989394,8.414279059899743,1.0,3.0
824971,2026,0.4423692590466059,-0.8760561243526355,9.713865805806517,0.0,11.0
823270,2026,0.5328574180404457,-0.08544488250688223,8.58038754703176,1.0,9.0
823107,2026,0.5704548914614863,0.4035146210253989,8.304595586580435,1.0,13.0
823919,2026,0.5593679236047726,0.3688035474662859,9.010290608240181,0.0,12.0
823431,2026,0.5032896293806859,-0.16142497661650804,9.108131125686453,1.0,9.0
823520,2026,0.6164847855783074,1.3013642496723632,8.010135504352608,0.0,20.0
823757,2026,0.5684796341648183,0.6541307437093021,8.882616870162632,0.0,7.0
822867,2026,0.48879724428864735,-0.6359676802460761,9.009661263257131,0.0,6.0
824647,2026,0.5056735046670995,-0.5192391252478211,8.921984413598825,1.0,15.0
824160,2026,0.548273524602196,0.28807127919134645,9.184795122228392,0.0,4.0
824324,2026,0.4497177683611527,-0.6189016531313715,11.447872395646165,0.0,22.0
825095,2026,0.5136578693372555,-0.12241789461218501,9.704695666619745,1.0,6.0
824805,2026,0.5723639649380686,0.5987469091053277,8.915354906025458,1.0,4.0
824484,2026,0.5754112781765746,0.6523641549186974,9.419955150040968,1.0,9.0
823432,2026,0.611494929530717,0.7760483052684303,9.07014276318827,1.0,5.0
824403,2026,0.5598324555826821,0.35151144767898407,8.25744451415079,0.0,8.0
823517,2026,0.5800521335582538,0.5286180870753928,8.875592100507328,1.0,2.0
824731,2026,0.5513123209133236,-0.10603307548623497,9.465097110497751,1.0,16.0
824888,2026,0.5586205631448355,0.33394647833227076,9.215181942374093,1.0,6.0
824084,2026,0.45362033664514334,-0.818825206551459,9.065998092898989,1.0,10.0
823756,2026,0.5880354992175139,0.655925737084711,8.556878672361616,1.0,6.0
822865,2026,0.5456486490452919,0.4489178810751747,8.977423865423269,1.0,9.0
824645,2026,0.43767114451108385,-0.8853082746979605,9.015992579074203,1.0,6.0
824161,2026,0.5252109433534479,-0.3530035062654753,9.07170906857137,1.0,9.0
824321,2026,0.46014319698918876,-0.7700155201708551,10.010454797658632,0.0,16.0
823108,2026,0.49532804843670875,-0.35252144991188755,8.596291924046707,0.0,8.0
825054,2026,0.5337529199028022,0.6101566037959375,9.520729787673957,0.0,13.0
824158,2026,0.5861581927951193,0.459362619444584,8.300482093358088,0.0,9.0
824646,2026,0.5377826265261546,0.04813923448642668,9.612647813276944,1.0,13.0
822866,2026,0.5629963210216872,0.5063761604376774,9.06400593275513,1.0,6.0
824322,2026,0.4401602128508471,-1.0023664077311532,10.973803914139484,0.0,4.0
824806,2026,0.5589734727165362,0.27104722268940973,8.427521564039855,1.0,7.0
824402,2026,0.5345670983553583,-0.2721016421044219,8.338271744541982,0.0,11.0
824482,2026,0.58169126611276,0.6488337723043233,9.747448852341233,1.0,5.0
823429,2026,0.5537092973961197,0.3678328657405379,9.547148634931999,0.0,14.0
823516,2026,0.5730076981905365,0.7936682564675149,8.966088823570908,0.0,4.0
824728,2026,0.5804586636705384,0.301276084599016,8.898263741328718,1.0,4.0
824889,2026,0.538798961323848,0.2130411358024659,9.002742128873734,1.0,5.0
824082,2026,0.4870412272277391,-0.06255383985617058,9.190780726308555,1.0,3.0
823753,2026,0.5400057621301356,0.2574019116441921,8.178601283129117,1.0,6.0
825052,2026,0.46653573949350097,-0.7462826823610353,9.471606681681418,1.0,14.0
823106,2026,0.5366925220224898,0.0116581189277733,8.329082935589971,1.0,6.0
824804,2026,0.5909758093570175,0.6804313199722501,9.022885643400224,0.0,5.0
824481,2026,0.6137900704316408,0.9079032956596715,9.331259434019884,1.0,11.0
824401,2026,0.5265420416559463,-0.3179835827320552,7.927139951549607,0.0,19.0
823754,2026,0.5490782541840028,0.5829267176129356,8.495167033907839,1.0,7.0
824664,2026,0.5262623873979139,0.12731139747100545,8.566186809677749,1.0,5.0
823105,2026,0.4853009474142144,-0.44953516649569764,8.555300139287626,0.0,11.0
823430,2026,0.6241285606668419,1.278448005715744,7.6840578808621895,1.0,10.0
824729,2026,0.6162610600644295,0.7738453394194141,8.845164948473654,1.0,23.0
824885,2026,0.5544275617654035,0.45854207714638534,9.075778363226723,1.0,14.0
824080,2026,0.5017122813991478,0.151734443019658,9.61253792492337,0.0,7.0
825053,2026,0.5331062475696128,0.3131028229101402,9.513283247453547,0.0,6.0
823349,2026,0.5541613032596301,0.41390620751790613,9.055764124869834,0.0,10.0
823428,2026,0.6047854823491753,0.8131880741512952,7.743214973313977,0.0,9.0
822699,2026,0.5731451092592078,1.0003570501697956,9.53507894668791,1.0,8.0
823515,2026,0.5565413127979865,0.22001402141367715,7.981891058601928,1.0,5.0
823836,2026,0.592122689638938,0.5036358821141041,9.024407411129522,0.0,7.0
824727,2026,0.6547904888657758,1.3483030733827126,9.224324986605943,1.0,14.0
824566,2026,0.49135759419315245,-0.458063181998497,8.736042645421888,0.0,10.0
823750,2026,0.6344879489602261,1.16943330446125,8.526602696736543,0.0,14.0
824081,2026,0.4261979250353761,-1.1040413125888278,8.797157087345976,0.0,10.0
823024,2026,0.640623718539547,1.2958242162346907,8.0399806631484,1.0,5.0
822863,2026,0.559596679769475,0.3848137923176545,8.089949606866034,1.0,3.0
825051,2026,0.48597766821977717,-0.5136720866431466,10.004878618006796,1.0,7.0
823266,2026,0.5400072304079654,0.2571321017588933,8.396380952924332,0.0,9.0
823103,2026,0.49938337081432366,-0.575486613313156,8.22365692796677,0.0,3.0
823191,2026,0.45690354354479706,-0.7294786307505774,9.831964568712374,1.0,7.0
823514,2026,0.46007586535345474,-0.7531371297455891,8.227902669378244,1.0,9.0
824726,2026,0.6516056315308356,1.1540224260479663,9.110090958674714,0.0,10.0
823834,2026,0.5688535273942634,0.46109867225536133,8.946300612422256,1.0,7.0
823426,2026,0.5661080306333605,0.44562511324659293,9.26478898892506,0.0,12.0
823348,2026,0.5407550460068004,0.18880141918757565,9.209036529098984,1.0,9.0
822701,2026,0.5139275374969146,-0.32080197064895144,9.099308019489406,1.0,10.0
824079,2026,0.4363793105329804,-0.8283469079728235,9.800759317356231,1.0,9.0
823752,2026,0.5826340507390868,0.744306804184822,8.877628700807396,1.0,7.0
823267,2026,0.5076244889727054,-0.24309103087623332,8.447076182851319,1.0,5.0
823188,2026,0.4741904651282817,-0.26381992069517135,9.378943217874088,0.0,8.0
823021,2026,0.6093317968054804,1.1330683099259304,8.726335856873064,0.0,14.0
822864,2026,0.5502739129086336,0.3050305173241918,8.431677243244724,1.0,6.0
824565,2026,0.5045279915362856,-0.6282277178054068,8.726270705513203,1.0,9.0
825049,2026,0.4448394389014975,-0.8547547467854745,9.154641768532361,0.0,3.0
823102,2026,0.5085107429780056,-0.05725517977799786,8.449953076081576,0.0,5.0
822700,2026,0.5317971604981002,0.4356258116424302,9.539653578482184,1.0,8.0
823345,2026,0.5480604642133889,0.4191408535741931,9.111364445276408,0.0,12.0
824724,2026,0.6642259255749665,1.5569049530641192,8.917854111569907,0.0,7.0
823513,2026,0.5607367533720592,0.16795476976855156,7.87809453509229,0.0,3.0
823425,2026,0.6066998541838047,0.7298646150091089,8.472638753815222,1.0,13.0
823835,2026,0.5951446465721378,0.6469709847671282,9.008601538466031,1.0,15.0
824078,2026,0.42902623542195906,-1.0881324388617315,9.113146495644669,0.0,12.0
824564,2026,0.5325722088858473,0.07690053342684484,8.934709956648978,1.0,8.0
823751,2026,0.6341523873016044,1.0696653659595121,8.32733624749192,1.0,7.0
823020,2026,0.624191032928301,1.0434712622783837,8.764016756430538,1.0,11.0
822862,2026,0.5314281913491878,0.13648265852168026,8.97500185242249,0.0,15.0
823190,2026,0.4960158542718506,-0.1329048343673082,8.31005821035757,0.0,4.0
825050,2026,0.45943442025669456,-0.7893696044648203,9.63276107369383,1.0,6.0
823104,2026,0.4821717865638413,-0.5155851287870377,8.397934853675464,0.0,5.0
823268,2026,0.5212543402674885,0.04580794622521882,8.635049628232347,1.0,9.0
822780,2026,0.43194696828283347,-1.073600787589739,9.024032373433027,1.0,3.0
824887,2026,0.5681895705333444,0.4991592066553365,8.835991276870482,0.0,13.0
823675,2026,0.48528814665282616,-0.43160692223245073,9.083605018866914,1.0,14.0
823018,2026,0.5259764997159929,-0.04318194583585105,8.622389285402301,0.0,11.0
823998,2026,0.4661756359148248,-0.5555322143264908,8.742663423467134,0.0,5.0
823265,2026,0.47990070177062755,-0.8209209746653424,8.18067907758026,1.0,5.0
825048,2026,0.6292542564808433,1.1313983342951948,8.980139819369686,1.0,9.0
824969,2026,0.43282601224533507,-0.9890390890682091,9.61591635078171,0.0,16.0
823189,2026,0.4642581666766315,-0.3142695811264258,9.462006064722923,0.0,9.0
823918,2026,0.6704898858014772,1.7078846320561913,8.623596177303602,1.0,11.0
824240,2026,0.5512399104237019,0.2614418403821912,9.08812250748827,1.0,10.0
823832,2026,0.4884583755494692,-0.4683194317708953,8.109365599411408,1.0,2.0
822697,2026,0.4610049519040003,-0.8929595166706211,10.061354889565456,0.0,14.0
823512,2026,0.5368798932174242,0.17472921594722607,8.500779404683824,1.0,5.0
822778,2026,0.5211225812719718,0.08367992342234165,7.851919682110589,1.0,8.0
824886,2026,0.5594406359322683,0.5233749550096888,8.65389164035181,1.0,4.0
823673,2026,0.5051233802512742,-0.15430678593270106,9.598814049536909,0.0,7.0
824563,2026,0.5632550054754243,0.6087705850190851,8.591243669497505,0.0,9.0
823019,2026,0.45786416767407023,-0.865558489645866,8.633806242350799,1.0,2.0
823997,2026,0.43364465498672095,-0.9012527980201562,9.257839615290173,1.0,5.0
823264,2026,0.4529050474119562,-0.97693376964935,8.767979116046826,1.0,13.0
824970,2026,0.4306150110411489,-1.1539268835075016,9.731986194226376,0.0,16.0
825046,2026,0.6461146550419252,2.1759060804730908,9.462874688220262,0.0,5.0
823186,2026,0.43861767527537215,-0.8999676421954458,9.24920443400082,1.0,5.0
823917,2026,0.6397540835891679,1.2596844928145363,8.879799497233707,1.0,9.0
823672,2026,0.4912562828758136,-0.21273678133780166,9.133802852688675,1.0,12.0
823017,2026,0.45788187787955353,-0.8454050299368666,7.799690345147469,1.0,8.0
824967,2026,0.41207473658747806,-1.2907182876319963,9.441299394044007,0.0,12.0
825047,2026,0.6305638444904945,1.2089992562767713,9.623285313088825,0.0,10.0
823187,2026,0.4749414177555944,-0.3057078715899307,9.471171811607753,0.0,3.0
823263,2026,0.4960556564878993,-0.588856229594667,8.490938732819338,1.0,7.0
824241,2026,0.5542562935133292,0.3707104618626758,9.036183578174896,0.0,10.0
823833,2026,0.5305917495421444,-0.16413575699354133,8.998585486608897,1.0,10.0
822698,2026,0.4647524515544582,-0.7282019455189809,9.862706577447119,0.0,18.0
823511,2026,0.573451873960039,0.573154924614214,8.910005787421133,1.0,15.0
822779,2026,0.4507936492101867,-0.8210211773746634,8.372467572810159,1.0,10.0
824883,2026,0.5802079683562372,0.7194210526619724,9.028104002356471,1.0,9.0
824562,2026,0.5729898229246375,0.656986741868006,9.066935351767166,1.0,5.0
823916,2026,0.6116567324776643,0.8328894672761469,9.34502012359027,1.0,6.0
823994,2026,0.4393198604053421,-0.7292882038904145,9.070977708871117,1.0,7.0
824238,2026,0.5158280641674806,0.030915757946918667,8.782949359517373,1.0,3.0
824561,2026,0.5604149324661261,0.4669565541317587,9.040590352927715,0.0,17.0
823829,2026,0.5076069117705699,-0.4435681338775557,8.735726525683738,0.0,14.0
823508,2026,0.5814854939842876,0.5231773637147088,7.825782663001669,0.0,1.0
822776,2026,0.4413175331021669,-1.1506645258783177,8.941219040969406,0.0,7.0
822696,2026,0.44925995861668183,-0.7912862993555327,9.670400597848127,1.0,7.0
823669,2026,0.5147071404969816,0.06537250618485149,9.275151489780717,0.0,8.0
823995,2026,0.43464442592150704,-0.9548893336622153,8.363688239956527,1.0,7.0
823915,2026,0.5158861939223314,-0.263252405598538,9.29042325012279,0.0,9.0
824643,2026,0.5806064329440594,0.6126224051538145,9.18391100144718,1.0,3.0
824479,2026,0.5225074899169931,0.17173064077881997,8.526628924431645,1.0,1.0
824237,2026,0.5110415992462193,-0.0963296357431221,8.736204120133703,0.0,14.0
823346,2026,0.46075363768343225,-0.8264152238789008,9.332939241929328,1.0,12.0
823591,2026,0.4840778043784454,-0.5769778528318806,8.649097556450728,1.0,5.0
824399,2026,0.5061319091365669,-0.07739902686871816,7.979181594670454,0.0,12.0
822942,2026,0.5836793387401403,0.5109970762098203,9.187080551181293,0.0,11.0
824882,2026,0.6424523919354271,1.148581292832259,8.431715454147152,0.0,2.0
822777,2026,0.43470011381638524,-1.1280822303894182,8.787936358826336,1.0,4.0
824159,2026,0.5203910003429372,-0.28326305334223223,8.464914402586915,1.0,17.0
823993,2026,0.5329742871408099,-0.01044089670976502,9.180124964685069,0.0,13.0
824968,2026,0.4630353347612193,-0.4201063498645072,9.547184215894266,1.0,11.0
823913,2026,0.6023707126016797,0.8146387305481926,8.610267343318466,1.0,4.0
823185,2026,0.599353987999513,0.904761243145208,9.033921681964246,0.0,7.0
824239,2026,0.5693749595505867,0.5480825760543423,8.6013096550326,0.0,7.0
824644,2026,0.6026931998398295,1.2935598361987808,8.814599593444306,0.0,12.0
822775,2026,0.42482006613947493,-1.283278833134942,8.028701999931192,1.0,5.0
823184,2026,0.639174331671537,1.3716705578402708,7.629154279624903,1.0,8.0
823588,2026,0.5316553767225605,0.10971149587764156,8.817780121816032,1.0,9.0
822941,2026,0.5612704320500498,0.5030211413948238,8.762318976461884,0.0,7.0
824480,2026,0.4894613210456224,-0.4317603553894729,9.445993800208605,0.0,12.0
824400,2026,0.49619797238652225,-0.20518887045694792,8.449193654259869,1.0,7.0
824157,2026,0.5402048276173914,0.01767468519811972,9.174304263425137,0.0,15.0
823671,2026,0.45296247301905895,-0.8758203725074993,8.68750230692819,0.0,10.0
824884,2026,0.5416288725694524,0.2400420221150364,9.180401248364257,0.0,13.0
823914,2026,0.5035566093265297,-0.5005063192949488,8.474082477546608,0.0,5.0
823347,2026,0.46003218586385375,-0.8507182235409622,9.193401298980657,0.0,4.0
823990,2026,0.5425567049079821,0.5703078691742396,8.917956330343934,1.0,1.0
824966,2026,0.44358668364811554,-0.774159121443217,9.315628772180686,0.0,8.0
822940,2026,0.544566420986839,0.3235767958345428,8.680828889706076,0.0,12.0
823344,2026,0.4772295444951468,-0.7316749076676706,9.33542085191474,1.0,11.0
824880,2026,0.5450592268153119,0.31394176493718956,8.97688317487951,1.0,8.0
822774,2026,0.5120922071467564,0.0051103141578005785,7.900240894100388,0.0,7.0
824477,2026,0.4682648059877522,-0.7932091549657477,9.046107772967327,0.0,8.0
824236,2026,0.5345126573576925,-0.013098187085520817,8.921193120021583,0.0,12.0
823590,2026,0.546678558244051,0.11761749490229219,8.508149875450608,1.0,7.0
824397,2026,0.4815872802009119,-0.6171911308746962,8.655728385453136,0.0,5.0
823670,2026,0.5011914733947317,-0.08699271797436887,9.482037872685856,0.0,12.0
824642,2026,0.5569602833891942,0.362009407967814,9.087222382598236,0.0,15.0
823182,2026,0.559497746115047,0.5554358320895865,9.039236200461,0.0,20.0
824965,2026,0.4461010676767742,-0.7908224430821887,9.442037285093413,1.0,7.0
823991,2026,0.4942450294185503,-0.41010291680620975,9.28720944162409,0.0,3.0
823912,2026,0.5823291436782344,0.35435947276767854,8.117249729204174,0.0,8.0
824156,2026,0.5205365526313078,-0.4361977527931502,8.31119139616199,0.0,5.0
824514,2026,0.49042861857373166,-0.5607304512947607,9.395864320459124,0.0,3.0
822939,2026,0.5848658104362411,0.7454555660423157,8.37990225671149,1.0,13.0
824478,2026,0.4768651766311766,-0.5237406713267706,9.749525850867625,1.0,11.0
823427,2026,0.5924422648135776,0.6651688698079268,7.574093671832946,1.0,11.0
823343,2026,0.5017738555278498,-0.35378040525459226,9.39840280506436,0.0,13.0
823589,2026,0.5112670779378129,0.004797658426797533,8.057685169883284,1.0,3.0
824725,2026,0.5649582276858157,0.49297128460641637,9.398725792724841,1.0,12.0
824077,2026,0.5947463209948053,0.8817275034508298,9.36611323114484,1.0,14.0
823668,2026,0.4611989119083592,-0.8511356853679912,9.86483037838234,1.0,6.0
824641,2026,0.5556039331078377,0.562342762991823,9.264210843979896,1.0,12.0
824320,2026,0.4055414144663429,-2.189159179017242,10.100631700226335,0.0,16.0
824803,2026,0.4721201646906371,-0.6717252461409906,9.042119230572272,0.0,4.0
823341,2026,0.541594561970856,0.36889331120829283,9.179342911766446,1.0,5.0
824398,2026,0.6168696152962596,0.8211369748514658,8.375354029520059,1.0,9.0
824475,2026,0.4721742833870674,-0.9461468345095778,9.437959423000137,0.0,3.0
822938,2026,0.5708881581605221,0.2798992717115564,9.047171139463114,0.0,15.0
823423,2026,0.5998738135002359,0.7600216007962851,7.9653616406342245,1.0,10.0
823586,2026,0.4847714047565868,-0.5023646414840703,8.791455961223356,0.0,7.0
824723,2026,0.6149897148237399,0.9149345932597643,8.760805401564383,1.0,13.0
823749,2026,0.6383308310350096,1.0671327374833384,8.3945960555375,1.0,22.0
823667,2026,0.4575521831942088,-0.7249175149958105,9.435245614631816,1.0,5.0
824075,2026,0.5618537321673511,0.5528204030237495,9.094903701833369,1.0,7.0
822859,2026,0.4997898697569025,-0.12425861687129905,9.17097615289803,1.0,5.0
824639,2026,0.5760871456218106,0.7388224858169243,8.986443170907474,1.0,7.0
824154,2026,0.5768383519183892,0.5134539641113285,9.269107429448425,0.0,4.0
824319,2026,0.3967131032612321,-1.7658827138768138,11.664077323597475,0.0,13.0
823342,2026,0.578325397727041,0.5677482866274727,8.474570235540792,1.0,7.0
823587,2026,0.45911801288352455,-0.6879069940023811,8.816256412419913,1.0,6.0
823664,2026,0.4606062064189006,-0.5523792785059414,9.3548415729654,1.0,10.0
824640,2026,0.5455813583606453,0.20274833200999193,9.055684318561127,0.0,3.0
824722,2026,0.5839392715578193,0.6869330442631003,8.985781278137907,0.0,13.0
823424,2026,0.5068628519379625,-0.30561091716599803,9.179215457874937,1.0,5.0
824801,2026,0.47481816083370765,-0.6537737616883494,9.394970566043018,0.0,8.0
824476,2026,0.5272806679587413,0.17534091015014164,8.396696231905263,1.0,9.0
822937,2026,0.6418284117898377,1.0906485527276195,8.198883964299352,1.0,13.0
824394,2026,0.618349489424635,0.9060130005697515,7.805892548720445,0.0,1.0
824076,2026,0.5725660363738976,0.7814200143800991,9.552271008178035,1.0,16.0
823748,2026,0.5586750800308665,0.7105125038183729,8.232672516785435,0.0,12.0
822860,2026,0.4903250569041604,-0.5142474266606366,8.830334679101975,0.0,6.0
824155,2026,0.5512990136420326,0.1761824148396007,9.059110413649979,1.0,5.0
824318,2026,0.400105182638652,-2.4226127736758953,11.34753022290148,0.0,10.0
824474,2026,0.48192339953280916,-0.6488347419781526,9.529207555935029,0.0,19.0
824395,2026,0.5653023386657727,0.35246573173407614,7.9316673829271,1.0,7.0
822934,2026,0.5956450075390682,0.7306088919682449,8.95611429582711,0.0,6.0
824074,2026,0.5775467301039195,0.4955539091478712,8.886819481579183,1.0,8.0
824589,2026,0.49698131892923664,-0.4460118033259255,9.397089562778959,0.0,2.0
823747,2026,0.5762629710961419,0.5896856122064046,8.788192721357094,1.0,11.0
824802,2026,0.45799224618375034,-0.9550984432734334,8.855131635739337,0.0,7.0
822861,2026,0.5429646899064855,0.08776384847713085,8.35139015346222,1.0,2.0
824153,2026,0.6083922938352804,0.7902209087488492,8.475654683850218,0.0,21.0
823746,2026,0.5183984703036562,-0.15671356974631967,7.796689677294729,1.0,3.0
823420,2026,0.5941733181952771,0.592334645833405,8.466014550443404,1.0,13.0
823510,2026,0.6068792282359802,0.8129947216536983,7.827067385678448,1.0,4.0
824721,2026,0.5858933425258194,0.4157588630100021,8.627328155080017,1.0,10.0
823830,2026,0.535927427290531,0.27620205374885154,9.103367556780636,1.0,5.0
824800,2026,0.516350949411777,-0.16287980653565284,8.312631554721262,1.0,8.0
824559,2026,0.543123290252024,0.4661634523874893,8.700542556296243,1.0,10.0
824072,2026,0.46085812975238766,-0.6587339026451839,9.095053904782663,1.0,7.0
824152,2026,0.6205939881202664,0.964776541371976,9.23447102563252,1.0,4.0
822857,2026,0.5270070895415038,-0.24717638581340232,8.16161103380922,1.0,3.0
824317,2026,0.4566607403997212,-0.8584862911261052,10.217069637189605,0.0,10.0
825045,2026,0.5579014999575225,0.46805280452114856,9.328691276830504,1.0,9.0
823262,2026,0.548197581385748,0.1653229360851104,8.598717757865007,1.0,8.0
823911,2026,0.6434514525984874,1.3036327507739955,8.632096420987546,1.0,9.0
823101,2026,0.46529897463227343,-0.7441488341439674,8.79493446632501,1.0,11.0
823509,2026,0.5206161860768679,0.013727463613013862,7.9896181915476845,0.0,7.0
823743,2026,0.5922164951778075,0.49720304842979696,8.369566622823356,1.0,5.0
823831,2026,0.5748908635237906,0.5071553791183209,8.620713849795504,1.0,6.0
823422,2026,0.5239882572513774,-0.3263606059705115,9.29704221819832,1.0,15.0
824798,2026,0.4647998787365386,-0.8624133838210419,9.308812154067601,1.0,5.0
822858,2026,0.5917626164985754,0.5502310890305349,8.520921358228367,0.0,3.0
824151,2026,0.6537144608458815,1.240805403240074,8.540178251951025,0.0,7.0
824560,2026,0.5368129392911053,-0.07434814879829064,8.744252573044161,0.0,15.0
824073,2026,0.4705121312162679,-0.5763397711957365,9.499365318131243,1.0,4.0
823910,2026,0.6543024303160285,1.347771108480571,8.549359087999537,1.0,7.0
823100,2026,0.4607980592025833,-0.7623988624194818,8.81064057379049,1.0,9.0
824718,2026,0.6010869587495453,0.8346902004121327,9.558608481470861,1.0,5.0
825044,2026,0.6017051661361956,0.8983664077219444,9.202274102020576,0.0,16.0
824316,2026,0.4553329875184181,-0.6487034614688092,11.362174671928374,0.0,7.0
823261,2026,0.6045904894278618,0.7900081589575864,8.0124370226464,1.0,12.0
823507,2026,0.5829602128056264,0.47184695346033806,8.210298921670178,1.0,11.0
824799,2026,0.4896269783953388,-0.2634230221549118,9.310094799257733,0.0,4.0
823421,2026,0.6120077859103484,0.5700445744740046,7.689168892591624,1.0,10.0
823827,2026,0.557652953194102,0.30914897108188766,9.00227034363858,1.0,8.0
824071,2026,0.4670818494787969,-0.6319119106260745,9.055204600307174,1.0,18.0
824150,2026,0.5735709039401986,0.5347440998033044,9.275564579705078,0.0,13.0
824558,2026,0.5349388827007657,-0.00617030643306338,8.042688883931271,1.0,3.0
822856,2026,0.5456989697639034,0.005580289702689871,8.788389493100404,1.0,8.0
824315,2026,0.45381909089977845,-0.8255149785188235,11.515468186655664,0.0,9.0
824720,2026,0.6307703539501434,0.860240699384861,9.592742611121944,1.0,9.0
823909,2026,0.6154662855434654,0.9065557368571389,8.657958858703225,1.0,4.0
823099,2026,0.47688796035268993,-0.699048928310753,9.002665561257137,0.0,21.0
823258,2026,0.5615767366965558,0.5280234346567373,8.81328589947622,1.0,9.0
825043,2026,0.5301393183053478,0.012167509414911208,9.404465868475151,1.0,8.0
823745,2026,0.5568021336071426,0.41929319463605874,8.697206509557853,0.0,6.0
823828,2026,0.46547544476275104,-0.8134691842684112,8.90062674722268,0.0,6.0
824235,2026,0.511679126481354,-0.30997290133516237,8.89323692102912,0.0,5.0
822695,2026,0.6442703511663244,1.2741506759057801,9.252887539805087,1.0,16.0
824557,2026,0.5730080678879735,0.601346599973358,9.008424214261447,0.0,13.0
823992,2026,0.4259661588277833,-1.0689536792341894,8.664630887491418,0.0,6.0
825041,2026,0.4440872300558828,-0.8057106203802935,9.818070214763097,0.0,7.0
823260,2026,0.5359229944989033,-0.14522612126495726,8.322596817330151,0.0,5.0
824964,2026,0.4662155927915223,-0.5467197119623238,10.149917765512082,0.0,15.0
823097,2026,0.4563926953096735,-1.0769659262903106,8.402562672480789,1.0,11.0
823183,2026,0.47265820877353193,-0.9333062247018722,9.00301907059869,1.0,5.0
824233,2026,0.50208272227791,-0.27105657650972037,9.264640386550079,1.0,5.0
823826,2026,0.46355425369023306,-1.0058911680352824,9.076160304154667,0.0,10.0
822693,2026,0.6290184149847282,1.0240633394845713,9.48722766714506,0.0,4.0
823505,2026,0.5693160128660038,0.5589287441492286,8.923430025611667,0.0,16.0
822773,2026,0.5341306662257943,-0.08245686782483153,8.996922652118846,0.0,8.0
823585,2026,0.4366150878818559,-1.219221495623223,8.787492871623863,1.0,5.0
824881,2026,0.4952881953077716,-0.5071739453623518,8.861904953736003,1.0,7.0
824556,2026,0.49921303426732927,-0.5276466744931568,8.667508203033162,1.0,18.0
823016,2026,0.5200483327088957,0.12965798257154007,8.710507366910257,0.0,14.0
823989,2026,0.46074850074528184,-0.7154960728840876,8.24037680557224,0.0,14.0
825042,2026,0.4679711298460236,-0.7167353393815736,10.018074710529957,1.0,9.0
823259,2026,0.4932987535543,-0.5024148915681563,8.099540633940848,0.0,1.0
824962,2026,0.47052592146143263,-0.3865759511961139,9.549943506786029,1.0,6.0
823098,2026,0.5122534816394753,-0.16824203579871572,8.707681682599507,1.0,5.0
823181,2026,0.5316214811868576,0.2650388066918665,9.262014586127625,1.0,4.0
824234,2026,0.5392658395168638,0.0761146929018735,8.554998396829447,0.0,3.0
825039,2026,0.469595395099727,-0.7344438935915234,9.730444392521575,1.0,2.0
823180,2026,0.5687525146586583,0.6671853201823252,7.982359353803191,0.0,19.0
823988,2026,0.4440941434004164,-0.8748714856739962,8.888965069914736,0.0,7.0
823255,2026,0.5400924899716997,0.006965009569271992,8.639532282142518,1.0,3.0
823096,2026,0.49441671534342213,-0.8391096897391204,8.261302723885915,0.0,6.0
823825,2026,0.452529997984547,-1.0095569298184706,8.942514209075068,1.0,4.0
822692,2026,0.5963276976662235,0.9599022066299089,9.714267031360544,0.0,14.0
823506,2026,0.5412173480359579,0.10459490004885985,8.94273832508072,1.0,12.0
822772,2026,0.5638941469643085,0.4471095391615327,8.347923481125518,1.0,3.0
823584,2026,0.4449329752059255,-0.8698505255975596,9.146358221674419,0.0,9.0
824878,2026,0.5307651211196391,-0.01168697326256105,9.195714108777011,1.0,11.0
824555,2026,0.5205006581755428,-0.040992794590006695,8.740904632727947,1.0,14.0
823015,2026,0.5007179474978706,-0.25015647464189505,8.759280268720211,0.0,15.0
824963,2026,0.4651958643865848,-0.47532544773868424,9.517233609754554,1.0,11.0
822694,2026,0.5613957514434665,0.6729721532224773,9.860461332780941,1.0,8.0
823014,2026,0.47041024799183684,-0.46828897650979834,8.92450154875675,1.0,12.0
823503,2026,0.6072078775651197,0.9314552143328529,8.46430656207922,0.0,6.0
822771,2026,0.5108360381733378,-0.19542544500466935,8.777676963357463,0.0,15.0
823581,2026,0.42385677636419133,-1.248224810174227,8.793635975952354,0.0,10.0
824879,2026,0.5283174541563408,0.08131058692694515,7.731781527511584,1.0,1.0
823179,2026,0.4892723683521503,-0.18848235557756038,9.106366192485916,1.0,7.0
824638,2026,0.6043755859730312,1.2714472641323344,9.189333827343706,0.0,18.0
824231,2026,0.42356643286461065,-1.1876318946283488,8.470825710147173,0.0,3.0
822691,2026,0.4651151015334139,-0.753331314602353,9.234338147198493,1.0,11.0
824396,2026,0.5573723654078624,0.34648623350455077,8.764026213394642,0.0,3.0
823583,2026,0.4974905119101297,-0.2262973035339629,8.342881294487889,0.0,4.0
822935,2026,0.5349861253574275,0.06541682151074753,8.067950361378136,1.0,13.0
822769,2026,0.5884193447098227,0.4620688284033382,7.937711524575589,1.0,9.0
824877,2026,0.6836508569158242,2.139632469131678,9.202413287610206,1.0,10.0
823504,2026,0.5755521787753012,0.5468663368611105,7.860444643861074,1.0,1.0
823744,2026,0.6304244388530522,1.1043442246594137,8.432044029908601,1.0,7.0
823666,2026,0.48078079369069754,-0.5497049681453108,9.470006268841887,0.0,11.0
823013,2026,0.5132029283374822,-0.17967267618300412,8.753302916630842,1.0,5.0
823985,2026,0.4863683920685398,-0.4554329219069851,8.881503747343492,0.0,8.0
824960,2026,0.44957415948799145,-0.611826893387545,9.739315646374958,0.0,7.0
823178,2026,0.48186973792182336,-0.5416501119231144,9.317975878238252,0.0,16.0
823539,2026,0.5300577980519704,-0.25626496637731233,8.187095086081142,0.0,6.0
824230,2026,0.45981896627552965,-0.7819051740591816,8.611620399628572,1.0,3.0
823665,2026,0.4888363846482908,-0.05119004092397094,9.926744905692088,0.0,5.0
823011,2026,0.5311328736064252,0.10269218063579297,8.393007233066806,0.0,8.0
824637,2026,0.613669372344922,1.357511576902084,9.04884306055857,1.0,22.0
822770,2026,0.5663664039918166,0.288326306097295,8.520815221445716,1.0,7.0
823177,2026,0.4834670149646054,-0.14363211558382713,9.350569248894068,0.0,8.0
822690,2026,0.5111256010746449,0.35631244986713634,9.241751220658928,1.0,9.0
824874,2026,0.6653852392221669,1.61876500614366,9.003391182870354,1.0,3.0
822936,2026,0.5812362399260763,0.45430313126070937,9.120309393595074,1.0,13.0
824392,2026,0.5870023016782964,0.6272589009932086,8.29982324674268,0.0,11.0
823582,2026,0.5247509248468488,0.1665870202861746,8.137827486345248,1.0,8.0
823741,2026,0.6513798982459685,1.3431005929222664,8.59732411486871,1.0,8.0
823501,2026,0.5848634971708758,0.5481215660374975,7.885641477710914,1.0,11.0
823176,2026,0.4758466881836755,-0.4431754414564331,9.215073965839418,1.0,9.0
824961,2026,0.4433886303975254,-0.7808058087151728,9.481331501125501,0.0,8.0
823986,2026,0.43081167758660316,-1.1205518749066983,9.277139792519574,0.0,6.0
822688,2026,0.5203464287381643,0.4334281371710878,9.287843929738827,0.0,8.0
824876,2026,0.6746786406034552,1.7907332291153994,8.929005033481618,1.0,5.0
823502,2026,0.48594203317833845,-0.461396356006661,8.649282511611027,1.0,17.0
822766,2026,0.4965705315196076,-0.7954704703724411,8.621865503273387,1.0,7.0
824393,2026,0.6357295886214599,0.8243220237272786,7.5373313080894295,1.0,12.0
824232,2026,0.48338721289378656,-0.6908667287166531,8.492811781662544,0.0,7.0
822933,2026,0.582608037976691,0.4149651757471252,8.03329841489979,1.0,9.0
823662,2026,0.4742383652587003,-0.4136810292843517,9.406449890864652,1.0,6.0
823740,2026,0.6235807192936571,1.1162697439401734,8.6915664181638,0.0,11.0
823010,2026,0.47587842999866775,-0.6150269926941568,8.611139151921678,0.0,9.0
823580,2026,0.5329577470408734,0.3802035179957271,8.716899004533326,0.0,9.0
824959,2026,0.4521258002812687,-0.70817644899809,10.083533241795209,0.0,13.0
823987,2026,0.42677303919158427,-1.2579377078477136,8.43769705070489,0.0,7.0
824636,2026,0.5858896505124543,0.7663779300503798,8.368289362550975,0.0,12.0
824911,2026,0.6086271392170136,1.1556603245081478,9.140249111780118,0.0,10.0
824473,2026,0.46302865869100995,-0.8621237443550097,9.679494040937643,0.0,5.0
822932,2026,0.5996953595473251,0.7746023409251205,8.723705018780224,0.0,5.0
824719,2026,0.5736446045385335,0.4232641164576196,8.966070091175531,1.0,17.0
822689,2026,0.5095045219096278,0.2739978693908514,9.481575003758087,1.0,9.0
823663,2026,0.49338055888639104,-0.12539495093542496,9.386515401043447,1.0,12.0
824635,2026,0.5042656263308626,-0.5705733787466114,9.278242029673327,1.0,20.0
822855,2026,0.6404947952694942,1.0052950798439053,8.693971724363115,1.0,9.0
824149,2026,0.5208274064576716,0.017227606693883624,9.165627548766011,1.0,9.0
824314,2026,0.45521959729582373,-0.7089239952452604,11.661739376590813,0.0,3.0
823982,2026,0.4500129684655475,-0.622081726972883,8.506496118631768,1.0,11.0
825040,2026,0.5086837655102568,-0.22812564854740175,9.65067026858527,0.0,3.0
822929,2026,0.5777366869828502,0.6472334687423985,8.771883714303709,1.0,8.0
824391,2026,0.5327053351177693,0.0480259748547038,8.001031206382821,1.0,7.0
824472,2026,0.47137362409567735,-0.4778252672811256,9.632838512974033,1.0,7.0
823340,2026,0.5806570353006549,0.45230050717673415,7.880633372269468,1.0,25.0
824716,2026,0.5215502390188188,0.01870766455723163,9.226084465367107,0.0,15.0
822687,2026,0.4755425702513142,-0.6223519148851304,10.02174576758859,1.0,14.0
823661,2026,0.48973777097240495,-0.39206078412633943,9.148582218589175,1.0,17.0
824070,2026,0.4829962026635954,-0.4630575750831671,8.95954043322967,0.0,9.0
824633,2026,0.5323384204418545,0.1915574609174068,9.57776998562145,0.0,13.0
822854,2026,0.6170958484888917,1.0390087909186627,8.821453111964454,1.0,13.0
824148,2026,0.48702083477480346,-0.8573003354117238,9.124670984708114,0.0,6.0
824313,2026,0.44874384289471836,-0.8362738265634155,10.517668005884518,1.0,6.0
823984,2026,0.42325165366544043,-1.1910080054749685,9.0514506196644,0.0,10.0
825038,2026,0.46524941790503344,-0.8403419736224471,8.494237816036652,0.0,8.0
823908,2026,0.5816637210264622,0.7292565386671798,9.493787245765558,0.0,21.0
824470,2026,0.43590191103950005,-1.1193003150428367,9.726177671367754,1.0,10.0
822686,2026,0.48191462158750376,-0.6882233499905906,9.560952385050689,0.0,9.0
822851,2026,0.6209220350665214,0.8179922562822237,9.09372311782912,0.0,11.0
824312,2026,0.4431852167043944,-0.8548661755988302,10.54114456040988,1.0,11.0
825037,2026,0.5129411559871194,-0.18584612264907027,8.800996714724686,1.0,1.0
824717,2026,0.5901177526943292,0.4881923074736955,9.675668758816325,0.0,11.0
823339,2026,0.5438059192738512,0.2888828086569328,8.98758092516048,0.0,9.0
822931,2026,0.5882519640877255,0.6272334106825963,8.675785781287788,0.0,14.0
824390,2026,0.49392322232751995,-0.6408551425994498,7.721850696211416,0.0,11.0
823660,2026,0.50199429161346,-0.44323991354264985,9.355914646414222,0.0,17.0
824068,2026,0.46111375462872045,-0.7610141529636962,8.908294909492659,0.0,15.0
824634,2026,0.4728473100316188,-0.8452745004388484,9.027087607463635,0.0,14.0
824147,2026,0.5102529032897468,-0.3407601480484467,9.112014120011326,1.0,2.0
823983,2026,0.44436239192171567,-0.9947698655596738,8.559400028216123,0.0,9.0
823906,2026,0.6654644159232143,1.5661654587073417,8.529559354583006,0.0,14.0
823337,2026,0.5593678793364061,0.550662863066564,9.1420241824635,1.0,7.0
824388,2026,0.5238418729539653,-0.09348909696299634,8.537126501647656,0.0,9.0
824144,2026,0.5410282702833576,0.09724477605597714,8.36564594434631,1.0,8.0
824796,2026,0.45452214318974704,-0.9321215417297894,9.244194050534896,0.0,11.0
824632,2026,0.5033083824725302,-0.4972833844711881,9.120624723455304,1.0,3.0
824069,2026,0.4623168702786561,-0.5760817719979767,9.337727040737336,1.0,10.0
822853,2026,0.451643943355805,-0.893735052095327,9.133629359446545,1.0,6.0
823095,2026,0.5958176896380388,0.8310748118868482,8.700904169580781,0.0,11.0
823907,2026,0.6715264076011462,1.5778043007891258,8.44404812113135,1.0,5.0
824424,2026,0.5105064426388223,-0.26168601174932743,8.66881358270875,1.0,13.0
824471,2026,0.4331728545240884,-1.278434986328745,10.326728329234081,0.0,17.0
823418,2026,0.48226645597412054,-0.5908011657495675,7.152746468206637,0.0,7.0
823338,2026,0.6130819428981041,0.730360819196687,8.99656666026651,1.0,1.0
824797,2026,0.45895712927547855,-0.8706540815201086,8.989407731187594,0.0,1.0
823579,2026,0.5690512695168326,0.35925027392141495,8.109721080616177,1.0,16.0
823824,2026,0.4973556136124449,-0.3371796393548596,9.281578037096102,0.0,7.0
824387,2026,0.5372520502781204,-0.07463040480399355,8.275337672160774,1.0,7.0
824554,2026,0.529591986423832,0.16544263303051338,9.266878769885123,1.0,5.0
822852,2026,0.4670490515030504,-0.4615806127449132,9.269959714746188,0.0,13.0
824146,2026,0.5080722424539489,-0.016378258922867345,9.219458214481438,1.0,4.0
824067,2026,0.4867011773066258,-0.10138028376520415,9.157736090043171,0.0,11.0
824311,2026,0.4539798664682669,-0.6832856629974677,11.712328556299829,0.0,13.0
823256,2026,0.44333411514485843,-0.895510096766842,8.802650608735211,1.0,5.0
823905,2026,0.6193025479679872,1.1849207245356863,8.62690856543858,1.0,8.0
823093,2026,0.6696527194549966,1.6433389092544826,8.310551846898523,0.0,13.0
823577,2026,0.5919165611722492,0.6415151299762054,8.79197231505604,0.0,14.0
823823,2026,0.4732832238690701,-0.4927106292060169,9.578447537515352,0.0,11.0
823419,2026,0.5479128147663793,0.15191516853994838,7.987635644377013,1.0,6.0
824389,2026,0.5601582536761961,0.4649473003869771,7.510619135217686,0.0,6.0
823335,2026,0.6504955358933457,1.122071950030367,8.593719873480099,0.0,7.0
824468,2026,0.4364553052806204,-1.3766657199166483,10.290820034392766,1.0,8.0
824795,2026,0.44894780429178843,-0.9460935642761169,9.066811600222794,0.0,5.0
822850,2026,0.49751749161142095,-0.6833421102130589,8.549492990431196,0.0,9.0
824553,2026,0.5362419779480679,0.2705086927244034,9.081920616765435,0.0,10.0
824066,2026,0.49266629980434934,-0.26222587167977646,9.912100983788608,0.0,7.0
824145,2026,0.5004167758785069,-0.3403501861447992,9.216732428465821,0.0,7.0
823257,2026,0.4779581168547984,-0.6060451415995919,8.31856735902474,0.0,6.0
824310,2026,0.45442133444537186,-0.7465157585702401,11.057916086068971,1.0,17.0
823904,2026,0.5915561836770034,0.9284868239748505,8.540783397385425,1.0,11.0
823094,2026,0.6392616702438765,1.3129463110292565,8.572930113631827,0.0,8.0
824469,2026,0.43271768417484446,-1.2733298214622017,10.006817481136926,1.0,20.0
823417,2026,0.4877999738593462,-0.5766868348380112,9.121805508541742,0.0,9.0
824794,2026,0.45494771894988867,-0.9220679187408939,8.77948146934087,0.0,4.0
823336,2026,0.6353213048754055,1.009124875375687,8.053573842453355,1.0,1.0
824385,2026,0.5497053839157194,0.31345706245606075,8.007640897619282,1.0,5.0
823578,2026,0.5373101690656092,0.1943502046475851,8.67840080053571,1.0,6.0
823822,2026,0.45573423832270565,-1.0911984876422414,8.98064961153137,1.0,13.0
824142,2026,0.5118102112187141,-0.481788401831772,9.07322319975895,0.0,5.0
824065,2026,0.48012415328297336,-0.30581972312481814,9.218144498844206,1.0,7.0
822848,2026,0.47683328327405805,-0.6472097926127368,8.593157516952283,1.0,14.0
824309,2026,0.4533507935044819,-0.9177501104556798,11.015677402079728,0.0,18.0
823091,2026,0.6356380642998251,1.122168979753145,8.560135735077361,1.0,2.0
823253,2026,0.47465457416068796,-0.8134693352216583,8.247427530518985,1.0,7.0
824552,2026,0.583350025205487,0.7551836996505734,8.546199594954206,1.0,11.0
823903,2026,0.5827999520169022,0.9600829659512615,9.006865169043486,1.0,12.0
823415,2026,0.5501026072322491,0.2410410914365168,7.6200108449851385,1.0,1.0
823820,2026,0.5618388260902852,0.3623668589338918,8.764632519989018,0.0,13.0
824715,2026,0.6076688267201306,0.8404309552488978,9.854909709228922,1.0,7.0
824793,2026,0.5299927772155829,-0.1343637771367196,8.562564458561434,1.0,10.0
824062,2026,0.475492929751509,-0.4405336562210202,9.145446012688042,0.0,9.0
823742,2026,0.5213186665565996,-0.15065978501012858,9.378995628115192,1.0,7.0
824229,2026,0.5429162706929487,0.3745589680857308,8.525652087978777,1.0,9.0
823254,2026,0.6019606630343329,0.5687398762321905,7.805386995505062,1.0,5.0
823175,2026,0.5435617242492367,0.6305392983049527,8.929335506496857,1.0,9.0
823902,2026,0.584173270314287,0.8349314981154613,8.437609108769811,1.0,9.0
824958,2026,0.41777033387371776,-1.191396021097535,9.199679752562288,1.0,11.0
824792,2026,0.5045148723234476,-0.4022991053819924,9.171770581294773,0.0,14.0
824228,2026,0.5701655370395666,0.7486820341488858,8.89994150778979,0.0,5.0
823414,2026,0.5254190304808357,0.11134847305209145,9.06952350752372,0.0,11.0
823821,2026,0.5567082401019549,0.33986659405439407,9.053283415460928,0.0,12.0
824714,2026,0.5655098073781322,0.4680299070413152,8.960938277682054,0.0,7.0
823500,2026,0.6930087662244613,1.6973077011154023,8.002798968442098,1.0,8.0
824875,2026,0.5331090471267859,0.11671573041661448,9.058755434136826,0.0,8.0
824063,2026,0.45761258578582903,-0.695188370882792,9.204210336624753,0.0,8.0
824551,2026,0.5342138305825685,0.09336659985489922,8.717703617811024,0.0,12.0
823738,2026,0.6054887645985138,0.737493884866394,8.893939545497746,1.0,7.0
823250,2026,0.5827359131013825,0.5984449907269875,8.241917328852635,1.0,9.0
823092,2026,0.5111967603748571,-0.04807096125652481,8.847092942873454,0.0,15.0
824957,2026,0.4390767234409867,-1.004254182766126,9.624557094546176,0.0,6.0
823174,2026,0.49829139303899894,-0.3604054390222406,9.080620844240253,1.0,3.0
823901,2026,0.6896691330396802,1.8321529321899894,8.591889466065231,1.0,5.0
824226,2026,0.5772996295332047,0.6474643894399753,9.1683221091631,1.0,9.0
824956,2026,0.45095685296232557,-0.9173678095692588,9.868378880234788,1.0,2.0
823172,2026,0.48989939361573553,-0.3253534861115497,9.505795864196209,1.0,13.0
823251,2026,0.5374673494986641,-0.0782012663032138,8.696735563031607,1.0,11.0
823090,2026,0.4891012390560558,-0.15139345504725482,8.951998828340775,1.0,5.0
824791,2026,0.5064063091222161,-0.2877323937159829,8.99848515586112,1.0,14.0
823416,2026,0.5544015040720125,0.33811407711254465,7.433596615058856,1.0,18.0
823818,2026,0.5505917118317789,0.20127319651490327,9.13501133859016,0.0,29.0
824713,2026,0.6565429889346202,1.3638489574653117,9.416942691045472,0.0,10.0
823497,2026,0.6987399952878249,2.223181290603564,9.113849310295134,1.0,7.0
824871,2026,0.5325079721772363,-0.2391223499048102,8.716220362965636,0.0,9.0
824064,2026,0.4666303265055485,-0.4300884997731557,9.627057329514917,1.0,7.0
824549,2026,0.5392985274031021,0.20135834705780664,9.088211218624247,0.0,6.0
823739,2026,0.5495906674908899,0.1239298592155071,8.776496617019333,1.0,14.0
823900,2026,0.6947308629024945,1.9620013774846703,8.689231675365967,1.0,15.0
824872,2026,0.5280279457999855,0.2619120047514627,8.856589675703315,1.0,4.0
823413,2026,0.6216281323852008,0.9308156602688227,8.129714848227753,0.0,3.0
823088,2026,0.4970505625518698,-0.6602702540348698,8.223891667009168,1.0,7.0
823499,2026,0.7033517373353328,1.7890431400285278,8.140718794172615,1.0,13.0
824550,2026,0.5262141820159763,0.0412195700061457,8.51730156899567,0.0,2.0
824631,2026,0.5494491791186502,0.3844823712251215,9.176617170535382,1.0,14.0
824227,2026,0.646506500261744,1.211365185489161,8.880241238186155,1.0,8.0
822684,2026,0.5784585749318804,0.7414457497949707,9.032146516116734,1.0,7.0
823498,2026,0.5612048853666244,0.38910767972154514,8.141892138243056,1.0,10.0
822767,2026,0.5192762100388641,-0.1730276203752457,8.839390724536322,0.0,11.0
824711,2026,0.6530784417225607,1.5402649490454678,8.88185587614373,0.0,5.0
822930,2026,0.6062625975574075,0.7269242144803896,8.107533955098214,1.0,4.0
823817,2026,0.4475844994865008,-0.9489572742695163,8.873962075168146,0.0,8.0
824873,2026,0.6110712460720095,0.5786841503740913,7.57451047307814,1.0,11.0
823736,2026,0.6155758114074541,1.616486397863289,8.941849252203529,1.0,20.0
823659,2026,0.46002777234184533,-0.7566557924997928,8.87682785206183,0.0,7.0
823012,2026,0.5122120330171291,0.1569336100216007,8.84019634232101,1.0,10.0
824954,2026,0.4472902383949382,-0.7934986328592276,9.880092357442518,1.0,11.0
825036,2026,0.5099672960605329,-0.29254415818645213,9.39901220333081,1.0,10.0
823173,2026,0.4539763529316094,-0.9132011812843149,9.429067033274501,0.0,12.0
824224,2026,0.6595680158429016,1.4577806168235896,9.018362602905247,1.0,18.0
823496,2026,0.6149684268734971,1.0133206070689216,8.531266150914712,0.0,14.0
824630,2026,0.5022024013563717,-0.1560147391004754,9.137450882450787,1.0,7.0
822768,2026,0.553218225817547,0.3121185935652822,7.736984685151465,1.0,10.0
822685,2026,0.5552747416567203,0.4944866041872099,9.2576099733751,1.0,11.0
823170,2026,0.4622668660686912,-0.8818407590773741,9.097025103324766,0.0,13.0
824712,2026,0.6449891867066784,1.4565737327220147,8.854181499824122,1.0,6.0
823657,2026,0.4846074420223192,-0.4466732267339516,9.010552437018287,1.0,7.0
823819,2026,0.44990238498051355,-0.9749038765989979,9.015263216426655,1.0,7.0
822927,2026,0.5593885651836247,0.34698871806511894,8.78336920470514,1.0,5.0
823737,2026,0.6469936029610114,1.4204953004856025,8.846484106555758,1.0,22.0
823009,2026,0.5088008935796915,-0.3159422260947124,8.185775727790508,0.0,11.0
824870,2026,0.5568810716889939,0.14463625405440284,8.417942796114001,1.0,14.0
825035,2026,0.5643885078593058,0.3686114563834693,9.647689666896632,0.0,8.0
824955,2026,0.4444563170316716,-0.9850702233174929,9.273075682600066,0.0,20.0
824225,2026,0.6163265113166375,1.0850264468965054,8.904504148022948,1.0,9.0
822682,2026,0.5780209575711424,0.5608689347155287,9.4042247977797,1.0,11.0
824869,2026,0.5601061329906927,0.4024922662746932,9.079062289965753,0.0,13.0
823495,2026,0.6226164916468632,0.9105785442673099,7.909724094824358,1.0,2.0
822764,2026,0.5438230477338777,0.20020690609378797,7.856000294688622,1.0,9.0
822928,2026,0.5550406271727237,0.46450018201140353,8.806808049103461,1.0,18.0
823815,2026,0.4709279861321609,-0.7171675387236144,9.091787740314635,1.0,10.0
823658,2026,0.5264074886156058,0.39634115304301387,8.883697497902778,0.0,11.0
823734,2026,0.5890780637298885,0.8257375330394807,8.560827240270331,0.0,7.0
823008,2026,0.5213955521654176,0.0316701793955602,8.888726961933155,1.0,4.0
824628,2026,0.5658186171691061,0.5900053329977523,9.214645324012936,0.0,7.0
824708,2026,0.5887191901711692,0.7366424050092433,9.025577498770776,1.0,5.0
824952,2026,0.47355194813156065,-0.7168050268978974,9.639525428387318,1.0,15.0
825033,2026,0.5612989394161052,0.3407480844045846,8.94873644487234,0.0,13.0
823171,2026,0.4830195733263347,-0.6543005562298145,8.51223266998715,0.0,10.0
824465,2026,0.40809922397924253,-2.2115566527688784,9.23060064297426,0.0,5.0
824386,2026,0.5220902251713617,-0.1681043096606248,7.822709099273917,0.0,10.0
822765,2026,0.5020717459531829,-0.4977809479792754,8.437278245379748,0.0,11.0
823575,2026,0.5285968982641389,0.16356389367838672,9.056499888314292,0.0,3.0
824629,2026,0.5380445233763952,0.06174467501294461,9.351483555110546,1.0,10.0
823656,2026,0.45554917839672193,-0.7266316717726804,9.566543619964651,0.0,11.0
823006,2026,0.5251368052278681,-0.16227386974159339,8.697923487502486,1.0,3.0
824308,2026,0.4412353448251156,-0.9431298564481557,11.029429558661425,0.0,15.0
823981,2026,0.5123204712144819,0.36953578353064,8.035538239050808,1.0,10.0
825034,2026,0.5357794634665664,0.1901992144347331,8.9551679295634,1.0,15.0
824384,2026,0.5339344502173371,0.018702079724881172,8.40422429493071,1.0,13.0
823333,2026,0.4226455461322702,-1.3125349403060533,8.717896223819201,0.0,6.0
822925,2026,0.6681409388278494,1.4210969341785427,8.85773315909461,1.0,3.0
824466,2026,0.4129933668251962,-1.8487483068816417,9.82938962349801,0.0,4.0
822683,2026,0.4500272326840627,-0.9884848804477833,9.192742389196368,1.0,9.0
822762,2026,0.5058067955854411,-0.6491464530845064,8.32286704783908,0.0,11.0
823574,2026,0.5164388138298054,-0.10416432606543584,8.934220515850464,0.0,12.0
824627,2026,0.5726224600542015,0.4375004366025269,9.162357551780632,0.0,9.0
823654,2026,0.43178622711045295,-1.0111732419630985,9.676890221351327,0.0,9.0
823007,2026,0.5567332075112031,0.5073212894783515,8.784045932174713,0.0,13.0
822849,2026,0.5215416403812557,-0.007268583111761666,8.48425822266301,1.0,6.0
824143,2026,0.5636278305696529,0.2690085194911713,8.340260118330098,1.0,6.0
824307,2026,0.438020877124579,-0.945432877970122,12.27833973641612,1.0,12.0
823980,2026,0.4399972824910245,-1.0524901871046004,9.108171054695863,1.0,3.0
825030,2026,0.558504813060801,0.6996099211529593,9.200157720520316,0.0,6.0
824382,2026,0.567488482031332,0.4257688964885172,7.428966631769939,1.0,9.0
823004,2026,0.543588097833919,0.49254391021824917,8.745996138096102,0.0,11.0
823655,2026,0.4403372401241553,-0.7888679849687179,9.239922705775534,1.0,9.0
822763,2026,0.4796516187211926,-0.4588416724771252,9.065907663071226,1.0,6.0
824467,2026,0.418075660807977,-1.7179049525720849,9.580687546195135,1.0,8.0
822926,2026,0.6573953128974145,1.163025623451035,9.058048651504528,1.0,7.0
823332,2026,0.4494917669233012,-0.9352876134077044,8.773994497197679,0.0,9.0
822680,2026,0.44153495265420617,-1.1115980091261464,8.73275145158908,0.0,3.0
823576,2026,0.5143520637268797,-0.2952602666084415,9.057846771880945,0.0,8.0
824626,2026,0.5563767093049691,0.33989190773227657,9.308555031913615,1.0,12.0
822846,2026,0.4723045299326655,-0.6820538110366953,8.961586619091406,1.0,10.0
824140,2026,0.551623590834125,0.2556849451653255,9.152890306242142,0.0,7.0
824306,2026,0.42914806718851367,-0.9884501066140854,11.040331174674405,0.0,12.0
823979,2026,0.4544335362609232,-0.598321798404035,8.79462020354724,0.0,9.0
825031,2026,0.5303378605107674,-0.130882317695359,9.727243398182273,0.0,7.0
823334,2026,0.476860621641648,-0.6671908800215414,9.205266104261762,1.0,11.0
824464,2026,0.4298003307253645,-1.4665962898947527,9.918919466144013,0.0,10.0
822924,2026,0.6989768725088612,1.7579523647834632,7.986585230205085,1.0,11.0
824305,2026,0.4347023802845406,-1.1867374634257235,11.434698291856387,0.0,11.0
824141,2026,0.5658659325253833,0.4543378807071155,9.078421325640466,1.0,8.0
823573,2026,0.5271627664314953,-0.14332588582511502,8.091450260861441,0.0,3.0
824548,2026,0.481247756864626,-0.5796407172284699,9.226942528666775,1.0,4.0
822845,2026,0.4686964582926981,-1.0014581199953567,8.912840574537983,0.0,7.0
823978,2026,0.5195463143364772,0.04293234097674467,8.237737638033787,1.0,9.0
824463,2026,0.4857221448868077,-0.29291461460614887,8.658195029862707,1.0,10.0
823331,2026,0.62424328325334,1.0526907320067618,8.015529692680722,1.0,13.0
824790,2026,0.45717909778157056,-0.8821224532469353,9.558734216464886,0.0,11.0
824383,2026,0.640072935662165,1.1991467602482653,8.176914375154624,1.0,8.0
822923,2026,0.5189250274267075,-0.3265834227436587,8.630995595416001,0.0,6.0
823572,2026,0.4912220472360743,-0.6588403576600189,8.730802732752833,1.0,9.0
824547,2026,0.5044787078208568,-0.30757522386153785,9.081493318985393,0.0,19.0
822847,2026,0.4468926666923225,-1.1753807566654932,8.543163143565637,1.0,8.0
824303,2026,0.430160450915233,-1.1497724027931815,10.441233020713687,0.0,9.0
824138,2026,0.48664031891746823,-0.7373175170953643,9.17885997812958,0.0,8.0
823005,2026,0.5282338902056877,0.014468898815876314,8.03246707454201,0.0,10.0
823977,2026,0.49206651756689873,-0.35348143527201403,9.039699591175975,0.0,3.0
823252,2026,0.5946167203081688,0.49559458187022065,8.011338483101776,1.0,10.0
825032,2026,0.4837463669867417,-0.8316103442733752,8.759496747618122,0.0,11.0
823898,2026,0.6470790125793049,1.562483566005651,8.617931477664719,1.0,10.0
824545,2026,0.5130879722983599,-0.030811880526402394,9.065583004731655,1.0,4.0
824788,2026,0.5001022945896486,-0.2882849375029869,8.846840411181493,0.0,1.0
822921,2026,0.5577732186886337,0.3096009776103733,8.961296391620795,1.0,3.0
823571,2026,0.5133644873152083,-0.22701270384399153,8.709202438029285,1.0,13.0
824380,2026,0.612674046879086,0.9725514107616232,8.700627297719217,1.0,18.0
824461,2026,0.43681821601246823,-1.0357463969465526,9.629103527243673,0.0,7.0
823330,2026,0.5350544082901032,0.15499898340930232,8.896791911833331,1.0,11.0
822843,2026,0.5025667556581507,-0.28250865324061175,9.068485100001404,1.0,8.0
824137,2026,0.4903911305139072,-0.4341596601000171,9.341014238446768,0.0,9.0
823003,2026,0.5039839760888053,-0.3602658677553218,8.694562999898311,0.0,13.0
824304,2026,0.4565892344782366,-0.8512503347324882,11.61901077585118,1.0,8.0
825029,2026,0.43966383623280086,-0.9101701964121895,9.305835309766799,1.0,8.0
823249,2026,0.5730177582081667,0.23779855706622602,8.396402144714637,1.0,13.0
823899,2026,0.6921904613379323,1.8195885028850207,8.468465124002261,1.0,14.0
823976,2026,0.5172432921753057,-0.08102396960522151,8.113850068955838,1.0,11.0
823570,2026,0.47249994125268585,-0.8993496227069432,8.551756504641013,0.0,9.0
823329,2026,0.5374625005596018,0.08286892155111054,8.990947147666942,1.0,7.0
824462,2026,0.4366462491617682,-0.9650785709147708,10.3190153739125,0.0,10.0
824381,2026,0.6294148596343166,1.2878880855363217,7.861725270508239,1.0,1.0
822922,2026,0.5570640912529146,0.30120163492993063,8.805611922932005,1.0,6.0
824546,2026,0.4995514721826445,-0.3610233585014303,9.228198755469714,1.0,9.0
824139,2026,0.5166552564063912,-0.07102488957771808,8.158051303548207,0.0,6.0
823001,2026,0.5543029793367296,0.1915995895264484,8.453949415943523,1.0,8.0
822844,2026,0.5395566062505754,0.2107014144118743,8.117163544091854,0.0,9.0
824300,2026,0.45898854283069496,-0.5612269272077092,11.347870142662943,0.0,3.0
823975,2026,0.49458699173504317,-0.3524381606925618,9.201299693377651,0.0,8.0
823896,2026,0.6680495869385895,1.7630253805993348,8.701746777841912,1.0,4.0
823247,2026,0.5393051502490063,-0.11879297673615988,9.212731682356933,1.0,10.0
825028,2026,0.48804949684243043,-0.6416497562758589,9.269769831130796,1.0,12.0
824789,2026,0.42625999563472655,-1.1467481826179777,9.205694766931034,0.0,3.0
824787,2026,0.5164394717567148,-0.16645271458187924,9.004883456834996,1.0,7.0
824221,2026,0.5527423862980436,0.5169543015003782,8.843061007944826,1.0,11.0
823169,2026,0.5091030743685352,-0.1751530072674899,9.46523289412554,1.0,7.0
823543,2026,0.5702960922736804,0.7840132746275998,8.189132457974255,1.0,2.0
823328,2026,0.5623254837363233,0.9241063801688066,8.832263948436884,1.0,2.0
823412,2026,0.549251764526447,0.2929685758803701,7.857573551148436,1.0,10.0
824222,2026,0.5620545044762469,0.5685532371960952,8.714859345906259,0.0,4.0
824709,2026,0.5343778644783587,0.1286015691908114,8.18190000257712,0.0,5.0
823494,2026,0.5673923695444484,0.13744354449133953,7.510750104231184,0.0,7.0
824867,2026,0.632650704573582,1.3325808343670145,9.127925967352262,0.0,4.0
824061,2026,0.4736412802439744,-0.5872234957118716,9.415944809227655,0.0,25.0
824624,2026,0.5867046854330735,0.7738793811298311,9.195713240288033,0.0,10.0
822840,2026,0.5281904380528194,0.18778682039383948,8.85796904952017,0.0,9.0
824302,2026,0.4424643585938927,-0.7556846835788036,10.532523276722754,0.0,9.0
824953,2026,0.5177647659746073,-0.24548642617208827,9.950706687818546,1.0,16.0
823089,2026,0.5648194466516847,0.710000721494188,8.337655362604005,0.0,7.0
823166,2026,0.5174203619902857,-0.1389464192252719,9.205556105056093,0.0,5.0
823897,2026,0.5659536967142131,0.40178917636761197,9.155109024036443,1.0,7.0
824223,2026,0.5865664952873759,0.7814720622794828,8.87066601111874,0.0,6.0
824785,2026,0.5469182657832724,0.2672634511562345,9.07994581208867,1.0,6.0
823168,2026,0.5122343240226158,-0.21487859289485078,9.214529043874483,0.0,6.0
824784,2026,0.4970954844538012,-0.40125882764976056,8.998019041723866,1.0,6.0
823327,2026,0.549933169094308,0.22461825555105658,8.991388067345563,0.0,6.0
823410,2026,0.45474308382964673,-0.9372888319624821,9.030848448695247,0.0,5.0
823492,2026,0.5827777612503124,0.5308280115501121,9.006573465631567,1.0,11.0
824710,2026,0.566312987228156,0.6806237686269151,8.77007664955433,1.0,1.0
824868,2026,0.6552576853450831,1.4801844341002561,7.654523439049086,1.0,5.0
824060,2026,0.45337702900939186,-0.78236453322783,9.700529981607474,1.0,9.0
824625,2026,0.6173577615968726,1.1394299657671096,9.167386362444281,0.0,5.0
822841,2026,0.4861334996856027,-0.635552008802955,8.884699870382867,0.0,9.0
824301,2026,0.42931151790524635,-0.7902736331765482,11.636372944351924,0.0,8.0
824951,2026,0.48345936780091264,-0.7135003990917373,9.984134500364826,1.0,10.0
823894,2026,0.6362342273322993,1.2490621928331809,8.656548634842427,0.0,6.0
823086,2026,0.545150452937039,0.576230331735884,8.564837769841438,1.0,11.0
823326,2026,0.5980570305281712,0.6595275954488625,7.854161835267359,1.0,3.0
824059,2026,0.4698443852662281,-0.6917578239199159,9.510059434768069,0.0,10.0
824623,2026,0.5813482789771646,0.6436498746818943,9.287773479158568,1.0,3.0
822842,2026,0.5085635617567434,-0.2191765584570543,8.979401831494581,1.0,4.0
824298,2026,0.43997458136015477,-0.7804264509105241,11.731145721547025,0.0,20.0
823411,2026,0.4747309935673276,-0.5746359460198988,9.307667039545953,0.0,6.0
824707,2026,0.6037208695213245,0.7005607732841961,8.320049628978051,0.0,1.0
823493,2026,0.5946298676788389,0.38028632980841487,7.7847718357017355,1.0,10.0
824866,2026,0.6468880126194508,1.3899499144762262,8.176516835072796,0.0,13.0
824950,2026,0.4269267492868789,-1.1726581157829987,9.658581301372683,0.0,12.0
823087,2026,0.6397378948093005,0.9313483160916901,8.029388903393281,0.0,10.0
823895,2026,0.5637366718469728,0.3430775972091966,8.199019793972056,0.0,6.0
824703,2026,0.5218445861570636,-0.3815203120683702,8.709235646245107,1.0,7.0
823491,2026,0.5255011292571472,0.20343765838053288,8.73239647104438,0.0,12.0
823489,2026,0.5691551574566204,0.5350710127514746,9.089165702094409,1.0,9.0
824706,2026,0.5142705868138343,-0.3659484123335843,9.794250565542141,1.0,2.0
824220,2026,0.5103213025585027,-0.16136286391499574,8.898577688389633,1.0,15.0
823409,2026,0.5528641650821593,0.09600475846655641,7.254184710328087,0.0,2.0
822681,2026,0.5437275437737192,0.4417446142547428,8.942645618488271,1.0,13.0
822760,2026,0.5818032104907848,0.7286168212062084,8.32281422386648,1.0,11.0
823816,2026,0.47818882951633035,-0.6605306101266322,8.97574658032115,1.0,3.0
824058,2026,0.45425101323678474,-0.9337281919885102,8.722386173592227,0.0,21.0
824544,2026,0.6875080675146136,2.260568972310368,8.94550160574258,1.0,7.0
823735,2026,0.5982086646081765,0.8247904155782619,8.892182553896083,1.0,12.0
823652,2026,0.4817297785581341,-0.687077614620285,8.454606649455782,1.0,12.0
824947,2026,0.43095424555417206,-0.8760493718693978,9.19561249208135,1.0,11.0
823248,2026,0.5838555912598562,0.4674701673530665,8.570904232994689,0.0,15.0
823085,2026,0.5222236207993114,-0.45460651341106306,8.22172860351665,0.0,12.0
823167,2026,0.4040086810117536,-1.662331409988192,9.270868555232221,0.0,2.0
822678,2026,0.5384253496770517,0.22789174576047683,9.182544170107656,0.0,8.0
824219,2026,0.5172612254631703,-0.19496749242649689,8.831452868050807,1.0,7.0
822759,2026,0.5878159845498907,0.7273701046162202,8.450399877011046,0.0,6.0
823165,2026,0.4227933251473933,-1.2934820755560323,8.789619288645376,0.0,7.0
823813,2026,0.4760405702569623,-0.6416979190019241,9.040444378866635,0.0,11.0
823653,2026,0.46679727546482946,-0.75232912501041,9.34385679869565,0.0,8.0
824057,2026,0.4563547534025743,-0.7065652944050954,9.607162201878474,0.0,16.0
824543,2026,0.6804244851480693,1.9880764257317856,9.215758985528835,0.0,15.0
823733,2026,0.5949378060376054,1.0099447774034847,8.81156124617334,1.0,5.0
823407,2026,0.4763276219252059,-0.5524045077570784,8.762784092642443,0.0,13.0
823245,2026,0.5316659374830064,-0.13923043098361337,9.14455424140514,1.0,17.0
824949,2026,0.4427990888319806,-0.7317794998452983,9.654699227568953,0.0,15.0
823083,2026,0.5849943094387132,0.5496908722424018,8.399128422941114,1.0,12.0
822679,2026,0.518245799812191,0.23441305741614538,9.29309583391067,1.0,10.0
823408,2026,0.5362093503138388,0.5716964568670552,7.787148583678175,1.0,10.0
824705,2026,0.5013732308421269,-0.3592237939161572,9.167556529393211,0.0,8.0
824948,2026,0.4240486468948925,-0.9264750335918918,9.604039012265764,0.0,9.0
823164,2026,0.4157136645437054,-1.4322674492217127,9.680483722276241,0.0,6.0
822761,2026,0.5666493015535728,0.3699339115058939,8.84924323392053,1.0,6.0
823084,2026,0.6134393597384906,0.7971599314841178,8.292803888286416,1.0,10.0
823246,2026,0.5223883940717781,-0.2598536007126469,8.81944660590834,1.0,13.0
823731,2026,0.6470068645872666,1.3515596534141503,8.407241796614652,1.0,10.0
824217,2026,0.5093196409790033,-0.39489267814741924,8.530781917220937,0.0,6.0
823814,2026,0.506114125791902,-0.2502673174732097,9.15556855380546,1.0,8.0
824542,2026,0.6322406924128379,1.3563137000803365,9.261525092693244,1.0,6.0
824055,2026,0.4250256238263279,-1.2880395708750254,9.447554707055797,1.0,5.0
823650,2026,0.48441841893607396,-0.4544903703206637,9.02710048792019,1.0,10.0
