pitcher_id,xera,pa,season
500610,5.06,36,2020
642083,2.97,101,2020
668941,5.1,47,2020
624586,3.82,62,2020
489265,3.9,87,2020
605135,3.82,261,2020
680702,4.93,62,2020
670912,7.17,112,2020
592761,5.55,60,2020
656288,4.36,238,2020
502154,2.56,76,2020
571656,5.13,89,2020
593140,10.18,12,2020
656977,8.69,20,2020
664062,3.33,176,2020
594987,4.27,86,2020
608678,7.45,47,2020
677976,4.1,200,2020
650556,7.97,20,2020
665001,7.97,19,2020
621219,5.03,252,2020
474463,4.77,202,2020
543135,4.18,199,2020
608344,7.54,22,2020
571602,23.91,15,2020
592811,6.12,39,2020
643338,2.21,100,2020
489334,3.33,105,2020
572703,6.52,23,2020
606930,4.45,78,2020
596001,5.59,114,2020
600968,10.62,21,2020
488984,5.44,102,2020
612434,3.76,115,2020
592836,5.0,225,2020
656913,4.51,18,2020
606424,3.4,74,2020
650633,4.8,121,2020
668678,3.66,291,2020
519141,1.83,73,2020
663460,5.3,222,2020
502188,6.36,77,2020
656954,4.13,232,2020
519443,6.78,101,2020
544928,33.3,10,2020
657612,3.82,79,2020
622780,6.48,19,2020
542947,3.68,67,2020
593372,6.08,104,2020
663399,3.9,14,2020
596035,4.15,29,2020
664854,4.67,52,2020
471911,3.79,280,2020
670329,6.0,44,2020
434378,2.79,21,2020
458676,4.04,191,2020
457915,4.61,70,2020
656945,3.53,86,2020
605482,4.33,83,2020
676596,3.28,130,2020
503285,2.66,67,2020
660431,14.69,10,2020
656004,20.37,12,2020
623437,2.32,30,2020
642233,3.79,97,2020
519393,11.91,71,2020
608349,4.15,62,2020
518813,2.79,112,2020
450172,6.48,26,2020
453286,4.39,295,2020
547943,3.13,275,2020
622503,3.09,31,2020
573204,3.18,82,2020
592741,3.42,102,2020
444468,5.52,97,2020
523260,4.33,42,2020
621107,3.33,245,2020
676220,5.55,52,2020
572955,3.76,80,2020
527048,4.8,262,2020
605525,2.92,106,2020
670990,4.18,94,2020
664180,11.7,54,2020
596057,3.68,116,2020
573124,3.6,91,2020
664192,6.2,32,2020
573009,7.87,15,2020
664353,5.27,116,2020
570488,4.24,137,2020
624418,7.63,189,2020
606303,18.25,13,2020
663474,3.76,127,2020
502624,6.52,154,2020
607555,5.81,36,2020
622772,5.3,124,2020
664074,5.52,66,2020
543548,4.8,181,2020
663734,7.26,34,2020
455119,3.68,66,2020
519455,5.37,28,2020
542881,4.8,260,2020
502239,4.15,105,2020
669203,3.11,240,2020
660271,11.7,16,2020
543734,11.77,17,2020
605513,5.48,242,2020
545064,9.76,106,2020
596101,13.27,30,2020
543101,6.4,158,2020
621242,2.44,109,2020
571858,3.84,20,2020
640470,3.42,87,2020
658551,12.2,16,2020
501789,5.2,84,2020
605288,4.73,246,2020
621593,1.55,5,2020
658305,11.98,16,2020
670950,4.83,150,2020
641743,5.63,98,2020
647336,5.0,57,2020
650893,4.77,96,2020
668687,3.84,102,2020
664285,3.82,288,2020
672578,7.31,67,2020
518516,7.78,190,2020
521230,2.4,92,2020
605498,11.98,42,2020
659275,2.79,267,2020
547888,4.04,197,2020
621294,6.32,27,2020
475479,4.45,85,2020
518693,4.58,25,2020
643615,4.73,47,2020
608652,6.69,27,2020
611093,54.08,5,2020
547973,2.64,45,2020
456124,10.95,9,2020
502578,6.69,9,2020
518876,3.9,125,2020
518553,5.89,93,2020
543699,6.61,220,2020
607229,8.74,71,2020
669373,4.48,134,2020
621345,2.88,85,2020
656803,13.67,9,2020
641941,4.18,87,2020
676604,5.52,99,2020
656257,1.39,5,2020
640444,16.08,46,2020
571948,6.16,59,2020
453562,5.63,190,2020
542585,4.21,123,2020
605218,1.03,17,2020
621381,4.67,83,2020
571710,3.87,93,2020
641745,4.42,215,2020
628317,2.75,248,2020
645261,4.04,172,2020
572020,4.18,90,2020
596720,5.52,89,2020
622694,3.23,106,2020
608665,3.74,77,2020
664299,3.06,214,2020
657024,8.85,37,2020
650644,4.42,312,2020
656876,3.33,71,2020
608328,7.63,38,2020
593974,4.39,114,2020
664714,3.93,68,2020
605130,4.15,125,2020
650530,4.27,93,2020
592233,3.84,109,2020
572383,7.04,27,2020
667498,10.75,56,2020
643290,6.2,198,2020
573046,2.75,12,2020
543056,5.89,13,2020
605151,4.13,73,2020
675921,4.42,113,2020
661255,4.13,87,2020
605540,2.9,293,2020
669214,3.98,45,2020
643316,2.62,98,2020
670056,4.1,88,2020
519326,2.97,16,2020
543901,5.34,185,2020
656353,17.5,13,2020
642231,13.84,13,2020
519293,5.13,62,2020
641793,17.5,31,2020
543037,3.11,288,2020
607625,4.7,160,2020
605182,4.73,162,2020
592165,6.86,33,2020
592390,8.64,90,2020
623470,4.64,94,2020
621237,6.82,45,2020
622065,6.4,204,2020
641627,8.43,57,2020
657376,5.74,33,2020
608566,4.21,344,2020
594798,2.73,268,2020
642100,8.22,30,2020
592254,7.13,35,2020
425844,3.74,273,2020
642092,2.66,70,2020
608334,3.9,46,2020
595928,3.6,99,2020
605143,4.54,14,2020
641447,5.37,126,2020
446372,2.38,3,2020
621052,3.48,86,2020
657140,6.73,168,2020
570663,7.08,80,2020
670167,4.58,70,2020
641482,8.64,44,2020
623364,16.47,5,2020
641816,3.35,201,2020
657031,6.65,36,2020
608718,2.92,129,2020
592464,5.96,70,2020
502706,6.61,179,2020
491624,3.04,53,2020
621368,3.25,76,2020
613534,2.64,17,2020
543606,7.54,60,2020
571927,6.99,142,2020
680692,23.76,29,2020
594986,4.07,66,2020
664054,3.96,57,2020
594795,3.87,117,2020
475054,3.74,39,2020
643778,3.9,87,2020
547942,3.79,154,2020
623485,10.49,39,2020
605309,1.61,10,2020
489119,5.55,67,2020
605388,5.06,58,2020
598287,4.1,85,2020
622492,4.13,42,2020
592773,5.74,48,2020
465657,2.73,96,2020
669289,9.18,11,2020
663366,6.24,30,2020
605242,8.22,136,2020
605359,2.32,93,2020
660896,3.45,94,2020
543219,6.61,24,2020
676051,3.2,92,2020
622088,2.92,141,2020
663432,3.09,75,2020
629498,9.82,12,2020
542888,3.42,57,2020
468504,4.77,24,2020
669064,4.7,30,2020
664069,3.79,34,2020
642547,3.06,125,2020
640451,5.41,37,2020
650895,2.86,89,2020
445213,4.51,101,2020
544727,4.48,120,2020
456501,4.86,277,2020
641778,7.83,61,2020
607391,6.08,136,2020
608379,4.54,156,2020
542914,2.08,100,2020
572070,4.58,213,2020
572125,3.02,82,2020
641540,3.66,142,2020
621295,4.77,98,2020
501625,5.3,27,2020
543272,2.54,86,2020
502026,4.61,88,2020
593423,4.64,237,2020
656849,4.39,205,2020
493603,3.71,85,2020
500779,3.82,41,2020
661440,13.11,10,2020
663765,5.55,85,2020
592865,4.13,67,2020
605335,4.13,36,2020
592499,3.2,18,2020
643230,4.36,178,2020
676606,4.3,170,2020
458677,3.4,86,2020
453178,6.36,69,2020
642584,7.92,58,2020
657053,6.95,120,2020
595001,4.73,121,2020
664856,5.55,40,2020
518397,5.27,52,2020
596071,9.76,9,2020
548389,6.65,220,2020
641907,4.9,25,2020
501593,5.93,39,2020
671790,15.79,21,2020
532077,3.79,16,2020
592473,2.64,72,2020
607352,7.35,27,2020
605397,3.16,166,2020
605441,4.27,17,2020
663776,5.34,159,2020
607200,5.59,222,2020
452657,5.77,265,2020
656756,3.9,193,2020
622253,4.51,64,2020
656420,4.73,37,2020
543483,4.83,45,2020
450203,3.9,170,2020
642840,4.64,14,2020
448281,9.47,36,2020
664045,6.32,144,2020
664157,6.16,36,2020
424144,3.11,72,2020
675916,2.21,109,2020
642152,3.63,93,2020
448855,4.36,103,2020
601713,5.74,71,2020
666204,7.73,8,2020
459429,2.44,79,2020
608337,3.04,288,2020
628452,2.46,91,2020
642207,1.42,100,2020
641401,2.3,44,2020
502043,5.7,301,2020
592833,15.42,11,2020
656186,5.89,89,2020
622098,5.13,29,2020
605195,4.73,29,2020
554430,3.58,288,2020
657611,4.36,72,2020
592426,4.61,132,2020
642121,4.51,100,2020
641656,8.58,20,2020
595897,4.45,10,2020
656354,5.27,32,2020
669424,0.97,8,2020
453265,3.87,73,2020
607179,4.04,58,2020
607231,2.84,61,2020
622092,3.13,91,2020
615698,4.24,135,2020
605479,5.52,10,2020
623465,3.98,68,2020
595411,2.64,34,2020
573109,10.56,15,2020
594835,3.82,277,2020
598286,3.93,46,2020
518748,7.04,27,2020
592826,4.33,154,2020
445276,2.95,102,2020
669952,1.74,11,2020
665733,18.48,35,2020
641360,10.43,9,2020
641302,4.8,152,2020
650668,10.69,49,2020
670970,5.63,79,2020
488748,8.33,29,2020
622072,4.93,65,2020
596112,6.32,43,2020
643511,3.16,123,2020
605400,3.35,289,2020
621141,5.13,73,2020
571521,3.93,15,2020
656887,2.86,30,2020
592612,3.96,86,2020
592804,4.42,32,2020
642578,3.23,8,2020
572021,11.15,29,2020
453268,3.93,106,2020
643256,2.84,49,2020
665759,6.82,46,2020
672715,4.1,85,2020
641582,4.48,109,2020
665093,13.51,46,2020
453343,3.45,95,2020
518774,10.62,65,2020
456701,5.66,33,2020
665620,4.67,146,2020
664977,3.33,16,2020
595918,2.44,95,2020
672911,10.82,7,2020
571760,4.39,279,2020
571578,5.1,295,2020
596027,11.7,9,2020
489446,5.27,25,2020
664918,4.04,13,2020
669456,2.62,297,2020
625643,6.12,121,2020
660422,160.72,7,2020
523253,6.44,6,2020
624647,2.02,80,2020
663423,7.35,33,2020
453284,2.86,69,2020
660623,5.52,100,2020
622490,10.56,34,2020
656794,6.86,70,2020
520980,3.23,70,2020
622786,4.07,32,2020
571676,3.3,16,2020
533167,5.03,115,2020
642203,4.64,88,2020
656970,4.21,72,2020
622075,3.55,113,2020
430935,6.48,14,2020
501985,4.27,239,2020
622251,3.87,112,2020
641672,4.83,109,2020
630263,16.28,19,2020
543867,3.71,92,2020
572096,1.97,91,2020
656302,6.86,255,2020
621111,3.53,147,2020
592229,3.93,60,2020
645307,6.82,27,2020
605447,2.68,57,2020
664208,2.68,96,2020
622491,2.95,292,2020
608717,3.63,131,2020
666129,7.31,34,2020
641771,6.69,197,2020
570666,4.01,93,2020
476594,4.77,62,2020
663903,3.82,263,2020
552640,6.65,31,2020
641576,4.67,10,2020
547179,3.23,147,2020
543294,3.13,315,2020
592094,2.77,58,2020
685493,4.93,120,2020
519381,2.26,15,2020
519381,2.26,15,2020
642701,5.27,73,2020
669432,3.5,130,2020
605200,5.13,276,2020
673633,4.54,63,2020
672335,3.71,32,2020
458708,4.51,163,2020
592332,3.53,245,2020
543475,5.37,266,2020
607074,6.04,35,2020
467100,7.92,88,2020
641712,3.58,151,2020
592454,0.81,6,2020
594840,7.73,10,2020
606149,3.63,57,2020
656222,2.64,81,2020
543022,5.2,86,2020
642558,10.88,21,2020
446321,3.63,81,2020
607572,3.79,90,2020
657571,1.94,75,2020
643327,6.73,143,2020
670280,8.53,32,2020
453281,4.45,103,2020
543208,9.07,17,2020
642770,6.12,67,2020
572193,3.74,89,2020
543507,3.42,96,2020
543339,4.27,92,2020
642232,3.96,234,2020
517008,2.97,90,2020
607219,11.63,4,2020
621112,3.13,14,2020
570632,5.59,104,2020
571666,4.8,257,2020
605280,2.73,6,2020
623454,22.89,10,2020
518489,4.13,110,2020
664126,3.28,117,2020
641312,4.04,67,2020
669211,4.42,116,2020
519008,5.93,92,2020
656061,33.3,11,2020
677651,4.33,49,2020
656685,2.77,61,2020
592346,6.12,91,2020
592644,4.96,116,2020
656547,4.8,101,2020
657044,3.23,114,2020
668676,3.4,206,2020
669270,5.1,13,2020
433589,4.58,88,2020
593144,3.18,93,2020
656605,6.08,87,2020
541640,4.01,53,2020
519151,2.77,91,2020
621142,4.48,112,2020
606160,4.96,72,2020
504379,16.37,11,2020
642545,2.99,132,2020
521655,6.2,85,2020
683232,7.17,26,2020
554340,2.73,60,2020
664682,9.41,13,2020
598264,5.1,102,2020
472610,7.49,45,2020
657097,3.18,40,2020
670550,7.26,46,2020
614179,1.58,14,2020
641729,6.32,101,2020
605164,3.04,267,2020
640455,3.96,222,2020
641726,8.85,13,2020
592662,6.4,251,2020
642003,6.61,55,2020
641154,3.16,240,2020
622250,6.52,16,2020
656322,3.68,71,2020
643478,3.66,14,2020
663770,7.4,14,2020
666200,4.3,248,2020
664337,6.04,29,2020
656464,5.23,79,2020
606944,9.13,21,2020
600917,5.1,10,2020
626929,7.54,77,2020
571670,3.35,98,2020
554431,2.48,121,2020
664129,5.0,101,2020
477132,3.04,221,2020
519144,5.27,261,2020
607481,2.86,38,2020
543883,6.2,92,2020
451584,11.84,25,2020
457918,3.25,196,2020
453172,4.61,109,2020
594577,2.38,121,2020
518649,17.18,21,2020
641871,3.98,53,2020
657141,14.78,67,2020
676979,1.38,22,2020
663465,4.73,152,2020
605177,5.06,45,2020
664948,3.53,83,2020
665152,4.8,83,2020
641851,2.81,47,2020
656725,1.82,10,2020
622608,4.64,303,2020
641755,3.45,96,2020
600887,22.33,25,2020
605501,4.96,53,2020
630023,7.49,52,2020
642397,3.58,98,2020
571510,5.27,271,2020
664141,4.39,205,2020
502171,6.32,226,2020
676831,7.22,17,2020
641739,2.52,21,2020
657624,7.68,83,2020
608371,2.17,104,2020
664350,2.97,158,2020
607644,3.02,176,2020
667463,3.98,51,2020
608648,2.77,92,2020
641341,5.96,38,2020
656557,3.66,63,2020
608723,5.55,225,2020
656232,7.22,148,2020
660761,25.13,23,2020
664092,3.11,35,2020
572888,3.5,109,2020
657277,5.23,246,2020
650671,6.28,20,2020
605155,8.12,122,2020
621097,5.03,90,2020
592222,3.13,81,2020
670426,4.13,25,2020
542882,3.74,126,2020
621290,5.66,57,2020
621139,6.32,22,2020
656793,6.0,90,2020
663531,5.27,49,2020
620445,15.7,23,2020
502202,5.13,79,2020
596295,4.04,119,2020
642098,4.01,27,2020
621121,4.54,227,2020
605276,6.48,32,2020
663992,37.28,4,2020
605446,18.04,24,2020
673258,4.96,23,2020
592858,4.36,74,2020
606131,4.15,74,2020
663554,7.45,133,2020
592879,5.77,168,2020
642528,4.45,100,2020
605488,5.16,99,2020
641838,7.92,29,2020
621261,5.89,55,2020
503569,3.3,100,2020
606965,4.7,21,2020
608335,6.69,81,2020
656427,5.03,170,2020
642546,2.64,125,2020
667465,8.27,29,2020
664199,4.9,183,2020
643532,11.21,29,2020
623474,5.0,87,2020
425794,4.48,262,2020
592866,5.06,252,2020
596133,4.73,236,2020
607536,5.1,304,2020
528748,4.48,51,2020
658431,1.9,18,2020
596043,4.27,58,2020
592767,3.63,111,2020
579328,3.33,194,2020
624133,8.33,26,2020
650382,3.25,40,2020
605138,3.82,98,2020
461829,5.55,153,2020
543557,8.58,23,2020
656492,0.39,6,2020
543766,8.07,38,2020
572971,4.27,257,2020
660813,2.9,88,2020
663978,5.16,245,2020
434671,5.44,245,2020
518617,2.4,84,2020
571901,4.13,96,2020
516969,7.08,11,2020
544931,3.96,23,2020
669060,5.59,73,2020
527054,8.8,149,2020
624407,12.5,7,2020
595014,3.18,107,2020
663878,4.64,81,2020
518715,3.42,7,2020
641513,112.24,7,2020
518886,4.73,69,2020
666120,2.42,138,2020
664139,6.32,59,2020
623433,2.13,58,2020
628711,3.42,224,2020
657240,3.2,55,2020
467008,3.4,14,2020
502748,5.85,12,2020
608331,2.86,224,2020
571735,6.16,75,2020
621244,4.42,271,2020
571704,7.83,18,2020
607455,8.53,36,2020
605538,2.71,107,2020
592169,4.67,87,2020
608032,6.08,116,2020
607560,4.77,110,2020
458681,3.25,344,2020
607237,3.25,69,2020
621005,6.04,6,2020
607067,4.8,62,2020
656546,5.96,104,2020
518858,5.13,86,2020
607192,3.13,238,2020
660600,5.66,90,2020
642130,2.88,87,2020
640448,3.53,107,2020
606996,12.8,67,2020
543118,3.04,45,2020
592351,5.77,174,2020
605240,3.98,83,2020
501381,3.35,111,2020
593619,1.97,19,2020
623149,8.02,35,2020
506433,3.02,297,2020
570240,3.53,115,2020
621366,3.42,73,2020
656240,11.63,16,2020
623352,2.99,78,2020
572362,5.48,122,2020
534910,2.15,65,2020
580792,5.89,55,2020
592135,3.79,58,2020
594965,4.93,143,2020
542960,4.8,59,2020
476454,5.48,59,2020
593833,3.82,102,2020
502179,9.24,27,2020
605347,5.63,174,2020
605483,4.04,203,2020
453192,2.02,55,2020
665621,7.49,96,2020
448179,5.03,156,2020
543243,3.87,235,2020
669160,4.21,224,2020
656382,7.97,17,2020
641420,7.78,37,2020
668338,12.35,20,2020
669145,5.81,31,2020
621078,4.7,71,2020
570257,3.3,52,2020
545333,2.1,278,2020
621129,3.37,92,2020
621249,4.48,88,2020
548384,3.11,84,2020
595465,4.83,76,2020
621076,8.8,17,2020
607374,4.27,66,2020
592314,9.18,16,2020
572143,2.11,44,2020
518633,4.7,242,2020
445926,6.99,77,2020
593576,3.84,103,2020
664042,5.27,116,2020
681911,7.4,27,2020
461325,3.11,98,2020
458677,4.48,149,2021
433589,4.35,313,2021
527054,15.12,20,2021
670912,5.77,288,2021
607359,2.99,172,2021
445213,6.39,141,2021
669358,2.55,49,2021
663986,5.23,282,2021
571735,6.11,116,2021
674944,4.92,103,2021
448179,4.48,661,2021
663559,3.57,139,2021
573204,3.98,266,2021
594985,4.09,49,2021
446372,4.12,341,2021
448281,4.27,223,2021
605135,3.42,637,2021
607231,5.19,491,2021
544727,3.7,262,2021
656725,9.34,10,2021
542585,4.12,265,2021
663903,4.57,586,2021
642770,4.48,18,2021
570632,5.8,456,2021
657277,3.2,596,2021
641384,4.54,4,2021
543507,2.88,266,2021
592135,6.19,116,2021
667376,5.77,120,2021
650644,4.76,498,2021
676424,6.11,51,2021
664948,4.18,236,2021
543243,3.22,575,2021
607536,4.21,515,2021
572193,2.58,241,2021
657228,6.35,51,2021
663399,9.63,51,2021
677651,3.87,633,2021
650895,2.79,233,2021
664337,8.26,68,2021
656970,4.45,17,2021
663460,5.23,556,2021
672710,2.66,12,2021
681810,2.64,84,2021
608349,2.79,101,2021
620396,3.25,29,2021
664299,4.54,424,2021
628711,3.13,745,2021
677976,6.81,228,2021
542914,4.69,260,2021
656061,4.79,156,2021
663734,6.03,157,2021
624427,2.35,18,2021
622608,4.32,670,2021
668676,4.57,598,2021
664776,3.68,125,2021
669169,7.12,59,2021
656620,3.76,52,2021
621249,5.16,320,2021
608032,4.3,270,2021
621248,4.32,127,2021
663556,4.51,517,2021
622554,0.44,3,2021
664208,3.63,297,2021
666619,17.68,13,2021
606160,3.55,225,2021
592464,5.19,12,2021
665645,3.89,56,2021
657508,12.33,50,2021
671790,1.39,25,2021
641632,4.3,121,2021
669432,3.35,550,2021
657248,5.12,111,2021
572888,4.27,113,2021
663878,3.39,71,2021
650556,4.73,161,2021
607481,2.58,242,2021
641401,2.92,235,2021
605483,4.79,550,2021
595345,3.25,142,2021
595465,4.76,190,2021
650382,4.42,182,2021
623470,10.35,24,2021
519293,3.37,283,2021
542882,5.23,222,2021
608650,2.66,88,2021
642758,4.15,44,2021
656212,6.19,175,2021
646242,5.54,59,2021
608678,3.42,219,2021
606965,11.82,35,2021
621219,4.76,517,2021
641755,3.95,295,2021
605521,1.7,82,2021
592761,4.12,500,2021
675971,3.15,5,2021
663531,6.47,222,2021
641541,6.85,70,2021
665625,7.58,17,2021
570488,4.66,177,2021
664353,3.89,423,2021
598287,2.92,147,2021
573127,7.21,13,2021
605164,4.79,397,2021
661255,6.6,61,2021
677960,5.19,401,2021
641941,4.57,263,2021
661269,4.57,496,2021
605397,3.92,748,2021
624522,5.33,243,2021
461325,5.65,111,2021
621348,4.82,214,2021
458676,9.11,85,2021
663558,3.92,38,2021
519076,2.18,116,2021
467008,4.86,10,2021
593974,4.09,219,2021
623364,2.7,71,2021
518886,2.41,235,2021
664139,8.36,28,2021
598286,3.76,91,2021
452027,9.98,89,2021
622253,4.12,287,2021
622786,190.84,10,2021
657697,26.56,6,2021
425794,3.84,828,2021
458708,5.16,218,2021
664062,3.68,239,2021
645261,3.5,837,2021
643230,5.92,127,2021
544931,5.4,95,2021
656290,9.28,19,2021
613534,4.06,241,2021
656427,4.89,322,2021
543766,4.54,334,2021
641360,3.08,207,2021
641154,3.5,418,2021
642048,4.42,109,2021
641482,3.32,374,2021
664584,2.04,17,2021
608723,5.96,248,2021
640470,4.48,519,2021
663765,4.69,293,2021
656458,3.42,185,2021
676050,5.33,108,2021
665854,6.03,147,2021
663474,4.38,495,2021
605388,3.95,108,2021
502593,8.01,32,2021
594580,4.18,44,2021
625643,3.7,222,2021
608334,4.79,116,2021
641729,3.95,210,2021
592222,4.76,148,2021
598264,2.7,222,2021
642003,5.09,42,2021
445276,2.81,278,2021
667297,5.09,127,2021
572070,5.51,617,2021
660825,2.68,12,2021
489265,3.5,259,2021
607457,4.45,60,2021
622065,5.84,246,2021
643290,5.02,218,2021
643327,9.63,21,2021
543699,9.17,31,2021
605309,4.18,48,2021
669276,10.54,9,2021
592879,4.38,19,2021
621112,5.4,175,2021
664854,4.63,206,2021
453286,2.85,693,2021
672851,4.24,24,2021
605280,2.9,292,2021
607192,2.72,340,2021
571510,4.15,337,2021
519141,3.15,102,2021
592426,4.03,261,2021
600944,9.69,9,2021
657140,11.54,35,2021
663738,6.27,311,2021
656731,3.78,379,2021
592145,4.73,51,2021
554340,4.38,237,2021
607560,3.6,148,2021
593334,4.06,410,2021
607455,3.6,153,2021
642092,5.19,301,2021
671345,5.4,45,2021
664192,3.7,157,2021
621242,2.66,257,2021
669395,2.18,25,2021
606149,3.03,310,2021
621078,3.22,10,2021
573186,4.3,729,2021
642130,3.39,188,2021
519151,2.51,250,2021
453281,5.65,221,2021
656730,5.16,115,2021
663978,4.66,459,2021
543278,4.3,7,2021
665759,6.85,35,2021
593958,3.47,675,2021
624586,4.45,46,2021
657044,3.6,134,2021
675911,4.82,9,2021
669160,2.99,92,2021
664918,4.92,155,2021
669330,3.52,224,2021
491624,5.19,210,2021
554430,2.79,849,2021
668687,6.31,86,2021
676596,4.66,448,2021
622491,3.6,803,2021
605452,4.21,460,2021
667463,3.27,193,2021
642203,5.54,319,2021
571901,3.15,218,2021
672282,5.47,101,2021
670056,4.27,98,2021
489334,3.39,355,2021
571912,3.13,5,2021
501381,4.89,458,2021
612434,4.15,303,2021
605359,3.52,113,2021
445926,3.06,133,2021
595918,3.6,30,2021
663804,7.25,154,2021
643615,10.61,74,2021
593144,4.35,251,2021
664157,5.09,46,2021
461872,7.62,56,2021
669060,5.73,322,2021
542960,4.66,139,2021
663574,3.98,190,2021
493603,3.73,277,2021
641745,6.35,613,2021
663378,14.07,20,2021
545343,2.97,134,2021
607237,4.27,215,2021
676617,28.84,9,2021
657006,4.03,248,2021
608371,2.53,195,2021
571676,6.27,74,2021
571710,4.3,216,2021
594965,5.62,159,2021
669214,3.68,62,2021
519242,3.55,183,2021
528748,4.27,196,2021
453284,4.09,185,2021
456713,4.21,17,2021
605400,3.39,749,2021
458681,2.77,641,2021
450203,3.37,756,2021
592717,3.92,156,2021
543238,1.47,24,2021
640455,4.12,754,2021
663959,6.77,20,2021
669952,3.76,197,2021
592169,5.33,64,2021
570257,3.84,207,2021
641907,4.86,128,2021
457915,16.06,37,2021
668665,4.73,12,2021
665665,3.22,47,2021
547179,4.03,125,2021
502043,3.84,754,2021
660761,4.42,413,2021
607216,3.37,34,2021
656240,8.68,21,2021
501593,6.51,27,2021
650828,4.18,175,2021
608328,6.56,196,2021
656302,3.65,708,2021
543594,4.15,123,2021
621129,6.07,55,2021
594577,3.87,315,2021
626929,4.89,66,2021
656981,3.73,55,2021
666205,3.89,155,2021
595798,12.63,13,2021
664285,3.84,572,2021
641540,4.69,511,2021
592612,3.47,60,2021
593619,3.92,135,2021
543258,14.67,7,2021
592351,3.95,644,2021
593576,3.03,310,2021
542992,25.73,6,2021
680704,2.83,141,2021
664294,2.81,14,2021
643316,4.09,215,2021
547001,5.02,132,2021
518876,4.48,667,2021
656641,3.52,19,2021
594809,1.36,5,2021
647315,3.95,246,2021
453192,4.82,164,2021
664875,5.47,86,2021
650911,3.32,59,2021
665661,5.65,22,2021
605488,3.3,179,2021
543135,3.39,764,2021
656605,5.69,470,2021
666120,4.21,535,2021
593604,6.27,49,2021
593423,3.92,778,2021
543056,3.32,139,2021
666808,2.79,109,2021
669211,5.26,427,2021
592094,3.52,50,2021
571945,4.45,186,2021
607200,4.82,590,2021
605276,8.84,102,2021
621098,6.47,47,2021
595928,3.95,187,2021
592836,4.57,654,2021
642028,5.73,151,2021
518553,3.76,308,2021
658305,6.07,72,2021
667725,3.92,52,2021
607074,2.68,534,2021
605138,5.88,112,2021
624647,4.48,155,2021
596027,4.42,139,2021
675921,4.66,229,2021
641726,4.06,58,2021
592165,4.73,11,2021
606162,2.34,6,2021
502179,4.86,455,2021
501789,5.16,30,2021
656793,5.4,78,2021
660813,3.98,150,2021
608648,3.87,254,2021
661440,6.47,35,2021
664054,4.57,75,2021
607067,5.51,24,2021
642528,2.2,283,2021
571948,6.56,99,2021
669212,5.3,379,2021
685503,7.91,178,2021
541640,3.63,109,2021
641835,3.08,211,2021
641771,4.69,349,2021
605177,3.08,266,2021
596001,5.51,168,2021
681806,4.15,120,2021
592789,8.06,8,2021
657240,5.19,55,2021
676220,4.95,52,2021
472610,3.39,135,2021
657053,5.73,216,2021
518633,4.15,252,2021
518489,3.84,50,2021
554431,3.01,264,2021
456034,4.12,326,2021
670970,5.88,20,2021
459429,3.06,239,2021
605200,6.19,668,2021
601713,3.78,661,2021
543883,2.83,47,2021
542947,3.01,225,2021
667373,3.5,7,2021
607229,4.82,119,2021
605347,5.4,555,2021
664042,5.47,123,2021
622092,4.82,223,2021
676979,3.3,230,2021
628345,5.88,33,2021
670955,4.51,92,2021
664092,5.19,110,2021
579328,5.12,666,2021
622250,3.95,257,2021
623354,4.27,18,2021
643256,3.42,286,2021
642152,4.38,310,2021
592826,5.3,417,2021
518774,5.37,582,2021
640448,3.78,294,2021
571800,5.77,91,2021
650668,5.69,105,2021
643511,2.85,326,2021
663567,5.77,30,2021
676755,7.21,23,2021
571871,4.21,86,2021
675912,7.25,138,2021
641447,6.11,92,2021
571666,7.58,45,2021
614179,4.21,271,2021
663554,4.95,612,2021
453178,3.84,228,2021
641778,3.89,489,2021
664199,4.42,194,2021
622251,3.89,264,2021
593372,5.96,363,2021
570663,4.63,297,2021
605507,3.63,315,2021
502327,2.77,117,2021
592741,3.84,235,2021
642207,2.83,226,2021
641672,7.58,45,2021
453562,6.15,469,2021
600887,4.69,25,2021
488748,7.07,78,2021
476594,7.25,45,2021
475479,2.39,42,2021
608344,4.92,768,2021
669618,3.45,111,2021
595263,45.11,21,2021
448855,4.48,307,2021
608717,3.84,337,2021
596295,4.06,488,2021
453265,3.45,225,2021
660365,7.16,160,2021
664126,2.99,189,2021
656629,2.81,285,2021
571927,4.03,647,2021
641927,4.51,379,2021
489119,4.12,690,2021
592662,3.6,773,2021
621366,4.51,98,2021
621114,3.98,151,2021
547973,3.81,243,2021
650496,6.03,238,2021
621368,4.76,441,2021
665733,3.47,46,2021
663372,8.01,33,2021
669674,4.18,176,2021
596056,5.62,16,2021
656186,10.17,5,2021
666201,3.35,459,2021
641682,5.3,142,2021
543901,10.42,45,2021
666818,6.6,16,2021
660623,4.18,372,2021
465657,3.87,159,2021
642100,2.58,33,2021
607625,4.18,195,2021
608716,3.42,267,2021
488984,3.87,33,2021
605288,4.09,599,2021
672715,4.42,333,2021
621121,3.35,684,2021
676710,18.45,13,2021
571946,6.56,62,2021
622098,3.81,165,2021
669145,6.35,285,2021
676477,2.92,298,2021
594798,1.55,324,2021
457918,5.54,671,2021
668678,3.98,523,2021
622663,1.97,22,2021
594311,4.82,79,2021
596057,4.35,248,2021
665795,7.86,120,2021
670167,4.15,13,2021
672582,3.22,20,2021
657097,3.89,153,2021
429722,5.84,277,2021
656557,3.2,285,2021
605240,7.03,31,2021
642397,3.63,276,2021
605541,5.8,81,2021
664076,4.99,85,2021
670990,3.25,114,2021
595939,5.44,121,2021
641743,5.09,156,2021
641712,2.04,34,2021
518813,5.54,243,2021
477132,3.15,488,2021
501985,4.32,669,2021
666159,5.4,385,2021
676083,6.11,71,2021
607219,6.11,118,2021
502706,4.09,225,2021
596049,4.86,54,2021
606625,2.41,13,2021
592716,4.95,145,2021
660853,4.73,173,2021
592767,5.02,546,2021
664682,3.47,38,2021
669456,3.68,405,2021
641420,6.19,49,2021
605194,3.06,137,2021
552640,3.01,282,2021
543101,3.92,676,2021
656818,4.42,63,2021
608566,4.06,756,2021
547942,4.54,452,2021
452657,5.16,627,2021
657376,4.69,38,2021
596133,4.54,275,2021
621593,3.6,109,2021
543294,4.92,785,2021
592332,3.55,775,2021
661527,8.31,16,2021
642068,3.78,116,2021
543272,4.63,278,2021
542888,5.16,165,2021
519326,3.73,242,2021
573009,3.92,177,2021
596112,4.06,197,2021
680686,4.48,307,2021
670550,13.25,31,2021
641582,5.69,174,2021
641793,3.84,252,2021
676604,7.48,123,2021
518435,10.17,14,2021
502171,3.95,393,2021
642659,5.92,8,2021
521230,2.0,267,2021
456501,4.95,490,2021
502202,3.45,266,2021
573109,1.13,16,2021
543045,3.47,76,2021
506433,3.27,681,2021
669135,9.69,48,2021
664074,5.19,179,2021
643377,5.69,360,2021
503285,4.38,46,2021
605538,2.68,195,2021
656529,5.54,318,2021
595881,5.09,6,2021
676969,5.65,238,2021
669203,2.04,657,2021
621244,4.09,781,2021
592473,5.51,51,2021
596071,4.38,117,2021
527048,5.51,509,2021
642759,4.95,33,2021
641703,9.74,21,2021
607374,5.02,34,2021
519008,3.76,144,2021
650893,3.63,296,2021
670090,5.37,64,2021
641851,3.27,128,2021
676051,3.87,281,2021
676606,5.37,59,2021
656354,4.35,117,2021
545333,3.42,432,2021
502522,7.81,83,2021
595191,10.04,104,2021
622780,5.09,79,2021
642083,4.99,149,2021
676709,6.47,39,2021
664123,2.9,58,2021
518397,3.5,67,2021
623474,3.6,78,2021
607468,6.23,18,2021
640451,4.09,36,2021
668820,4.6,182,2021
451584,6.15,190,2021
573668,3.6,167,2021
596082,3.87,43,2021
676879,2.99,133,2021
676684,5.37,156,2021
661383,3.65,39,2021
503449,4.82,402,2021
661403,2.24,279,2021
641816,3.73,759,2021
543022,4.48,145,2021
606930,4.3,128,2021
476454,6.9,5,2021
668941,5.88,44,2021
592314,5.37,586,2021
642547,2.7,580,2021
571479,6.6,19,2021
666200,5.26,437,2021
663776,3.55,363,2021
431148,7.39,55,2021
621056,3.92,19,2021
643338,3.22,315,2021
594987,2.45,145,2021
491703,8.26,19,2021
573124,2.47,166,2021
453343,4.21,265,2021
672335,4.27,111,2021
669424,7.77,60,2021
642701,5.19,237,2021
543475,5.33,769,2021
607352,2.6,13,2021
608335,4.18,298,2021
650671,4.3,110,2021
621074,5.47,126,2021
660422,10.67,15,2021
607572,4.21,200,2021
658648,9.0,20,2021
663770,3.65,120,2021
542881,4.21,703,2021
595411,4.21,72,2021
664852,8.89,13,2021
664714,5.58,70,2021
657610,8.21,14,2021
543521,2.28,247,2021
505447,8.01,10,2021
642336,10.17,14,2021
660271,3.32,533,2021
628317,3.7,453,2021
642121,3.08,257,2021
663432,5.05,151,2021
605218,5.02,30,2021
665152,6.31,245,2021
681911,2.83,161,2021
641871,5.02,140,2021
623437,4.76,23,2021
605242,3.84,297,2021
608379,5.4,528,2021
676886,5.62,47,2021
658431,4.63,36,2021
657093,6.85,255,2021
518516,4.32,613,2021
548389,4.89,431,2021
657756,10.29,12,2021
543548,5.05,65,2021
665896,6.31,18,2021
571670,3.47,270,2021
642233,5.88,89,2021
605151,3.92,224,2021
641312,5.09,124,2021
669622,3.01,247,2021
592346,6.68,448,2021
622446,6.27,112,2021
623485,3.7,141,2021
547943,4.42,701,2021
657746,3.03,100,2021
656232,4.01,218,2021
621057,6.9,128,2021
606303,2.99,205,2021
474463,5.69,409,2021
621111,3.06,815,2021
425844,4.38,697,2021
660600,6.81,53,2021
656945,4.66,251,2021
623149,2.88,264,2021
663753,6.27,129,2021
669735,3.42,134,2021
623433,16.85,24,2021
656685,3.52,264,2021
519043,4.89,334,2021
570240,11.75,16,2021
624418,14.94,17,2021
665620,6.77,38,2021
664129,5.73,50,2021
502085,4.12,50,2021
670050,3.2,20,2021
593833,5.44,190,2021
670087,20.71,21,2021
502154,3.52,81,2021
571951,2.92,18,2021
468504,4.32,269,2021
657141,5.3,33,2021
663423,5.3,216,2021
641386,4.6,177,2021
519443,7.21,136,2021
519455,10.11,26,2021
667498,5.73,121,2021
621381,4.09,36,2021
657612,3.87,255,2021
500610,3.08,269,2021
621076,4.48,502,2021
595014,2.58,286,2021
656266,5.73,81,2021
649144,6.81,197,2021
455119,4.03,180,2021
592831,5.88,64,2021
503569,4.48,156,2021
500779,4.86,297,2021
670950,3.78,251,2021
548384,3.78,205,2021
640464,5.54,64,2021
502624,5.62,215,2021
623352,2.18,224,2021
669294,5.3,124,2021
594986,5.96,62,2021
670280,2.51,237,2021
657031,4.24,209,2021
622072,3.89,585,2021
502748,7.16,26,2021
543456,9.34,8,2021
658551,5.8,96,2021
533167,6.47,284,2021
621295,5.3,258,2021
656849,5.96,287,2021
605195,4.82,107,2021
623465,4.63,58,2021
669912,5.84,30,2021
572971,6.19,720,2021
664196,3.42,19,2021
547176,6.68,47,2021
672578,4.42,358,2021
572125,4.92,110,2021
650530,8.16,192,2021
593140,6.31,90,2021
543351,4.15,90,2021
607188,4.27,154,2021
607179,10.04,30,2021
669935,7.12,97,2021
664045,5.4,126,2021
594056,7.81,65,2021
650633,4.76,275,2021
659275,3.98,209,2021
518617,4.32,262,2021
656686,9.92,86,2021
622694,4.6,225,2021
640444,5.16,524,2021
471911,4.82,237,2021
597113,3.95,15,2021
643400,4.51,44,2021
660896,3.55,229,2021
656464,5.19,129,2021
677865,3.73,73,2021
643493,5.84,29,2021
622256,3.98,21,2021
501925,3.55,173,2021
656756,4.12,661,2021
656578,3.84,50,2021
656288,4.79,277,2021
572143,4.86,188,2021
520980,3.7,15,2021
621052,3.55,317,2021
608652,6.03,113,2021
642232,4.38,653,2021
641302,4.32,451,2021
571760,4.38,558,2021
594835,4.95,585,2021
621261,5.84,42,2021
642073,4.27,63,2021
605441,4.99,114,2021
640462,4.12,65,2021
615698,4.03,616,2021
667465,5.02,20,2021
656322,3.52,185,2021
669373,5.47,634,2021
534910,11.13,19,2021
655889,4.92,83,2021
643778,6.07,92,2021
656794,4.51,150,2021
572955,3.42,244,2021
607755,0.38,6,2021
622075,5.37,217,2021
650959,4.38,123,2021
608638,3.73,216,2021
543037,3.06,726,2021
518858,5.69,87,2021
446321,4.21,229,2021
656954,7.07,385,2021
623454,4.12,91,2021
676840,4.27,386,2021
570666,3.84,263,2021
617228,4.06,232,2021
571656,6.51,171,2021
650347,6.72,56,2021
592773,3.98,290,2021
669302,4.06,503,2021
666129,6.15,159,2021
605447,2.62,253,2021
592791,3.92,603,2021
592390,3.15,243,2021
605525,4.69,194,2021
543606,4.63,441,2021
668968,4.63,32,2021
622766,5.23,172,2021
608331,3.45,667,2021
573062,8.89,34,2021
453268,4.15,304,2021
656876,3.76,307,2021
663855,3.25,44,2021
670766,4.69,39,2021
571882,5.3,67,2021
660546,4.45,113,2021
600921,3.92,154,2021
676766,6.19,15,2021
656420,3.84,234,2021
623167,4.32,741,2021
656887,4.15,92,2021
665621,8.89,12,2021
656638,5.77,162,2021
592288,3.39,68,2021
472551,4.54,82,2021
621345,3.01,221,2021
670057,3.52,10,2021
661563,3.84,129,2021
621259,6.43,13,2021
657024,3.13,144,2021
656803,7.48,23,2021
622492,13.01,15,2021
605540,3.27,708,2021
675916,3.63,235,2021
517008,4.76,290,2021
607391,3.98,112,2021
424144,2.51,18,2021
592865,5.3,55,2021
642545,5.65,250,2021
605154,3.63,87,2021
656457,4.03,157,2021
676265,6.98,82,2021
621107,3.87,442,2021
476595,3.32,301,2021
608718,3.65,313,2021
572020,1.25,5,2021
624133,2.64,418,2021
676831,3.27,101,2021
608665,3.65,222,2021
607644,4.01,590,2021
605513,3.01,201,2021
523260,3.18,182,2021
657624,2.81,21,2021
572761,18.34,6,2021
605155,10.67,9,2021
628452,2.47,273,2021
621139,5.44,56,2021
680430,2.45,3,2021
592858,3.7,100,2021
594795,4.24,62,2021
663992,2.81,84,2021
571578,5.62,751,2021
501625,3.45,266,2021
608337,3.3,719,2021
502239,4.79,166,2021
666168,4.79,121,2021
592644,6.43,255,2021
621237,4.15,251,2021
656546,4.63,335,2021
664141,4.54,537,2021
543339,3.32,210,2021
681867,7.62,10,2021
592254,4.89,91,2021
656548,4.09,158,2021
605130,3.32,306,2021
641394,4.38,278,2021
663465,5.02,534,2021
641329,4.82,4,2021
606424,3.3,269,2021
622503,4.18,351,2021
663366,11.68,58,2021
683232,4.86,107,2021
622088,3.35,127,2021
656353,5.77,83,2021
669459,5.09,49,2021
660906,2.37,28,2021
592866,4.51,405,2021
571521,5.33,236,2021
670456,3.81,94,2021
502042,5.92,83,2021
592233,5.3,117,2021
446321,5.17,122,2022
643361,2.88,30,2022
657571,3.01,142,2022
656731,4.19,200,2022
458681,3.64,512,2022
628708,3.72,214,2022
622663,3.08,405,2022
596043,5.48,32,2022
656794,6.31,134,2022
592858,5.52,294,2022
657248,4.97,587,2022
621389,4.02,193,2022
625643,2.94,254,2022
680739,5.13,287,2022
527055,8.94,29,2022
622075,2.88,135,2022
543606,4.25,453,2022
664202,4.28,55,2022
642851,4.55,10,2022
672851,5.96,310,2022
657649,5.13,177,2022
660896,4.68,10,2022
661403,1.98,271,2022
640451,2.77,157,2022
571760,3.42,310,2022
664062,3.1,498,2022
667465,5.92,52,2022
621112,4.05,467,2022
607359,3.44,29,2022
669093,4.49,25,2022
543272,4.37,198,2022
676050,3.72,141,2022
592717,4.52,265,2022
677053,6.85,83,2022
571710,3.67,260,2022
607216,4.08,244,2022
621114,6.31,39,2022
642100,2.62,77,2022
593974,2.66,223,2022
608331,2.83,733,2022
641656,5.44,11,2022
573124,4.02,274,2022
621076,4.64,577,2022
572193,3.27,232,2022
670950,4.68,281,2022
605135,3.47,745,2022
543238,5.0,92,2022
608344,4.46,741,2022
592767,4.22,447,2022
676103,5.17,26,2022
666808,2.9,286,2022
608723,4.49,442,2022
518585,3.13,64,2022
669276,2.6,201,2022
676092,6.08,151,2022
621295,4.4,134,2022
621082,3.97,74,2022
621248,5.66,153,2022
614177,3.01,3,2022
675911,2.38,528,2022
642545,4.08,316,2022
448281,1.13,17,2022
656492,11.45,32,2022
663372,4.87,428,2022
663978,3.37,93,2022
667297,3.91,196,2022
594835,4.52,783,2022
642585,2.54,253,2022
656420,2.66,86,2022
666142,4.77,174,2022
642528,3.49,203,2022
607237,3.54,196,2022
670167,2.48,257,2022
670036,3.59,219,2022
668948,5.13,159,2022
658431,5.34,110,2022
622503,3.49,280,2022
542881,3.17,707,2022
554430,3.08,607,2022
640470,2.34,52,2022
489334,4.14,177,2022
669212,2.94,256,2022
596082,5.13,77,2022
680686,4.31,649,2022
656849,3.88,454,2022
678394,3.78,268,2022
605507,5.1,543,2022
605540,3.17,620,2022
672282,4.11,539,2022
656302,2.73,747,2022
671345,3.64,256,2022
645261,2.92,886,2022
622072,3.88,555,2022
621593,8.94,65,2022
657265,3.29,148,2022
614179,4.34,265,2022
657024,2.29,206,2022
650959,4.46,27,2022
681810,7.86,70,2022
676660,2.62,39,2022
661255,4.08,51,2022
571578,6.27,713,2022
686973,4.52,106,2022
476595,3.52,251,2022
656638,3.2,271,2022
542888,3.27,270,2022
641907,5.55,34,2022
657277,3.64,787,2022
543901,4.49,37,2022
666157,3.83,441,2022
605288,4.93,454,2022
683232,2.25,8,2022
664139,3.42,161,2022
608678,3.72,222,2022
624133,3.75,662,2022
608718,3.72,272,2022
676534,6.23,101,2022
502179,4.9,487,2022
668834,3.01,14,2022
650633,2.86,199,2022
605347,3.2,298,2022
607536,5.2,766,2022
672839,7.16,21,2022
641726,3.88,172,2022
594580,2.92,187,2022
686753,4.52,98,2022
668684,8.56,30,2022
641729,2.83,231,2022
571946,1.93,30,2022
667725,3.32,14,2022
675921,5.7,179,2022
502624,3.86,103,2022
650960,7.67,14,2022
594577,5.2,223,2022
573186,3.91,569,2022
434671,4.55,292,2022
663986,2.29,267,2022
518553,4.49,287,2022
669358,4.08,117,2022
606131,4.84,96,2022
660853,3.91,215,2022
670990,4.77,167,2022
606303,3.86,241,2022
624522,4.37,485,2022
665001,4.34,107,2022
656290,4.19,32,2022
656605,4.16,687,2022
570666,4.4,335,2022
641771,5.3,617,2022
657272,3.99,122,2022
661309,5.34,259,2022
503285,2.86,94,2022
592222,2.6,13,2022
605521,4.64,165,2022
657612,3.06,199,2022
660813,2.5,197,2022
676391,13.07,11,2022
434378,2.64,666,2022
663485,4.58,145,2022
521230,2.58,235,2022
641745,4.31,617,2022
650671,2.88,169,2022
669214,10.21,5,2022
666120,4.34,493,2022
595014,2.36,17,2022
621345,2.44,271,2022
660825,3.97,65,2022
621363,3.52,245,2022
543766,4.64,261,2022
613534,3.62,9,2022
605151,3.59,78,2022
669920,5.41,321,2022
676917,3.94,23,2022
663989,5.41,112,2022
570488,4.05,72,2022
664944,5.3,48,2022
445926,4.4,292,2022
656412,5.81,244,2022
657746,3.57,604,2022
664854,2.07,239,2022
622491,3.34,615,2022
670280,3.27,210,2022
656271,3.39,328,2022
642203,4.28,82,2022
642547,2.66,317,2022
689225,5.59,339,2022
656458,4.11,187,2022
667498,5.03,72,2022
573009,3.15,243,2022
664584,2.52,24,2022
503449,4.28,168,2022
502042,4.9,437,2022
669935,8.05,38,2022
621348,5.96,29,2022
656954,5.23,51,2022
668676,5.27,568,2022
656657,5.81,257,2022
592848,2.5,56,2022
472610,2.88,258,2022
676710,4.68,334,2022
657044,3.1,181,2022
606625,3.22,161,2022
664199,3.08,203,2022
671790,6.11,87,2022
596271,5.66,79,2022
606273,2.68,33,2022
642758,3.49,266,2022
607192,5.88,26,2022
668970,3.01,32,2022
656354,4.58,264,2022
650496,13.88,16,2022
456034,3.78,167,2022
668873,4.4,56,2022
518397,2.29,63,2022
680704,3.34,180,2022
680694,4.58,509,2022
502202,3.64,268,2022
657240,4.49,119,2022
554431,4.14,184,2022
623149,2.6,243,2022
664054,3.03,65,2022
605280,2.4,260,2022
656008,10.03,11,2022
656887,3.17,44,2022
660906,8.15,48,2022
600921,5.27,262,2022
607457,4.34,37,2022
620454,13.79,5,2022
519242,4.08,25,2022
665665,3.88,256,2022
456501,4.11,651,2022
670329,4.74,35,2022
594311,3.94,120,2022
642701,3.94,255,2022
666720,2.17,4,2022
622250,4.9,100,2022
641712,4.9,596,2022
641302,5.37,427,2022
676720,15.65,44,2022
606160,2.75,270,2022
641312,6.47,7,2022
623211,3.49,141,2022
641540,4.46,671,2022
425794,4.55,803,2022
605463,5.27,59,2022
596112,4.84,247,2022
592789,4.43,565,2022
664353,4.55,681,2022
686752,4.25,160,2022
669674,4.34,181,2022
670046,4.02,47,2022
608652,5.85,70,2022
677651,3.64,643,2022
664942,5.48,37,2022
656546,4.16,197,2022
660730,6.85,143,2022
543351,1.43,5,2022
592773,3.17,224,2022
650530,5.07,84,2022
571945,3.91,805,2022
682847,2.94,69,2022
678061,12.53,21,2022
543339,2.71,97,2022
650382,9.79,43,2022
670955,3.54,73,2022
664042,8.67,50,2022
570257,3.54,216,2022
676766,9.85,7,2022
656730,5.1,196,2022
665621,6.56,206,2022
656945,4.16,289,2022
489265,5.48,79,2022
676265,4.68,216,2022
621121,3.57,195,2022
665896,7.76,58,2022
672335,3.62,234,2022
641394,10.34,38,2022
543548,5.52,69,2022
622251,5.1,176,2022
543135,4.25,460,2022
676083,3.17,37,2022
661395,2.19,266,2022
456713,2.71,244,2022
608665,3.49,285,2022
622253,3.15,292,2022
543101,5.7,94,2022
572403,6.39,106,2022
656818,3.54,124,2022
669395,3.78,289,2022
622694,4.77,278,2022
642121,5.27,149,2022
676684,3.99,272,2022
664123,2.52,229,2022
664161,5.55,153,2022
664076,3.25,92,2022
643493,3.94,224,2022
592716,4.31,428,2022
491624,5.0,5,2022
663378,5.66,67,2022
642546,4.08,131,2022
592454,2.38,46,2022
600917,3.13,198,2022
612434,4.87,131,2022
628711,2.81,689,2022
664285,3.27,827,2022
664776,3.17,59,2022
674072,4.8,205,2022
650911,4.22,177,2022
592712,8.62,13,2022
643338,3.37,62,2022
642152,4.37,250,2022
489446,5.07,33,2022
666214,3.59,135,2022
547001,4.52,114,2022
607609,21.08,15,2022
656986,4.64,96,2022
643290,8.56,138,2022
621244,5.13,753,2022
669203,3.01,797,2022
596133,5.34,174,2022
502043,4.37,718,2022
676714,3.91,240,2022
666168,3.64,100,2022
608337,4.28,698,2022
621107,3.1,313,2022
664875,3.57,191,2022
468504,4.8,219,2022
657140,3.88,738,2022
664871,3.78,27,2022
663455,4.9,258,2022
656222,3.62,250,2022
643256,3.64,293,2022
669022,5.13,309,2022
608379,4.58,515,2022
475479,3.91,272,2022
642207,2.05,240,2022
681867,1.2,13,2022
622379,1.91,14,2022
519043,2.83,304,2022
656234,4.87,211,2022
548389,3.57,536,2022
547184,4.16,16,2022
664337,7.53,119,2022
669467,3.75,457,2022
657756,5.66,97,2022
641682,2.75,38,2022
663574,4.43,96,2022
608349,3.78,193,2022
548384,2.97,219,2022
595881,4.9,285,2022
657053,4.11,108,2022
593958,4.14,391,2022
669270,3.8,255,2022
572191,11.25,13,2022
595345,3.22,221,2022
444876,6.72,10,2022
663975,1.76,4,2022
592169,2.86,27,2022
552640,2.94,75,2022
663947,3.7,39,2022
644364,3.62,187,2022
592804,3.27,87,2022
677960,3.86,21,2022
425877,8.94,12,2022
681799,9.5,38,2022
669424,3.06,204,2022
596295,4.55,529,2022
596001,4.19,478,2022
656257,3.97,101,2022
571704,2.97,17,2022
647315,3.39,157,2022
571800,5.41,464,2022
608328,3.97,293,2022
676596,4.31,169,2022
667427,3.52,202,2022
605218,3.42,256,2022
656756,3.91,724,2022
446372,4.05,689,2022
673904,5.13,15,2022
571656,3.42,199,2022
571863,5.7,19,2022
643230,3.17,39,2022
664141,4.64,646,2022
693821,4.28,227,2022
607755,4.64,39,2022
661563,3.54,19,2022
670090,4.34,128,2022
611093,6.27,18,2022
502085,2.99,264,2022
670912,3.15,242,2022
666205,5.27,59,2022
667376,4.84,58,2022
663559,4.64,349,2022
669373,3.34,477,2022
669145,6.43,320,2022
686972,4.49,25,2022
669160,3.7,127,2022
663158,3.22,191,2022
605194,3.99,181,2022
605397,3.32,740,2022
670426,9.44,28,2022
502171,3.13,631,2022
663423,5.2,189,2022
650895,3.01,222,2022
641531,10.85,6,2022
518876,3.62,804,2022
663773,8.46,61,2022
682171,2.62,272,2022
592866,3.67,372,2022
656548,1.88,11,2022
676831,6.35,59,2022
643400,5.81,49,2022
670288,4.11,48,2022
668665,3.99,95,2022
605488,3.27,549,2022
657770,4.61,110,2022
669912,4.4,210,2022
663804,6.23,82,2022
675916,2.86,160,2022
664208,4.31,283,2022
571439,22.85,13,2022
554340,2.92,247,2022
660761,3.62,462,2022
592662,3.59,775,2022
606424,4.22,270,2022
622065,3.75,116,2022
657697,2.05,8,2022
664849,4.34,32,2022
605242,3.97,276,2022
607229,6.9,64,2022
607455,4.84,135,2022
640462,3.67,281,2022
642657,6.77,17,2022
666200,3.42,400,2022
641501,6.15,173,2022
642060,6.08,16,2022
605164,4.37,595,2022
592791,4.19,728,2022
670124,5.81,337,2022
572362,7.86,9,2022
605525,6.15,122,2022
593423,3.94,608,2022
663432,4.05,128,2022
672578,5.2,266,2022
659275,4.68,149,2022
672715,5.0,98,2022
676194,7.43,96,2022
666818,5.55,90,2022
641793,3.7,190,2022
656578,3.22,42,2022
642232,4.46,355,2022
641871,5.59,69,2022
607481,3.83,117,2022
656529,2.71,245,2022
592741,4.84,114,2022
605195,4.34,66,2022
622098,3.8,187,2022
669060,5.55,509,2022
572971,5.44,303,2022
621237,2.5,214,2022
656686,6.9,101,2022
643511,3.37,319,2022
670810,5.37,74,2022
571882,4.68,92,2022
681217,6.52,129,2022
641853,8.99,32,2022
656457,6.94,146,2022
663460,5.73,587,2022
672710,4.46,408,2022
607074,2.62,710,2022
506433,3.47,771,2022
668338,5.48,56,2022
666129,4.14,373,2022
547943,5.23,113,2022
622766,0.99,14,2022
650644,3.88,407,2022
663738,5.07,600,2022
669330,3.83,423,2022
621242,1.7,235,2022
592836,3.99,649,2022
657424,3.03,50,2022
666201,3.29,786,2022
595939,7.25,25,2022
519008,6.04,145,2022
606930,5.03,97,2022
673316,14.47,19,2022
663753,4.52,59,2022
518886,3.52,260,2022
596057,4.46,249,2022
660787,4.34,112,2022
622786,3.8,84,2022
669618,5.44,146,2022
489119,3.86,159,2022
571948,3.39,272,2022
663558,2.23,164,2022
657745,4.97,5,2022
642659,6.6,21,2022
445276,2.42,260,2022
543294,5.07,356,2022
545343,4.71,138,2022
641672,9.38,26,2022
605156,10.09,43,2022
658551,3.8,84,2022
641401,3.08,188,2022
425844,4.77,585,2022
623465,2.19,233,2022
592351,3.59,521,2022
656803,4.49,85,2022
571616,27.25,7,2022
592761,3.86,302,2022
622103,4.97,12,2022
656232,4.11,54,2022
527048,3.62,821,2022
572955,2.71,64,2022
605200,4.58,570,2022
621079,3.44,41,2022
605130,2.97,290,2022
605182,4.64,485,2022
641582,4.11,193,2022
630023,3.15,30,2022
681885,6.15,43,2022
663465,5.85,87,2022
668941,4.46,67,2022
500779,3.83,679,2022
656786,3.8,30,2022
669084,2.52,64,2022
661440,2.66,72,2022
686613,2.75,80,2022
663554,5.59,45,2022
657376,3.47,236,2022
455119,2.52,225,2022
542947,3.78,222,2022
621366,5.85,111,2022
677865,3.72,100,2022
683769,11.59,40,2022
676840,3.99,46,2022
592094,2.08,237,2022
641816,3.64,503,2022
669952,4.11,440,2022
641743,8.62,10,2022
493603,2.31,258,2022
579328,5.66,454,2022
675627,3.37,133,2022
657514,1.64,13,2022
621219,8.2,84,2022
668933,3.99,464,2022
664948,4.08,121,2022
673258,1.38,7,2022
542914,3.03,275,2022
666721,4.74,170,2022
676637,4.4,57,2022
663776,3.83,638,2022
670059,3.52,118,2022
666619,3.27,17,2022
669211,3.62,329,2022
543037,3.37,793,2022
656970,4.43,287,2022
607644,3.83,34,2022
453178,6.0,232,2022
605447,3.25,258,2022
623352,3.47,219,2022
656793,3.72,306,2022
669169,5.3,465,2022
592390,7.43,107,2022
605446,6.08,34,2022
656322,4.25,58,2022
674681,5.07,29,2022
621051,2.97,214,2022
571901,4.37,260,2022
623474,2.83,266,2022
660600,3.64,14,2022
657766,23.86,9,2022
665152,4.43,512,2022
641778,4.14,661,2022
669302,4.14,766,2022
593576,3.34,263,2022
519326,5.34,284,2022
593619,4.8,90,2022
667463,4.22,222,2022
672391,5.37,134,2022
543475,4.9,774,2022
571670,3.01,220,2022
669456,3.49,791,2022
501381,6.47,200,2022
656427,5.13,167,2022
543243,3.62,488,2022
459429,5.07,163,2022
644429,4.34,34,2022
682016,2.25,8,2022
660593,2.31,31,2022
461325,4.87,28,2022
663546,4.05,115,2022
663734,4.16,20,2022
621249,4.14,259,2022
681464,6.47,23,2022
665795,3.97,291,2022
663436,4.64,269,2022
657006,3.59,512,2022
676664,4.49,288,2022
642028,5.0,113,2022
544365,3.62,175,2022
542585,3.8,105,2022
664092,3.52,120,2022
471911,4.08,645,2022
572888,5.23,13,2022
663556,2.75,640,2022
668881,3.94,531,2022
640448,3.27,268,2022
677161,2.97,59,2022
642048,25.57,15,2022
501985,4.49,455,2022
623451,3.91,235,2022
528748,5.13,194,2022
643377,3.25,290,2022
650204,7.2,94,2022
642068,5.62,8,2022
641482,2.71,615,2022
592332,3.34,725,2022
642231,7.29,73,2022
598287,4.19,215,2022
669854,7.48,32,2022
676617,2.31,5,2022
641627,2.9,186,2022
595191,8.67,27,2022
656061,4.58,172,2022
571479,3.49,231,2022
669804,4.87,54,2022
573668,3.32,45,2022
523260,3.15,170,2022
571446,3.32,40,2022
622608,5.17,413,2022
681911,2.77,227,2022
607572,11.94,12,2022
655889,5.2,57,2022
663531,6.27,40,2022
663385,3.8,85,2022
544931,4.68,23,2022
453268,2.52,245,2022
453343,4.84,247,2022
668868,3.64,136,2022
594798,2.29,239,2022
450203,4.14,728,2022
573204,2.46,245,2022
663562,4.16,7,2022
641755,2.62,100,2022
608716,8.83,68,2022
598264,4.31,176,2022
518489,3.94,263,2022
501925,5.3,122,2022
623437,3.83,35,2022
641941,3.94,274,2022
615698,4.31,770,2022
593334,3.7,298,2022
664294,4.16,160,2022
543507,3.72,111,2022
669622,4.93,78,2022
656820,6.77,9,2022
676886,3.15,64,2022
657585,6.47,49,2022
682027,0.82,4,2022
682051,5.59,263,2022
649144,1.9,16,2022
543521,3.06,272,2022
669923,3.32,542,2022
661383,5.0,148,2022
641329,3.22,291,2022
592473,4.61,79,2022
572070,4.25,185,2022
543056,3.25,53,2022
676879,3.67,475,2022
424144,6.64,24,2022
608648,5.55,185,2022
661269,5.81,179,2022
664126,1.0,87,2022
623485,4.55,94,2022
676974,5.27,26,2022
448179,4.02,526,2022
572703,5.27,59,2022
668820,2.17,19,2022
646242,4.93,66,2022
601713,4.68,773,2022
641154,3.67,736,2022
676130,6.23,23,2022
621381,3.22,193,2022
650893,4.93,194,2022
676641,3.29,99,2022
596071,4.46,165,2022
650556,2.92,248,2022
519293,3.7,261,2022
660623,9.21,37,2022
663903,3.91,621,2022
641927,4.71,227,2022
608032,4.14,235,2022
547179,3.86,411,2022
670970,3.99,141,2022
665871,4.52,166,2022
663752,5.07,100,2022
667373,3.54,20,2022
663629,9.16,33,2022
663765,4.05,188,2022
688010,2.81,11,2022
656876,3.52,584,2022
607259,3.8,448,2022
608717,4.16,279,2022
665625,5.07,77,2022
605538,3.29,176,2022
641360,3.34,247,2022
666974,5.23,97,2022
605400,2.73,807,2022
592826,4.68,319,2022
680573,8.83,20,2022
621368,4.8,449,2022
658648,5.81,18,2022
656353,4.8,243,2022
519151,2.54,181,2022
545341,2.03,3,2022
686610,4.55,146,2022
458677,1.46,13,2022
640455,4.08,671,2022
606149,2.97,235,2022
642770,5.44,82,2022
608638,2.6,86,2022
605483,3.25,535,2022
666159,3.99,263,2022
621074,3.62,229,2022
488984,4.74,94,2022
606965,5.17,67,2022
541640,3.62,347,2022
517008,5.73,215,2022
453286,2.86,565,2022
571917,10.15,13,2022
666204,2.77,145,2022
621383,4.05,217,2022
666374,4.52,222,2022
665645,5.59,57,2022
520980,9.38,16,2022
669459,3.99,151,2022
681806,3.8,204,2022
664747,2.9,255,2022
622554,3.34,207,2022
656685,3.83,212,2022
675540,6.56,47,2022
544727,4.84,204,2022
656629,3.94,494,2022
664299,2.48,585,2022
672582,7.12,44,2022
643615,8.88,64,2022
657508,4.34,149,2022
571510,2.68,53,2022
477132,2.5,493,2022
621111,4.31,274,2022
628452,3.13,246,2022
642397,4.05,263,2022
675912,5.73,28,2022
676477,3.1,311,2022
501625,7.34,76,2022
659262,5.44,85,2022
662253,1.83,248,2022
607625,3.44,272,2022
640444,4.14,332,2022
663855,3.78,263,2022
661527,2.83,155,2022
607179,3.44,166,2022
547973,4.37,160,2022
642130,4.31,74,2022
570632,4.93,432,2022
572125,3.91,75,2022
669432,4.84,477,2022
571927,3.7,207,2022
641835,4.08,193,2022
685503,7.16,108,2022
643316,5.0,61,2022
623167,4.68,590,2022
592346,6.15,99,2022
518748,5.2,71,2022
570663,6.39,111,2022
605177,2.97,243,2022
518617,4.31,269,2022
518813,10.34,20,2022
643410,3.94,282,2022
608371,4.87,31,2022
656464,2.94,124,2022
669194,2.32,69,2022
678692,3.13,50,2022
656755,3.62,19,2022
518516,5.62,698,2022
670174,4.8,316,2022
660271,2.6,660,2022
669461,5.59,161,2022
617228,4.28,221,2022
656557,3.83,247,2022
663474,3.59,741,2022
669711,3.03,48,2022
641447,4.61,156,2022
607200,5.48,573,2022
608566,4.49,779,2022
668678,3.13,714,2022
657093,5.0,459,2022
669713,2.16,132,2022
624418,3.99,11,2022
642239,2.48,16,2022
656814,3.13,33,2022
676760,2.66,181,2022
605154,3.59,288,2022
621016,4.31,180,2022
607391,13.39,35,2022
672911,5.73,39,2022
593140,6.9,14,2022
663903,4.93,702,2023
641427,5.81,29,2023
642231,4.86,62,2023
621345,3.3,260,2023
656924,3.82,4,2023
657044,3.28,121,2023
641835,3.4,215,2023
543135,3.96,577,2023
656288,4.13,536,2023
663623,5.1,530,2023
593334,4.3,444,2023
641585,4.96,581,2023
686973,4.64,283,2023
641712,6.08,354,2023
663687,5.13,284,2023
642770,7.26,97,2023
657277,3.63,850,2023
621237,2.77,172,2023
664854,2.32,146,2023
596295,5.77,603,2023
677651,4.21,115,2023
668909,4.24,345,2023
623211,3.53,257,2023
592791,4.73,655,2023
543507,4.58,205,2023
624522,4.27,125,2023
623352,2.38,231,2023
607968,7.44,95,2023
680694,3.77,671,2023
628708,4.64,182,2023
592094,4.33,222,2023
663158,3.21,108,2023
643410,4.1,269,2023
663362,4.33,173,2023
645261,4.3,762,2023
650671,5.74,41,2023
663558,3.66,184,2023
502083,7.54,29,2023
664849,3.48,35,2023
670124,7.63,101,2023
607457,10.94,46,2023
570731,23.17,5,2023
493603,3.55,261,2023
669912,6.65,56,2023
607644,4.61,88,2023
621112,4.48,464,2023
689225,3.98,152,2023
598264,4.67,99,2023
686651,5.23,55,2023
657031,4.7,83,2023
624647,3.21,135,2023
664028,4.96,83,2023
676961,3.58,10,2023
669022,5.2,582,2023
608328,8.07,60,2023
527048,4.83,608,2023
594798,1.82,115,2023
660896,5.89,75,2023
600986,4.01,10,2023
669276,5.52,101,2023
607625,4.42,604,2023
681517,17.28,15,2023
608723,4.18,160,2023
608331,2.75,311,2023
687798,4.51,106,2023
687145,5.55,42,2023
663385,5.48,60,2023
679525,6.0,342,2023
672582,4.39,182,2023
687830,2.52,82,2023
671737,4.42,460,2023
663485,6.04,99,2023
571946,3.33,163,2023
607259,3.98,461,2023
596057,7.87,63,2023
656302,4.16,784,2023
687922,4.9,35,2023
656061,4.67,268,2023
660761,5.92,165,2023
670329,8.63,60,2023
665871,4.64,449,2023
642585,2.1,237,2023
678226,5.81,20,2023
656529,4.1,223,2023
670059,3.61,240,2023
681982,4.1,154,2023
543518,4.3,301,2023
660906,4.51,74,2023
674072,4.36,381,2023
676684,3.18,199,2023
670871,3.33,8,2023
596112,2.79,201,2023
489119,4.3,490,2023
595345,3.93,247,2023
502624,4.86,372,2023
623451,3.48,52,2023
674003,4.48,234,2023
592390,1.54,4,2023
571670,3.4,248,2023
621244,4.51,782,2023
656731,5.85,567,2023
670167,4.1,204,2023
606160,4.55,298,2023
621199,5.74,20,2023
675921,5.0,18,2023
693821,4.51,732,2023
682120,4.83,121,2023
676702,4.45,47,2023
571863,4.48,163,2023
680735,4.86,149,2023
674370,4.77,236,2023
614179,5.55,207,2023
669093,11.69,56,2023
621057,8.27,91,2023
594835,5.27,215,2023
682051,5.85,80,2023
605447,3.3,248,2023
647336,5.7,145,2023
592527,5.96,13,2023
656756,3.98,777,2023
673111,5.59,10,2023
622251,4.45,89,2023
572955,3.93,277,2023
663992,3.93,96,2023
663574,13.58,18,2023
696136,4.1,147,2023
663989,3.77,59,2023
656641,2.21,22,2023
450203,4.64,716,2023
663465,5.44,56,2023
471911,6.61,417,2023
434378,3.63,669,2023
650633,3.5,431,2023
600917,3.18,233,2023
663542,5.16,44,2023
663629,8.12,23,2023
700363,3.79,105,2023
605280,2.84,262,2023
694813,6.28,152,2023
650960,3.53,136,2023
670950,3.58,315,2023
571616,9.58,17,2023
656887,2.03,34,2023
665795,3.77,434,2023
570666,8.9,132,2023
677076,11.76,22,2023
519008,4.7,11,2023
592741,4.18,193,2023
592836,4.39,733,2023
641154,3.02,801,2023
571927,3.93,449,2023
669674,4.83,199,2023
608379,4.3,553,2023
572403,3.98,268,2023
593958,4.04,621,2023
594943,7.54,124,2023
548384,3.45,236,2023
641941,3.66,273,2023
605288,4.24,481,2023
573124,3.5,216,2023
664126,2.65,184,2023
669060,3.98,314,2023
622491,3.82,802,2023
661440,5.0,160,2023
676664,4.7,735,2023
543339,2.23,14,2023
518585,3.48,279,2023
650893,4.07,239,2023
571510,4.21,303,2023
656322,4.93,34,2023
600921,5.59,207,2023
683232,3.14,87,2023
554430,3.23,787,2023
657053,5.34,384,2023
664744,3.48,5,2023
694297,4.51,421,2023
657571,3.85,270,2023
606965,4.51,173,2023
608648,3.33,7,2023
592789,6.48,391,2023
642547,3.35,680,2023
622503,4.3,65,2023
605488,1.6,55,2023
669461,6.04,275,2023
519242,3.63,425,2023
643493,3.93,197,2023
573009,4.01,157,2023
598286,3.93,172,2023
669330,3.93,470,2023
605498,5.89,130,2023
668676,5.59,105,2023
542947,4.64,132,2023
642758,8.42,47,2023
685314,3.48,41,2023
670810,8.37,46,2023
592454,2.91,165,2023
455119,3.23,199,2023
694037,3.93,119,2023
472610,4.13,267,2023
664747,3.45,286,2023
544727,5.89,64,2023
622072,4.67,429,2023
643377,2.91,274,2023
650496,6.9,50,2023
677020,4.93,48,2023
519293,3.33,226,2023
691587,3.63,374,2023
573204,3.58,120,2023
682243,4.83,537,2023
521230,3.85,20,2023
688427,7.3,30,2023
656793,4.83,20,2023
664948,8.22,55,2023
622250,3.3,215,2023
670955,3.58,11,2023
686613,4.27,665,2023
663978,3.5,22,2023
543243,3.69,754,2023
669302,3.63,770,2023
668984,4.7,61,2023
676775,4.24,172,2023
622088,2.86,21,2023
661309,5.3,241,2023
647315,5.59,56,2023
671111,4.07,90,2023
656629,5.77,591,2023
593974,4.61,227,2023
641149,7.63,26,2023
605218,4.21,142,2023
622608,10.3,30,2023
664202,1.96,6,2023
669373,2.3,310,2023
666154,7.3,158,2023
668868,4.64,287,2023
621107,3.02,703,2023
542881,4.93,629,2023
621016,5.37,292,2023
630023,6.16,367,2023
592826,4.21,162,2023
680232,6.69,22,2023
666159,5.41,316,2023
669618,3.98,44,2023
621368,6.2,76,2023
686826,5.52,92,2023
663372,4.77,201,2023
668674,3.71,251,2023
612434,3.87,268,2023
656427,5.06,650,2023
669947,4.9,377,2023
650911,3.74,396,2023
621389,7.26,352,2023
656234,4.58,381,2023
676050,2.69,17,2023
456713,10.81,48,2023
659275,6.32,145,2023
656605,4.18,825,2023
661403,3.11,302,2023
592254,4.45,70,2023
657746,3.55,672,2023
543351,3.35,116,2023
681869,5.06,42,2023
686294,7.04,116,2023
554340,3.53,282,2023
641302,3.69,181,2023
663752,7.77,38,2023
681892,2.44,47,2023
693433,3.5,371,2023
665622,4.8,495,2023
663804,4.51,137,2023
679885,5.77,57,2023
642397,2.77,250,2023
656638,3.85,288,2023
615698,5.85,444,2023
664208,3.11,274,2023
666201,6.12,415,2023
656257,4.61,160,2023
640448,4.61,288,2023
669796,4.1,223,2023
687396,5.37,117,2023
594580,2.86,268,2023
669212,3.96,299,2023
543063,3.28,5,2023
676760,4.39,205,2023
656981,8.74,67,2023
675989,6.9,107,2023
572888,3.45,12,2023
552640,3.87,50,2023
592426,3.23,143,2023
642528,2.69,69,2023
592332,3.85,763,2023
701643,4.33,158,2023
674285,6.16,61,2023
669721,3.77,52,2023
675916,4.58,171,2023
666720,4.07,66,2023
664129,4.48,16,2023
623437,3.04,279,2023
658648,4.07,220,2023
660813,3.14,257,2023
686839,4.45,177,2023
676689,1.63,4,2023
673858,7.77,15,2023
664776,7.08,45,2023
641816,3.23,102,2023
685107,7.3,12,2023
690986,4.51,147,2023
605513,6.2,145,2023
543101,5.2,419,2023
641743,6.86,66,2023
666721,6.0,89,2023
680723,6.04,170,2023
681806,4.1,160,2023
518886,3.25,278,2023
656794,3.87,61,2023
680686,5.03,698,2023
669111,1.58,13,2023
606625,15.04,11,2023
661395,2.58,255,2023
686753,5.52,174,2023
663455,2.46,8,2023
607188,5.27,14,2023
657756,5.16,408,2023
680573,5.7,24,2023
453286,3.35,621,2023
663986,4.48,294,2023
518489,3.5,239,2023
642216,4.27,141,2023
675627,5.03,302,2023
656353,5.2,236,2023
656730,3.14,148,2023
689266,8.48,164,2023
579328,4.27,700,2023
625643,3.98,278,2023
683155,7.63,47,2023
657006,3.53,716,2023
682847,6.77,400,2023
448179,5.55,660,2023
592662,5.2,19,2023
641871,3.71,212,2023
593833,3.02,35,2023
656818,6.48,55,2023
681432,3.82,30,2023
665896,5.66,48,2023
641771,8.79,187,2023
664062,5.85,435,2023
676395,3.58,127,2023
640462,3.09,242,2023
664076,3.93,48,2023
667463,4.45,157,2023
668665,5.55,118,2023
669459,3.71,239,2023
671131,5.89,88,2023
643361,5.62,105,2023
548389,5.52,381,2023
666619,3.21,289,2023
664285,4.3,808,2023
660787,3.69,104,2023
670036,5.27,43,2023
605182,4.13,549,2023
628711,4.21,482,2023
608566,4.77,80,2023
666200,3.96,741,2023
686730,4.3,64,2023
660261,4.77,357,2023
571945,5.48,860,2023
677865,4.7,121,2023
650556,3.23,287,2023
656412,3.85,262,2023
656464,3.09,255,2023
607455,11.9,35,2023
673540,3.9,694,2023
643511,2.77,309,2023
656457,6.52,72,2023
517008,7.04,15,2023
608718,3.25,292,2023
670046,3.58,146,2023
664199,5.1,266,2023
676680,2.67,205,2023
518617,3.4,243,2023
676440,3.71,585,2023
657265,4.21,163,2023
425794,7.26,484,2023
686842,6.24,21,2023
656814,3.87,80,2023
595411,4.24,29,2023
672335,3.87,247,2023
608678,5.2,235,2023
650895,4.9,41,2023
669395,5.62,96,2023
689167,4.27,28,2023
622065,4.13,236,2023
663658,5.7,160,2023
663556,4.1,469,2023
642100,3.43,216,2023
670990,4.27,176,2023
681190,5.44,166,2023
677960,4.61,257,2023
502043,4.73,807,2023
657140,5.34,155,2023
656546,2.58,208,2023
640451,3.35,235,2023
665620,5.06,67,2023
641482,3.66,266,2023
666808,2.93,281,2023
686654,5.66,58,2023
606303,3.18,287,2023
672851,5.55,240,2023
672730,5.06,48,2023
666974,3.3,283,2023
592473,1.77,22,2023
608337,4.61,794,2023
681882,5.55,114,2023
572020,3.79,411,2023
456501,5.16,218,2023
606930,3.87,61,2023
502085,3.25,269,2023
675911,3.09,763,2023
641656,3.48,239,2023
621295,4.64,128,2023
593619,3.77,75,2023
672391,4.58,107,2023
622766,2.75,54,2023
681857,4.7,422,2023
605540,2.84,253,2023
683175,4.55,96,2023
571760,4.51,641,2023
670174,3.77,367,2023
641755,4.61,76,2023
677161,5.59,43,2023
660271,3.77,531,2023
518876,4.13,721,2023
476595,5.16,65,2023
663546,4.51,139,2023
641778,7.54,211,2023
669713,5.23,379,2023
500779,4.64,319,2023
666277,4.58,228,2023
664353,4.7,275,2023
543548,5.52,40,2023
605155,5.03,34,2023
666157,4.86,166,2023
682967,8.58,43,2023
425844,5.13,593,2023
605130,3.77,299,2023
682052,5.74,54,2023
670912,4.61,781,2023
592848,4.64,58,2023
622259,3.98,76,2023
445276,3.21,188,2023
676714,5.37,63,2023
571539,5.34,110,2023
666168,4.58,240,2023
596271,4.36,122,2023
643256,6.2,95,2023
642232,4.39,376,2023
446372,6.24,257,2023
686972,7.44,15,2023
676475,14.25,13,2023
668941,2.84,147,2023
691094,14.34,11,2023
660593,5.2,90,2023
666818,5.1,139,2023
623381,4.58,14,2023
669160,3.35,187,2023
660730,0.72,10,2023
670241,3.96,84,2023
680704,3.96,239,2023
547943,3.87,224,2023
687888,4.45,106,2023
676083,3.9,33,2023
547184,3.9,71,2023
607216,3.02,19,2023
665625,3.85,252,2023
605200,5.48,377,2023
605441,8.63,13,2023
640455,4.13,499,2023
642207,2.69,231,2023
542888,2.71,207,2023
606149,4.18,229,2023
608717,3.66,338,2023
679346,5.7,39,2023
657514,4.07,216,2023
572971,5.74,172,2023
641745,5.77,211,2023
676106,3.4,49,2023
677053,2.73,237,2023
672860,4.04,8,2023
472551,9.4,32,2023
666208,7.68,12,2023
682175,4.13,122,2023
453178,4.42,75,2023
664875,3.74,326,2023
676206,7.26,65,2023
681402,6.44,103,2023
596133,5.59,563,2023
623167,6.12,466,2023
642121,7.82,23,2023
668338,7.21,64,2023
592346,6.16,19,2023
683769,3.96,182,2023
607732,5.1,36,2023
477132,3.71,523,2023
656820,13.5,23,2023
657240,3.71,303,2023
669169,8.53,63,2023
607237,4.9,112,2023
592229,4.9,191,2023
670280,2.86,277,2023
641927,3.58,577,2023
656986,3.28,34,2023
672710,5.37,302,2023
680570,4.24,515,2023
663878,3.9,182,2023
657093,6.95,21,2023
570632,5.81,203,2023
681911,3.66,217,2023
682989,4.73,17,2023
686752,3.11,159,2023
668933,4.93,624,2023
682010,3.85,92,2023
665152,4.86,735,2023
621294,4.64,82,2023
666205,7.35,372,2023
694363,5.37,230,2023
641729,3.79,238,2023
678606,3.79,142,2023
621139,6.86,25,2023
656786,5.3,69,2023
570257,5.59,51,2023
608344,5.52,336,2023
571948,2.95,252,2023
621363,2.69,246,2023
622075,4.39,207,2023
594902,5.0,383,2023
657585,4.55,87,2023
666204,3.82,94,2023
661383,2.91,62,2023
547179,4.48,624,2023
678061,4.55,114,2023
668970,5.52,154,2023
676092,5.48,95,2023
664299,4.48,687,2023
657612,5.0,202,2023
646242,6.95,42,2023
605154,3.3,161,2023
671106,4.48,537,2023
663423,3.11,125,2023
608371,3.82,258,2023
605463,5.27,88,2023
663704,2.97,90,2023
681810,4.3,6,2023
671096,3.93,459,2023
623433,3.58,141,2023
663562,4.8,146,2023
622780,2.82,117,2023
657097,3.93,232,2023
541640,5.3,274,2023
656271,4.21,250,2023
640470,3.63,253,2023
669724,5.06,23,2023
663567,5.48,375,2023
623149,2.77,249,2023
661527,5.37,195,2023
650644,3.74,504,2023
657508,5.34,273,2023
660825,3.43,67,2023
656557,4.16,463,2023
621383,4.51,255,2023
592351,4.48,656,2023
665048,7.77,91,2023
657697,2.48,15,2023
592779,2.42,109,2023
656849,4.93,492,2023
662253,3.0,211,2023
672715,5.7,99,2023
607067,4.42,517,2023
669203,3.43,784,2023
665665,3.71,70,2023
543766,3.9,190,2023
642578,6.32,12,2023
656222,3.58,192,2023
669391,4.8,19,2023
672841,10.18,22,2023
660853,4.1,262,2023
681217,4.24,221,2023
663462,3.87,120,2023
663753,18.35,32,2023
657272,12.12,8,2023
640454,5.74,27,2023
542585,4.67,267,2023
667755,4.18,185,2023
665734,2.93,64,2023
595897,2.97,15,2023
666214,5.74,492,2023
445926,3.55,144,2023
663474,4.8,73,2023
592767,4.16,626,2023
668754,3.55,30,2023
571656,4.04,309,2023
669456,4.9,533,2023
669923,3.9,757,2023
695243,3.23,139,2023
682227,4.77,491,2023
693312,4.24,26,2023
607074,5.37,286,2023
628452,3.14,231,2023
663432,1.66,5,2023
592866,5.59,658,2023
608665,4.55,282,2023
656876,2.91,177,2023
646241,7.12,34,2023
543294,4.16,578,2023
669711,4.51,87,2023
607192,3.55,485,2023
664942,7.35,80,2023
664192,5.37,195,2023
605483,3.77,742,2023
696147,4.77,77,2023
605242,4.3,237,2023
686747,4.45,145,2023
676254,3.06,263,2023
571901,4.36,231,2023
669194,5.27,619,2023
453268,6.12,232,2023
672782,2.14,8,2023
641329,3.35,186,2023
642701,6.44,50,2023
571710,11.55,22,2023
674444,4.55,62,2023
623465,3.14,234,2023
663773,5.2,304,2023
669424,5.77,172,2023
642048,4.16,207,2023
605347,5.37,266,2023
676979,6.65,64,2023
607359,7.04,55,2023
689147,2.56,14,2023
502202,4.83,84,2023
543521,5.16,268,2023
668881,3.79,498,2023
668834,2.97,22,2023
670102,3.61,136,2023
571479,5.0,113,2023
669165,0.21,6,2023
680767,3.53,44,2023
669438,6.56,253,2023
601713,4.01,587,2023
663947,3.48,324,2023
681867,5.23,151,2023
527054,4.77,288,2023
607481,3.58,267,2023
669270,6.77,58,2023
595928,3.28,81,2023
663776,4.67,652,2023
665001,5.16,69,2023
656290,4.24,85,2023
605135,4.04,826,2023
488984,5.13,106,2023
607179,4.3,232,2023
543037,3.45,821,2023
669387,3.98,152,2023
686610,4.7,639,2023
689690,0.71,10,2023
607536,5.85,677,2023
671212,2.27,60,2023
621219,9.58,10,2023
621076,4.96,280,2023
677944,4.8,111,2023
663855,3.33,285,2023
656382,5.96,103,2023
672282,4.58,644,2023
686218,3.43,248,2023
502171,4.73,646,2023
523260,2.91,168,2023
624133,4.39,540,2023
678394,4.21,668,2023
572193,5.34,57,2023
666364,5.41,108,2023
663559,4.96,347,2023
676477,4.64,304,2023
621074,4.45,176,2023
669952,4.7,60,2023
680742,5.0,14,2023
593423,3.5,7,2023
608638,3.63,174,2023
621051,3.35,219,2023
682171,3.33,58,2023
656657,3.63,49,2023
690829,4.96,48,2023
622098,4.42,244,2023
605177,4.36,224,2023
623474,4.36,127,2023
519151,3.55,268,2023
518516,8.79,90,2023
656266,3.66,30,2023
543475,4.9,748,2023
687330,3.35,276,2023
672578,4.7,301,2023
622772,3.53,132,2023
671345,3.71,276,2023
680983,14.16,8,2023
666374,3.25,308,2023
542914,5.2,88,2023
641401,4.61,127,2023
666745,4.55,372,2023
593576,3.28,273,2023
458681,4.83,808,2023
643338,3.06,52,2023
680689,7.77,81,2023
543272,4.51,236,2023
642546,4.93,147,2023
685410,6.24,146,2023
640444,10.3,47,2023
605446,11.14,30,2023
641793,4.27,379,2023
663941,3.71,354,2023
664294,3.02,239,2023
594577,4.9,119,2023
669145,3.71,61,2023
669105,6.48,31,2023
669432,3.98,79,2023
641672,4.39,129,2023
675540,5.06,404,2023
663738,4.93,223,2023
641627,3.5,261,2023
682990,6.12,234,2023
613534,3.63,81,2023
668678,4.21,846,2023
656970,7.73,100,2023
668873,8.37,33,2023
622554,4.61,224,2023
676534,6.52,120,2023
670970,7.77,44,2023
663460,4.01,68,2023
571882,4.77,240,2023
596001,3.77,367,2023
641540,4.48,722,2023
642545,5.37,362,2023
657248,7.49,51,2023
641703,5.7,235,2023
611093,3.14,31,2023
676272,3.45,505,2023
656232,5.41,353,2023
669211,4.67,112,2023
543859,3.93,325,2023
628317,3.77,428,2023
641447,5.85,20,2023
663765,6.95,222,2023
666129,4.58,659,2023
506433,3.82,573,2023
657024,3.11,262,2023
543594,15.59,18,2023
543901,5.37,60,2023
519043,3.33,218,2023
605397,3.14,399,2023
592773,4.07,213,2023
657424,3.5,27,2023
669467,4.1,302,2023
502179,15.5,28,2023
543056,3.02,210,2023
669684,3.66,212,2023
547973,2.79,249,2023
676130,3.93,179,2023
674681,15.97,23,2023
680739,4.83,147,2023
608032,4.1,281,2023
664139,3.69,318,2023
622103,5.7,49,2023
670766,3.23,27,2023
605151,10.87,39,2023
641420,5.44,20,2023
605400,3.71,793,2023
518397,3.66,208,2023
622663,5.85,417,2023
489446,4.48,254,2023
663971,4.07,3,2023
667427,3.55,80,2023
686539,6.99,51,2023
656945,2.52,307,2023
573186,4.27,575,2023
641360,4.83,304,2023
657376,4.33,694,2023
642239,4.73,97,2023
608334,4.55,39,2023
607755,3.96,219,2023
666142,3.33,392,2023
656578,5.34,257,2023
682842,3.53,127,2023
670183,9.46,32,2023
676596,5.44,221,2023
621249,6.48,100,2023
669854,5.06,226,2023
676710,3.28,527,2023
669084,2.88,81,2023
621381,3.21,351,2023
676265,5.13,184,2023
621366,3.3,152,2023
663321,5.81,18,2023
571578,6.12,790,2023
641745,4.71,192,2024
607536,4.97,490,2024
489446,1.85,237,2024
596133,3.29,331,2024
687847,4.14,4,2024
606303,4.02,235,2024
657265,4.8,47,2024
657746,2.88,538,2024
642629,4.93,92,2024
656354,3.8,33,2024
650556,3.25,325,2024
621199,4.84,132,2024
663765,5.62,167,2024
656557,4.11,743,2024
592741,7.53,4,2024
693821,4.87,226,2024
669432,5.1,562,2024
669387,3.32,209,2024
681517,4.4,191,2024
668964,4.11,569,2024
613534,3.99,191,2024
657697,3.42,46,2024
695549,2.44,16,2024
594902,4.02,632,2024
668873,6.43,48,2024
527048,5.44,590,2024
571946,3.75,225,2024
690925,3.54,15,2024
675540,5.0,172,2024
607481,2.79,244,2024
690544,6.08,88,2024
621345,3.2,134,2024
687911,3.13,109,2024
542881,4.37,765,2024
686751,13.47,18,2024
543859,4.31,340,2024
808967,3.44,368,2024
554431,7.16,48,2024
678606,2.77,129,2024
642239,1.91,29,2024
669084,4.4,197,2024
664849,4.8,165,2024
623465,3.25,228,2024
683232,3.22,256,2024
669270,3.64,39,2024
657649,3.59,265,2024
668941,5.0,243,2024
685107,4.11,58,2024
656288,4.74,739,2024
663776,4.37,353,2024
701542,4.46,110,2024
660896,3.08,235,2024
594798,2.48,44,2024
664854,2.73,266,2024
669438,5.52,93,2024
543339,3.78,253,2024
608678,5.92,89,2024
668909,4.14,332,2024
608717,4.97,257,2024
688297,3.44,155,2024
676962,4.22,222,2024
606930,4.87,277,2024
681911,2.71,263,2024
678394,4.49,702,2024
542882,4.74,26,2024
592662,3.75,129,2024
548384,3.32,25,2024
458677,4.11,209,2024
519293,5.41,186,2024
608718,4.14,270,2024
678368,5.0,295,2024
519043,4.31,210,2024
663738,3.78,175,2024
702795,1.4,10,2024
666142,3.25,762,2024
673380,2.34,135,2024
663462,8.25,37,2024
685314,23.42,8,2024
628317,4.34,485,2024
607455,3.27,209,2024
592836,6.94,381,2024
656786,6.08,50,2024
667725,6.19,142,2024
702674,6.9,52,2024
674072,6.43,182,2024
601713,3.42,595,2024
669923,3.39,778,2024
669330,7.53,67,2024
572020,4.77,437,2024
675911,4.16,42,2024
663969,5.92,160,2024
656464,3.22,291,2024
678495,3.27,221,2024
593334,5.52,100,2024
656266,7.16,22,2024
641755,4.46,285,2024
657585,3.15,247,2024
606149,4.71,94,2024
605335,3.83,32,2024
677944,4.49,338,2024
621389,7.16,330,2024
543518,5.85,150,2024
679358,5.73,11,2024
674444,1.3,18,2024
686730,4.8,410,2024
605447,7.2,62,2024
676604,3.7,15,2024
680573,4.02,569,2024
621399,13.15,11,2024
622554,3.72,255,2024
572143,4.43,241,2024
656671,3.83,27,2024
605182,6.81,78,2024
663567,4.4,280,2024
605347,3.59,216,2024
656240,3.83,85,2024
657612,3.54,291,2024
605488,3.72,142,2024
686799,5.07,266,2024
456501,10.85,50,2024
571948,3.2,268,2024
448179,7.2,15,2024
623433,5.23,153,2024
657376,3.72,353,2024
676614,4.43,104,2024
686613,3.29,712,2024
670280,4.25,262,2024
680739,2.92,38,2024
691951,4.52,67,2024
680686,5.88,44,2024
694646,8.51,18,2024
642397,4.43,244,2024
519008,3.39,235,2024
676684,3.91,289,2024
656234,5.62,185,2024
571912,7.07,18,2024
694462,6.04,36,2024
664747,3.64,242,2024
686294,14.91,5,2024
666720,8.78,105,2024
671345,4.28,250,2024
683618,1.19,14,2024
680885,3.42,500,2024
502171,5.0,62,2024
669854,3.97,676,2024
600986,5.07,177,2024
676755,5.48,23,2024
687362,3.44,32,2024
676428,2.27,175,2024
471911,4.61,447,2024
670219,6.56,11,2024
661403,2.44,270,2024
621381,2.48,237,2024
571760,4.43,693,2024
643493,26.23,24,2024
668678,3.94,621,2024
643511,3.06,290,2024
682254,3.52,37,2024
675989,3.91,83,2024
682842,5.03,66,2024
693433,2.77,472,2024
623474,2.99,52,2024
666201,4.08,103,2024
663423,3.39,294,2024
519242,2.77,702,2024
672782,4.74,54,2024
593576,4.19,260,2024
669467,3.52,509,2024
657277,4.34,841,2024
642546,4.74,192,2024
641816,3.97,56,2024
621242,2.48,216,2024
677960,4.11,367,2024
608566,6.31,20,2024
665795,4.68,417,2024
656848,5.1,90,2024
669211,2.46,313,2024
592094,3.22,282,2024
641312,6.56,85,2024
642834,5.55,33,2024
650893,4.31,271,2024
657240,5.85,74,2024
680767,4.87,320,2024
663773,4.93,210,2024
666157,3.67,493,2024
681869,3.97,207,2024
445276,3.32,218,2024
656924,5.48,93,2024
641658,2.88,4,2024
642216,6.81,41,2024
668970,1.49,6,2024
663436,4.08,220,2024
669308,1.9,49,2024
683068,5.03,20,2024
656605,4.22,773,2024
668968,3.57,107,2024
666171,1.65,64,2024
669721,4.37,134,2024
502179,9.79,44,2024
682610,6.77,379,2024
663623,4.28,769,2024
547179,4.55,535,2024
687863,2.71,164,2024
700241,3.54,86,2024
660825,2.38,108,2024
672851,4.87,48,2024
663562,4.31,96,2024
660853,5.13,278,2024
672582,4.37,240,2024
641793,4.4,656,2024
687792,3.29,382,2024
668881,3.03,611,2024
543056,2.94,107,2024
593958,5.37,224,2024
676272,6.9,258,2024
622503,5.48,26,2024
592426,4.02,235,2024
656849,4.58,510,2024
676775,5.52,238,2024
670059,4.08,223,2024
605463,3.47,282,2024
668984,4.71,47,2024
679525,4.9,548,2024
677161,4.16,241,2024
677958,3.22,55,2024
672335,3.57,238,2024
622491,3.99,719,2024
595345,3.99,160,2024
668943,4.19,58,2024
681867,4.31,424,2024
622250,4.02,68,2024
664192,6.23,46,2024
671106,5.81,432,2024
686642,3.83,101,2024
656427,3.59,649,2024
663989,3.8,49,2024
656546,2.92,265,2024
641329,3.52,93,2024
666207,7.39,22,2024
642100,3.08,104,2024
681857,3.62,465,2024
676440,3.72,710,2024
665620,4.84,68,2024
656756,5.17,532,2024
623149,3.75,165,2024
605288,5.2,309,2024
670036,3.88,100,2024
571945,4.61,720,2024
681882,3.29,28,2024
656457,5.73,38,2024
593974,5.23,162,2024
687330,3.34,278,2024
666215,6.08,20,2024
595897,3.64,45,2024
665871,4.93,638,2024
541640,4.25,85,2024
570632,4.4,463,2024
669302,3.06,803,2024
543475,4.25,19,2024
670970,3.29,272,2024
668390,5.34,77,2024
676596,4.31,138,2024
676617,6.35,46,2024
608331,3.72,714,2024
700669,4.77,31,2024
657508,4.71,264,2024
657571,4.11,249,2024
641482,3.59,710,2024
593423,4.64,655,2024
696131,5.88,169,2024
598286,7.86,63,2024
687014,7.67,55,2024
668338,3.39,235,2024
669111,2.12,47,2024
458681,4.87,511,2024
686539,3.62,307,2024
527054,7.67,16,2024
682052,3.72,46,2024
544150,4.08,565,2024
650960,2.83,15,2024
680732,3.94,76,2024
605280,3.25,271,2024
676714,9.67,89,2024
641582,7.39,30,2024
663372,4.37,692,2024
671096,3.97,586,2024
672860,2.23,83,2024
678226,2.42,74,2024
676105,5.03,87,2024
656271,3.44,154,2024
671111,8.15,72,2024
500779,4.49,717,2024
666808,3.32,271,2024
669952,6.39,110,2024
663158,3.03,258,2024
700249,4.08,352,2024
622103,5.62,18,2024
624133,3.64,626,2024
642016,3.78,26,2024
642547,3.83,725,2024
656730,2.88,183,2024
664285,3.44,703,2024
608638,4.22,146,2024
571670,3.91,279,2024
666204,5.03,117,2024
543037,3.62,390,2024
670955,1.93,159,2024
677053,2.81,210,2024
630023,4.64,144,2024
676477,4.34,75,2024
669711,3.49,263,2024
695076,4.37,128,2024
681293,4.02,632,2024
621016,6.77,83,2024
664079,3.62,36,2024
676961,6.94,20,2024
672552,6.64,47,2024
660761,4.8,240,2024
664129,5.52,44,2024
572971,5.17,79,2024
669674,4.08,176,2024
700363,2.83,18,2024
607644,4.58,80,2024
656638,4.97,90,2024
656896,6.47,20,2024
664139,17.34,10,2024
518489,3.52,110,2024
656412,4.4,246,2024
571882,3.7,365,2024
680570,3.72,491,2024
694361,7.67,38,2024
686563,4.43,522,2024
675627,3.59,216,2024
694738,3.99,217,2024
701643,5.81,31,2024
676710,3.83,759,2024
689266,4.16,9,2024
670871,4.19,76,2024
621051,5.27,163,2024
672578,3.88,129,2024
663767,3.49,36,2024
608723,3.34,248,2024
692230,6.27,57,2024
592351,4.58,439,2024
676254,2.6,308,2024
666129,4.46,161,2024
669912,4.68,48,2024
571578,5.44,764,2024
621053,3.67,207,2024
677976,4.28,45,2024
695243,1.78,249,2024
670167,3.34,224,2024
670950,3.67,277,2024
676395,2.5,251,2024
607074,4.08,736,2024
681432,3.54,109,2024
676702,3.29,158,2024
641360,2.75,39,2024
502085,3.15,297,2024
665896,4.4,80,2024
670810,4.97,49,2024
573124,3.2,249,2024
642520,6.56,115,2024
665152,4.49,553,2024
687377,6.15,23,2024
595881,4.8,68,2024
669212,2.58,167,2024
684007,3.34,694,2024
657193,4.93,5,2024
612434,6.15,64,2024
683568,4.31,30,2024
661527,4.08,222,2024
669203,3.29,784,2024
646242,3.88,47,2024
674285,4.84,133,2024
543243,3.64,671,2024
696136,5.2,212,2024
608371,4.31,215,2024
657053,5.62,117,2024
681066,5.59,87,2024
621107,3.72,684,2024
687922,5.07,61,2024
683822,2.75,16,2024
607237,3.37,24,2024
670990,4.52,208,2024
682847,4.31,556,2024
523260,4.97,143,2024
622098,4.31,79,2024
543294,4.74,567,2024
669093,2.56,252,2024
571539,8.72,43,2024
573009,3.25,243,2024
658648,4.61,353,2024
493603,3.2,245,2024
667297,4.46,93,2024
502624,4.58,255,2024
694297,3.72,760,2024
605397,4.31,410,2024
685116,4.61,42,2024
702352,4.02,202,2024
434378,3.72,396,2024
686973,5.34,238,2024
663903,4.71,762,2024
608648,5.41,42,2024
682989,11.18,27,2024
640451,5.1,219,2024
676568,4.14,15,2024
641149,6.64,38,2024
680730,4.37,646,2024
678906,6.85,55,2024
663941,3.75,67,2024
592866,3.25,260,2024
660813,2.77,26,2024
605121,4.9,243,2024
640454,11.05,6,2024
690916,4.08,85,2024
671305,2.52,151,2024
607625,3.75,836,2024
681035,4.22,197,2024
664208,4.25,265,2024
641703,4.97,150,2024
686580,3.25,224,2024
670174,4.25,336,2024
663321,4.14,34,2024
642207,2.1,88,2024
694813,3.97,580,2024
661395,2.81,228,2024
676879,2.99,119,2024
694037,4.64,69,2024
671737,4.14,578,2024
678020,2.68,46,2024
608379,4.02,685,2024
670766,5.52,195,2024
450203,4.52,701,2024
657044,3.97,272,2024
656731,4.14,337,2024
676282,3.72,163,2024
672282,4.05,391,2024
663432,5.48,231,2024
518886,4.28,232,2024
502043,4.8,722,2024
665625,4.08,227,2024
676664,4.43,758,2024
814005,5.37,55,2024
671109,4.14,9,2024
668868,4.8,83,2024
650644,4.05,689,2024
622065,4.37,68,2024
552640,3.99,287,2024
661563,3.75,637,2024
656887,2.99,90,2024
669422,5.73,84,2024
445926,4.22,264,2024
686826,5.37,258,2024
677865,3.57,27,2024
684320,3.88,368,2024
623352,2.68,278,2024
689225,3.32,282,2024
608344,5.7,492,2024
800049,5.66,158,2024
642048,3.06,166,2024
666818,8.0,53,2024
622663,3.83,761,2024
676979,2.83,595,2024
682227,4.71,59,2024
664948,8.41,6,2024
681870,1.56,47,2024
657024,5.17,168,2024
641712,6.0,404,2024
623211,3.62,217,2024
701581,4.02,277,2024
677955,3.15,45,2024
622251,4.31,102,2024
656945,2.97,294,2024
518876,4.97,300,2024
656458,7.76,12,2024
656629,3.47,279,2024
477132,4.55,133,2024
641585,5.59,121,2024
687424,3.59,82,2024
622253,3.8,164,2024
624522,4.34,127,2024
573204,4.08,216,2024
621237,3.94,258,2024
640448,4.4,271,2024
700187,3.17,81,2024
605154,4.77,242,2024
641302,4.64,455,2024
676760,4.19,99,2024
656793,3.15,26,2024
680736,6.27,154,2024
605135,4.52,758,2024
571527,3.67,14,2024
622088,6.11,11,2024
519151,3.91,244,2024
628452,2.27,259,2024
689958,2.71,32,2024
672710,4.97,298,2024
667463,3.86,248,2024
547973,2.97,264,2024
687924,4.77,140,2024
680572,1.64,3,2024
683155,4.43,543,2024
666214,3.67,304,2024
663574,2.4,122,2024
682175,16.93,16,2024
623451,5.34,17,2024
642232,4.25,398,2024
676969,4.77,52,2024
641729,2.56,277,2024
571927,4.58,190,2024
664299,4.46,150,2024
663704,4.4,246,2024
683004,6.11,173,2024
622075,3.29,67,2024
685299,5.77,160,2024
622766,9.67,3,2024
686752,3.59,539,2024
676680,4.84,76,2024
669620,3.59,93,2024
663531,5.48,128,2024
670102,3.39,408,2024
689672,4.68,190,2024
571656,4.14,299,2024
694973,2.5,514,2024
663992,4.46,147,2024
671131,4.74,34,2024
650633,3.52,726,2024
592767,3.7,257,2024
692285,2.6,36,2024
669194,4.08,630,2024
694363,4.61,321,2024
689147,3.2,257,2024
669724,3.03,120,2024
664123,8.72,14,2024
641154,3.7,772,2024
605483,2.54,418,2024
674370,2.71,259,2024
669459,5.62,42,2024
671212,4.28,226,2024
663546,3.57,337,2024
573186,4.87,675,2024
592779,4.02,67,2024
689690,2.88,57,2024
663878,4.49,285,2024
621363,3.67,153,2024
595014,2.42,184,2024
628708,6.23,127,2024
542585,5.96,74,2024
594835,6.64,151,2024
682990,4.43,221,2024
688107,2.92,114,2024
656794,5.66,45,2024
656186,6.04,21,2024
670241,6.43,66,2024
622072,6.56,186,2024
681190,5.88,431,2024
672391,3.03,93,2024
678821,3.08,49,2024
686747,4.34,74,2024
685801,3.94,73,2024
687134,6.56,147,2024
666159,4.58,123,2024
625643,3.91,543,2024
687396,5.34,13,2024
656353,2.64,19,2024
676130,3.49,294,2024
605452,3.94,321,2024
607179,5.23,196,2024
683409,4.8,133,2024
621383,3.34,310,2024
670046,5.88,104,2024
640462,2.75,294,2024
683627,5.96,264,2024
622786,3.25,162,2024
647315,4.64,209,2024
676083,7.96,48,2024
657006,2.81,555,2024
669169,8.56,29,2024
518585,3.94,288,2024
703231,9.5,4,2024
676106,5.92,266,2024
670103,2.17,7,2024
592332,4.8,756,2024
663947,2.75,354,2024
673929,4.77,142,2024
643256,5.62,107,2024
622694,6.43,64,2024
643410,3.42,256,2024
681892,5.23,161,2024
666277,6.72,131,2024
607067,4.87,714,2024
643361,5.27,43,2024
664350,5.07,162,2024
681871,6.94,18,2024
681217,6.08,38,2024
621114,3.54,140,2024
685126,4.8,26,2024
663855,4.71,481,2024
663568,4.55,211,2024
621112,4.55,316,2024
666974,3.7,249,2024
518617,5.07,145,2024
605400,3.75,820,2024
680880,3.37,73,2024
543135,3.88,696,2024
669199,5.44,40,2024
676508,3.49,37,2024
669456,2.77,45,2024
489119,8.0,30,2024
663687,5.03,305,2024
679156,5.13,84,2024
669060,5.27,442,2024
806185,4.64,315,2024
657097,3.39,237,2024
650671,4.97,84,2024
605156,6.68,119,2024
687798,4.58,55,2024
683769,2.71,278,2024
686790,1.67,10,2024
663554,4.74,452,2024
615698,5.3,656,2024
666208,5.03,8,2024
598264,5.73,60,2024
650895,3.91,43,2024
670161,18.88,14,2024
656232,6.64,140,2024
691441,10.4,15,2024
673540,4.52,20,2024
592454,3.27,179,2024
605177,3.59,246,2024
677020,4.08,56,2024
656550,3.52,282,2024
622259,5.96,42,2024
669796,9.79,25,2024
659275,4.58,18,2024
689017,3.99,286,2024
621366,7.12,51,2024
669622,3.37,228,2024
592155,3.59,183,2024
605513,4.05,222,2024
691172,3.34,69,2024
673513,2.94,257,2024
607200,3.88,726,2024
663460,1.86,121,2024
669461,4.16,358,2024
606160,5.77,164,2024
605130,4.11,241,2024
600917,3.57,288,2024
679885,3.08,308,2024
641835,5.1,195,2024
543391,3.64,21,2024
641771,4.31,240,2024
571510,3.03,166,2024
607192,2.64,522,2024
664351,3.44,26,2024
669391,10.53,18,2024
621244,4.68,786,2024
608032,3.22,212,2024
669062,3.15,284,2024
643377,2.36,276,2024
674944,2.23,73,2024
606965,5.88,122,2024
642701,3.25,287,2024
669165,6.08,27,2024
669022,4.14,731,2024
681810,4.84,42,2024
642528,4.28,20,2024
656222,3.78,312,2024
670124,4.55,189,2024
682120,3.27,257,2024
676974,4.64,248,2024
642028,7.29,50,2024
693312,4.34,244,2024
669373,2.68,753,2024
663465,4.16,117,2024
655889,3.37,158,2024
607259,3.2,570,2024
547184,3.54,128,2024
594580,2.9,152,2024
683003,3.97,504,2024
453286,3.83,177,2024
669713,4.14,283,2024
674003,3.44,308,2024
596001,3.88,253,2024
542888,5.1,295,2024
656657,2.71,12,2024
676092,3.97,169,2024
690829,3.25,142,2024
686993,1.19,19,2024
663485,3.39,292,2024
641656,3.75,163,2024
543766,7.48,24,2024
664875,6.23,279,2024
671922,2.48,289,2024
656716,5.7,8,2024
650911,3.59,754,2024
680744,4.34,101,2024
675921,5.37,144,2024
686654,12.38,21,2024
690986,4.84,532,2024
666619,2.97,31,2024
518397,4.02,160,2024
687765,4.14,651,2024
663893,4.11,193,2024
663474,5.44,340,2024
621294,5.34,66,2024
623167,4.77,707,2024
681402,3.44,115,2024
664076,4.31,266,2024
570257,4.74,64,2024
665622,4.64,180,2024
663542,2.99,231,2024
622608,8.94,54,2024
640455,3.75,738,2024
614179,4.11,217,2024
579328,3.7,736,2024
676661,4.61,54,2024
666205,3.97,202,2024
572955,3.78,236,2024
624431,21.47,13,2024
666745,4.08,185,2024
605155,4.19,95,2024
472610,3.54,254,2024
519326,3.47,294,2024
592791,4.02,675,2024
621097,6.64,51,2024
596295,5.13,696,2024
623437,1.06,8,2024
620982,4.61,59,2024
664126,3.99,185,2024
554430,2.75,787,2024
543063,9.16,10,2024
656641,4.87,192,2024
680742,6.68,17,2024
592773,3.42,241,2024
680704,4.49,246,2024
669358,3.64,319,2024
680694,2.68,163,2024
640470,6.64,75,2024
667755,4.14,468,2024
660600,4.31,87,2024
681982,5.13,120,2024
681806,5.96,6,2024
681799,4.16,118,2024
676534,3.7,235,2024
641726,4.28,73,2024
592288,5.7,82,2024
672456,5.17,412,2024
669276,2.6,240,2024
678692,5.2,82,2024
681347,6.47,14,2024
506433,3.54,331,2024
678061,5.0,103,2024
656529,2.62,91,2024
641401,24.62,19,2024
595928,7.48,12,2024
664776,3.52,155,2024
641540,5.1,421,2024
656876,2.05,116,2024
528748,5.41,48,2024
661269,3.1,17,2024
641941,4.16,158,2024
668676,8.05,54,2024
686796,4.97,83,2024
643338,3.86,210,2024
642121,3.22,66,2024
543238,10.46,22,2024
805673,5.88,177,2024
689981,3.83,81,2024
666200,4.55,274,2024
675650,10.34,64,2024
621111,4.68,344,2024
543351,4.68,114,2024
548389,4.77,381,2024
608334,4.74,379,2024
624647,5.3,97,2024
669395,2.17,4,2024
647336,4.52,347,2024
668933,5.1,350,2024
682243,3.67,704,2024
662253,2.9,232,2024
547001,4.9,96,2024
657514,3.88,226,2024
663559,4.8,589,2024
641427,9.38,21,2024
668674,3.17,253,2024
455119,3.37,180,2024
641927,3.25,709,2024
700270,5.07,119,2024
663978,4.87,384,2024
669372,4.52,142,2024
680897,6.31,174,2024
694350,8.0,28,2024
656302,3.29,762,2024
656420,8.31,48,2024
554340,2.92,153,2024
680891,5.44,28,2024
663362,4.08,625,2024
681676,3.49,285,2024
676254,3.82,266,2025
614179,4.36,79,2025
664129,18.55,24,2025
661527,6.39,27,2025
687396,3.12,92,2025
605347,5.37,105,2025
805299,4.19,66,2025
656849,4.61,723,2025
666659,5.16,49,2025
680729,6.0,50,2025
669387,4.07,419,2025
573009,5.59,58,2025
689266,3.43,136,2025
643410,3.74,219,2025
680736,3.41,280,2025
676664,4.24,583,2025
670329,3.21,142,2025
669373,2.71,748,2025
682842,2.76,298,2025
694297,5.3,767,2025
657649,2.82,268,2025
592094,2.76,270,2025
680767,4.19,215,2025
621199,5.16,114,2025
605154,4.48,115,2025
667755,4.04,724,2025
448179,6.81,43,2025
593974,4.02,313,2025
663947,3.79,312,2025
674072,8.06,26,2025
673929,3.19,269,2025
657277,3.58,856,2025
668716,5.59,98,2025
669194,3.93,619,2025
680694,3.07,126,2025
663462,5.03,35,2025
664141,4.24,117,2025
671111,3.51,52,2025
669622,3.56,204,2025
642397,3.85,279,2025
674444,3.43,189,2025
656234,3.85,248,2025
676467,4.64,379,2025
685068,4.73,25,2025
607259,4.04,683,2025
608566,5.81,591,2025
622608,6.98,618,2025
660730,8.16,90,2025
489119,7.72,55,2025
678368,5.23,348,2025
595897,4.83,21,2025
700363,6.27,191,2025
682171,6.35,63,2025
681432,4.67,15,2025
671106,4.45,676,2025
592773,4.48,255,2025
453286,4.64,358,2025
682243,5.3,392,2025
669062,4.58,128,2025
455119,3.77,173,2025
676962,4.55,472,2025
621053,3.74,246,2025
471911,5.37,212,2025
660825,3.33,313,2025
687922,5.96,108,2025
686642,5.48,74,2025
682120,4.39,194,2025
678821,9.11,101,2025
687287,4.39,20,2025
628317,5.81,43,2025
676395,3.82,269,2025
693821,4.73,679,2025
668674,3.85,249,2025
669371,4.45,241,2025
605177,3.46,143,2025
592155,4.45,143,2025
605280,4.33,708,2025
686249,8.36,7,2025
608372,5.81,675,2025
690925,3.77,104,2025
671131,4.73,331,2025
554430,2.49,585,2025
694363,4.27,82,2025
445926,6.48,43,2025
663559,4.9,518,2025
681869,3.74,145,2025
697812,3.31,35,2025
571948,3.79,293,2025
687075,4.13,84,2025
686563,5.34,466,2025
624133,3.14,651,2025
620454,4.13,149,2025
665152,3.88,708,2025
669923,3.88,524,2025
801139,4.67,74,2025
669084,3.56,155,2025
676604,6.64,59,2025
596295,6.04,272,2025
673820,12.03,14,2025
684974,4.42,41,2025
674384,5.55,60,2025
696270,3.53,72,2025
669713,4.3,131,2025
676917,4.13,219,2025
676775,3.26,42,2025
664299,3.28,157,2025
595014,3.64,129,2025
663992,5.81,57,2025
676510,2.02,7,2025
670174,6.39,52,2025
606965,3.71,65,2025
656420,7.72,23,2025
689225,4.04,103,2025
670970,2.63,286,2025
663474,11.67,30,2025
693312,4.16,167,2025
678316,3.66,18,2025
808967,2.71,684,2025
656557,6.19,203,2025
643377,3.26,283,2025
622503,4.58,153,2025
571927,3.38,309,2025
640454,4.39,15,2025
643338,5.96,190,2025
691769,4.02,18,2025
642759,8.36,20,2025
683627,7.44,160,2025
663893,3.36,295,2025
477132,3.79,463,2025
542888,3.02,284,2025
688642,6.52,137,2025
677865,3.66,65,2025
657024,6.43,30,2025
606303,6.81,117,2025
669193,2.84,14,2025
669920,4.83,336,2025
805427,6.98,19,2025
669160,5.2,584,2025
687606,3.77,110,2025
687847,8.01,23,2025
641778,3.88,426,2025
691951,7.3,73,2025
592836,4.58,538,2025
674944,5.81,43,2025
692024,15.48,22,2025
669438,4.27,185,2025
594798,3.36,669,2025
605452,6.08,228,2025
664192,3.53,165,2025
694037,3.26,215,2025
663158,3.66,269,2025
607074,3.33,789,2025
641672,4.8,152,2025
642520,6.0,41,2025
664199,3.66,206,2025
663546,5.34,73,2025
640448,3.16,229,2025
677952,3.43,292,2025
678215,7.86,55,2025
543056,3.96,176,2025
683232,4.39,222,2025
663423,4.86,180,2025
621345,3.19,43,2025
668984,3.82,219,2025
680885,3.56,434,2025
642585,2.84,142,2025
686747,5.48,33,2025
592254,3.26,28,2025
670102,6.08,288,2025
663804,5.16,71,2025
543518,6.23,75,2025
656730,3.23,192,2025
657240,6.81,88,2025
657424,3.02,137,2025
669372,3.74,392,2025
681982,3.71,299,2025
663485,3.88,299,2025
681006,4.67,151,2025
680837,15.11,8,2025
686654,2.04,14,2025
642048,5.77,66,2025
640451,1.55,39,2025
676263,2.69,307,2025
663765,5.03,170,2025
663558,3.96,20,2025
671109,4.22,78,2025
675919,1.78,7,2025
670183,3.33,5,2025
695418,4.73,546,2025
592426,4.3,219,2025
669020,5.7,193,2025
642016,4.27,59,2025
547001,5.51,16,2025
593833,4.04,32,2025
664294,4.55,68,2025
518585,3.41,200,2025
676961,5.96,193,2025
680880,5.3,103,2025
681217,4.04,49,2025
681751,4.93,35,2025
612434,5.13,28,2025
543135,3.02,496,2025
657571,3.46,270,2025
664948,10.54,23,2025
608331,3.38,801,2025
671162,11.81,31,2025
593958,4.51,694,2025
702352,4.07,343,2025
500779,5.2,556,2025
680573,3.79,471,2025
646242,2.82,5,2025
669674,4.96,189,2025
615698,5.77,513,2025
624512,15.76,6,2025
694361,4.39,70,2025
687134,7.62,275,2025
664849,2.93,37,2025
666808,3.53,278,2025
621383,3.79,267,2025
668941,3.48,255,2025
688158,3.74,193,2025
664126,3.09,244,2025
570632,6.73,245,2025
665871,4.86,153,2025
676508,3.71,333,2025
686753,11.06,13,2025
806960,4.42,199,2025
650911,3.02,807,2025
685314,4.02,113,2025
670810,7.16,31,2025
687330,6.39,171,2025
571578,4.77,663,2025
606160,3.58,253,2025
656641,4.13,348,2025
543243,3.88,753,2025
660787,4.42,160,2025
672782,5.13,277,2025
656271,3.79,257,2025
670059,5.73,125,2025
691094,4.58,13,2025
680704,4.39,69,2025
623474,3.31,347,2025
552640,2.78,208,2025
663436,5.13,601,2025
596001,4.04,274,2025
493603,5.55,9,2025
623211,3.96,262,2025
677944,4.99,545,2025
663903,4.27,716,2025
694738,4.24,476,2025
667297,3.88,126,2025
681911,3.07,237,2025
680951,8.68,23,2025
621244,4.8,698,2025
696136,3.96,67,2025
829272,5.41,173,2025
668970,5.13,43,2025
592866,4.58,373,2025
656186,4.67,120,2025
669854,3.19,199,2025
663399,5.59,134,2025
669330,3.61,82,2025
543294,3.9,695,2025
543101,4.16,169,2025
621121,5.34,274,2025
656458,31.18,4,2025
674841,2.87,98,2025
805123,3.19,125,2025
683409,5.44,275,2025
682989,5.27,81,2025
650644,4.1,435,2025
676130,4.51,284,2025
547184,4.83,166,2025
641482,6.98,157,2025
641656,4.13,166,2025
621242,2.49,258,2025
518397,9.05,81,2025
681882,3.51,60,2025
657514,3.38,225,2025
593576,4.61,124,2025
621051,3.77,241,2025
689958,3.88,6,2025
686701,4.33,323,2025
656550,4.55,492,2025
680701,7.34,6,2025
669022,4.33,679,2025
673965,4.55,16,2025
683769,3.61,274,2025
664991,3.58,133,2025
674370,5.37,363,2025
806185,4.7,298,2025
666200,3.33,758,2025
688497,3.74,72,2025
502085,4.55,78,2025
671922,2.51,300,2025
647315,10.73,39,2025
676571,3.9,110,2025
666661,3.74,152,2025
687223,6.27,175,2025
694477,3.88,503,2025
663554,3.66,627,2025
664353,8.62,14,2025
663623,5.59,787,2025
686613,3.16,729,2025
547973,2.07,228,2025
695534,11.12,40,2025
656605,4.45,749,2025
669203,3.85,265,2025
643511,2.67,299,2025
663795,4.16,99,2025
592662,3.71,755,2025
622780,7.96,16,2025
605400,4.13,404,2025
668881,3.02,420,2025
621237,3.64,114,2025
663671,3.79,127,2025
641302,4.64,423,2025
663855,4.58,314,2025
694973,2.65,733,2025
668820,4.55,150,2025
689690,5.03,153,2025
641585,4.16,16,2025
679358,3.64,178,2025
606996,3.69,179,2025
664744,0.05,9,2025
607536,4.96,709,2025
681857,4.07,285,2025
675911,4.9,539,2025
656457,4.04,215,2025
664747,6.52,85,2025
572955,3.64,238,2025
806188,3.82,230,2025
605463,6.43,134,2025
678022,3.64,161,2025
642100,2.49,243,2025
688107,4.96,29,2025
679883,2.07,56,2025
676092,5.62,119,2025
674285,5.92,151,2025
608371,7.58,72,2025
605288,4.04,518,2025
605130,4.36,303,2025
687888,3.26,212,2025
605447,4.07,187,2025
685326,6.52,126,2025
607179,10.92,23,2025
680735,5.92,102,2025
506433,3.64,296,2025
693313,5.96,156,2025
666374,3.26,199,2025
593423,5.34,178,2025
687424,7.21,33,2025
641816,4.24,346,2025
518876,4.16,748,2025
656222,3.88,231,2025
669704,2.8,105,2025
661395,2.51,287,2025
687209,3.9,43,2025
669145,4.33,28,2025
685005,11.12,12,2025
664854,3.99,252,2025
677958,5.73,287,2025
682515,17.67,5,2025
669721,6.81,46,2025
601713,3.96,721,2025
671212,4.04,226,2025
548384,2.37,99,2025
663574,4.33,301,2025
642121,2.8,90,2025
669724,4.13,260,2025
676760,1.83,42,2025
672710,3.48,51,2025
434378,4.24,662,2025
669456,4.48,159,2025
605507,1.25,12,2025
669211,4.67,268,2025
664208,2.87,249,2025
683175,3.93,98,2025
607455,3.58,269,2025
676206,2.51,28,2025
676440,3.64,762,2025
701487,4.8,133,2025
681895,2.84,80,2025
672724,6.35,16,2025
672335,3.93,110,2025
694646,10.28,51,2025
657006,4.99,92,2025
605483,3.28,254,2025
681799,6.35,39,2025
663878,6.08,75,2025
694350,5.84,110,2025
676617,3.61,199,2025
701519,6.9,158,2025
664285,3.77,802,2025
702674,4.83,141,2025
800049,5.09,139,2025
696131,4.58,19,2025
592779,2.74,159,2025
676106,5.51,385,2025
805673,4.67,354,2025
645261,4.64,745,2025
682790,4.36,87,2025
669308,6.31,117,2025
681892,3.71,183,2025
571510,3.74,718,2025
700669,4.42,193,2025
676428,3.64,277,2025
687765,5.7,375,2025
670955,3.88,321,2025
691799,2.91,157,2025
625643,10.73,25,2025
670167,4.02,265,2025
657044,3.58,175,2025
686228,5.73,65,2025
663542,4.64,75,2025
690829,6.11,21,2025
596112,3.33,42,2025
641941,2.89,270,2025
595345,2.63,276,2025
489446,4.22,179,2025
660896,4.48,257,2025
675989,6.43,10,2025
690990,3.88,476,2025
683004,4.45,646,2025
688297,5.73,101,2025
691441,3.07,26,2025
678692,2.96,303,2025
621114,2.02,8,2025
663460,3.16,476,2025
594580,3.79,81,2025
672841,3.61,331,2025
696147,4.22,94,2025
682274,2.61,84,2025
669212,5.37,35,2025
657097,3.23,267,2025
680604,13.64,16,2025
628452,3.14,267,2025
701121,4.45,49,2025
676979,2.89,814,2025
687849,3.38,76,2025
641154,3.93,312,2025
676684,2.89,284,2025
680732,4.93,596,2025
801434,4.13,39,2025
680755,3.33,202,2025
660853,4.1,280,2025
656302,3.46,722,2025
623167,5.09,178,2025
676879,3.09,270,2025
663767,4.64,181,2025
660761,4.19,81,2025
687830,6.19,133,2025
600917,6.77,46,2025
702795,7.58,68,2025
695549,4.9,218,2025
681343,3.99,616,2025
662253,2.82,254,2025
676680,1.5,16,2025
689520,1.97,26,2025
675650,9.51,20,2025
689147,3.64,266,2025
681916,3.93,48,2025
686730,7.39,60,2025
607192,3.33,366,2025
682847,4.77,382,2025
680689,5.06,172,2025
687589,10.22,6,2025
656848,6.23,79,2025
801216,0.7,9,2025
670280,2.84,251,2025
813349,2.35,79,2025
690382,7.48,43,2025
681146,7.77,37,2025
670950,3.46,29,2025
676051,4.67,21,2025
693645,4.1,304,2025
642239,3.28,93,2025
623437,4.42,268,2025
670990,4.51,155,2025
664076,3.21,243,2025
694462,3.88,229,2025
696149,3.66,124,2025
607067,4.51,662,2025
687003,3.51,36,2025
527048,5.37,228,2025
543391,3.79,6,2025
571771,9.33,37,2025
800311,7.72,69,2025
687074,7.16,15,2025
663978,5.03,670,2025
681517,4.42,363,2025
519151,5.23,182,2025
650671,7.07,8,2025
623465,2.22,22,2025
678606,3.56,324,2025
573204,2.49,220,2025
519242,2.84,510,2025
677955,3.33,129,2025
622491,4.04,745,2025
450203,4.67,654,2025
671096,3.56,684,2025
702070,4.1,556,2025
621381,2.78,256,2025
669432,3.41,423,2025
668678,4.27,813,2025
691548,7.77,21,2025
682052,3.64,399,2025
694819,3.41,272,2025
605488,4.3,713,2025
687064,4.27,256,2025
622786,3.56,80,2025
571945,5.27,669,2025
663465,3.36,266,2025
676272,7.07,28,2025
608650,3.41,200,2025
656945,4.19,237,2025
688138,5.23,350,2025
554431,5.3,35,2025
656240,4.64,194,2025
693855,3.93,242,2025
641835,3.07,74,2025
676661,6.0,170,2025
691172,5.51,32,2025
608032,3.69,269,2025
676702,6.23,89,2025
605218,3.28,24,2025
668390,4.19,162,2025
686826,4.1,98,2025
664351,3.51,54,2025
657053,3.48,11,2025
641401,3.85,199,2025
657612,3.38,269,2025
534910,6.35,25,2025
670912,4.16,170,2025
668964,4.39,220,2025
673513,4.07,272,2025
687377,5.44,120,2025
650893,4.67,187,2025
672391,3.38,194,2025
677651,2.14,27,2025
678906,4.02,139,2025
671305,7.62,28,2025
502043,9.22,73,2025
666168,5.96,60,2025
680742,3.79,180,2025
695505,3.46,188,2025
656427,3.99,681,2025
676974,4.8,285,2025
678495,2.57,198,2025
663562,12.62,65,2025
800048,3.07,165,2025
656986,2.89,199,2025
663362,11.19,25,2025
608665,6.98,82,2025
543859,5.41,103,2025
673540,3.99,482,2025
605135,4.16,736,2025
641755,3.51,308,2025
695243,2.53,234,2025
685107,5.48,117,2025
592454,4.51,267,2025
685801,5.96,60,2025
669947,3.19,38,2025
692030,9.68,9,2025
666619,6.77,36,2025
672582,4.02,275,2025
669459,6.94,11,2025
681810,4.36,34,2025
700187,11.39,37,2025
663372,3.31,135,2025
672282,3.61,266,2025
701581,4.83,229,2025
669060,8.26,224,2025
642152,5.09,207,2025
689017,5.66,185,2025
689254,3.31,215,2025
650633,4.24,308,2025
675848,3.0,261,2025
656546,3.74,287,2025
802686,11.26,12,2025
686752,3.99,679,2025
815083,5.59,107,2025
621057,6.15,28,2025
623149,3.74,81,2025
605182,4.9,31,2025
669302,3.09,535,2025
665795,4.04,581,2025
657756,4.45,48,2025
690953,5.09,174,2025
669461,4.86,648,2025
677976,5.73,19,2025
657746,3.43,689,2025
592791,3.85,519,2025
682825,5.34,96,2025
678226,4.22,163,2025
655889,3.07,121,2025
701656,3.69,99,2025
672456,4.64,389,2025
607625,5.16,611,2025
801403,5.13,441,2025
519326,3.96,91,2025
656731,3.88,305,2025
645305,5.92,6,2025
663969,3.64,313,2025
664123,4.99,51,2025
573186,5.84,175,2025
682254,4.58,209,2025
669199,4.48,296,2025
702056,4.1,62,2025
691251,6.94,78,2025
677020,4.04,25,2025
679775,4.48,115,2025
686580,3.51,137,2025
622253,6.56,34,2025
663773,2.45,36,2025
642232,4.27,264,2025
621363,5.84,52,2025
676282,3.71,401,2025
804636,4.96,87,2025
676742,9.28,34,2025
608337,5.03,613,2025
668933,3.46,284,2025
642216,6.31,46,2025
685299,5.88,337,2025
621111,5.41,564,2025
608334,3.96,123,2025
668909,4.3,704,2025
518886,4.1,49,2025
643361,4.39,56,2025
664062,5.27,157,2025
677161,3.43,152,2025
641745,2.78,276,2025
656629,4.58,53,2025
605513,5.96,33,2025
701552,3.9,91,2025
682610,8.06,51,2025
666171,4.33,256,2025
547179,4.61,606,2025
663687,3.85,277,2025
663432,5.62,47,2025
650556,3.41,296,2025
692230,3.96,50,2025
595928,4.27,141,2025
670766,2.67,23,2025
445276,3.74,234,2025
544150,2.67,44,2025
666277,7.3,173,2025
678024,4.04,423,2025
671737,4.1,605,2025
656257,11.46,18,2025
687362,5.37,123,2025
667463,4.8,222,2025
684007,4.07,567,2025
521230,6.11,59,2025
690928,3.93,256,2025
642528,3.61,135,2025
641386,6.77,47,2025
694918,5.62,78,2025
678394,4.48,700,2025
476594,16.44,15,2025
669422,4.9,129,2025
676477,2.78,293,2025
820862,4.1,152,2025
699911,4.8,49,2025
571760,5.66,536,2025
666157,3.51,642,2025
802419,8.26,50,2025
666974,3.64,251,2025
542881,5.06,599,2025
472610,4.45,233,2025
666215,7.77,66,2025
669467,4.3,715,2025
663941,4.45,232,2025
686790,3.21,60,2025
670036,3.46,226,2025
666711,3.43,86,2025
607200,5.37,623,2025
605540,2.2,257,2025
687931,6.6,102,2025
608718,4.1,291,2025
685126,4.1,306,2025
608379,4.16,716,2025
700270,13.16,15,2025
573124,4.13,221,2025
661563,4.96,244,2025
656638,3.88,6,2025
694851,6.11,61,2025
676755,3.28,198,2025
699134,2.29,31,2025
623352,2.0,206,2025
666142,2.67,257,2025
675512,3.64,180,2025
641793,4.36,759,2025
693433,3.07,731,2025
458677,3.61,207,2025
694335,3.09,234,2025
665660,3.82,183,2025
657376,3.02,316,2025
681190,5.37,570,2025
672578,5.55,203,2025
668834,4.27,62,2025
676969,5.16,10,2025
683155,5.73,55,2025
621366,4.93,145,2025
680730,5.96,725,2025
700249,5.44,488,2025
676534,4.3,255,2025
642207,3.02,259,2025
606930,6.23,36,2025
681867,3.99,80,2025
695445,5.09,148,2025
664875,2.96,69,2025
594902,4.64,178,2025
681347,4.33,402,2025
679885,3.21,67,2025
660271,2.53,187,2025
640462,2.84,35,2025
808963,5.66,161,2025
663568,4.3,461,2025
571946,3.51,186,2025
690986,4.16,156,2025
554340,4.77,90,2025
605242,9.8,23,2025
690916,5.62,195,2025
686799,5.88,512,2025
690544,5.81,50,2025
621107,4.48,309,2025
682990,3.66,653,2025
684320,4.19,298,2025
657585,3.51,238,2025
669711,3.43,278,2025
669093,2.76,304,2025
622379,6.81,41,2025
622663,4.61,705,2025
686751,2.24,54,2025
665625,5.2,47,2025
641312,6.19,56,2025
686993,3.33,266,2025
687911,3.07,275,2025
669391,6.6,35,2025
669276,2.93,266,2025
661403,3.14,201,2025
677961,9.74,12,2025
676083,4.45,447,2025
681870,3.36,121,2025
592332,3.74,775,2025
666120,5.48,51,2025
681676,4.07,140,2025
621139,4.58,88,2025
579328,4.48,772,2025
686218,3.0,291,2025
621112,3.99,175,2025
641540,5.59,95,2025
669717,23.0,8,2025
669358,3.88,711,2025
663321,5.13,52,2025
647336,3.53,379,2025
690997,3.56,188,2025
640455,3.99,263,2025
656876,3.48,585,2025
692285,6.31,72,2025
673380,5.27,41,2025
680702,1.27,15,2025
687473,4.61,453,2025
641329,4.02,274,2025
663455,6.43,123,2025
682995,4.45,12,2025
592351,6.23,63,2025
664139,4.04,109,2025
700241,4.64,400,2025
669684,3.99,148,2025
680684,7.72,139,2025
607481,4.22,236,2025
641927,4.36,624,2025
687166,6.43,9,2025
686930,3.9,104,2025
660604,5.77,46,2025
624431,9.62,12,2025
665665,2.57,8,2025
596133,2.93,262,2025
675540,4.22,16,2025
666214,4.51,442,2025
701542,4.58,711,2025
656794,3.88,391,2025
691587,3.23,385,2025
519141,3.48,203,2025
681293,5.44,156,2025
519008,5.51,74,2025
623433,4.45,62,2025
669449,9.62,6,2025
596271,8.21,80,2025
687863,4.16,147,2025
622554,3.26,261,2025
518489,4.86,105,2025
608717,5.03,104,2025
656288,4.7,327,2025
642547,3.43,723,2025
656464,4.58,121,2025
663738,4.51,289,2025
683618,3.33,78,2025
686973,4.02,296,2025
656686,4.9,89,2025
678020,4.36,172,2025
681168,3.69,84,2025
681151,3.77,47,2025
642701,3.51,270,2025
677960,3.96,166,2025
541640,4.51,42,2025
669620,4.16,56,2025
677960,4.32,568,2026
686628,7.12,5,2026
681035,3.7,474,2026
664199,4.42,288,2026
608344,6.9,30,2026
680570,5.69,444,2026
696270,4.86,437,2026
688692,8.89,20,2026
801725,2.13,36,2026
686730,9.17,24,2026
664074,2.45,10,2026
607067,5.37,587,2026
668390,4.89,215,2026
687924,2.62,14,2026
500779,5.58,212,2026
679922,4.79,9,2026
682274,4.27,48,2026
687606,5.05,153,2026
693308,4.38,99,2026
681217,4.09,271,2026
702056,3.37,401,2026
641793,6.64,540,2026
621381,4.24,161,2026
678022,4.09,541,2026
690279,5.09,124,2026
666974,3.35,203,2026
669947,5.19,209,2026
694918,4.27,235,2026
680736,4.54,578,2026
815083,4.95,258,2026
573124,4.12,276,2026
690829,3.81,61,2026
687570,3.95,535,2026
690925,4.79,209,2026
660825,4.95,297,2026
695611,4.63,437,2026
695076,5.44,603,2026
692230,3.32,42,2026
688297,6.27,189,2026
664299,4.76,276,2026
657514,3.73,267,2026
695534,5.73,139,2026
669020,4.03,256,2026
688642,5.3,407,2026
695378,4.06,46,2026
687287,3.98,18,2026
592791,5.96,370,2026
687473,5.02,392,2026
687239,3.92,68,2026
675989,6.47,95,2026
671922,2.83,295,2026
592826,1.05,11,2026
678606,4.09,295,2026
669022,4.18,750,2026
656271,3.65,314,2026
595345,3.13,261,2026
670970,2.34,352,2026
689818,3.98,167,2026
671382,4.86,49,2026
605135,4.92,460,2026
543037,3.78,519,2026
605154,8.01,21,2026
680916,4.48,103,2026
686563,7.77,18,2026
684974,4.3,164,2026
571927,5.05,342,2026
666619,6.31,22,2026
665665,4.03,93,2026
656986,4.15,141,2026
656529,3.81,173,2026
676254,4.45,155,2026
676680,4.35,74,2026
676510,5.09,67,2026
692437,6.77,9,2026
608650,3.78,70,2026
683627,3.7,136,2026
544150,4.09,262,2026
805299,2.11,192,2026
687223,4.89,78,2026
668964,4.15,230,2026
669387,4.89,537,2026
678061,3.3,66,2026
642232,3.42,268,2026
657424,5.4,126,2026
681676,3.55,100,2026
687075,5.02,422,2026
656212,7.48,63,2026
687209,5.92,67,2026
667463,4.06,197,2026
624133,3.63,612,2026
687941,3.08,132,2026
666129,6.07,49,2026
642397,3.03,285,2026
687911,4.09,278,2026
684049,5.8,80,2026
661563,5.77,124,2026
694335,6.03,207,2026
671109,10.54,15,2026
702153,2.74,30,2026
694680,5.65,73,2026
646241,4.45,178,2026
687931,5.99,164,2026
682825,4.57,165,2026
687859,3.5,9,2026
665871,4.48,378,2026
641585,8.31,31,2026
696146,2.45,110,2026
674003,5.19,193,2026
669298,4.6,36,2026
687792,11.82,35,2026
641386,17.05,8,2026
693686,3.06,388,2026
676571,5.44,153,2026
685112,5.96,60,2026
663623,5.37,470,2026
663485,5.84,56,2026
661527,5.69,6,2026
686973,2.37,307,2026
641312,6.94,93,2026
605488,4.95,630,2026
695505,3.25,630,2026
699044,2.49,62,2026
676508,6.68,23,2026
666661,2.45,264,2026
684007,3.81,706,2026
608331,2.51,434,2026
684442,7.91,95,2026
665660,4.42,229,2026
668834,5.69,52,2026
681867,3.81,172,2026
703615,5.23,129,2026
699823,3.42,128,2026
623352,1.93,167,2026
607259,3.98,722,2026
656686,7.16,25,2026
685126,3.76,189,2026
663465,6.68,45,2026
694397,5.02,25,2026
689546,4.99,119,2026
681911,2.68,237,2026
684665,4.35,89,2026
607455,4.51,156,2026
697812,7.39,56,2026
663362,3.55,194,2026
813349,4.27,400,2026
645302,13.82,9,2026
694341,7.39,58,2026
605130,5.65,153,2026
686751,4.69,158,2026
696062,3.81,182,2026
663158,3.35,130,2026
666200,2.83,730,2026
669310,7.12,55,2026
642585,6.31,10,2026
681982,3.15,235,2026
670245,4.69,307,2026
695239,4.32,164,2026
680686,2.34,15,2026
702752,4.32,130,2026
674370,6.35,81,2026
656457,9.98,32,2026
624431,9.63,49,2026
669199,3.39,358,2026
571948,5.09,177,2026
672021,7.44,28,2026
672442,5.4,70,2026
680732,3.78,716,2026
663423,4.95,196,2026
805673,4.38,545,2026
661395,2.06,236,2026
686894,11.47,16,2026
676684,3.98,116,2026
680755,4.24,310,2026
572143,3.45,73,2026
663969,4.73,538,2026
656945,3.03,251,2026
669920,4.73,84,2026
657746,3.7,614,2026
669684,3.87,150,2026
689441,4.99,85,2026
548384,3.98,224,2026
681973,2.0,9,2026
476594,5.09,147,2026
687309,3.84,55,2026
643511,2.88,294,2026
571882,5.84,34,2026
623211,3.5,267,2026
669302,3.63,750,2026
663559,6.72,69,2026
527048,4.54,596,2026
663372,4.89,548,2026
676477,2.62,198,2026
608566,5.77,236,2026
518886,4.24,196,2026
687060,47.4,9,2026
623454,3.92,457,2026
694646,4.86,36,2026
668716,2.79,15,2026
694753,3.73,87,2026
669203,6.85,47,2026
694477,4.3,442,2026
687273,3.84,211,2026
696149,4.3,674,2026
686560,4.6,113,2026
668881,4.51,121,2026
686753,5.05,86,2026
656848,3.45,269,2026
689225,3.81,102,2026
686613,3.32,451,2026
605288,4.95,470,2026
656730,2.64,242,2026
592288,4.01,23,2026
529017,25.09,7,2026
642207,3.22,184,2026
663992,5.73,172,2026
682052,3.65,551,2026
683004,4.86,355,2026
676661,3.42,45,2026
646242,10.42,6,2026
679358,4.15,189,2026
664702,5.88,20,2026
543243,3.87,683,2026
668820,6.03,94,2026
656234,4.3,172,2026
681084,3.1,11,2026
595014,5.09,130,2026
671162,4.51,118,2026
666808,3.76,273,2026
680704,6.35,40,2026
686678,5.44,17,2026
662253,3.27,240,2026
669371,6.23,71,2026
472610,7.21,74,2026
702281,6.15,22,2026
686934,3.63,79,2026
685005,8.06,43,2026
677976,4.86,321,2026
700669,4.6,326,2026
592155,2.64,152,2026
676568,7.3,40,2026
669622,2.66,140,2026
656641,2.66,271,2026
691799,2.97,336,2026
608718,3.95,377,2026
607192,2.88,288,2026
699151,8.21,57,2026
690928,3.95,231,2026
700712,3.3,625,2026
681895,3.76,197,2026
607625,5.09,751,2026
696131,6.77,142,2026
703725,4.57,152,2026
676440,4.35,780,2026
676272,6.19,33,2026
571510,4.66,520,2026
676282,4.01,687,2026
668970,5.65,64,2026
663574,6.68,191,2026
682120,3.89,240,2026
694462,5.65,56,2026
696147,4.03,217,2026
688158,3.81,162,2026
687312,3.92,283,2026
669194,5.3,374,2026
594835,2.97,29,2026
669169,11.89,19,2026
701519,4.18,247,2026
681892,3.73,222,2026
700187,3.87,15,2026
641927,4.66,561,2026
693821,4.15,633,2026
680742,2.85,229,2026
593974,4.32,321,2026
682995,6.51,87,2026
677958,4.48,645,2026
669276,2.64,262,2026
688883,5.54,97,2026
641656,5.05,23,2026
676974,3.89,462,2026
670090,5.99,36,2026
667652,4.57,77,2026
445276,3.6,180,2026
702193,3.32,321,2026
683769,4.09,257,2026
621366,4.06,104,2026
621111,4.27,651,2026
676083,4.21,523,2026
663884,4.76,6,2026
670167,4.03,246,2026
605400,4.18,744,2026
676755,6.23,176,2026
669711,3.6,255,2026
675627,8.47,28,2026
672282,3.3,740,2026
592662,4.82,702,2026
642100,3.7,190,2026
547179,6.15,619,2026
680723,5.19,83,2026
700842,3.68,44,2026
666374,4.24,64,2026
687330,3.37,279,2026
676620,3.03,79,2026
663687,3.73,311,2026
677944,4.76,528,2026
621053,4.48,78,2026
596133,3.08,238,2026
675540,5.02,94,2026
701719,4.82,90,2026
682769,6.31,12,2026
665622,3.87,317,2026
686610,7.21,40,2026
668909,3.84,746,2026
667297,4.45,258,2026
800600,5.44,170,2026
645261,3.81,894,2026
689017,4.09,50,2026
672578,15.68,14,2026
677952,3.45,667,2026
694819,2.13,665,2026
642376,4.35,96,2026
663432,4.27,31,2026
625643,4.82,346,2026
672782,5.51,297,2026
670059,3.87,222,2026
642048,2.72,87,2026
622608,4.06,311,2026
690440,5.73,34,2026
681517,4.89,596,2026
605447,3.63,153,2026
697811,0.57,3,2026
691384,7.07,60,2026
692064,2.9,16,2026
685801,4.09,85,2026
671737,3.98,748,2026
687721,6.51,3,2026
669212,7.3,91,2026
686930,5.09,229,2026
657571,4.79,150,2026
837227,4.6,338,2026
671131,8.21,12,2026
664849,6.94,65,2026
621139,2.47,10,2026
672335,5.19,198,2026
682982,2.9,65,2026
519242,2.97,648,2026
675920,1.78,14,2026
663738,4.63,356,2026
663558,3.35,272,2026
641401,5.16,70,2026
664141,5.02,250,2026
678394,4.89,503,2026
592779,2.55,103,2026
693713,6.47,10,2026
674444,4.06,246,2026
669270,5.77,202,2026
671111,5.99,112,2026
664192,8.84,24,2026
691587,4.06,660,2026
676534,3.65,294,2026
680730,5.23,178,2026
700241,5.37,702,2026
681870,2.62,203,2026
681916,3.98,177,2026
701552,7.07,50,2026
663767,3.78,223,2026
605540,2.88,174,2026
700413,6.39,11,2026
657265,3.63,61,2026
608337,5.62,138,2026
471911,8.95,73,2026
678868,3.1,45,2026
660271,2.74,340,2026
675911,3.52,165,2026
641835,3.47,271,2026
688107,4.27,462,2026
674073,2.51,50,2026
663567,3.7,664,2026
660853,3.42,301,2026
662144,5.73,11,2026
665152,4.15,364,2026
686228,3.13,17,2026
700363,4.79,144,2026
681151,5.8,79,2026
682610,9.45,25,2026
519141,5.37,135,2026
679885,2.18,55,2026
676742,3.84,131,2026
680604,5.96,111,2026
801139,2.7,603,2026
671106,4.21,81,2026
596001,4.45,234,2026
676106,4.01,566,2026
650556,4.12,268,2026
800048,3.15,747,2026
680694,4.48,669,2026
680689,11.82,16,2026
621107,3.98,17,2026
677961,5.51,123,2026
694738,3.84,657,2026
669372,4.12,580,2026
690978,3.73,122,2026
680951,3.55,9,2026
689296,3.92,255,2026
573009,5.4,111,2026
607074,3.89,340,2026
543238,3.57,51,2026
673929,7.62,78,2026
676428,3.68,143,2026
670103,3.15,82,2026
592866,3.84,120,2026
682997,6.47,15,2026
690997,3.63,747,2026
694297,3.92,562,2026
592094,3.78,142,2026
676105,9.17,18,2026
642701,4.69,250,2026
686780,22.44,7,2026
807743,4.82,114,2026
663436,4.69,617,2026
693645,2.85,761,2026
628452,3.5,239,2026
623381,7.39,14,2026
672456,3.52,625,2026
694357,5.23,29,2026
702885,4.48,104,2026
642547,3.84,730,2026
701121,2.7,46,2026
595978,2.39,20,2026
669330,2.94,277,2026
684516,12.7,14,2026
656605,5.51,503,2026
694363,4.09,44,2026
693855,3.55,551,2026
642152,4.66,36,2026
686218,3.57,472,2026
666711,2.7,48,2026
592773,4.09,267,2026
690990,3.35,26,2026
668678,6.64,472,2026
605452,6.94,57,2026
685464,2.43,57,2026
680899,3.6,67,2026
641329,3.08,244,2026
643361,0.76,3,2026
687396,3.06,326,2026
650633,4.42,757,2026
702275,5.16,326,2026
808967,2.94,708,2026
455119,7.72,66,2026
805427,2.18,169,2026
656546,3.35,292,2026
664126,4.42,183,2026
681806,10.8,20,2026
664731,0.09,3,2026
623474,4.51,237,2026
677865,4.48,346,2026
814490,4.42,140,2026
694494,3.87,34,2026
689147,3.87,268,2026
699134,2.37,301,2026
643410,4.24,144,2026
641816,3.95,614,2026
656492,4.35,721,2026
681293,5.3,492,2026
669165,3.76,198,2026
605335,9.23,30,2026
663542,3.2,282,2026
666745,3.39,35,2026
668933,3.81,151,2026
681520,10.23,4,2026
663568,3.87,224,2026
693313,6.23,140,2026
606965,4.79,38,2026
666142,5.12,151,2026
801403,3.98,189,2026
605483,2.17,173,2026
683232,6.56,83,2026
682445,10.17,36,2026
675848,4.73,323,2026
641941,3.42,174,2026
701474,7.67,37,2026
656557,11.13,13,2026
664854,2.92,68,2026
650960,2.88,112,2026
686993,3.57,184,2026
668984,4.24,305,2026
681320,2.17,79,2026
695380,4.03,192,2026
608371,4.66,46,2026
676910,7.77,15,2026
702047,2.06,24,2026
676879,2.99,383,2026
691946,5.62,125,2026
805123,4.27,401,2026
623149,4.12,219,2026
668873,3.57,209,2026
680702,4.03,34,2026
640455,4.76,653,2026
554430,2.88,645,2026
656222,5.8,113,2026
700327,4.79,10,2026
669713,3.81,246,2026
681751,4.79,57,2026
680744,2.88,189,2026
678368,11.61,48,2026
663554,3.87,549,2026
676617,4.99,276,2026
552640,4.01,215,2026
669211,3.73,114,2026
622663,4.3,271,2026
683175,6.19,145,2026
673513,3.03,260,2026
608379,4.01,812,2026
672841,4.35,81,2026
647315,4.27,31,2026
647336,4.12,473,2026
681343,4.76,49,2026
670280,2.88,280,2026
695549,3.84,193,2026
696070,3.47,130,2026
663855,2.85,216,2026
804926,5.69,27,2026
669704,13.17,14,2026
650911,3.39,857,2026
687849,5.3,77,2026
669145,2.83,21,2026
621242,4.6,96,2026
672582,7.58,55,2026
681252,3.81,48,2026
664285,4.38,758,2026
682243,3.7,485,2026
573204,4.6,211,2026
607481,6.56,88,2026
663893,3.32,132,2026
657097,4.35,284,2026
807739,3.92,146,2026
701542,4.35,677,2026
660787,4.79,94,2026
663903,5.99,725,2026
605441,4.82,5,2026
690953,5.3,93,2026
671212,3.98,81,2026
693312,9.06,42,2026
669461,5.02,674,2026
593958,4.3,788,2026
683734,18.34,26,2026
640454,7.86,46,2026
687377,3.68,178,2026
663776,4.86,321,2026
699008,5.16,81,2026
682842,2.81,234,2026
808963,4.3,522,2026
694820,3.25,25,2026
677020,2.7,126,2026
663941,4.38,83,2026
608723,7.48,56,2026
656302,2.92,685,2026
518876,6.35,704,2026
664875,6.47,177,2026
702303,2.6,32,2026
663947,3.78,301,2026
694361,3.5,189,2026
572955,4.92,211,2026
621345,3.84,186,2026
695001,2.97,59,2026
687134,4.99,48,2026
665645,2.3,23,2026
686580,2.94,137,2026
690986,4.01,505,2026
641302,3.35,313,2026
677053,5.26,99,2026
689981,5.09,21,2026
592454,6.51,43,2026
702352,5.51,42,2026
683155,7.16,34,2026
805345,2.41,94,2026
670062,2.97,179,2026
671345,4.03,117,2026
682227,6.03,231,2026
695418,3.92,357,2026
605218,2.77,25,2026
664744,4.99,4,2026
663978,5.05,267,2026
669456,5.99,242,2026
806188,3.47,221,2026
668831,1.24,51,2026
811315,3.03,24,2026
676664,5.16,143,2026
676596,11.27,18,2026
695049,3.03,54,2026
621074,3.92,186,2026
656638,5.44,275,2026
696522,6.11,81,2026
641743,5.05,710,2026
691725,4.42,552,2026
592836,7.86,115,2026
696519,2.51,131,2026
675660,3.81,528,2026
666171,3.1,303,2026
657044,4.09,186,2026
676454,2.53,30,2026
701656,2.74,371,2026
656876,3.06,669,2026
681544,3.47,68,2026
642759,3.81,18,2026
656794,4.27,372,2026
671096,4.92,729,2026
700270,11.61,34,2026
814305,9.28,78,2026
669438,6.19,179,2026
678576,10.54,15,2026
676917,3.68,706,2026
806960,7.67,90,2026
681810,4.66,216,2026
656756,3.35,104,2026
670990,3.32,362,2026
657649,4.89,41,2026
694973,3.3,712,2026
682608,3.57,249,2026
702273,5.62,324,2026
622491,5.02,592,2026
691008,3.3,39,2026
700249,4.69,160,2026
453286,4.24,364,2026
695034,5.65,89,2026
676604,3.81,175,2026
621237,4.12,273,2026
656550,5.05,642,2026
683742,5.23,92,2026
623437,5.96,108,2026
695684,5.58,125,2026
621016,5.4,108,2026
642528,3.01,261,2026
663556,4.3,487,2026
669062,3.15,227,2026
691945,5.65,27,2026
681168,6.77,54,2026
623465,4.38,106,2026
686796,4.45,13,2026
695445,4.12,42,2026
669160,4.45,621,2026
801434,3.95,34,2026
687064,4.32,669,2026
696136,4.42,50,2026
669854,4.89,143,2026
663460,4.21,226,2026
656240,3.81,160,2026
670950,4.15,345,2026
694795,3.87,134,2026
670912,12.25,18,2026
678906,4.95,329,2026
669724,6.07,93,2026
680573,5.99,303,2026
665795,5.4,350,2026
691769,7.72,86,2026
804619,4.66,35,2026
687531,3.95,50,2026
622088,3.7,235,2026
670036,3.92,289,2026
694037,3.73,123,2026
660761,4.27,277,2026
681006,6.03,38,2026
680767,4.15,266,2026
692030,5.92,28,2026
594580,4.48,257,2026
666157,6.47,486,2026
687562,3.42,455,2026
804636,3.13,134,2026
605280,3.87,419,2026
688497,5.65,26,2026
518585,3.3,234,2026
669084,3.45,241,2026
669432,3.6,699,2026
689254,2.83,263,2026
640451,5.16,18,2026
676395,3.84,71,2026
690155,5.23,32,2026
676979,5.12,138,2026
668941,4.45,238,2026
664991,3.5,226,2026
675916,2.99,37,2026
642121,4.38,236,2026
684320,7.44,45,2026
571945,5.47,498,2026
592332,4.03,750,2026
669467,4.15,679,2026
669358,4.27,769,2026
676760,5.23,260,2026
680802,6.43,131,2026
676051,4.82,46,2026
694350,3.89,12,2026
676775,4.01,176,2026
702070,4.12,746,2026
683000,3.95,160,2026
643377,4.27,459,2026
606303,6.35,36,2026
682989,3.5,148,2026
543135,4.3,613,2026
683352,4.12,194,2026
547973,2.64,213,2026
621383,4.21,176,2026
805326,5.65,154,2026
579328,4.76,305,2026
808970,6.72,22,2026
683618,2.47,242,2026
542888,4.21,154,2026
657756,4.01,113,2026
689149,3.5,64,2026
641745,3.37,135,2026
676263,3.52,261,2026
669093,3.42,126,2026
615698,3.87,443,2026
808825,4.45,92,2026
676467,6.11,70,2026
664129,3.92,124,2026
664076,4.27,181,2026
676962,3.25,265,2026
670329,2.92,265,2026
685299,5.16,473,2026
675919,8.11,17,2026
656427,4.38,396,2026
671936,5.09,145,2026
641778,5.05,466,2026
676130,13.01,16,2026
621121,4.6,195,2026
670183,4.27,51,2026
675512,3.84,470,2026
606996,3.65,268,2026
681799,5.05,110,2026
802408,5.58,75,2026
621389,3.01,9,2026
664208,6.85,136,2026
800311,3.15,297,2026
693433,3.68,710,2026
681347,4.82,423,2026
607536,5.58,613,2026
676702,6.6,15,2026
681190,5.54,587,2026
641755,3.47,232,2026
594027,2.68,166,2026
683409,4.03,73,2026
666277,4.57,290,2026
681432,15.86,5,2026
655889,5.37,35,2026
543056,4.38,96,2026
805074,5.69,103,2026
691951,5.51,151,2026
681402,6.98,155,2026
434378,6.56,39,2026
607200,4.79,606,2026
673540,5.37,283,2026
642546,4.38,109,2026
650644,4.35,493,2026
686799,5.62,296,2026
695243,1.7,272,2026
804267,4.51,337,2026
640448,5.77,270,2026
672629,3.76,81,2026
601713,3.2,140,2026
624522,7.67,57,2026
673380,3.6,72,2026
669923,4.21,741,2026
664353,3.42,164,2026
694360,5.02,105,2026
657277,4.09,668,2026
666201,6.43,39,2026
664062,5.88,15,2026
689266,3.1,194,2026
683003,3.18,415,2026
547184,9.17,32,2026
608372,6.35,656,2026
663795,6.27,33,2026
682254,2.53,278,2026
667755,4.45,745,2026
656786,6.9,34,2026
594798,3.47,668,2026
656288,4.69,391,2026
674841,4.21,473,2026
678020,6.27,141,2026
663765,6.23,134,2026
621112,3.68,336,2026
571578,5.54,360,2026
622554,3.65,260,2026
679883,4.95,309,2026
679775,4.01,94,2026
656464,3.55,275,2026
686790,4.09,310,2026
669620,3.98,200,2026
677161,5.99,71,2026
702474,5.26,154,2026
694346,6.15,185,2026
687765,5.73,56,2026
815081,4.51,75,2026
702021,3.35,201,2026
677955,3.95,181,2026
669373,2.94,620,2026
663878,4.38,200,2026
657612,4.51,241,2026
820862,4.6,238,2026
702566,7.53,56,2026
489446,3.39,178,2026
683363,3.08,110,2026
689520,4.66,78,2026
605242,3.76,61,2026
621097,3.1,183,2026
622694,2.79,53,2026
670871,1.49,4,2026
660604,4.3,123,2026
656849,4.76,663,2026
668674,4.66,228,2026
691548,8.62,12,2026
669060,4.42,151,2026
689690,3.08,23,2026
694851,4.86,59,2026
